Using pre-set license
Built from '2022.3/respin/2022.3.62f2-4af31df585-v2' branch; Version is '2022.3.62f3 (96770f904ca7) revision 9860879'; Using compiler version '192829333'; Build Type 'Release'
OS: 'Windows 10  (10.0.19045) 64bit CoreSingleLanguage' Language: 'es' Physical Memory: 15042 MB
BatchMode: 1, IsHumanControllingUs: 0, StartBugReporterOnCrash: 0, Is64bit: 1, IsPro: 1

COMMAND LINE ARGUMENTS:
C:\Program Files\Unity\Hub\2022.3.62f3\Editor\Unity.exe
-adb2
-batchMode
-noUpm
-name
AssetImportWorker23
-projectPath
C:/Users/Cheee/OneDrive/Documentos/GitHub/VisualNovelExp/VisualNovelExp
-logFile
Logs/AssetImportWorker23.log
-srvPort
53192
Successfully changed project path to: C:/Users/Cheee/OneDrive/Documentos/GitHub/VisualNovelExp/VisualNovelExp
C:/Users/Cheee/OneDrive/Documentos/GitHub/VisualNovelExp/VisualNovelExp
[UnityMemory] Configuration Parameters - Can be set up in boot.config
    "memorysetup-bucket-allocator-granularity=16"
    "memorysetup-bucket-allocator-bucket-count=8"
    "memorysetup-bucket-allocator-block-size=33554432"
    "memorysetup-bucket-allocator-block-count=8"
    "memorysetup-main-allocator-block-size=16777216"
    "memorysetup-thread-allocator-block-size=16777216"
    "memorysetup-gfx-main-allocator-block-size=16777216"
    "memorysetup-gfx-thread-allocator-block-size=16777216"
    "memorysetup-cache-allocator-block-size=4194304"
    "memorysetup-typetree-allocator-block-size=2097152"
    "memorysetup-profiler-bucket-allocator-granularity=16"
    "memorysetup-profiler-bucket-allocator-bucket-count=8"
    "memorysetup-profiler-bucket-allocator-block-size=33554432"
    "memorysetup-profiler-bucket-allocator-block-count=8"
    "memorysetup-profiler-allocator-block-size=16777216"
    "memorysetup-profiler-editor-allocator-block-size=1048576"
    "memorysetup-temp-allocator-size-main=16777216"
    "memorysetup-job-temp-allocator-block-size=2097152"
    "memorysetup-job-temp-allocator-block-size-background=1048576"
    "memorysetup-job-temp-allocator-reduction-small-platforms=262144"
    "memorysetup-allocator-temp-initial-block-size-main=262144"
    "memorysetup-allocator-temp-initial-block-size-worker=262144"
    "memorysetup-temp-allocator-size-background-worker=32768"
    "memorysetup-temp-allocator-size-job-worker=262144"
    "memorysetup-temp-allocator-size-preload-manager=33554432"
    "memorysetup-temp-allocator-size-nav-mesh-worker=65536"
    "memorysetup-temp-allocator-size-audio-worker=65536"
    "memorysetup-temp-allocator-size-cloud-worker=32768"
    "memorysetup-temp-allocator-size-gi-baking-worker=262144"
    "memorysetup-temp-allocator-size-gfx=262144"
Player connection [29584]  Target information:

Player connection [29584]  * "[IP] 192.168.0.15 [Port] 0 [Flags] 2 [Guid] 2005839580 [EditorId] 2005839580 [Version] 1048832 [Id] WindowsEditor(7,DESKTOP-3OIPDIC) [Debug] 1 [PackageName] WindowsEditor [ProjectName] Editor" 

Player connection [29584] Host joined multi-casting on [225.0.0.222:54997]...
Player connection [29584] Host joined alternative multi-casting on [225.0.0.222:34997]...
Input System module state changed to: Initialized.
[PhysX] Initialized MultithreadedTaskDispatcher with 12 workers.
Refreshing native plugins compatible for Editor in 45.65 ms, found 4 plugins.
Preloading 0 native plugins for Editor in 0.00 ms.
Initialize engine version: 2022.3.62f3 (96770f904ca7)
[Subsystems] Discovering subsystems at path C:/Program Files/Unity/Hub/2022.3.62f3/Editor/Data/Resources/UnitySubsystems
[Subsystems] Discovering subsystems at path C:/Users/Cheee/OneDrive/Documentos/GitHub/VisualNovelExp/VisualNovelExp/Assets
GfxDevice: creating device client; threaded=0; jobified=0
Direct3D:
    Version:  Direct3D 11.0 [level 11.1]
    Renderer: AMD Radeon RX 5500 XT (ID=0x7340)
    Vendor:   ATI
    VRAM:     4055 MB
    Driver:   32.0.21045.1000
Initialize mono
Mono path[0] = 'C:/Program Files/Unity/Hub/2022.3.62f3/Editor/Data/Managed'
Mono path[1] = 'C:/Program Files/Unity/Hub/2022.3.62f3/Editor/Data/MonoBleedingEdge/lib/mono/unityjit-win32'
Mono config path = 'C:/Program Files/Unity/Hub/2022.3.62f3/Editor/Data/MonoBleedingEdge/etc'
Using monoOptions --debugger-agent=transport=dt_socket,embedding=1,server=y,suspend=n,address=127.0.0.1:56288
Begin MonoManager ReloadAssembly
Registering precompiled unity dll's ...
Register platform support module: C:/Program Files/Unity/Hub/2022.3.62f3/Editor/Data/PlaybackEngines/AndroidPlayer/UnityEditor.Android.Extensions.dll
Register platform support module: C:/Program Files/Unity/Hub/2022.3.62f3/Editor/Data/PlaybackEngines/WindowsStandaloneSupport/UnityEditor.WindowsStandalone.Extensions.dll
Registered in 0.085079 seconds.
- Loaded All Assemblies, in  2.324 seconds
Native extension for WindowsStandalone target not found
Native extension for Android target not found
Android Extension - Scanning For ADB Devices 1133 ms
Mono: successfully reloaded assembly
- Finished resetting the current domain, in  2.211 seconds
Domain Reload Profiling: 4462ms
	BeginReloadAssembly (681ms)
		ExecutionOrderSort (0ms)
		DisableScriptedObjects (0ms)
		BackupInstance (0ms)
		ReleaseScriptingObjects (0ms)
		CreateAndSetChildDomain (2ms)
	RebuildCommonClasses (157ms)
	RebuildNativeTypeToScriptingClass (32ms)
	initialDomainReloadingComplete (350ms)
	LoadAllAssembliesAndSetupDomain (1030ms)
		LoadAssemblies (764ms)
		RebuildTransferFunctionScriptingTraits (0ms)
		AnalyzeDomain (927ms)
			TypeCache.Refresh (923ms)
				TypeCache.ScanAssembly (872ms)
			ScanForSourceGeneratedMonoScriptInfo (1ms)
			ResolveRequiredComponents (1ms)
	FinalizeReload (2212ms)
		ReleaseScriptCaches (0ms)
		RebuildScriptCaches (0ms)
		SetupLoadedEditorAssemblies (1956ms)
			LogAssemblyErrors (0ms)
			InitializePlatformSupportModulesInManaged (1531ms)
			SetLoadedEditorAssemblies (10ms)
			RefreshPlugins (0ms)
			BeforeProcessingInitializeOnLoad (3ms)
			ProcessInitializeOnLoadAttributes (290ms)
			ProcessInitializeOnLoadMethodAttributes (123ms)
			AfterProcessingInitializeOnLoad (0ms)
			EditorAssembliesLoaded (0ms)
		ExecutionOrderSort2 (0ms)
		AwakeInstancesAfterBackupRestoration (0ms)
========================================================================
Worker process is ready to serve import requests
Caller must complete domain reload
Begin MonoManager ReloadAssembly
- Loaded All Assemblies, in  3.562 seconds
Native extension for WindowsStandalone target not found
Native extension for Android target not found
Mono: successfully reloaded assembly
- Finished resetting the current domain, in  1.619 seconds
Domain Reload Profiling: 5172ms
	BeginReloadAssembly (450ms)
		ExecutionOrderSort (0ms)
		DisableScriptedObjects (9ms)
		BackupInstance (0ms)
		ReleaseScriptingObjects (0ms)
		CreateAndSetChildDomain (51ms)
	RebuildCommonClasses (68ms)
	RebuildNativeTypeToScriptingClass (15ms)
	initialDomainReloadingComplete (152ms)
	LoadAllAssembliesAndSetupDomain (2863ms)
		LoadAssemblies (2606ms)
		RebuildTransferFunctionScriptingTraits (0ms)
		AnalyzeDomain (585ms)
			TypeCache.Refresh (489ms)
				TypeCache.ScanAssembly (457ms)
			ScanForSourceGeneratedMonoScriptInfo (57ms)
			ResolveRequiredComponents (34ms)
	FinalizeReload (1623ms)
		ReleaseScriptCaches (0ms)
		RebuildScriptCaches (0ms)
		SetupLoadedEditorAssemblies (1288ms)
			LogAssemblyErrors (0ms)
			InitializePlatformSupportModulesInManaged (40ms)
			SetLoadedEditorAssemblies (12ms)
			RefreshPlugins (0ms)
			BeforeProcessingInitializeOnLoad (196ms)
			ProcessInitializeOnLoadAttributes (837ms)
			ProcessInitializeOnLoadMethodAttributes (162ms)
			AfterProcessingInitializeOnLoad (40ms)
			EditorAssembliesLoaded (1ms)
		ExecutionOrderSort2 (0ms)
		AwakeInstancesAfterBackupRestoration (10ms)
Launched and connected shader compiler UnityShaderCompiler.exe after 0.27 seconds
Refreshing native plugins compatible for Editor in 21.62 ms, found 4 plugins.
Preloading 0 native plugins for Editor in 0.00 ms.
Unloading 5443 Unused Serialized files (Serialized files now loaded: 0)
Unloading 27 unused Assets / (350.3 KB). Loaded Objects now: 5913.
Memory consumption went from 233.1 MB to 232.8 MB.
Total: 14.184800 ms (FindLiveObjects: 0.990100 ms CreateObjectMapping: 3.085600 ms MarkObjects: 9.517400 ms  DeleteObjects: 0.589200 ms)

AssetImportParameters requested are different than current active one (requested -> active):
  custom:container-demuxer-ogg: 62fdf1f143b41e24485cea50d1cbac27 -> 
  custom:video-decoder-ogg-theora: a1e56fd34408186e4bbccfd4996cb3dc -> 
  custom:framework-win-MediaFoundation: 216162199b28c13a410421893ffa2e32 -> 
  custom:CustomObjectIndexerAttribute: 72b91833f83ae208fae7752999fa3104 -> 
  custom:container-demuxer-webm: 4f35f7cbe854078d1ac9338744f61a02 -> 
  custom:container-muxer-webm: aa71ff27fc2769a1b78a27578f13a17b -> 
  custom:video-decoder-webm-vp8: 9c59270c3fd7afecdb556c50c9e8de78 -> 
  custom:SearchIndexIgnoredProperties: e643bd26f0fe6173181afceb89e7c659 -> 
  custom:AudioImporter_EditorPlatform: d09bf68614088b80899f8185d706f6e7 -> 
  custom:video-encoder-webm-vp8: eb34c28f22e8b96e1ab97ce403110664 -> 
  custom:audio-decoder-ogg-vorbis: bf7c407c2cedff20999df2af8eb42d56 -> 
  custom:audio-encoder-webm-vorbis: bf7c407c2cedff20999df2af8eb42d56 -> 
========================================================================
Received Import Request.
  Time since last request: 537149.549963 seconds.
  path: Assets/EditorPersonajes/Data/Shirts/Shirt_03.asset
  artifactKey: Guid(9e4909801495a5b43a417253f8b88239) Importer(2089858483,3d70f49cd1c2eb9ae422958d1c652c6b)
Start importing Assets/EditorPersonajes/Data/Shirts/Shirt_03.asset using Guid(9e4909801495a5b43a417253f8b88239) Importer(2089858483,3d70f49cd1c2eb9ae422958d1c652c6b) [PhysX] Initialized MultithreadedTaskDispatcher with 12 workers.
 -> (artifact id: '32ceb5328148d459d88cd57c87c722a8') in 0.573781 seconds
Number of updated asset objects reloaded before import = 0
Number of asset objects unloaded after import = 1
========================================================================
Received Import Request.
  Time since last request: 0.000061 seconds.
  path: Assets/Dialogos/Dialogos Director/Mision Completa.asset
  artifactKey: Guid(33b7023c4a49e11419f4b63c16c46469) Importer(2089858483,3d70f49cd1c2eb9ae422958d1c652c6b)
Start importing Assets/Dialogos/Dialogos Director/Mision Completa.asset using Guid(33b7023c4a49e11419f4b63c16c46469) Importer(2089858483,3d70f49cd1c2eb9ae422958d1c652c6b) [PhysX] Initialized MultithreadedTaskDispatcher with 12 workers.
 -> (artifact id: 'ca7624943aadfc84f9d11cd8ccecf9d5') in 0.031294 seconds
Number of updated asset objects reloaded before import = 0
Number of asset objects unloaded after import = 0
========================================================================
Received Import Request.
  Time since last request: 0.000123 seconds.
  path: Assets/Dialogos/Dialogos NPC 4/Continuar1.asset
  artifactKey: Guid(5457e2dddaaed5e43a0e13a33c30aaa8) Importer(2089858483,3d70f49cd1c2eb9ae422958d1c652c6b)
Start importing Assets/Dialogos/Dialogos NPC 4/Continuar1.asset using Guid(5457e2dddaaed5e43a0e13a33c30aaa8) Importer(2089858483,3d70f49cd1c2eb9ae422958d1c652c6b) [PhysX] Initialized MultithreadedTaskDispatcher with 12 workers.
 -> (artifact id: 'c32eaab4c4a0eabd2ec362e0da7aac4d') in 0.052193 seconds
Number of updated asset objects reloaded before import = 0
Number of asset objects unloaded after import = 2
========================================================================
Received Import Request.
  Time since last request: 0.000050 seconds.
  path: Assets/Dialogos/Dialogos NPC 3/Comenzar.asset
  artifactKey: Guid(ae77f9fbee79f07418750ca7284a0537) Importer(2089858483,3d70f49cd1c2eb9ae422958d1c652c6b)
Start importing Assets/Dialogos/Dialogos NPC 3/Comenzar.asset using Guid(ae77f9fbee79f07418750ca7284a0537) Importer(2089858483,3d70f49cd1c2eb9ae422958d1c652c6b) [PhysX] Initialized MultithreadedTaskDispatcher with 12 workers.
 -> (artifact id: '25904c4018dc30b678e417955f7f4829') in 0.032415 seconds
Number of updated asset objects reloaded before import = 0
Number of asset objects unloaded after import = 3
========================================================================
Received Import Request.
  Time since last request: 0.000040 seconds.
  path: Assets/ZRNAssets/005339_08932_25_14/Materials/005339_08932_L_-90154_0_01_01_14.mat
  artifactKey: Guid(94181450a27a041fab81c82a77cd68ff) Importer(2089858483,0ecaa5967403d082aa24f35e1b516d23)
Start importing Assets/ZRNAssets/005339_08932_25_14/Materials/005339_08932_L_-90154_0_01_01_14.mat using Guid(94181450a27a041fab81c82a77cd68ff) Importer(2089858483,0ecaa5967403d082aa24f35e1b516d23) [PhysX] Initialized MultithreadedTaskDispatcher with 12 workers.
 -> (artifact id: 'dc9724d5d88a7660dad033a0a1a39f1b') in 0.249555 seconds
Number of updated asset objects reloaded before import = 0
Number of asset objects unloaded after import = 2
========================================================================
Received Import Request.
  Time since last request: 0.000055 seconds.
  path: Assets/ZRNAssets/005339_08932_25_14/Materials/S_G_000133_S.mat
  artifactKey: Guid(b8ad2326551be4f1aa9b6cfbe9e029d0) Importer(2089858483,0ecaa5967403d082aa24f35e1b516d23)
Start importing Assets/ZRNAssets/005339_08932_25_14/Materials/S_G_000133_S.mat using Guid(b8ad2326551be4f1aa9b6cfbe9e029d0) Importer(2089858483,0ecaa5967403d082aa24f35e1b516d23) [PhysX] Initialized MultithreadedTaskDispatcher with 12 workers.
 -> (artifact id: '7c69f30f1b23a6d71d1b802afdef7d72') in 0.087465 seconds
Number of updated asset objects reloaded before import = 0
Number of asset objects unloaded after import = 2
========================================================================
Received Import Request.
  Time since last request: 0.000065 seconds.
  path: Assets/ZRNAssets/005339_08932_25_14/Materials/005339_08932_25_14_unitedmat_88.mat
  artifactKey: Guid(574689109c1bf40e5978e8ea4809c709) Importer(2089858483,0ecaa5967403d082aa24f35e1b516d23)
Start importing Assets/ZRNAssets/005339_08932_25_14/Materials/005339_08932_25_14_unitedmat_88.mat using Guid(574689109c1bf40e5978e8ea4809c709) Importer(2089858483,0ecaa5967403d082aa24f35e1b516d23) [PhysX] Initialized MultithreadedTaskDispatcher with 12 workers.
 -> (artifact id: 'daa01ec0259acecbc9151fcd85e3aa06') in 0.054771 seconds
Number of updated asset objects reloaded before import = 0
Number of asset objects unloaded after import = 2
========================================================================
Received Import Request.
  Time since last request: 0.000056 seconds.
  path: Assets/Polytope Studio/Lowpoly_Environments/Prefabs/Trees/PT_Pine_Tree_03_dead.prefab
  artifactKey: Guid(c7827efbbf7212f42803476ce3f9d082) Importer(2089858483,3d70f49cd1c2eb9ae422958d1c652c6b)
Start importing Assets/Polytope Studio/Lowpoly_Environments/Prefabs/Trees/PT_Pine_Tree_03_dead.prefab using Guid(c7827efbbf7212f42803476ce3f9d082) Importer(2089858483,3d70f49cd1c2eb9ae422958d1c652c6b) [PhysX] Initialized MultithreadedTaskDispatcher with 12 workers.
 -> (artifact id: '3eb5935e3be9de69736fb290ec65c1e1') in 0.065853 seconds
Number of updated asset objects reloaded before import = 0
Number of asset objects unloaded after import = 21
========================================================================
Received Import Request.
  Time since last request: 0.000041 seconds.
  path: Assets/Polytope Studio/Lowpoly_Environments/Prefabs/Shrubs/PT_Generic_Shrub_01_green.prefab
  artifactKey: Guid(ef8374d642969b14baa54045236c5fb0) Importer(2089858483,3d70f49cd1c2eb9ae422958d1c652c6b)
Start importing Assets/Polytope Studio/Lowpoly_Environments/Prefabs/Shrubs/PT_Generic_Shrub_01_green.prefab using Guid(ef8374d642969b14baa54045236c5fb0) Importer(2089858483,3d70f49cd1c2eb9ae422958d1c652c6b) [PhysX] Initialized MultithreadedTaskDispatcher with 12 workers.
 -> (artifact id: 'fb3c34bc7d3f3f1073439c32d14437d0') in 0.047516 seconds
Number of updated asset objects reloaded before import = 0
Number of asset objects unloaded after import = 22
========================================================================
Received Import Request.
  Time since last request: 0.000040 seconds.
  path: Assets/TextMesh Pro/Examples & Extras/Scenes/03 - Line Justification.unity
  artifactKey: Guid(21a509e1d3cd49978623fa564adb6f02) Importer(2089858483,3d70f49cd1c2eb9ae422958d1c652c6b)
Start importing Assets/TextMesh Pro/Examples & Extras/Scenes/03 - Line Justification.unity using Guid(21a509e1d3cd49978623fa564adb6f02) Importer(2089858483,3d70f49cd1c2eb9ae422958d1c652c6b) [PhysX] Initialized MultithreadedTaskDispatcher with 12 workers.
Opening scene 'Assets/TextMesh Pro/Examples & Extras/Scenes/03 - Line Justification.unity additively'
Loaded scene 'Assets/TextMesh Pro/Examples & Extras/Scenes/03 - Line Justification.unity'
	Deserialize:            65.904 ms
	Integration:            129.524 ms
	Integration of assets:  28.169 ms
	Thread Wait Time:       1.427 ms
	Total Operation Time:   225.025 ms
 -> (artifact id: 'ac1112724730ba92395faa1d53149c9d') in 0.329902 seconds
Number of updated asset objects reloaded before import = 0
Number of asset objects unloaded after import = 17
========================================================================
Received Import Request.
  Time since last request: 0.000047 seconds.
  path: Assets/TextMesh Pro/Examples & Extras/Resources/Fonts & Materials/Electronic Highway Sign SDF.asset
  artifactKey: Guid(dc36b3fdc14f47ebb36fd484a67e268a) Importer(2089858483,3d70f49cd1c2eb9ae422958d1c652c6b)
Start importing Assets/TextMesh Pro/Examples & Extras/Resources/Fonts & Materials/Electronic Highway Sign SDF.asset using Guid(dc36b3fdc14f47ebb36fd484a67e268a) Importer(2089858483,3d70f49cd1c2eb9ae422958d1c652c6b) [PhysX] Initialized MultithreadedTaskDispatcher with 12 workers.
 -> (artifact id: 'f3b24f421f03d6598c02482c4343cf06') in 0.033169 seconds
Number of updated asset objects reloaded before import = 0
Number of asset objects unloaded after import = 4
========================================================================
Received Import Request.
  Time since last request: 0.000038 seconds.
  path: Assets/Dialogos/Dialogos NPC2/EmpezarDOS.asset
  artifactKey: Guid(d7b99ef6e2b60c8428e0220eb5b0fe5c) Importer(2089858483,3d70f49cd1c2eb9ae422958d1c652c6b)
Start importing Assets/Dialogos/Dialogos NPC2/EmpezarDOS.asset using Guid(d7b99ef6e2b60c8428e0220eb5b0fe5c) Importer(2089858483,3d70f49cd1c2eb9ae422958d1c652c6b) [PhysX] Initialized MultithreadedTaskDispatcher with 12 workers.
 -> (artifact id: 'f8c5a9a999d953bfd8a7f90fe0f22279') in 0.031351 seconds
Number of updated asset objects reloaded before import = 0
Number of asset objects unloaded after import = 2
========================================================================
Received Import Request.
  Time since last request: 0.000039 seconds.
  path: Assets/Prefabs/Opcion.prefab
  artifactKey: Guid(50e7d7ab80216df43a63b0e2d0121ad3) Importer(2089858483,3d70f49cd1c2eb9ae422958d1c652c6b)
Start importing Assets/Prefabs/Opcion.prefab using Guid(50e7d7ab80216df43a63b0e2d0121ad3) Importer(2089858483,3d70f49cd1c2eb9ae422958d1c652c6b) [PhysX] Initialized MultithreadedTaskDispatcher with 12 workers.
The method get_fontSharedMaterials was not found on Texto. This property will not be indexed.
UnityEngine.StackTraceUtility:ExtractStackTrace ()
UnityEngine.DebugLogHandler:LogFormat (UnityEngine.LogType,UnityEngine.Object,string,object[])
UnityEngine.Logger:Log (UnityEngine.LogType,object)
UnityEngine.Debug:LogWarning (object)
UnityEditor.Rendering.Universal.MaterialReferenceBuilder:GetMaterialFromMethod (System.Reflection.MethodInfo,UnityEngine.Object,System.Func`3<string, string, string>) (at ./Library/PackageCache/com.unity.render-pipelines.universal@14.0.12/Editor/Converter/MaterialReferenceBuilder.cs:133)
UnityEditor.Rendering.Universal.ConversionIndexers:ConversionIndexer (UnityEditor.Search.CustomObjectIndexerTarget,UnityEditor.Search.ObjectIndexer) (at ./Library/PackageCache/com.unity.render-pipelines.universal@14.0.12/Editor/Converter/ConversionIndexers.cs:21)
UnityEditor.Search.ObjectIndexer:CallCustomIndexers (string,int,UnityEngine.Object,UnityEditor.SerializedObject,bool)
UnityEditor.Search.ObjectIndexer:IndexCustomProperties (string,int,UnityEngine.Object)
UnityEditor.Search.AssetIndexer:IndexCustomGameObjectProperties (string,int,UnityEngine.GameObject)
UnityEditor.Search.AssetIndexer:IndexObjects (UnityEngine.GameObject[],string,string,string,bool)
UnityEditor.Search.AssetIndexer:IndexPrefab (string,bool)
UnityEditor.Search.AssetIndexer:IndexSceneDocument (string,bool)
UnityEditor.Search.AssetIndexer:IndexDocument (string,bool)
UnityEditor.Search.SearchIndexEntryImporter:OnImportAsset (UnityEditor.AssetImporters.AssetImportContext)
UnityEditor.AssetImporters.ScriptedImporter:GenerateAssetData (UnityEditor.AssetImporters.AssetImportContext)

(Filename: ./Library/PackageCache/com.unity.render-pipelines.universal@14.0.12/Editor/Converter/MaterialReferenceBuilder.cs Line: 133)

 -> (artifact id: 'a8ead67272bdace07cf8e46e4d36a4cd') in 0.095823 seconds
Number of updated asset objects reloaded before import = 0
Number of asset objects unloaded after import = 20
========================================================================
Received Import Request.
  Time since last request: 0.000044 seconds.
  path: Assets/ZRNAssets/005339_08932_25_14/Materials/005339_08932_25_14_TransP_unitedmat_0.mat
  artifactKey: Guid(a678e81398df646e1b1ef15826ca49f4) Importer(2089858483,0ecaa5967403d082aa24f35e1b516d23)
Start importing Assets/ZRNAssets/005339_08932_25_14/Materials/005339_08932_25_14_TransP_unitedmat_0.mat using Guid(a678e81398df646e1b1ef15826ca49f4) Importer(2089858483,0ecaa5967403d082aa24f35e1b516d23) [PhysX] Initialized MultithreadedTaskDispatcher with 12 workers.
 -> (artifact id: '3cb8f7f3b454c2c95ee5bbaf36a241cb') in 0.058931 seconds
Number of updated asset objects reloaded before import = 0
Number of asset objects unloaded after import = 1
========================================================================
Received Import Request.
  Time since last request: 0.001647 seconds.
  path: Assets/ZRNAssets/005339_08932_25_14/Materials/005339_08932_L_-90230_0_01_01_131.mat
  artifactKey: Guid(bf4ce96e6950f42bd9e884307dc638fe) Importer(2089858483,0ecaa5967403d082aa24f35e1b516d23)
Start importing Assets/ZRNAssets/005339_08932_25_14/Materials/005339_08932_L_-90230_0_01_01_131.mat using Guid(bf4ce96e6950f42bd9e884307dc638fe) Importer(2089858483,0ecaa5967403d082aa24f35e1b516d23) [PhysX] Initialized MultithreadedTaskDispatcher with 12 workers.
 -> (artifact id: '665f17856b2b677e9a277449a7071504') in 0.065601 seconds
Number of updated asset objects reloaded before import = 0
Number of asset objects unloaded after import = 2
========================================================================
Received Import Request.
  Time since last request: 0.000046 seconds.
  path: Assets/Dialogos/Dialogos NPC7/EmpezarSIETE.asset
  artifactKey: Guid(f12c1547ae6d9fb4a9a608d5025a67c1) Importer(2089858483,3d70f49cd1c2eb9ae422958d1c652c6b)
Start importing Assets/Dialogos/Dialogos NPC7/EmpezarSIETE.asset using Guid(f12c1547ae6d9fb4a9a608d5025a67c1) Importer(2089858483,3d70f49cd1c2eb9ae422958d1c652c6b) [PhysX] Initialized MultithreadedTaskDispatcher with 12 workers.
 -> (artifact id: 'e9c0dd8cc47da94a0223050a1dd905fc') in 0.039471 seconds
Number of updated asset objects reloaded before import = 0
Number of asset objects unloaded after import = 2
========================================================================
Received Import Request.
  Time since last request: 0.002711 seconds.
  path: Assets/Dialogos/Dialogos Director/GRACIAS.asset
  artifactKey: Guid(700501bf1e08a0944b07d7c1757ae065) Importer(2089858483,3d70f49cd1c2eb9ae422958d1c652c6b)
Start importing Assets/Dialogos/Dialogos Director/GRACIAS.asset using Guid(700501bf1e08a0944b07d7c1757ae065) Importer(2089858483,3d70f49cd1c2eb9ae422958d1c652c6b) [PhysX] Initialized MultithreadedTaskDispatcher with 12 workers.
 -> (artifact id: '9a1421da9c455ad69eac372e4704cc25') in 0.034434 seconds
Number of updated asset objects reloaded before import = 0
Number of asset objects unloaded after import = 0
========================================================================
Received Import Request.
  Time since last request: 0.000052 seconds.
  path: Assets/ZRNAssets/005339_08932_25_14/Materials/005339_08932_25_14_unitedmat_175.mat
  artifactKey: Guid(7db522167f45343138b9dfc4b27c580d) Importer(2089858483,0ecaa5967403d082aa24f35e1b516d23)
Start importing Assets/ZRNAssets/005339_08932_25_14/Materials/005339_08932_25_14_unitedmat_175.mat using Guid(7db522167f45343138b9dfc4b27c580d) Importer(2089858483,0ecaa5967403d082aa24f35e1b516d23) [PhysX] Initialized MultithreadedTaskDispatcher with 12 workers.
 -> (artifact id: '26cb0b4946b6193b64f06186e94a04a7') in 0.082118 seconds
Number of updated asset objects reloaded before import = 0
Number of asset objects unloaded after import = 2
========================================================================
Received Import Request.
  Time since last request: 0.000050 seconds.
  path: Assets/ZRNAssets/005339_08932_25_14/Materials/005339_08932_25_14_unitedmat_68.mat
  artifactKey: Guid(5cdc7f358e2b741298a40407223b0dab) Importer(2089858483,0ecaa5967403d082aa24f35e1b516d23)
Start importing Assets/ZRNAssets/005339_08932_25_14/Materials/005339_08932_25_14_unitedmat_68.mat using Guid(5cdc7f358e2b741298a40407223b0dab) Importer(2089858483,0ecaa5967403d082aa24f35e1b516d23) [PhysX] Initialized MultithreadedTaskDispatcher with 12 workers.
 -> (artifact id: 'b8280b907e420d272a2cd404e7fd8d76') in 0.092041 seconds
Number of updated asset objects reloaded before import = 0
Number of asset objects unloaded after import = 2
========================================================================
Received Import Request.
  Time since last request: 0.000046 seconds.
  path: Assets/ZRNAssets/005339_08932_25_14/Materials/005339_08932_25_14_unitedmat_85.mat
  artifactKey: Guid(7d946be1fb90245609f224a14fe1bffd) Importer(2089858483,0ecaa5967403d082aa24f35e1b516d23)
Start importing Assets/ZRNAssets/005339_08932_25_14/Materials/005339_08932_25_14_unitedmat_85.mat using Guid(7d946be1fb90245609f224a14fe1bffd) Importer(2089858483,0ecaa5967403d082aa24f35e1b516d23) [PhysX] Initialized MultithreadedTaskDispatcher with 12 workers.
 -> (artifact id: '202daa6f88d69db9ab88c1997e320885') in 0.101339 seconds
Number of updated asset objects reloaded before import = 0
Number of asset objects unloaded after import = 2
========================================================================
Received Import Request.
  Time since last request: 0.000078 seconds.
  path: Assets/ZRNAssets/005339_08932_25_14/Materials/S_G_000114_F.mat
  artifactKey: Guid(634e24961f6c147ee8fc5d915baf9e0d) Importer(2089858483,0ecaa5967403d082aa24f35e1b516d23)
Start importing Assets/ZRNAssets/005339_08932_25_14/Materials/S_G_000114_F.mat using Guid(634e24961f6c147ee8fc5d915baf9e0d) Importer(2089858483,0ecaa5967403d082aa24f35e1b516d23) [PhysX] Initialized MultithreadedTaskDispatcher with 12 workers.
 -> (artifact id: 'eb9b573f2980316fe1f8e0c24152f842') in 0.090001 seconds
Number of updated asset objects reloaded before import = 0
Number of asset objects unloaded after import = 2
========================================================================
Received Import Request.
  Time since last request: 0.009000 seconds.
  path: Assets/TextMesh Pro/fibberish SDF.asset
  artifactKey: Guid(b14fdeef14496f046a32bee07258bad2) Importer(2089858483,3d70f49cd1c2eb9ae422958d1c652c6b)
Start importing Assets/TextMesh Pro/fibberish SDF.asset using Guid(b14fdeef14496f046a32bee07258bad2) Importer(2089858483,3d70f49cd1c2eb9ae422958d1c652c6b) [PhysX] Initialized MultithreadedTaskDispatcher with 12 workers.
 -> (artifact id: 'd8a8db577f76161c88d60b427693a619') in 0.144876 seconds
Number of updated asset objects reloaded before import = 0
Number of asset objects unloaded after import = 4
========================================================================
Received Import Request.
  Time since last request: 0.000041 seconds.
  path: Assets/ZRNAssets/005339_08932_25_14/Materials/005339_08932_25_14_unitedmat_151.mat
  artifactKey: Guid(d69e04ff1bb544cb7b5f8bc7633563df) Importer(2089858483,0ecaa5967403d082aa24f35e1b516d23)
Start importing Assets/ZRNAssets/005339_08932_25_14/Materials/005339_08932_25_14_unitedmat_151.mat using Guid(d69e04ff1bb544cb7b5f8bc7633563df) Importer(2089858483,0ecaa5967403d082aa24f35e1b516d23) [PhysX] Initialized MultithreadedTaskDispatcher with 12 workers.
 -> (artifact id: '09365502952009b9d271003d24685751') in 0.050205 seconds
Number of updated asset objects reloaded before import = 0
Number of asset objects unloaded after import = 2
========================================================================
Received Import Request.
  Time since last request: 0.000071 seconds.
  path: Assets/ZRNAssets/005339_08932_25_14/Materials/005339_08932_25_14_unitedmat_82.mat
  artifactKey: Guid(e663375ff8f5b4938a1e44ba2138e523) Importer(2089858483,0ecaa5967403d082aa24f35e1b516d23)
Start importing Assets/ZRNAssets/005339_08932_25_14/Materials/005339_08932_25_14_unitedmat_82.mat using Guid(e663375ff8f5b4938a1e44ba2138e523) Importer(2089858483,0ecaa5967403d082aa24f35e1b516d23) [PhysX] Initialized MultithreadedTaskDispatcher with 12 workers.
 -> (artifact id: 'a5551264c1923aae14e3306c21a1c3d6') in 0.061904 seconds
Number of updated asset objects reloaded before import = 0
Number of asset objects unloaded after import = 2
========================================================================
Received Import Request.
  Time since last request: 0.000060 seconds.
  path: Assets/ZRNAssets/005339_08932_25_14/Materials/005339_08932_unitedmat_150.mat
  artifactKey: Guid(f0eed2e2890104d87a436410322cb89a) Importer(2089858483,0ecaa5967403d082aa24f35e1b516d23)
Start importing Assets/ZRNAssets/005339_08932_25_14/Materials/005339_08932_unitedmat_150.mat using Guid(f0eed2e2890104d87a436410322cb89a) Importer(2089858483,0ecaa5967403d082aa24f35e1b516d23) [PhysX] Initialized MultithreadedTaskDispatcher with 12 workers.
 -> (artifact id: '1e1cd1b9b4c9c031a94348e413c4c82b') in 0.060423 seconds
Number of updated asset objects reloaded before import = 0
Number of asset objects unloaded after import = 1
========================================================================
Received Import Request.
  Time since last request: 0.000067 seconds.
  path: Assets/ZRNAssets/005339_08932_25_14/Materials/S_G_000125_F.mat
  artifactKey: Guid(6be83532b5f224f9c93fff33e48a1c3f) Importer(2089858483,0ecaa5967403d082aa24f35e1b516d23)
Start importing Assets/ZRNAssets/005339_08932_25_14/Materials/S_G_000125_F.mat using Guid(6be83532b5f224f9c93fff33e48a1c3f) Importer(2089858483,0ecaa5967403d082aa24f35e1b516d23) [PhysX] Initialized MultithreadedTaskDispatcher with 12 workers.
 -> (artifact id: '7a1fa766febd8e5d6d862bd4fd22a074') in 0.051919 seconds
Number of updated asset objects reloaded before import = 0
Number of asset objects unloaded after import = 2
========================================================================
Received Import Request.
  Time since last request: 0.000504 seconds.
  path: Assets/Dialogos/Dialogos NPC 4/Fail.asset
  artifactKey: Guid(d65a2e35dea834b4c9bdeb5fd9fb79a8) Importer(2089858483,3d70f49cd1c2eb9ae422958d1c652c6b)
Start importing Assets/Dialogos/Dialogos NPC 4/Fail.asset using Guid(d65a2e35dea834b4c9bdeb5fd9fb79a8) Importer(2089858483,3d70f49cd1c2eb9ae422958d1c652c6b) [PhysX] Initialized MultithreadedTaskDispatcher with 12 workers.
 -> (artifact id: '90474d0e51397813ebc69b2b52ebe78f') in 0.028202 seconds
Number of updated asset objects reloaded before import = 0
Number of asset objects unloaded after import = 2
========================================================================
Received Import Request.
  Time since last request: 0.000037 seconds.
  path: Assets/TextMesh Pro/Examples & Extras/Prefabs/TextMeshPro - Prefab 1.prefab
  artifactKey: Guid(a6e39ced0ea046bcb636c3f0b2e2a745) Importer(2089858483,3d70f49cd1c2eb9ae422958d1c652c6b)
Start importing Assets/TextMesh Pro/Examples & Extras/Prefabs/TextMeshPro - Prefab 1.prefab using Guid(a6e39ced0ea046bcb636c3f0b2e2a745) Importer(2089858483,3d70f49cd1c2eb9ae422958d1c652c6b) [PhysX] Initialized MultithreadedTaskDispatcher with 12 workers.
The method get_fontSharedMaterials was not found on TextMeshPro - Prefab 1. This property will not be indexed.
UnityEngine.StackTraceUtility:ExtractStackTrace ()
UnityEngine.DebugLogHandler:LogFormat (UnityEngine.LogType,UnityEngine.Object,string,object[])
UnityEngine.Logger:Log (UnityEngine.LogType,object)
UnityEngine.Debug:LogWarning (object)
UnityEditor.Rendering.Universal.MaterialReferenceBuilder:GetMaterialFromMethod (System.Reflection.MethodInfo,UnityEngine.Object,System.Func`3<string, string, string>) (at ./Library/PackageCache/com.unity.render-pipelines.universal@14.0.12/Editor/Converter/MaterialReferenceBuilder.cs:133)
UnityEditor.Rendering.Universal.ConversionIndexers:ConversionIndexer (UnityEditor.Search.CustomObjectIndexerTarget,UnityEditor.Search.ObjectIndexer) (at ./Library/PackageCache/com.unity.render-pipelines.universal@14.0.12/Editor/Converter/ConversionIndexers.cs:21)
UnityEditor.Search.ObjectIndexer:CallCustomIndexers (string,int,UnityEngine.Object,UnityEditor.SerializedObject,bool)
UnityEditor.Search.ObjectIndexer:IndexCustomProperties (string,int,UnityEngine.Object)
UnityEditor.Search.AssetIndexer:IndexCustomGameObjectProperties (string,int,UnityEngine.GameObject)
UnityEditor.Search.AssetIndexer:IndexObjects (UnityEngine.GameObject[],string,string,string,bool)
UnityEditor.Search.AssetIndexer:IndexPrefab (string,bool)
UnityEditor.Search.AssetIndexer:IndexSceneDocument (string,bool)
UnityEditor.Search.AssetIndexer:IndexDocument (string,bool)
UnityEditor.Search.SearchIndexEntryImporter:OnImportAsset (UnityEditor.AssetImporters.AssetImportContext)
UnityEditor.AssetImporters.ScriptedImporter:GenerateAssetData (UnityEditor.AssetImporters.AssetImportContext)

(Filename: ./Library/PackageCache/com.unity.render-pipelines.universal@14.0.12/Editor/Converter/MaterialReferenceBuilder.cs Line: 133)

 -> (artifact id: '954778bb3e1296b2569ce16020b43b68') in 0.071480 seconds
Number of updated asset objects reloaded before import = 0
Number of asset objects unloaded after import = 16
========================================================================
Received Import Request.
  Time since last request: 0.000051 seconds.
  path: Assets/ZRNAssets/005339_08932_25_14/Materials/s_FootBridgeTop2.mat
  artifactKey: Guid(ef42ac6951fbe4380a62a1b82368a3ce) Importer(2089858483,0ecaa5967403d082aa24f35e1b516d23)
Start importing Assets/ZRNAssets/005339_08932_25_14/Materials/s_FootBridgeTop2.mat using Guid(ef42ac6951fbe4380a62a1b82368a3ce) Importer(2089858483,0ecaa5967403d082aa24f35e1b516d23) [PhysX] Initialized MultithreadedTaskDispatcher with 12 workers.
 -> (artifact id: 'fbddf3a01e6de0ea31b29f000c7d61ae') in 0.054142 seconds
Number of updated asset objects reloaded before import = 0
Number of asset objects unloaded after import = 2
========================================================================
Received Import Request.
  Time since last request: 0.000062 seconds.
  path: Assets/TextMesh Pro/Examples & Extras/Resources/Color Gradient Presets/Blue to Purple - Vertical.asset
  artifactKey: Guid(479a66fa4b094512a62b0a8e553ad95a) Importer(2089858483,3d70f49cd1c2eb9ae422958d1c652c6b)
Start importing Assets/TextMesh Pro/Examples & Extras/Resources/Color Gradient Presets/Blue to Purple - Vertical.asset using Guid(479a66fa4b094512a62b0a8e553ad95a) Importer(2089858483,3d70f49cd1c2eb9ae422958d1c652c6b) [PhysX] Initialized MultithreadedTaskDispatcher with 12 workers.
 -> (artifact id: 'b02224792da515843acbf3ff4a133cee') in 0.046828 seconds
Number of updated asset objects reloaded before import = 0
Number of asset objects unloaded after import = 0
========================================================================
Received Import Request.
  Time since last request: 0.000055 seconds.
  path: Assets/ZRNAssets/005339_08932_25_14/Materials/S_G_000107_S.mat
  artifactKey: Guid(203287d1316da4db69bc76e1c83d5615) Importer(2089858483,0ecaa5967403d082aa24f35e1b516d23)
Start importing Assets/ZRNAssets/005339_08932_25_14/Materials/S_G_000107_S.mat using Guid(203287d1316da4db69bc76e1c83d5615) Importer(2089858483,0ecaa5967403d082aa24f35e1b516d23) [PhysX] Initialized MultithreadedTaskDispatcher with 12 workers.
 -> (artifact id: '756061fddbb2c5d136f214c68e4ad838') in 0.057028 seconds
Number of updated asset objects reloaded before import = 0
Number of asset objects unloaded after import = 2
========================================================================
Received Import Request.
  Time since last request: 0.003030 seconds.
  path: Assets/ZRNAssets/005339_08932_25_14/Materials/005339_08932_L_-90304_0_01_01_8.mat
  artifactKey: Guid(723932eff7cb94e41b1cc8f1cea5907a) Importer(2089858483,0ecaa5967403d082aa24f35e1b516d23)
Start importing Assets/ZRNAssets/005339_08932_25_14/Materials/005339_08932_L_-90304_0_01_01_8.mat using Guid(723932eff7cb94e41b1cc8f1cea5907a) Importer(2089858483,0ecaa5967403d082aa24f35e1b516d23) [PhysX] Initialized MultithreadedTaskDispatcher with 12 workers.
 -> (artifact id: 'c2d5eeff1eee57e5333d435b343ea027') in 0.055709 seconds
Number of updated asset objects reloaded before import = 0
Number of asset objects unloaded after import = 2
========================================================================
Received Import Request.
  Time since last request: 0.000049 seconds.
  path: Assets/ZRNAssets/005339_08932_25_14/Materials/GreenDarkOlive.0032.mat
  artifactKey: Guid(343eef3ac57884d938baf4c41dfe8da2) Importer(2089858483,0ecaa5967403d082aa24f35e1b516d23)
Start importing Assets/ZRNAssets/005339_08932_25_14/Materials/GreenDarkOlive.0032.mat using Guid(343eef3ac57884d938baf4c41dfe8da2) Importer(2089858483,0ecaa5967403d082aa24f35e1b516d23) [PhysX] Initialized MultithreadedTaskDispatcher with 12 workers.
 -> (artifact id: '1a784b3ca2fbc7cb8f975a0a97bd57ec') in 0.042707 seconds
Number of updated asset objects reloaded before import = 0
Number of asset objects unloaded after import = 1
========================================================================
Received Import Request.
  Time since last request: 0.000053 seconds.
  path: Assets/ZRNAssets/005339_08932_25_14/Materials/005339_08932_unitedmat_115.mat
  artifactKey: Guid(90fd88d2e2ab44acc941c514c9df3d74) Importer(2089858483,0ecaa5967403d082aa24f35e1b516d23)
Start importing Assets/ZRNAssets/005339_08932_25_14/Materials/005339_08932_unitedmat_115.mat using Guid(90fd88d2e2ab44acc941c514c9df3d74) Importer(2089858483,0ecaa5967403d082aa24f35e1b516d23) [PhysX] Initialized MultithreadedTaskDispatcher with 12 workers.
 -> (artifact id: '3036c56681452cbc0de8e757d82b2f82') in 0.028578 seconds
Number of updated asset objects reloaded before import = 0
Number of asset objects unloaded after import = 1
========================================================================
Received Import Request.
  Time since last request: 0.000042 seconds.
  path: Assets/ZRNAssets/005339_08932_25_14/Materials/005339_08932_unitedmat_138.mat
  artifactKey: Guid(a228896ff83ba4e13b81f65d1101af97) Importer(2089858483,0ecaa5967403d082aa24f35e1b516d23)
Start importing Assets/ZRNAssets/005339_08932_25_14/Materials/005339_08932_unitedmat_138.mat using Guid(a228896ff83ba4e13b81f65d1101af97) Importer(2089858483,0ecaa5967403d082aa24f35e1b516d23) [PhysX] Initialized MultithreadedTaskDispatcher with 12 workers.
 -> (artifact id: '137f111c7ff21455ac4c10c329ce3a65') in 0.044428 seconds
Number of updated asset objects reloaded before import = 0
Number of asset objects unloaded after import = 1
========================================================================
Received Import Request.
  Time since last request: 0.000667 seconds.
  path: Assets/ZRNAssets/005339_08932_25_14/Materials/S_G_000151_S.mat
  artifactKey: Guid(75d9638533b2641098a3ea85f3f9d4cf) Importer(2089858483,0ecaa5967403d082aa24f35e1b516d23)
Start importing Assets/ZRNAssets/005339_08932_25_14/Materials/S_G_000151_S.mat using Guid(75d9638533b2641098a3ea85f3f9d4cf) Importer(2089858483,0ecaa5967403d082aa24f35e1b516d23) [PhysX] Initialized MultithreadedTaskDispatcher with 12 workers.
 -> (artifact id: '0a7cacfe1a9c84dbb0a92449ad36a4ad') in 0.049306 seconds
Number of updated asset objects reloaded before import = 0
Number of asset objects unloaded after import = 2
========================================================================
Received Import Request.
  Time since last request: 0.000045 seconds.
  path: Assets/ZRNAssets/005339_08932_25_14/Materials/005339_08932_L_-90304_0_01_01_7.mat
  artifactKey: Guid(62dd915c43b574832953d32ab5145bdb) Importer(2089858483,0ecaa5967403d082aa24f35e1b516d23)
Start importing Assets/ZRNAssets/005339_08932_25_14/Materials/005339_08932_L_-90304_0_01_01_7.mat using Guid(62dd915c43b574832953d32ab5145bdb) Importer(2089858483,0ecaa5967403d082aa24f35e1b516d23) [PhysX] Initialized MultithreadedTaskDispatcher with 12 workers.
 -> (artifact id: 'c85a8acbd3ff74008c43bfd9b9c23e6b') in 0.051171 seconds
Number of updated asset objects reloaded before import = 0
Number of asset objects unloaded after import = 2
========================================================================
Received Import Request.
  Time since last request: 0.000964 seconds.
  path: Assets/ZRNAssets/005339_08932_25_14/Materials/005339_08932_L_-90262_0_01_01_6.mat
  artifactKey: Guid(94e032e13086b4e0496bdf4d200f9b28) Importer(2089858483,0ecaa5967403d082aa24f35e1b516d23)
Start importing Assets/ZRNAssets/005339_08932_25_14/Materials/005339_08932_L_-90262_0_01_01_6.mat using Guid(94e032e13086b4e0496bdf4d200f9b28) Importer(2089858483,0ecaa5967403d082aa24f35e1b516d23) [PhysX] Initialized MultithreadedTaskDispatcher with 12 workers.
 -> (artifact id: '004ac4c0db532522a71251cd341b9117') in 0.050914 seconds
Number of updated asset objects reloaded before import = 0
Number of asset objects unloaded after import = 2
========================================================================
Received Import Request.
  Time since last request: 0.000037 seconds.
  path: Assets/ZRNAssets/005339_08932_25_14/Materials/S_G_000011_F.mat
  artifactKey: Guid(506b845bdd8284ae78ce145ab4556053) Importer(2089858483,0ecaa5967403d082aa24f35e1b516d23)
Start importing Assets/ZRNAssets/005339_08932_25_14/Materials/S_G_000011_F.mat using Guid(506b845bdd8284ae78ce145ab4556053) Importer(2089858483,0ecaa5967403d082aa24f35e1b516d23) [PhysX] Initialized MultithreadedTaskDispatcher with 12 workers.
 -> (artifact id: '0d2648a8d555ef91f09abcb6cb94cd48') in 0.063989 seconds
Number of updated asset objects reloaded before import = 0
Number of asset objects unloaded after import = 2
========================================================================
Received Import Request.
  Time since last request: 0.000037 seconds.
  path: Assets/ZRNAssets/005339_08932_25_14/Materials/S_G_000184_F.mat
  artifactKey: Guid(4de7405095dab46a0a0a75aad6feb2f9) Importer(2089858483,0ecaa5967403d082aa24f35e1b516d23)
Start importing Assets/ZRNAssets/005339_08932_25_14/Materials/S_G_000184_F.mat using Guid(4de7405095dab46a0a0a75aad6feb2f9) Importer(2089858483,0ecaa5967403d082aa24f35e1b516d23) [PhysX] Initialized MultithreadedTaskDispatcher with 12 workers.
 -> (artifact id: '8ba3a7281547e9c3050a30878909cc74') in 0.062762 seconds
Number of updated asset objects reloaded before import = 0
Number of asset objects unloaded after import = 2
========================================================================
Received Import Request.
  Time since last request: 0.000038 seconds.
  path: Assets/EditorPersonajes/Data/Shoes/Shoes_04.asset
  artifactKey: Guid(4876eefeae68f6a4d9e10f61489a6b47) Importer(2089858483,3d70f49cd1c2eb9ae422958d1c652c6b)
Start importing Assets/EditorPersonajes/Data/Shoes/Shoes_04.asset using Guid(4876eefeae68f6a4d9e10f61489a6b47) Importer(2089858483,3d70f49cd1c2eb9ae422958d1c652c6b) [PhysX] Initialized MultithreadedTaskDispatcher with 12 workers.
 -> (artifact id: 'd7a1dead9de1e2b0c36100c819a4aeea') in 0.038535 seconds
Number of updated asset objects reloaded before import = 0
Number of asset objects unloaded after import = 1
========================================================================
Received Import Request.
  Time since last request: 0.000651 seconds.
  path: Assets/ZRNAssets/005339_08932_25_14/Materials/005339_08932_unitedmat_164.mat
  artifactKey: Guid(7905626dff5cc4ab49c9b6dec59055c5) Importer(2089858483,0ecaa5967403d082aa24f35e1b516d23)
Start importing Assets/ZRNAssets/005339_08932_25_14/Materials/005339_08932_unitedmat_164.mat using Guid(7905626dff5cc4ab49c9b6dec59055c5) Importer(2089858483,0ecaa5967403d082aa24f35e1b516d23) [PhysX] Initialized MultithreadedTaskDispatcher with 12 workers.
 -> (artifact id: 'e55d24fae29664dbb3cd22b285d425d7') in 0.046080 seconds
Number of updated asset objects reloaded before import = 0
Number of asset objects unloaded after import = 1
========================================================================
Received Import Request.
  Time since last request: 0.000035 seconds.
  path: Assets/ZRNAssets/005339_08932_25_14/Materials/S_G_000161_S1.mat
  artifactKey: Guid(482248af430934be5b3c69b8872ea9bc) Importer(2089858483,0ecaa5967403d082aa24f35e1b516d23)
Start importing Assets/ZRNAssets/005339_08932_25_14/Materials/S_G_000161_S1.mat using Guid(482248af430934be5b3c69b8872ea9bc) Importer(2089858483,0ecaa5967403d082aa24f35e1b516d23) [PhysX] Initialized MultithreadedTaskDispatcher with 12 workers.
 -> (artifact id: '5c947f91b1009df9d5f53400571f077b') in 0.042199 seconds
Number of updated asset objects reloaded before import = 0
Number of asset objects unloaded after import = 2
========================================================================
Received Import Request.
  Time since last request: 0.000206 seconds.
  path: Assets/Prefabs/BloquePalabra.prefab
  artifactKey: Guid(41dc012eed9840544aab1b92bcbe147d) Importer(2089858483,3d70f49cd1c2eb9ae422958d1c652c6b)
Start importing Assets/Prefabs/BloquePalabra.prefab using Guid(41dc012eed9840544aab1b92bcbe147d) Importer(2089858483,3d70f49cd1c2eb9ae422958d1c652c6b) [PhysX] Initialized MultithreadedTaskDispatcher with 12 workers.
The method get_fontSharedMaterials was not found on Texto. This property will not be indexed.
UnityEngine.StackTraceUtility:ExtractStackTrace ()
UnityEngine.DebugLogHandler:LogFormat (UnityEngine.LogType,UnityEngine.Object,string,object[])
UnityEngine.Logger:Log (UnityEngine.LogType,object)
UnityEngine.Debug:LogWarning (object)
UnityEditor.Rendering.Universal.MaterialReferenceBuilder:GetMaterialFromMethod (System.Reflection.MethodInfo,UnityEngine.Object,System.Func`3<string, string, string>) (at ./Library/PackageCache/com.unity.render-pipelines.universal@14.0.12/Editor/Converter/MaterialReferenceBuilder.cs:133)
UnityEditor.Rendering.Universal.ConversionIndexers:ConversionIndexer (UnityEditor.Search.CustomObjectIndexerTarget,UnityEditor.Search.ObjectIndexer) (at ./Library/PackageCache/com.unity.render-pipelines.universal@14.0.12/Editor/Converter/ConversionIndexers.cs:21)
UnityEditor.Search.ObjectIndexer:CallCustomIndexers (string,int,UnityEngine.Object,UnityEditor.SerializedObject,bool)
UnityEditor.Search.ObjectIndexer:IndexCustomProperties (string,int,UnityEngine.Object)
UnityEditor.Search.AssetIndexer:IndexCustomGameObjectProperties (string,int,UnityEngine.GameObject)
UnityEditor.Search.AssetIndexer:IndexObjects (UnityEngine.GameObject[],string,string,string,bool)
UnityEditor.Search.AssetIndexer:IndexPrefab (string,bool)
UnityEditor.Search.AssetIndexer:IndexSceneDocument (string,bool)
UnityEditor.Search.AssetIndexer:IndexDocument (string,bool)
UnityEditor.Search.SearchIndexEntryImporter:OnImportAsset (UnityEditor.AssetImporters.AssetImportContext)
UnityEditor.AssetImporters.ScriptedImporter:GenerateAssetData (UnityEditor.AssetImporters.AssetImportContext)

(Filename: ./Library/PackageCache/com.unity.render-pipelines.universal@14.0.12/Editor/Converter/MaterialReferenceBuilder.cs Line: 133)

 -> (artifact id: '6b3a5707a295bbdf93e40bb5947b27c7') in 0.144875 seconds
Number of updated asset objects reloaded before import = 0
Number of asset objects unloaded after import = 18
========================================================================
Received Import Request.
  Time since last request: 0.000052 seconds.
  path: Assets/ZRNAssets/005339_08932_25_14/Materials/S_G_000105_E.mat
  artifactKey: Guid(e251d8301b4384421a575315868ee5a6) Importer(2089858483,0ecaa5967403d082aa24f35e1b516d23)
Start importing Assets/ZRNAssets/005339_08932_25_14/Materials/S_G_000105_E.mat using Guid(e251d8301b4384421a575315868ee5a6) Importer(2089858483,0ecaa5967403d082aa24f35e1b516d23) [PhysX] Initialized MultithreadedTaskDispatcher with 12 workers.
 -> (artifact id: 'e3d195f2411cd1d6b4917a38cedb9fe4') in 0.059742 seconds
Number of updated asset objects reloaded before import = 0
Number of asset objects unloaded after import = 2
========================================================================
Received Import Request.
  Time since last request: 0.000073 seconds.
  path: Assets/ZRNAssets/005339_08932_25_14/Materials/S_G_000128_E.mat
  artifactKey: Guid(dea0169f8290141969e6bf57f4b23b60) Importer(2089858483,0ecaa5967403d082aa24f35e1b516d23)
Start importing Assets/ZRNAssets/005339_08932_25_14/Materials/S_G_000128_E.mat using Guid(dea0169f8290141969e6bf57f4b23b60) Importer(2089858483,0ecaa5967403d082aa24f35e1b516d23) [PhysX] Initialized MultithreadedTaskDispatcher with 12 workers.
 -> (artifact id: '6f39940817e8ba4d9af29518accafb0c') in 0.064489 seconds
Number of updated asset objects reloaded before import = 0
Number of asset objects unloaded after import = 2
========================================================================
Received Import Request.
  Time since last request: 0.000035 seconds.
  path: Assets/ZRNAssets/005339_08932_25_14/Materials/mat_PQ_Police.mat
  artifactKey: Guid(7ac0fa57857494346948a26609a8e3b2) Importer(2089858483,0ecaa5967403d082aa24f35e1b516d23)
Start importing Assets/ZRNAssets/005339_08932_25_14/Materials/mat_PQ_Police.mat using Guid(7ac0fa57857494346948a26609a8e3b2) Importer(2089858483,0ecaa5967403d082aa24f35e1b516d23) [PhysX] Initialized MultithreadedTaskDispatcher with 12 workers.
 -> (artifact id: 'bf8ef6ed4f2b6360b2606e73accf7109') in 0.054201 seconds
Number of updated asset objects reloaded before import = 0
Number of asset objects unloaded after import = 2
========================================================================
Received Import Request.
  Time since last request: 0.000051 seconds.
  path: Assets/ZRNAssets/005339_08932_25_14/Materials/005339_08932_unitedmat_251.mat
  artifactKey: Guid(d025c43e1df51423d96ee8bee048ecb7) Importer(2089858483,0ecaa5967403d082aa24f35e1b516d23)
Start importing Assets/ZRNAssets/005339_08932_25_14/Materials/005339_08932_unitedmat_251.mat using Guid(d025c43e1df51423d96ee8bee048ecb7) Importer(2089858483,0ecaa5967403d082aa24f35e1b516d23) [PhysX] Initialized MultithreadedTaskDispatcher with 12 workers.
 -> (artifact id: 'b0ec130398e0e8ef3bf90bed9e2b1827') in 0.047743 seconds
Number of updated asset objects reloaded before import = 0
Number of asset objects unloaded after import = 1
========================================================================
Received Import Request.
  Time since last request: 0.000536 seconds.
  path: Assets/ZRNAssets/005339_08932_25_14/Materials/005339_08932_25_14_TransP_unitedmat_9.mat
  artifactKey: Guid(8534312279a024403aa3fcbef160fdf1) Importer(2089858483,0ecaa5967403d082aa24f35e1b516d23)
Start importing Assets/ZRNAssets/005339_08932_25_14/Materials/005339_08932_25_14_TransP_unitedmat_9.mat using Guid(8534312279a024403aa3fcbef160fdf1) Importer(2089858483,0ecaa5967403d082aa24f35e1b516d23) [PhysX] Initialized MultithreadedTaskDispatcher with 12 workers.
 -> (artifact id: '7b87b5195ba744f3e42bb5ebb23368f4') in 0.048733 seconds
Number of updated asset objects reloaded before import = 0
Number of asset objects unloaded after import = 1
========================================================================
Received Import Request.
  Time since last request: 0.000056 seconds.
  path: Assets/ZRNAssets/005339_08932_25_14/Materials/S_G_000196_S1.mat
  artifactKey: Guid(b1dfed70e2d6a4409aee506a4efd265b) Importer(2089858483,0ecaa5967403d082aa24f35e1b516d23)
Start importing Assets/ZRNAssets/005339_08932_25_14/Materials/S_G_000196_S1.mat using Guid(b1dfed70e2d6a4409aee506a4efd265b) Importer(2089858483,0ecaa5967403d082aa24f35e1b516d23) [PhysX] Initialized MultithreadedTaskDispatcher with 12 workers.
 -> (artifact id: 'acd0a066ab2081df9449b1b3ab425a35') in 0.027882 seconds
Number of updated asset objects reloaded before import = 0
Number of asset objects unloaded after import = 2
========================================================================
Received Import Request.
  Time since last request: 0.000040 seconds.
  path: Assets/ZRNAssets/005339_08932_25_14/Materials/mat.0350.mat
  artifactKey: Guid(f5d0bb9d64a1e43529324b1be7c96a96) Importer(2089858483,0ecaa5967403d082aa24f35e1b516d23)
Start importing Assets/ZRNAssets/005339_08932_25_14/Materials/mat.0350.mat using Guid(f5d0bb9d64a1e43529324b1be7c96a96) Importer(2089858483,0ecaa5967403d082aa24f35e1b516d23) [PhysX] Initialized MultithreadedTaskDispatcher with 12 workers.
 -> (artifact id: 'ae544c7cd4aa31b054016cb5ff4c6815') in 0.025539 seconds
Number of updated asset objects reloaded before import = 0
Number of asset objects unloaded after import = 1
========================================================================
Received Import Request.
  Time since last request: 0.000046 seconds.
  path: Assets/ZRNAssets/005339_08932_25_14/Materials/005339_08932_L_-90154_0_01_01_15.mat
  artifactKey: Guid(c37053061d59541ad84ee94b39e648dd) Importer(2089858483,0ecaa5967403d082aa24f35e1b516d23)
Start importing Assets/ZRNAssets/005339_08932_25_14/Materials/005339_08932_L_-90154_0_01_01_15.mat using Guid(c37053061d59541ad84ee94b39e648dd) Importer(2089858483,0ecaa5967403d082aa24f35e1b516d23) [PhysX] Initialized MultithreadedTaskDispatcher with 12 workers.
 -> (artifact id: 'd2301ee68ea61da2110716fbeecf46b7') in 0.049362 seconds
Number of updated asset objects reloaded before import = 0
Number of asset objects unloaded after import = 2
========================================================================
Received Import Request.
  Time since last request: 0.000971 seconds.
  path: Assets/ZRNAssets/005339_08932_25_14/Materials/S_G_000142_F.mat
  artifactKey: Guid(3752e031a218644549d3ee21151b85be) Importer(2089858483,0ecaa5967403d082aa24f35e1b516d23)
Start importing Assets/ZRNAssets/005339_08932_25_14/Materials/S_G_000142_F.mat using Guid(3752e031a218644549d3ee21151b85be) Importer(2089858483,0ecaa5967403d082aa24f35e1b516d23) [PhysX] Initialized MultithreadedTaskDispatcher with 12 workers.
 -> (artifact id: '0c9741b8e9cd2e246360cf255e6eeabe') in 0.070211 seconds
Number of updated asset objects reloaded before import = 0
Number of asset objects unloaded after import = 2
========================================================================
Received Import Request.
  Time since last request: 0.000362 seconds.
  path: Assets/ZRNAssets/005339_08932_25_14/Materials/005339_08932_25_14_unitedmat_78.mat
  artifactKey: Guid(2aeb72113c7fb434fa222ddf04e43942) Importer(2089858483,0ecaa5967403d082aa24f35e1b516d23)
Start importing Assets/ZRNAssets/005339_08932_25_14/Materials/005339_08932_25_14_unitedmat_78.mat using Guid(2aeb72113c7fb434fa222ddf04e43942) Importer(2089858483,0ecaa5967403d082aa24f35e1b516d23) [PhysX] Initialized MultithreadedTaskDispatcher with 12 workers.
 -> (artifact id: '72172e85162bb7d808f46435d12d9a43') in 0.063188 seconds
Number of updated asset objects reloaded before import = 0
Number of asset objects unloaded after import = 2
========================================================================
Received Import Request.
  Time since last request: 0.000576 seconds.
  path: Assets/ZRNAssets/005339_08932_25_14/Materials/005339_08932_25_14_TransP_unitedmat_2.mat
  artifactKey: Guid(1c9d9820edb7c40f4961e61a47c03422) Importer(2089858483,0ecaa5967403d082aa24f35e1b516d23)
Start importing Assets/ZRNAssets/005339_08932_25_14/Materials/005339_08932_25_14_TransP_unitedmat_2.mat using Guid(1c9d9820edb7c40f4961e61a47c03422) Importer(2089858483,0ecaa5967403d082aa24f35e1b516d23) [PhysX] Initialized MultithreadedTaskDispatcher with 12 workers.
 -> (artifact id: '25c99574c076057d177fa77a9678bf1f') in 0.035918 seconds
Number of updated asset objects reloaded before import = 0
Number of asset objects unloaded after import = 1
========================================================================
Received Import Request.
  Time since last request: 0.000039 seconds.
  path: Assets/ZRNAssets/005339_08932_25_14/Materials/S_G_000144_F.mat
  artifactKey: Guid(15e75700a221c48bb84ff2a761948534) Importer(2089858483,0ecaa5967403d082aa24f35e1b516d23)
Start importing Assets/ZRNAssets/005339_08932_25_14/Materials/S_G_000144_F.mat using Guid(15e75700a221c48bb84ff2a761948534) Importer(2089858483,0ecaa5967403d082aa24f35e1b516d23) [PhysX] Initialized MultithreadedTaskDispatcher with 12 workers.
 -> (artifact id: '9ef6adf5f3acd1df8737e880f7c21ac2') in 0.028328 seconds
Number of updated asset objects reloaded before import = 0
Number of asset objects unloaded after import = 2
========================================================================
Received Import Request.
  Time since last request: 0.000035 seconds.
  path: Assets/ZRNAssets/005339_08932_25_14/Materials/s_koujichuumuji.mat
  artifactKey: Guid(28d4c8444c20c42a396763736c024ec7) Importer(2089858483,0ecaa5967403d082aa24f35e1b516d23)
Start importing Assets/ZRNAssets/005339_08932_25_14/Materials/s_koujichuumuji.mat using Guid(28d4c8444c20c42a396763736c024ec7) Importer(2089858483,0ecaa5967403d082aa24f35e1b516d23) [PhysX] Initialized MultithreadedTaskDispatcher with 12 workers.
 -> (artifact id: '633c4ba1f7dec6343d7eee2acf7fd273') in 0.048442 seconds
Number of updated asset objects reloaded before import = 0
Number of asset objects unloaded after import = 2
========================================================================
Received Import Request.
  Time since last request: 0.000041 seconds.
  path: Assets/EditorPersonajes/Data/Shoes/Shoes_02.asset
  artifactKey: Guid(b827bc450fe2a2341bf03287cd159e59) Importer(2089858483,3d70f49cd1c2eb9ae422958d1c652c6b)
Start importing Assets/EditorPersonajes/Data/Shoes/Shoes_02.asset using Guid(b827bc450fe2a2341bf03287cd159e59) Importer(2089858483,3d70f49cd1c2eb9ae422958d1c652c6b) [PhysX] Initialized MultithreadedTaskDispatcher with 12 workers.
 -> (artifact id: '27acc9e95717ee8e181134fceae32b84') in 0.032421 seconds
Number of updated asset objects reloaded before import = 0
Number of asset objects unloaded after import = 1
========================================================================
Received Import Request.
  Time since last request: 0.000192 seconds.
  path: Assets/Scripts/Tienda/Kanas/Kanas2.asset
  artifactKey: Guid(1b598c8156f9aa64cb24927c547d32fb) Importer(2089858483,3d70f49cd1c2eb9ae422958d1c652c6b)
Start importing Assets/Scripts/Tienda/Kanas/Kanas2.asset using Guid(1b598c8156f9aa64cb24927c547d32fb) Importer(2089858483,3d70f49cd1c2eb9ae422958d1c652c6b) [PhysX] Initialized MultithreadedTaskDispatcher with 12 workers.
 -> (artifact id: '01ae1112d1534ae41a945414c2b1c1e1') in 0.029595 seconds
Number of updated asset objects reloaded before import = 0
Number of asset objects unloaded after import = 0
========================================================================
Received Import Request.
  Time since last request: 0.000462 seconds.
  path: Assets/ZRNAssets/005339_08932_25_14/Materials/005339_08932_25_14_unitedmat_139.mat
  artifactKey: Guid(cb3826796da9b48c8b95d29801224004) Importer(2089858483,0ecaa5967403d082aa24f35e1b516d23)
Start importing Assets/ZRNAssets/005339_08932_25_14/Materials/005339_08932_25_14_unitedmat_139.mat using Guid(cb3826796da9b48c8b95d29801224004) Importer(2089858483,0ecaa5967403d082aa24f35e1b516d23) [PhysX] Initialized MultithreadedTaskDispatcher with 12 workers.
 -> (artifact id: 'd51e40bd051ae9c046d6e11657f4d002') in 0.045651 seconds
Number of updated asset objects reloaded before import = 0
Number of asset objects unloaded after import = 2
========================================================================
Received Import Request.
  Time since last request: 0.000043 seconds.
  path: Assets/ZRNAssets/005339_08932_25_14/Materials/S_G_000106_S.mat
  artifactKey: Guid(463141cc354b14c6798c61277a60cfe6) Importer(2089858483,0ecaa5967403d082aa24f35e1b516d23)
Start importing Assets/ZRNAssets/005339_08932_25_14/Materials/S_G_000106_S.mat using Guid(463141cc354b14c6798c61277a60cfe6) Importer(2089858483,0ecaa5967403d082aa24f35e1b516d23) [PhysX] Initialized MultithreadedTaskDispatcher with 12 workers.
 -> (artifact id: '369413443afb56470ac09e1b7e12c907') in 0.037118 seconds
Number of updated asset objects reloaded before import = 0
Number of asset objects unloaded after import = 2
========================================================================
Received Import Request.
  Time since last request: 0.000048 seconds.
  path: Assets/ZRNAssets/005339_08932_25_14/Materials/mat.0000.mat
  artifactKey: Guid(4101056ffc7ae4697ba269d46779685d) Importer(2089858483,0ecaa5967403d082aa24f35e1b516d23)
Start importing Assets/ZRNAssets/005339_08932_25_14/Materials/mat.0000.mat using Guid(4101056ffc7ae4697ba269d46779685d) Importer(2089858483,0ecaa5967403d082aa24f35e1b516d23) [PhysX] Initialized MultithreadedTaskDispatcher with 12 workers.
 -> (artifact id: '3c5de6ea8dda50a9b33d57d991b770f9') in 0.033900 seconds
Number of updated asset objects reloaded before import = 0
Number of asset objects unloaded after import = 1
========================================================================
Received Import Request.
  Time since last request: 0.000057 seconds.
  path: Assets/ZRNAssets/005339_08932_25_14/Materials/005339_08932_25_14_unitedmat_29.mat
  artifactKey: Guid(b20efcf744be545968463ec1b1ee3e65) Importer(2089858483,0ecaa5967403d082aa24f35e1b516d23)
Start importing Assets/ZRNAssets/005339_08932_25_14/Materials/005339_08932_25_14_unitedmat_29.mat using Guid(b20efcf744be545968463ec1b1ee3e65) Importer(2089858483,0ecaa5967403d082aa24f35e1b516d23) [PhysX] Initialized MultithreadedTaskDispatcher with 12 workers.
 -> (artifact id: '83fd6d0bba6188be2784b2f33c3d4c3b') in 0.053751 seconds
Number of updated asset objects reloaded before import = 0
Number of asset objects unloaded after import = 2
========================================================================
Received Import Request.
  Time since last request: 0.000051 seconds.
  path: Assets/ZRNAssets/005339_08932_25_14/Materials/005339_08932_25_14_unitedmat_159.mat
  artifactKey: Guid(4f1b07d12aebb47fca1a02c8db54b6af) Importer(2089858483,0ecaa5967403d082aa24f35e1b516d23)
Start importing Assets/ZRNAssets/005339_08932_25_14/Materials/005339_08932_25_14_unitedmat_159.mat using Guid(4f1b07d12aebb47fca1a02c8db54b6af) Importer(2089858483,0ecaa5967403d082aa24f35e1b516d23) [PhysX] Initialized MultithreadedTaskDispatcher with 12 workers.
 -> (artifact id: '201dd771568f6af8abd5296a6bdf10e7') in 0.048280 seconds
Number of updated asset objects reloaded before import = 0
Number of asset objects unloaded after import = 2
========================================================================
Received Import Request.
  Time since last request: 0.000389 seconds.
  path: Assets/ZRNAssets/005339_08932_25_14/Materials/005339_08932_25_14_unitedmat_28.mat
  artifactKey: Guid(7bcfa8b8904ff4141867b2518ce1795f) Importer(2089858483,0ecaa5967403d082aa24f35e1b516d23)
Start importing Assets/ZRNAssets/005339_08932_25_14/Materials/005339_08932_25_14_unitedmat_28.mat using Guid(7bcfa8b8904ff4141867b2518ce1795f) Importer(2089858483,0ecaa5967403d082aa24f35e1b516d23) [PhysX] Initialized MultithreadedTaskDispatcher with 12 workers.
 -> (artifact id: '5116a6139611c4fa4cd990fef2b475c0') in 0.074977 seconds
Number of updated asset objects reloaded before import = 0
Number of asset objects unloaded after import = 2
========================================================================
Received Import Request.
  Time since last request: 0.000035 seconds.
  path: Assets/ZRNAssets/005339_08932_25_14/Materials/S_G_000161_S.mat
  artifactKey: Guid(5d5bf2081267f459fb66d1d743c6dbfd) Importer(2089858483,0ecaa5967403d082aa24f35e1b516d23)
Start importing Assets/ZRNAssets/005339_08932_25_14/Materials/S_G_000161_S.mat using Guid(5d5bf2081267f459fb66d1d743c6dbfd) Importer(2089858483,0ecaa5967403d082aa24f35e1b516d23) [PhysX] Initialized MultithreadedTaskDispatcher with 12 workers.
 -> (artifact id: 'fffbee75d4f93995cbd496b86381358b') in 0.033543 seconds
Number of updated asset objects reloaded before import = 0
Number of asset objects unloaded after import = 2
========================================================================
Received Import Request.
  Time since last request: 0.000427 seconds.
  path: Assets/ZRNAssets/005339_08932_25_14/Materials/005339_08932_unitedmat_124.mat
  artifactKey: Guid(b209e013e889b49039c61f26ab4ce5ea) Importer(2089858483,0ecaa5967403d082aa24f35e1b516d23)
Start importing Assets/ZRNAssets/005339_08932_25_14/Materials/005339_08932_unitedmat_124.mat using Guid(b209e013e889b49039c61f26ab4ce5ea) Importer(2089858483,0ecaa5967403d082aa24f35e1b516d23) [PhysX] Initialized MultithreadedTaskDispatcher with 12 workers.
 -> (artifact id: '32f39594ded6fc9ebdd6931153f0fa6b') in 0.055003 seconds
Number of updated asset objects reloaded before import = 0
Number of asset objects unloaded after import = 1
========================================================================
Received Import Request.
  Time since last request: 0.000034 seconds.
  path: Assets/ZRNAssets/005339_08932_25_14/Materials/005339_08932_L_-104983_0_01_01_1.mat
  artifactKey: Guid(5b72d549b16a1488caa4cc04787369ce) Importer(2089858483,0ecaa5967403d082aa24f35e1b516d23)
Start importing Assets/ZRNAssets/005339_08932_25_14/Materials/005339_08932_L_-104983_0_01_01_1.mat using Guid(5b72d549b16a1488caa4cc04787369ce) Importer(2089858483,0ecaa5967403d082aa24f35e1b516d23) [PhysX] Initialized MultithreadedTaskDispatcher with 12 workers.
 -> (artifact id: 'cb7f7620e6b50941ca91d6efd0dfdb95') in 0.063896 seconds
Number of updated asset objects reloaded before import = 0
Number of asset objects unloaded after import = 2
========================================================================
Received Import Request.
  Time since last request: 0.000051 seconds.
  path: Assets/ZRNAssets/005339_08932_25_14/Materials/005339_08932_L_-90203_0_01_01_22.mat
  artifactKey: Guid(479025a4605e84cfeaf3f6f77bfe2a77) Importer(2089858483,0ecaa5967403d082aa24f35e1b516d23)
Start importing Assets/ZRNAssets/005339_08932_25_14/Materials/005339_08932_L_-90203_0_01_01_22.mat using Guid(479025a4605e84cfeaf3f6f77bfe2a77) Importer(2089858483,0ecaa5967403d082aa24f35e1b516d23) [PhysX] Initialized MultithreadedTaskDispatcher with 12 workers.
 -> (artifact id: '851323ee43c0af3e0fbbc8ec59e3e19e') in 0.039417 seconds
Number of updated asset objects reloaded before import = 0
Number of asset objects unloaded after import = 2
========================================================================
Received Import Request.
  Time since last request: 0.000445 seconds.
  path: Assets/ZRNAssets/005339_08932_25_14/Materials/005339_08932_unitedmat_141.mat
  artifactKey: Guid(f8d4ad16d0ed24c71b35f55302bf31f4) Importer(2089858483,0ecaa5967403d082aa24f35e1b516d23)
Start importing Assets/ZRNAssets/005339_08932_25_14/Materials/005339_08932_unitedmat_141.mat using Guid(f8d4ad16d0ed24c71b35f55302bf31f4) Importer(2089858483,0ecaa5967403d082aa24f35e1b516d23) [PhysX] Initialized MultithreadedTaskDispatcher with 12 workers.
 -> (artifact id: '44bdefd2609dfa7dbc4004ed41d0bc00') in 0.028540 seconds
Number of updated asset objects reloaded before import = 0
Number of asset objects unloaded after import = 1
========================================================================
Received Import Request.
  Time since last request: 0.000053 seconds.
  path: Assets/TextMesh Pro/Examples & Extras/Scenes/12 - Link Example.unity
  artifactKey: Guid(9747140c28254be2adc582210dfb89b8) Importer(2089858483,3d70f49cd1c2eb9ae422958d1c652c6b)
Start importing Assets/TextMesh Pro/Examples & Extras/Scenes/12 - Link Example.unity using Guid(9747140c28254be2adc582210dfb89b8) Importer(2089858483,3d70f49cd1c2eb9ae422958d1c652c6b) [PhysX] Initialized MultithreadedTaskDispatcher with 12 workers.
Opening scene 'Assets/TextMesh Pro/Examples & Extras/Scenes/12 - Link Example.unity additively'
LightingSettings: switching bake backend from 1 to 0.
Loaded scene 'Assets/TextMesh Pro/Examples & Extras/Scenes/12 - Link Example.unity'
	Deserialize:            50.736 ms
	Integration:            29.887 ms
	Integration of assets:  2.043 ms
	Thread Wait Time:       -0.008 ms
	Total Operation Time:   82.658 ms
 -> (artifact id: '52002fd9a9120aa402eb1a490482755e') in 0.107190 seconds
Number of updated asset objects reloaded before import = 0
Number of asset objects unloaded after import = 42
========================================================================
Received Import Request.
  Time since last request: 0.000034 seconds.
  path: Assets/ZRNAssets/005339_08932_25_14/Materials/005339_08932_25_14_unitedmat_25.mat
  artifactKey: Guid(52ad49a1d965a4327a38c4e1e0bc861d) Importer(2089858483,0ecaa5967403d082aa24f35e1b516d23)
Start importing Assets/ZRNAssets/005339_08932_25_14/Materials/005339_08932_25_14_unitedmat_25.mat using Guid(52ad49a1d965a4327a38c4e1e0bc861d) Importer(2089858483,0ecaa5967403d082aa24f35e1b516d23) [PhysX] Initialized MultithreadedTaskDispatcher with 12 workers.
 -> (artifact id: '535e17a09d6a19c20715212cc4409e26') in 0.031036 seconds
Number of updated asset objects reloaded before import = 0
Number of asset objects unloaded after import = 2
========================================================================
Received Import Request.
  Time since last request: 0.000045 seconds.
  path: Assets/ZRNAssets/005339_08932_25_14/Materials/S_TrainFrame1_0002_TransP.mat
  artifactKey: Guid(b5be0c05399384ca8af6ad342375e214) Importer(2089858483,0ecaa5967403d082aa24f35e1b516d23)
Start importing Assets/ZRNAssets/005339_08932_25_14/Materials/S_TrainFrame1_0002_TransP.mat using Guid(b5be0c05399384ca8af6ad342375e214) Importer(2089858483,0ecaa5967403d082aa24f35e1b516d23) [PhysX] Initialized MultithreadedTaskDispatcher with 12 workers.
 -> (artifact id: '3895f3879645d9ee5ed7466946083c9b') in 0.148624 seconds
Number of updated asset objects reloaded before import = 0
Number of asset objects unloaded after import = 2
========================================================================
Received Import Request.
  Time since last request: 0.000679 seconds.
  path: Assets/ZRNAssets/005339_08932_25_14/Materials/005339_08932_unitedmat_121.mat
  artifactKey: Guid(4fe4172a18ef043749fc4a47e17b9e54) Importer(2089858483,0ecaa5967403d082aa24f35e1b516d23)
Start importing Assets/ZRNAssets/005339_08932_25_14/Materials/005339_08932_unitedmat_121.mat using Guid(4fe4172a18ef043749fc4a47e17b9e54) Importer(2089858483,0ecaa5967403d082aa24f35e1b516d23) [PhysX] Initialized MultithreadedTaskDispatcher with 12 workers.
 -> (artifact id: '81497c95aee41941b81ce31fac8e049d') in 0.028003 seconds
Number of updated asset objects reloaded before import = 0
Number of asset objects unloaded after import = 1
========================================================================
Received Import Request.
  Time since last request: 0.001048 seconds.
  path: Assets/ZRNAssets/005339_08932_25_14/Materials/005339_08932_25_14_unitedmat_174.mat
  artifactKey: Guid(904f1aaaaf1f349da903a1225c8a9d68) Importer(2089858483,0ecaa5967403d082aa24f35e1b516d23)
Start importing Assets/ZRNAssets/005339_08932_25_14/Materials/005339_08932_25_14_unitedmat_174.mat using Guid(904f1aaaaf1f349da903a1225c8a9d68) Importer(2089858483,0ecaa5967403d082aa24f35e1b516d23) [PhysX] Initialized MultithreadedTaskDispatcher with 12 workers.
 -> (artifact id: '99e9d9299fe9fe1ab985562a6b513ae5') in 0.038611 seconds
Number of updated asset objects reloaded before import = 0
Number of asset objects unloaded after import = 2
========================================================================
Received Import Request.
  Time since last request: 0.000037 seconds.
  path: Assets/ZRNAssets/005339_08932_25_14/Materials/005339_08932_unitedmat_169.mat
  artifactKey: Guid(e9b21fd56947e452ea049bcd90561ebd) Importer(2089858483,0ecaa5967403d082aa24f35e1b516d23)
Start importing Assets/ZRNAssets/005339_08932_25_14/Materials/005339_08932_unitedmat_169.mat using Guid(e9b21fd56947e452ea049bcd90561ebd) Importer(2089858483,0ecaa5967403d082aa24f35e1b516d23) [PhysX] Initialized MultithreadedTaskDispatcher with 12 workers.
 -> (artifact id: '0c88f7ab89a7ee0e8b3f4d435214ca76') in 0.034320 seconds
Number of updated asset objects reloaded before import = 0
Number of asset objects unloaded after import = 1
========================================================================
Received Import Request.
  Time since last request: 0.000765 seconds.
  path: Assets/ZRNAssets/005339_08932_25_14/Materials/005339_08932_25_14_unitedmat_146.mat
  artifactKey: Guid(346cba1e32a8c4bae864b03272ed1602) Importer(2089858483,0ecaa5967403d082aa24f35e1b516d23)
Start importing Assets/ZRNAssets/005339_08932_25_14/Materials/005339_08932_25_14_unitedmat_146.mat using Guid(346cba1e32a8c4bae864b03272ed1602) Importer(2089858483,0ecaa5967403d082aa24f35e1b516d23) [PhysX] Initialized MultithreadedTaskDispatcher with 12 workers.
 -> (artifact id: '312381db1f598b4d6b1f2666fbdcca96') in 0.029129 seconds
Number of updated asset objects reloaded before import = 0
Number of asset objects unloaded after import = 2
========================================================================
Received Import Request.
  Time since last request: 0.000036 seconds.
  path: Assets/ZRNAssets/005339_08932_25_14/Materials/s_rankan001_TransP2.mat
  artifactKey: Guid(30e0182f3bbfb4c018fdd18f32c63883) Importer(2089858483,0ecaa5967403d082aa24f35e1b516d23)
Start importing Assets/ZRNAssets/005339_08932_25_14/Materials/s_rankan001_TransP2.mat using Guid(30e0182f3bbfb4c018fdd18f32c63883) Importer(2089858483,0ecaa5967403d082aa24f35e1b516d23) [PhysX] Initialized MultithreadedTaskDispatcher with 12 workers.
 -> (artifact id: '7430b4b62e3e563f1c1785ec9b4e1dd2') in 0.051440 seconds
Number of updated asset objects reloaded before import = 0
Number of asset objects unloaded after import = 2
========================================================================
Received Import Request.
  Time since last request: 0.000064 seconds.
  path: Assets/ZRNAssets/005339_08932_25_14/Materials/005339_08932_25_14_unitedmat_104.mat
  artifactKey: Guid(60503cc92a3fd4f628db85db2368c037) Importer(2089858483,0ecaa5967403d082aa24f35e1b516d23)
Start importing Assets/ZRNAssets/005339_08932_25_14/Materials/005339_08932_25_14_unitedmat_104.mat using Guid(60503cc92a3fd4f628db85db2368c037) Importer(2089858483,0ecaa5967403d082aa24f35e1b516d23) [PhysX] Initialized MultithreadedTaskDispatcher with 12 workers.
 -> (artifact id: 'e5e6f668a0d6496b37f0185fc9e682e9') in 0.056550 seconds
Number of updated asset objects reloaded before import = 0
Number of asset objects unloaded after import = 2
========================================================================
Received Import Request.
  Time since last request: 0.000037 seconds.
  path: Assets/ZRNAssets/005339_08932_25_14/Materials/S_G_000141_S.mat
  artifactKey: Guid(166b75ec07d664f94b28d063809da3f1) Importer(2089858483,0ecaa5967403d082aa24f35e1b516d23)
Start importing Assets/ZRNAssets/005339_08932_25_14/Materials/S_G_000141_S.mat using Guid(166b75ec07d664f94b28d063809da3f1) Importer(2089858483,0ecaa5967403d082aa24f35e1b516d23) [PhysX] Initialized MultithreadedTaskDispatcher with 12 workers.
 -> (artifact id: 'c484714060517b7beace81128550c9ab') in 0.055057 seconds
Number of updated asset objects reloaded before import = 0
Number of asset objects unloaded after import = 2
========================================================================
Received Import Request.
  Time since last request: 0.000035 seconds.
  path: Assets/ZRNAssets/005339_08932_25_14/Materials/005339_08932_25_14_unitedmat_54.mat
  artifactKey: Guid(07aef4cdbc55a4c91908650c2ec2e2f3) Importer(2089858483,0ecaa5967403d082aa24f35e1b516d23)
Start importing Assets/ZRNAssets/005339_08932_25_14/Materials/005339_08932_25_14_unitedmat_54.mat using Guid(07aef4cdbc55a4c91908650c2ec2e2f3) Importer(2089858483,0ecaa5967403d082aa24f35e1b516d23) [PhysX] Initialized MultithreadedTaskDispatcher with 12 workers.
 -> (artifact id: '3763e84846c46096dc343ef192057ac1') in 0.048086 seconds
Number of updated asset objects reloaded before import = 0
Number of asset objects unloaded after import = 2
========================================================================
Received Import Request.
  Time since last request: 0.000034 seconds.
  path: Assets/ZRNAssets/005339_08932_25_14/Materials/005339_08932_unitedmat_170.mat
  artifactKey: Guid(26a45c1dbbf3b4f83bd80c3715555a76) Importer(2089858483,0ecaa5967403d082aa24f35e1b516d23)
Start importing Assets/ZRNAssets/005339_08932_25_14/Materials/005339_08932_unitedmat_170.mat using Guid(26a45c1dbbf3b4f83bd80c3715555a76) Importer(2089858483,0ecaa5967403d082aa24f35e1b516d23) [PhysX] Initialized MultithreadedTaskDispatcher with 12 workers.
 -> (artifact id: '94c9f0662522c2edc7520db251779d8b') in 0.031599 seconds
Number of updated asset objects reloaded before import = 0
Number of asset objects unloaded after import = 1
========================================================================
Received Import Request.
  Time since last request: 0.000052 seconds.
  path: Assets/Scripts/PlayerProgress.asset
  artifactKey: Guid(a2287b95c78e0ad48898d23931b08749) Importer(2089858483,0ecaa5967403d082aa24f35e1b516d23)
Start importing Assets/Scripts/PlayerProgress.asset using Guid(a2287b95c78e0ad48898d23931b08749) Importer(2089858483,0ecaa5967403d082aa24f35e1b516d23) [PhysX] Initialized MultithreadedTaskDispatcher with 12 workers.
 -> (artifact id: 'de2013c1cd628202e77d510d2017018d') in 0.054372 seconds
Number of updated asset objects reloaded before import = 0
Number of asset objects unloaded after import = 1
========================================================================
Received Import Request.
  Time since last request: 0.000053 seconds.
  path: Assets/ZRNAssets/005339_08932_25_14/Materials/005339_08932_L_-90274_0_01_01_8.mat
  artifactKey: Guid(3512db82207cf4070b2e05f96e6909a1) Importer(2089858483,0ecaa5967403d082aa24f35e1b516d23)
Start importing Assets/ZRNAssets/005339_08932_25_14/Materials/005339_08932_L_-90274_0_01_01_8.mat using Guid(3512db82207cf4070b2e05f96e6909a1) Importer(2089858483,0ecaa5967403d082aa24f35e1b516d23) [PhysX] Initialized MultithreadedTaskDispatcher with 12 workers.
 -> (artifact id: '7f02d4793dfc468e0ee02b9651ffb0c9') in 0.044754 seconds
Number of updated asset objects reloaded before import = 0
Number of asset objects unloaded after import = 2
========================================================================
Received Import Request.
  Time since last request: 0.000896 seconds.
  path: Assets/Scripts/PlayerProgress.cs
  artifactKey: Guid(64b8975488a81a64da90a379d4572575) Importer(2089858483,0ecaa5967403d082aa24f35e1b516d23)
Start importing Assets/Scripts/PlayerProgress.cs using Guid(64b8975488a81a64da90a379d4572575) Importer(2089858483,0ecaa5967403d082aa24f35e1b516d23) [PhysX] Initialized MultithreadedTaskDispatcher with 12 workers.
 -> (artifact id: '26b968833ae5e662b3981771644d5012') in 0.044355 seconds
Number of updated asset objects reloaded before import = 0
Number of asset objects unloaded after import = 1
========================================================================
Received Import Request.
  Time since last request: 0.001508 seconds.
  path: Assets/Dialogos/Dialogos NPC5/EmpezarCINCO.asset
  artifactKey: Guid(c3d3c7939637c2441bef47068eafd39e) Importer(2089858483,0ecaa5967403d082aa24f35e1b516d23)
Start importing Assets/Dialogos/Dialogos NPC5/EmpezarCINCO.asset using Guid(c3d3c7939637c2441bef47068eafd39e) Importer(2089858483,0ecaa5967403d082aa24f35e1b516d23) [PhysX] Initialized MultithreadedTaskDispatcher with 12 workers.
 -> (artifact id: '983b6a362a1540f11f130878606da3c2') in 0.059080 seconds
Number of updated asset objects reloaded before import = 0
Number of asset objects unloaded after import = 4
========================================================================
Received Import Request.
  Time since last request: 0.000057 seconds.
  path: Assets/ZRNAssets/005339_08932_25_14/Materials/005339_08932_unitedmat_163.mat
  artifactKey: Guid(188960c66cc9744498fa59332c09984d) Importer(2089858483,0ecaa5967403d082aa24f35e1b516d23)
Start importing Assets/ZRNAssets/005339_08932_25_14/Materials/005339_08932_unitedmat_163.mat using Guid(188960c66cc9744498fa59332c09984d) Importer(2089858483,0ecaa5967403d082aa24f35e1b516d23) [PhysX] Initialized MultithreadedTaskDispatcher with 12 workers.
 -> (artifact id: 'a76dff2c1dc77654436af799b7d91c9f') in 0.030457 seconds
Number of updated asset objects reloaded before import = 0
Number of asset objects unloaded after import = 1
========================================================================
Received Import Request.
  Time since last request: 0.000054 seconds.
  path: Assets/ZRNAssets/005339_08932_25_14/Materials/005339_08932_25_14_unitedmat_156.mat
  artifactKey: Guid(3ac6c6b8d779747be97e5e15d2bb1f32) Importer(2089858483,0ecaa5967403d082aa24f35e1b516d23)
Start importing Assets/ZRNAssets/005339_08932_25_14/Materials/005339_08932_25_14_unitedmat_156.mat using Guid(3ac6c6b8d779747be97e5e15d2bb1f32) Importer(2089858483,0ecaa5967403d082aa24f35e1b516d23) [PhysX] Initialized MultithreadedTaskDispatcher with 12 workers.
 -> (artifact id: '939ea3a1123df88e175cebeec2282c73') in 0.028805 seconds
Number of updated asset objects reloaded before import = 0
Number of asset objects unloaded after import = 2
========================================================================
Received Import Request.
  Time since last request: 0.000045 seconds.
  path: Assets/Scripts/Tienda/Kanas/Kanas7.asset
  artifactKey: Guid(286381c4c6ddb404a99b52215490a858) Importer(2089858483,0ecaa5967403d082aa24f35e1b516d23)
Start importing Assets/Scripts/Tienda/Kanas/Kanas7.asset using Guid(286381c4c6ddb404a99b52215490a858) Importer(2089858483,0ecaa5967403d082aa24f35e1b516d23) [PhysX] Initialized MultithreadedTaskDispatcher with 12 workers.
 -> (artifact id: '527b570ca387131ca653ef6da2b28537') in 0.028820 seconds
Number of updated asset objects reloaded before import = 0
Number of asset objects unloaded after import = 1
========================================================================
Received Import Request.
  Time since last request: 0.000044 seconds.
  path: Assets/ZRNAssets/005339_08932_25_14/Materials/005339_08932_unitedmat_131.mat
  artifactKey: Guid(9bebe1eaa2e194394924c395b0cf532a) Importer(2089858483,0ecaa5967403d082aa24f35e1b516d23)
Start importing Assets/ZRNAssets/005339_08932_25_14/Materials/005339_08932_unitedmat_131.mat using Guid(9bebe1eaa2e194394924c395b0cf532a) Importer(2089858483,0ecaa5967403d082aa24f35e1b516d23) [PhysX] Initialized MultithreadedTaskDispatcher with 12 workers.
 -> (artifact id: '82c6ba1a1b17826656b3bc52e08cd23b') in 0.029725 seconds
Number of updated asset objects reloaded before import = 0
Number of asset objects unloaded after import = 1
========================================================================
Received Import Request.
  Time since last request: 0.000036 seconds.
  path: Assets/Scripts/NPC1/CartaMemorama.cs
  artifactKey: Guid(afc32d3998f51e54a80216e7eff92dfe) Importer(2089858483,0ecaa5967403d082aa24f35e1b516d23)
Start importing Assets/Scripts/NPC1/CartaMemorama.cs using Guid(afc32d3998f51e54a80216e7eff92dfe) Importer(2089858483,0ecaa5967403d082aa24f35e1b516d23) [PhysX] Initialized MultithreadedTaskDispatcher with 12 workers.
 -> (artifact id: 'be02400648d5e566c4fc1e4c9bcd2822') in 0.033081 seconds
Number of updated asset objects reloaded before import = 0
Number of asset objects unloaded after import = 1
========================================================================
Received Import Request.
  Time since last request: 0.000037 seconds.
  path: Assets/ZRNAssets/005339_08932_25_14/Materials/005339_08932_unitedmat_140.mat
  artifactKey: Guid(fc4a6bef81a4b4703bbca2e79f808ee9) Importer(2089858483,0ecaa5967403d082aa24f35e1b516d23)
Start importing Assets/ZRNAssets/005339_08932_25_14/Materials/005339_08932_unitedmat_140.mat using Guid(fc4a6bef81a4b4703bbca2e79f808ee9) Importer(2089858483,0ecaa5967403d082aa24f35e1b516d23) [PhysX] Initialized MultithreadedTaskDispatcher with 12 workers.
 -> (artifact id: 'eea0d8236db209f3a354ac4590071f78') in 0.026266 seconds
Number of updated asset objects reloaded before import = 0
Number of asset objects unloaded after import = 1
========================================================================
Received Import Request.
  Time since last request: 0.000048 seconds.
  path: Assets/Scripts/NPC1/Manager_VerdaderoFalso.cs
  artifactKey: Guid(ad9b99a3c14fc9845806bdf7960bf34d) Importer(2089858483,0ecaa5967403d082aa24f35e1b516d23)
Start importing Assets/Scripts/NPC1/Manager_VerdaderoFalso.cs using Guid(ad9b99a3c14fc9845806bdf7960bf34d) Importer(2089858483,0ecaa5967403d082aa24f35e1b516d23) [PhysX] Initialized MultithreadedTaskDispatcher with 12 workers.
 -> (artifact id: 'f06f5b6382330b36bb70f352ae6219df') in 0.027873 seconds
Number of updated asset objects reloaded before import = 0
Number of asset objects unloaded after import = 1
========================================================================
Received Import Request.
  Time since last request: 0.000085 seconds.
  path: Assets/Scripts/NPC1/Cartas/Carta.prefab
  artifactKey: Guid(ab5696b9927905d4c940b9b50b19ecb0) Importer(2089858483,0ecaa5967403d082aa24f35e1b516d23)
Start importing Assets/Scripts/NPC1/Cartas/Carta.prefab using Guid(ab5696b9927905d4c940b9b50b19ecb0) Importer(2089858483,0ecaa5967403d082aa24f35e1b516d23) [PhysX] Initialized MultithreadedTaskDispatcher with 12 workers.
 -> (artifact id: '3d6d7a82c41788ff2a8ae03797086be7') in 0.167358 seconds
Number of updated asset objects reloaded before import = 0
Number of asset objects unloaded after import = 29
========================================================================
Received Import Request.
  Time since last request: 0.000039 seconds.
  path: Assets/EditorPersonajes/Data/Shirts/Shirt_04.asset
  artifactKey: Guid(aa4bf9b7631d53940b6691f2aa0c1dbe) Importer(2089858483,0ecaa5967403d082aa24f35e1b516d23)
Start importing Assets/EditorPersonajes/Data/Shirts/Shirt_04.asset using Guid(aa4bf9b7631d53940b6691f2aa0c1dbe) Importer(2089858483,0ecaa5967403d082aa24f35e1b516d23) [PhysX] Initialized MultithreadedTaskDispatcher with 12 workers.
 -> (artifact id: 'cd3d9f1f50fffb7b59c79bdb67bfe5df') in 0.036172 seconds
Number of updated asset objects reloaded before import = 0
Number of asset objects unloaded after import = 2
========================================================================
Received Import Request.
  Time since last request: 0.000157 seconds.
  path: Assets/EditorPersonajes/Data/Dresses/Dress_04.asset
  artifactKey: Guid(06355977fafae4b4089193c7ef63b959) Importer(2089858483,0ecaa5967403d082aa24f35e1b516d23)
Start importing Assets/EditorPersonajes/Data/Dresses/Dress_04.asset using Guid(06355977fafae4b4089193c7ef63b959) Importer(2089858483,0ecaa5967403d082aa24f35e1b516d23) [PhysX] Initialized MultithreadedTaskDispatcher with 12 workers.
 -> (artifact id: '45d058ed0b4c2c09c8c72984487bf8b7') in 0.027680 seconds
Number of updated asset objects reloaded before import = 0
Number of asset objects unloaded after import = 2
========================================================================
Received Import Request.
  Time since last request: 0.000097 seconds.
  path: Assets/EditorPersonajes/Data/Bottoms/Jean_02.asset
  artifactKey: Guid(fc692b64b48324b44912a6f5b7a2175b) Importer(2089858483,0ecaa5967403d082aa24f35e1b516d23)
Start importing Assets/EditorPersonajes/Data/Bottoms/Jean_02.asset using Guid(fc692b64b48324b44912a6f5b7a2175b) Importer(2089858483,0ecaa5967403d082aa24f35e1b516d23) [PhysX] Initialized MultithreadedTaskDispatcher with 12 workers.
 -> (artifact id: '60e535ff3800d5fa10a7acbc11a5b77b') in 0.026462 seconds
Number of updated asset objects reloaded before import = 0
Number of asset objects unloaded after import = 2
========================================================================
Received Import Request.
  Time since last request: 0.000066 seconds.
  path: Assets/EditorPersonajes/Data/Hair/Hair_04.asset
  artifactKey: Guid(6211782b28f7c7a40b453ac410280b06) Importer(2089858483,0ecaa5967403d082aa24f35e1b516d23)
Start importing Assets/EditorPersonajes/Data/Hair/Hair_04.asset using Guid(6211782b28f7c7a40b453ac410280b06) Importer(2089858483,0ecaa5967403d082aa24f35e1b516d23) [PhysX] Initialized MultithreadedTaskDispatcher with 12 workers.
 -> (artifact id: 'b4bf78177692d2a4a36a2a517fe3b714') in 0.204073 seconds
Number of updated asset objects reloaded before import = 0
Number of asset objects unloaded after import = 2
========================================================================
Received Import Request.
  Time since last request: 0.000078 seconds.
  path: Assets/EditorPersonajes/Sprites/Body_Base/Body_4.png
  artifactKey: Guid(73b54876c9860034c9c85467f6588cc0) Importer(2089858483,0ecaa5967403d082aa24f35e1b516d23)
Start importing Assets/EditorPersonajes/Sprites/Body_Base/Body_4.png using Guid(73b54876c9860034c9c85467f6588cc0) Importer(2089858483,0ecaa5967403d082aa24f35e1b516d23) [PhysX] Initialized MultithreadedTaskDispatcher with 12 workers.
 -> (artifact id: '45516cba4cce7f237fa21fdf8116f70a') in 0.172975 seconds
Number of updated asset objects reloaded before import = 0
Number of asset objects unloaded after import = 3
========================================================================
Received Import Request.
  Time since last request: 0.000055 seconds.
  path: Assets/EditorPersonajes/Data/Shoes/Shoes_02.asset
  artifactKey: Guid(b827bc450fe2a2341bf03287cd159e59) Importer(2089858483,0ecaa5967403d082aa24f35e1b516d23)
Start importing Assets/EditorPersonajes/Data/Shoes/Shoes_02.asset using Guid(b827bc450fe2a2341bf03287cd159e59) Importer(2089858483,0ecaa5967403d082aa24f35e1b516d23) [PhysX] Initialized MultithreadedTaskDispatcher with 12 workers.
 -> (artifact id: '422d1d9c7fa3c9f2ba614207266cc756') in 0.042552 seconds
Number of updated asset objects reloaded before import = 0
Number of asset objects unloaded after import = 2
========================================================================
Received Import Request.
  Time since last request: 0.000062 seconds.
  path: Assets/EditorPersonajes/Metricas/ResearchAnalytics.cs
  artifactKey: Guid(e374632d9ab95b744b93702e3bbffab0) Importer(2089858483,0ecaa5967403d082aa24f35e1b516d23)
Start importing Assets/EditorPersonajes/Metricas/ResearchAnalytics.cs using Guid(e374632d9ab95b744b93702e3bbffab0) Importer(2089858483,0ecaa5967403d082aa24f35e1b516d23) [PhysX] Initialized MultithreadedTaskDispatcher with 12 workers.
 -> (artifact id: '48a67c601c59a75218cf08da64db786a') in 0.030585 seconds
Number of updated asset objects reloaded before import = 0
Number of asset objects unloaded after import = 1
========================================================================
Received Import Request.
  Time since last request: 0.000059 seconds.
  path: Assets/EditorPersonajes/Data/Shoes/Shoes_05.asset
  artifactKey: Guid(dbdcdb7fe6d1c2f49b5bfb9c7e7db651) Importer(2089858483,0ecaa5967403d082aa24f35e1b516d23)
Start importing Assets/EditorPersonajes/Data/Shoes/Shoes_05.asset using Guid(dbdcdb7fe6d1c2f49b5bfb9c7e7db651) Importer(2089858483,0ecaa5967403d082aa24f35e1b516d23) [PhysX] Initialized MultithreadedTaskDispatcher with 12 workers.
 -> (artifact id: 'ebcdf2bd60feeaac18cb20d8e6992e0d') in 0.026962 seconds
Number of updated asset objects reloaded before import = 0
Number of asset objects unloaded after import = 2
========================================================================
Received Import Request.
  Time since last request: 0.000035 seconds.
  path: Assets/EditorPersonajes/Sprites/Body_Base/Body_1.png
  artifactKey: Guid(586e4a5d7073573488515889271848c1) Importer(2089858483,0ecaa5967403d082aa24f35e1b516d23)
Start importing Assets/EditorPersonajes/Sprites/Body_Base/Body_1.png using Guid(586e4a5d7073573488515889271848c1) Importer(2089858483,0ecaa5967403d082aa24f35e1b516d23) [PhysX] Initialized MultithreadedTaskDispatcher with 12 workers.
 -> (artifact id: 'f13ee003667b73bd2f8dcbc60ccf32eb') in 0.069966 seconds
Number of updated asset objects reloaded before import = 0
Number of asset objects unloaded after import = 3
========================================================================
Received Import Request.
  Time since last request: 0.000033 seconds.
  path: Assets/EditorPersonajes/Data/Bottoms
  artifactKey: Guid(dc864e147367d494dae8b2488293718a) Importer(2089858483,0ecaa5967403d082aa24f35e1b516d23)
Start importing Assets/EditorPersonajes/Data/Bottoms using Guid(dc864e147367d494dae8b2488293718a) Importer(2089858483,0ecaa5967403d082aa24f35e1b516d23) [PhysX] Initialized MultithreadedTaskDispatcher with 12 workers.
 -> (artifact id: '30133ad0f0e668821ba09d8ddc5bdd4f') in 0.029212 seconds
Number of updated asset objects reloaded before import = 0
Number of asset objects unloaded after import = 1
========================================================================
Received Import Request.
  Time since last request: 0.000050 seconds.
  path: Assets/EditorPersonajes/Data/Shirts/Shirt_03.asset
  artifactKey: Guid(9e4909801495a5b43a417253f8b88239) Importer(2089858483,0ecaa5967403d082aa24f35e1b516d23)
Start importing Assets/EditorPersonajes/Data/Shirts/Shirt_03.asset using Guid(9e4909801495a5b43a417253f8b88239) Importer(2089858483,0ecaa5967403d082aa24f35e1b516d23) [PhysX] Initialized MultithreadedTaskDispatcher with 12 workers.
 -> (artifact id: '80f8391d2d85e0da89792b20fd70b55d') in 0.032644 seconds
Number of updated asset objects reloaded before import = 0
Number of asset objects unloaded after import = 2
========================================================================
Received Import Request.
  Time since last request: 0.000041 seconds.
  path: Assets/Dialogos/Dialogos NPC2/EmpezarDOS.asset
  artifactKey: Guid(d7b99ef6e2b60c8428e0220eb5b0fe5c) Importer(2089858483,0ecaa5967403d082aa24f35e1b516d23)
Start importing Assets/Dialogos/Dialogos NPC2/EmpezarDOS.asset using Guid(d7b99ef6e2b60c8428e0220eb5b0fe5c) Importer(2089858483,0ecaa5967403d082aa24f35e1b516d23) [PhysX] Initialized MultithreadedTaskDispatcher with 12 workers.
 -> (artifact id: '0f5a640b3b0eab9c9b326cdf15cec73d') in 0.034669 seconds
Number of updated asset objects reloaded before import = 0
Number of asset objects unloaded after import = 3
========================================================================
Received Import Request.
  Time since last request: 0.000043 seconds.
  path: Assets/Dialogos/Dialogos NPC7/Si VOF.asset
  artifactKey: Guid(0685e0568ceb82e4ba3e48c455bfa931) Importer(2089858483,0ecaa5967403d082aa24f35e1b516d23)
Start importing Assets/Dialogos/Dialogos NPC7/Si VOF.asset using Guid(0685e0568ceb82e4ba3e48c455bfa931) Importer(2089858483,0ecaa5967403d082aa24f35e1b516d23) [PhysX] Initialized MultithreadedTaskDispatcher with 12 workers.
 -> (artifact id: '9e7ad057b27bcea8dff5a121ef33632b') in 0.070248 seconds
Number of updated asset objects reloaded before import = 0
Number of asset objects unloaded after import = 1
========================================================================
Received Import Request.
  Time since last request: 0.000046 seconds.
  path: Assets/DEMO_MegaCozyUIPack_doboui - copia/Containers/NotebookContainers/NotebookContainer1_marine.png
  artifactKey: Guid(42aacf24b31baa44f96c490bec60cac4) Importer(2089858483,0ecaa5967403d082aa24f35e1b516d23)
Start importing Assets/DEMO_MegaCozyUIPack_doboui - copia/Containers/NotebookContainers/NotebookContainer1_marine.png using Guid(42aacf24b31baa44f96c490bec60cac4) Importer(2089858483,0ecaa5967403d082aa24f35e1b516d23) [PhysX] Initialized MultithreadedTaskDispatcher with 12 workers.
 -> (artifact id: '96ab3e22998c05ecd918bf29cdc3eac9') in 0.068991 seconds
Number of updated asset objects reloaded before import = 0
Number of asset objects unloaded after import = 1
========================================================================
Received Import Request.
  Time since last request: 0.000065 seconds.
  path: Assets/DEMO_MegaCozyUIPack_doboui - copia/Containers/PromoContainers/PromoContainer1_red.png
  artifactKey: Guid(80a995bdada94c64e80c45ae4e1f9566) Importer(2089858483,0ecaa5967403d082aa24f35e1b516d23)
Start importing Assets/DEMO_MegaCozyUIPack_doboui - copia/Containers/PromoContainers/PromoContainer1_red.png using Guid(80a995bdada94c64e80c45ae4e1f9566) Importer(2089858483,0ecaa5967403d082aa24f35e1b516d23) [PhysX] Initialized MultithreadedTaskDispatcher with 12 workers.
 -> (artifact id: '539a22225f7d42ff4956105a51f0d870') in 0.075894 seconds
Number of updated asset objects reloaded before import = 0
Number of asset objects unloaded after import = 1
========================================================================
Received Import Request.
  Time since last request: 0.028342 seconds.
  path: Assets/DEMO_MegaCozyUIPack_doboui - copia/Containers/SimpleColorContainers/SimpleColorContainer1_wood.png
  artifactKey: Guid(b10497eef604ce947b390d670d941ee7) Importer(2089858483,0ecaa5967403d082aa24f35e1b516d23)
Start importing Assets/DEMO_MegaCozyUIPack_doboui - copia/Containers/SimpleColorContainers/SimpleColorContainer1_wood.png using Guid(b10497eef604ce947b390d670d941ee7) Importer(2089858483,0ecaa5967403d082aa24f35e1b516d23) [PhysX] Initialized MultithreadedTaskDispatcher with 12 workers.
 -> (artifact id: 'f0ed29f45d5ab0ccedee634440f87410') in 0.151055 seconds
Number of updated asset objects reloaded before import = 0
Number of asset objects unloaded after import = 1
========================================================================
Received Import Request.
  Time since last request: 0.000047 seconds.
  path: Assets/DEMO_MegaCozyUIPack_doboui - copia/Containers/DoubleStripeContainer/DoubleStripeContainer1_blue.png
  artifactKey: Guid(41c60fa59aec1ac4abdcc66bd6dcc041) Importer(2089858483,0ecaa5967403d082aa24f35e1b516d23)
Start importing Assets/DEMO_MegaCozyUIPack_doboui - copia/Containers/DoubleStripeContainer/DoubleStripeContainer1_blue.png using Guid(41c60fa59aec1ac4abdcc66bd6dcc041) Importer(2089858483,0ecaa5967403d082aa24f35e1b516d23) [PhysX] Initialized MultithreadedTaskDispatcher with 12 workers.
 -> (artifact id: 'c8a7abc4c445b2146648c54943197069') in 0.064249 seconds
Number of updated asset objects reloaded before import = 0
Number of asset objects unloaded after import = 1
========================================================================
Received Import Request.
  Time since last request: 0.000972 seconds.
  path: Assets/EditorPersonajes/Scripts/TogglePanel.cs
  artifactKey: Guid(d2c6817279918c24899ec836a3ce22da) Importer(2089858483,0ecaa5967403d082aa24f35e1b516d23)
Start importing Assets/EditorPersonajes/Scripts/TogglePanel.cs using Guid(d2c6817279918c24899ec836a3ce22da) Importer(2089858483,0ecaa5967403d082aa24f35e1b516d23) [PhysX] Initialized MultithreadedTaskDispatcher with 12 workers.
 -> (artifact id: '534115c5497c4b33ad96de18f3b76fc6') in 0.028347 seconds
Number of updated asset objects reloaded before import = 0
Number of asset objects unloaded after import = 1
========================================================================
Received Import Request.
  Time since last request: 0.000048 seconds.
  path: Assets/TextMesh Pro/Fonts/NotoSerifJP-Bold.ttf
  artifactKey: Guid(6c8d7b6342dd8c647aafb2b0e9bd07ae) Importer(2089858483,0ecaa5967403d082aa24f35e1b516d23)
Start importing Assets/TextMesh Pro/Fonts/NotoSerifJP-Bold.ttf using Guid(6c8d7b6342dd8c647aafb2b0e9bd07ae) Importer(2089858483,0ecaa5967403d082aa24f35e1b516d23) [PhysX] Initialized MultithreadedTaskDispatcher with 12 workers.
 -> (artifact id: 'c1c97eeec8bbdefbd716af8728538c19') in 0.081496 seconds
Number of updated asset objects reloaded before import = 0
Number of asset objects unloaded after import = 3
========================================================================
Received Import Request.
  Time since last request: 0.001659 seconds.
  path: Assets/DEMO_MegaCozyUIPack_doboui - copia/Containers/DoubleStripeContainer/DoubleStripeContainer1_gray.png
  artifactKey: Guid(dd4355aaea8aea84f90c9bd52e3c4f03) Importer(2089858483,0ecaa5967403d082aa24f35e1b516d23)
Start importing Assets/DEMO_MegaCozyUIPack_doboui - copia/Containers/DoubleStripeContainer/DoubleStripeContainer1_gray.png using Guid(dd4355aaea8aea84f90c9bd52e3c4f03) Importer(2089858483,0ecaa5967403d082aa24f35e1b516d23) [PhysX] Initialized MultithreadedTaskDispatcher with 12 workers.
 -> (artifact id: '34bc3dfba1363c557b4ac6d54f0fab87') in 0.107881 seconds
Number of updated asset objects reloaded before import = 0
Number of asset objects unloaded after import = 1
========================================================================
Received Import Request.
  Time since last request: 0.000596 seconds.
  path: Assets/DEMO_MegaCozyUIPack_doboui - copia/ProgressBars/SteppedProgressBar
  artifactKey: Guid(7d7611755ca88fa4c962819f05bae20b) Importer(2089858483,0ecaa5967403d082aa24f35e1b516d23)
Start importing Assets/DEMO_MegaCozyUIPack_doboui - copia/ProgressBars/SteppedProgressBar using Guid(7d7611755ca88fa4c962819f05bae20b) Importer(2089858483,0ecaa5967403d082aa24f35e1b516d23) [PhysX] Initialized MultithreadedTaskDispatcher with 12 workers.
 -> (artifact id: 'b825c3fae5e790640e7d757d97802553') in 0.047395 seconds
Number of updated asset objects reloaded before import = 0
Number of asset objects unloaded after import = 1
========================================================================
Received Import Request.
  Time since last request: 0.000543 seconds.
  path: Assets/DEMO_MegaCozyUIPack_doboui - copia/Checkboxes/RadioBoxes/RadioboxBuild3.png
  artifactKey: Guid(9355571c7c41fe647a74df2e287ace39) Importer(2089858483,0ecaa5967403d082aa24f35e1b516d23)
Start importing Assets/DEMO_MegaCozyUIPack_doboui - copia/Checkboxes/RadioBoxes/RadioboxBuild3.png using Guid(9355571c7c41fe647a74df2e287ace39) Importer(2089858483,0ecaa5967403d082aa24f35e1b516d23) [PhysX] Initialized MultithreadedTaskDispatcher with 12 workers.
 -> (artifact id: 'cd4fe7eec04ab0872033f73744dcb811') in 0.065946 seconds
Number of updated asset objects reloaded before import = 0
Number of asset objects unloaded after import = 1
========================================================================
Received Import Request.
  Time since last request: 0.000039 seconds.
  path: Assets/ZRNAssets/005339_08932_25_14/Materials/005339_08932_25_14_unitedmat_20.mat
  artifactKey: Guid(1e5715f2b5e844fdd8b63cd8462d8277) Importer(2089858483,0ecaa5967403d082aa24f35e1b516d23)
Start importing Assets/ZRNAssets/005339_08932_25_14/Materials/005339_08932_25_14_unitedmat_20.mat using Guid(1e5715f2b5e844fdd8b63cd8462d8277) Importer(2089858483,0ecaa5967403d082aa24f35e1b516d23) [PhysX] Initialized MultithreadedTaskDispatcher with 12 workers.
 -> (artifact id: '24234ef13ead145a3927dd5a9b970a38') in 0.063997 seconds
Number of updated asset objects reloaded before import = 0
Number of asset objects unloaded after import = 2
========================================================================
Received Import Request.
  Time since last request: 0.002045 seconds.
  path: Assets/DEMO_MegaCozyUIPack_doboui - copia/Cards
  artifactKey: Guid(133c1821e4a6f534eb9b983f8aa98cd5) Importer(2089858483,0ecaa5967403d082aa24f35e1b516d23)
Start importing Assets/DEMO_MegaCozyUIPack_doboui - copia/Cards using Guid(133c1821e4a6f534eb9b983f8aa98cd5) Importer(2089858483,0ecaa5967403d082aa24f35e1b516d23) [PhysX] Initialized MultithreadedTaskDispatcher with 12 workers.
 -> (artifact id: 'feb59d458b1087217130685a0378c1d4') in 0.030947 seconds
Number of updated asset objects reloaded before import = 0
Number of asset objects unloaded after import = 1
========================================================================
Received Import Request.
  Time since last request: 0.000051 seconds.
  path: Assets/DEMO_MegaCozyUIPack_doboui - copia/Containers/NotebookContainers
  artifactKey: Guid(6887cde390ca5d74eaf4c0ddba1e0c9a) Importer(2089858483,0ecaa5967403d082aa24f35e1b516d23)
Start importing Assets/DEMO_MegaCozyUIPack_doboui - copia/Containers/NotebookContainers using Guid(6887cde390ca5d74eaf4c0ddba1e0c9a) Importer(2089858483,0ecaa5967403d082aa24f35e1b516d23) [PhysX] Initialized MultithreadedTaskDispatcher with 12 workers.
 -> (artifact id: '8af25078469625a92e134ef41d8b2f1e') in 0.027105 seconds
Number of updated asset objects reloaded before import = 0
Number of asset objects unloaded after import = 1
========================================================================
Received Import Request.
  Time since last request: 0.000036 seconds.
  path: Assets/DEMO_MegaCozyUIPack_doboui - copia/Icons/IconsOutline_16px/Icon30.png
  artifactKey: Guid(ddb6ac5ee23ecbb4fbbcacbcc9751e63) Importer(2089858483,0ecaa5967403d082aa24f35e1b516d23)
Start importing Assets/DEMO_MegaCozyUIPack_doboui - copia/Icons/IconsOutline_16px/Icon30.png using Guid(ddb6ac5ee23ecbb4fbbcacbcc9751e63) Importer(2089858483,0ecaa5967403d082aa24f35e1b516d23) [PhysX] Initialized MultithreadedTaskDispatcher with 12 workers.
 -> (artifact id: 'f9cc827a9ffccd92de1b5a37f0464025') in 0.039288 seconds
Number of updated asset objects reloaded before import = 0
Number of asset objects unloaded after import = 3
========================================================================
Received Import Request.
  Time since last request: 0.000044 seconds.
  path: Assets/DEMO_MegaCozyUIPack_doboui - copia/developer_note_dobo_ui.txt
  artifactKey: Guid(7006fc7a0cb2b664e8fef5ff92e72fb5) Importer(2089858483,0ecaa5967403d082aa24f35e1b516d23)
Start importing Assets/DEMO_MegaCozyUIPack_doboui - copia/developer_note_dobo_ui.txt using Guid(7006fc7a0cb2b664e8fef5ff92e72fb5) Importer(2089858483,0ecaa5967403d082aa24f35e1b516d23) [PhysX] Initialized MultithreadedTaskDispatcher with 12 workers.
 -> (artifact id: '69dd8f6af8f83cbb322249a66b23db67') in 0.049679 seconds
Number of updated asset objects reloaded before import = 0
Number of asset objects unloaded after import = 1
========================================================================
Received Import Request.
  Time since last request: 0.000042 seconds.
  path: Assets/DEMO_MegaCozyUIPack_doboui - copia/Headers
  artifactKey: Guid(fc1428b2934d9bd42a4e81aa9dd78697) Importer(2089858483,0ecaa5967403d082aa24f35e1b516d23)
Start importing Assets/DEMO_MegaCozyUIPack_doboui - copia/Headers using Guid(fc1428b2934d9bd42a4e81aa9dd78697) Importer(2089858483,0ecaa5967403d082aa24f35e1b516d23) [PhysX] Initialized MultithreadedTaskDispatcher with 12 workers.
 -> (artifact id: '8497147d2ab7055eae012261405bff98') in 0.028876 seconds
Number of updated asset objects reloaded before import = 0
Number of asset objects unloaded after import = 1
========================================================================
Received Import Request.
  Time since last request: 0.000055 seconds.
  path: Assets/DEMO_MegaCozyUIPack_doboui - copia/Buttons/ButtonsBuild/Yes2Button.png
  artifactKey: Guid(293c3b864c492ed439515c4e7a86852d) Importer(2089858483,0ecaa5967403d082aa24f35e1b516d23)
Start importing Assets/DEMO_MegaCozyUIPack_doboui - copia/Buttons/ButtonsBuild/Yes2Button.png using Guid(293c3b864c492ed439515c4e7a86852d) Importer(2089858483,0ecaa5967403d082aa24f35e1b516d23) [PhysX] Initialized MultithreadedTaskDispatcher with 12 workers.
 -> (artifact id: '5a748fa0c13cf117e088468769016dd5') in 0.086747 seconds
Number of updated asset objects reloaded before import = 0
Number of asset objects unloaded after import = 1
========================================================================
Received Import Request.
  Time since last request: 0.000033 seconds.
  path: Assets/DEMO_MegaCozyUIPack_doboui - copia/Containers/SimpleColorContainers/SimpleColorContainer1_cream.png
  artifactKey: Guid(fbc3a525f94cbe44891730623718dd9a) Importer(2089858483,0ecaa5967403d082aa24f35e1b516d23)
Start importing Assets/DEMO_MegaCozyUIPack_doboui - copia/Containers/SimpleColorContainers/SimpleColorContainer1_cream.png using Guid(fbc3a525f94cbe44891730623718dd9a) Importer(2089858483,0ecaa5967403d082aa24f35e1b516d23) [PhysX] Initialized MultithreadedTaskDispatcher with 12 workers.
 -> (artifact id: '11eb6903a1450f20b3e472d345e527ac') in 0.107139 seconds
Number of updated asset objects reloaded before import = 0
Number of asset objects unloaded after import = 1
========================================================================
Received Import Request.
  Time since last request: 0.000050 seconds.
  path: Assets/EditorPersonajes/Prefabs/CharacterPreviewUI.prefab
  artifactKey: Guid(e6f42146896d3ac49a1701cec73d0bbd) Importer(2089858483,0ecaa5967403d082aa24f35e1b516d23)
Start importing Assets/EditorPersonajes/Prefabs/CharacterPreviewUI.prefab using Guid(e6f42146896d3ac49a1701cec73d0bbd) Importer(2089858483,0ecaa5967403d082aa24f35e1b516d23) [PhysX] Initialized MultithreadedTaskDispatcher with 12 workers.
 -> (artifact id: 'f961995533cec6e7211bf90ec9a48cdc') in 0.118578 seconds
Number of updated asset objects reloaded before import = 0
Number of asset objects unloaded after import = 98
========================================================================
Received Import Request.
  Time since last request: 0.002511 seconds.
  path: Assets/DEMO_MegaCozyUIPack_doboui - copia/Containers/SimpleColorContainers
  artifactKey: Guid(9b33141e33640da4dbf02783589cdbe7) Importer(2089858483,0ecaa5967403d082aa24f35e1b516d23)
Start importing Assets/DEMO_MegaCozyUIPack_doboui - copia/Containers/SimpleColorContainers using Guid(9b33141e33640da4dbf02783589cdbe7) Importer(2089858483,0ecaa5967403d082aa24f35e1b516d23) [PhysX] Initialized MultithreadedTaskDispatcher with 12 workers.
 -> (artifact id: 'b5459886621e5543bd89220808207ef5') in 0.029914 seconds
Number of updated asset objects reloaded before import = 0
Number of asset objects unloaded after import = 1
========================================================================
Received Import Request.
  Time since last request: 0.005031 seconds.
  path: Assets/Anims/Shop
  artifactKey: Guid(4fa2827a6b7f23a4c93685dd3e6b95be) Importer(2089858483,0ecaa5967403d082aa24f35e1b516d23)
Start importing Assets/Anims/Shop using Guid(4fa2827a6b7f23a4c93685dd3e6b95be) Importer(2089858483,0ecaa5967403d082aa24f35e1b516d23) [PhysX] Initialized MultithreadedTaskDispatcher with 12 workers.
 -> (artifact id: 'ef3c9c45d3155c9274a6ed58a030d9d0') in 0.033033 seconds
Number of updated asset objects reloaded before import = 0
Number of asset objects unloaded after import = 1
========================================================================
Received Import Request.
  Time since last request: 0.000121 seconds.
  path: Assets/Anims/Journal/JournalClose.anim
  artifactKey: Guid(b3967953b1b16414780673c1928f384a) Importer(2089858483,0ecaa5967403d082aa24f35e1b516d23)
Start importing Assets/Anims/Journal/JournalClose.anim using Guid(b3967953b1b16414780673c1928f384a) Importer(2089858483,0ecaa5967403d082aa24f35e1b516d23) [PhysX] Initialized MultithreadedTaskDispatcher with 12 workers.
 -> (artifact id: 'c1ef8c22544f97222e74e955697f3f79') in 0.045204 seconds
Number of updated asset objects reloaded before import = 0
Number of asset objects unloaded after import = 1
========================================================================
Received Import Request.
  Time since last request: 0.000037 seconds.
  path: Assets/Dialogos/Dialogos Director/SiTengo.asset
  artifactKey: Guid(dbac7b42d36e39642893a7d236d4b8c0) Importer(2089858483,0ecaa5967403d082aa24f35e1b516d23)
Start importing Assets/Dialogos/Dialogos Director/SiTengo.asset using Guid(dbac7b42d36e39642893a7d236d4b8c0) Importer(2089858483,0ecaa5967403d082aa24f35e1b516d23) [PhysX] Initialized MultithreadedTaskDispatcher with 12 workers.
 -> (artifact id: 'faef4e17ea6440742b20c3756d923079') in 0.035336 seconds
Number of updated asset objects reloaded before import = 0
Number of asset objects unloaded after import = 1
========================================================================
Received Import Request.
  Time since last request: 0.000077 seconds.
  path: Assets/DEMO_MegaCozyUIPack_doboui - copia/Arrows
  artifactKey: Guid(d550bf550f711934f8316677d9cc1b88) Importer(2089858483,0ecaa5967403d082aa24f35e1b516d23)
Start importing Assets/DEMO_MegaCozyUIPack_doboui - copia/Arrows using Guid(d550bf550f711934f8316677d9cc1b88) Importer(2089858483,0ecaa5967403d082aa24f35e1b516d23) [PhysX] Initialized MultithreadedTaskDispatcher with 12 workers.
 -> (artifact id: '2e6cbcc94831ef9475f65b24dd15dae7') in 0.036758 seconds
Number of updated asset objects reloaded before import = 0
Number of asset objects unloaded after import = 1
========================================================================
Received Import Request.
  Time since last request: 0.000258 seconds.
  path: Assets/DEMO_MegaCozyUIPack_doboui - copia/Icons
  artifactKey: Guid(ddeb9e1de0b730c48a8b52b5da2218ef) Importer(2089858483,0ecaa5967403d082aa24f35e1b516d23)
Start importing Assets/DEMO_MegaCozyUIPack_doboui - copia/Icons using Guid(ddeb9e1de0b730c48a8b52b5da2218ef) Importer(2089858483,0ecaa5967403d082aa24f35e1b516d23) [PhysX] Initialized MultithreadedTaskDispatcher with 12 workers.
 -> (artifact id: '2b82a61b0a3b587c2b20b906f8745e58') in 0.027553 seconds
Number of updated asset objects reloaded before import = 0
Number of asset objects unloaded after import = 1
========================================================================
Received Import Request.
  Time since last request: 0.000160 seconds.
  path: Assets/DEMO_MegaCozyUIPack_doboui - copia/Inventory/ItemSlots
  artifactKey: Guid(19378a716e3c57c4e922bc00d28992b7) Importer(2089858483,0ecaa5967403d082aa24f35e1b516d23)
Start importing Assets/DEMO_MegaCozyUIPack_doboui - copia/Inventory/ItemSlots using Guid(19378a716e3c57c4e922bc00d28992b7) Importer(2089858483,0ecaa5967403d082aa24f35e1b516d23) [PhysX] Initialized MultithreadedTaskDispatcher with 12 workers.
 -> (artifact id: '839d5ae2e6d7788e22d353b159bdc86a') in 0.022442 seconds
Number of updated asset objects reloaded before import = 0
Number of asset objects unloaded after import = 1
========================================================================
Received Import Request.
  Time since last request: 0.000054 seconds.
  path: Assets/ZRNAssets/005339_08932_25_14/Materials/005339_08932_25_14_unitedmat_75.mat
  artifactKey: Guid(7431198924a1d4ce9b7be1636b04f833) Importer(2089858483,0ecaa5967403d082aa24f35e1b516d23)
Start importing Assets/ZRNAssets/005339_08932_25_14/Materials/005339_08932_25_14_unitedmat_75.mat using Guid(7431198924a1d4ce9b7be1636b04f833) Importer(2089858483,0ecaa5967403d082aa24f35e1b516d23) [PhysX] Initialized MultithreadedTaskDispatcher with 12 workers.
 -> (artifact id: 'e019f29515d1e32d72abdbeac3f6f565') in 0.046465 seconds
Number of updated asset objects reloaded before import = 0
Number of asset objects unloaded after import = 2
========================================================================
Received Import Request.
  Time since last request: 0.000056 seconds.
  path: Assets/Scripts/Tienda
  artifactKey: Guid(43e17beae5c84a94d9e9c623cf159cb3) Importer(2089858483,0ecaa5967403d082aa24f35e1b516d23)
Start importing Assets/Scripts/Tienda using Guid(43e17beae5c84a94d9e9c623cf159cb3) Importer(2089858483,0ecaa5967403d082aa24f35e1b516d23) [PhysX] Initialized MultithreadedTaskDispatcher with 12 workers.
 -> (artifact id: 'e60fe3609cd69871db8263f76c25a7c1') in 0.022659 seconds
Number of updated asset objects reloaded before import = 0
Number of asset objects unloaded after import = 1
========================================================================
Received Import Request.
  Time since last request: 0.000046 seconds.
  path: Assets/Polytope Studio/Lowpoly_Environments/Sources/Materials
  artifactKey: Guid(c79904a7cd1e74c488b60bd79b66ed54) Importer(2089858483,0ecaa5967403d082aa24f35e1b516d23)
Start importing Assets/Polytope Studio/Lowpoly_Environments/Sources/Materials using Guid(c79904a7cd1e74c488b60bd79b66ed54) Importer(2089858483,0ecaa5967403d082aa24f35e1b516d23) [PhysX] Initialized MultithreadedTaskDispatcher with 12 workers.
 -> (artifact id: 'fcad4d7165b0b205ecca75dc9378facc') in 0.032475 seconds
Number of updated asset objects reloaded before import = 0
Number of asset objects unloaded after import = 1
========================================================================
Received Import Request.
  Time since last request: 0.000036 seconds.
  path: Assets/Polytope Studio/Lowpoly_Environments/Prefabs/Flowers
  artifactKey: Guid(1090dcf46ca02864fb89494b948e45c7) Importer(2089858483,0ecaa5967403d082aa24f35e1b516d23)
Start importing Assets/Polytope Studio/Lowpoly_Environments/Prefabs/Flowers using Guid(1090dcf46ca02864fb89494b948e45c7) Importer(2089858483,0ecaa5967403d082aa24f35e1b516d23) [PhysX] Initialized MultithreadedTaskDispatcher with 12 workers.
 -> (artifact id: '13e5072232b96c70b01886a8da9b75e4') in 0.025805 seconds
Number of updated asset objects reloaded before import = 0
Number of asset objects unloaded after import = 1
========================================================================
Received Import Request.
  Time since last request: 0.000038 seconds.
  path: Assets/Polytope Studio/Lowpoly_Environments/Sources/Textures/PT_Ground_Generic_03.png
  artifactKey: Guid(e0b09c625cee17a48b22b2cf949cd320) Importer(2089858483,0ecaa5967403d082aa24f35e1b516d23)
Start importing Assets/Polytope Studio/Lowpoly_Environments/Sources/Textures/PT_Ground_Generic_03.png using Guid(e0b09c625cee17a48b22b2cf949cd320) Importer(2089858483,0ecaa5967403d082aa24f35e1b516d23) [PhysX] Initialized MultithreadedTaskDispatcher with 12 workers.
 -> (artifact id: '1f38ae61b2629fbca5bf8e01a663892b') in 0.053839 seconds
Number of updated asset objects reloaded before import = 0
Number of asset objects unloaded after import = 1
========================================================================
Received Import Request.
  Time since last request: 0.003623 seconds.
  path: Assets/Resources/Carteles/01cf8e7ef5972edff3613069687d1e12.jpg
  artifactKey: Guid(9143e8b0760531043a4a4c30eb155050) Importer(2089858483,0ecaa5967403d082aa24f35e1b516d23)
Start importing Assets/Resources/Carteles/01cf8e7ef5972edff3613069687d1e12.jpg using Guid(9143e8b0760531043a4a4c30eb155050) Importer(2089858483,0ecaa5967403d082aa24f35e1b516d23) [PhysX] Initialized MultithreadedTaskDispatcher with 12 workers.
 -> (artifact id: 'c63773d7c5346cfe445470bc70355ee6') in 0.059280 seconds
Number of updated asset objects reloaded before import = 0
Number of asset objects unloaded after import = 1
========================================================================
Received Import Request.
  Time since last request: 0.000042 seconds.
  path: Assets/ZRNAssets/005339_08932_25_14/Materials/005339_08932_25_14_unitedmat_10.mat
  artifactKey: Guid(f8bf321b019174714b0e62349e8d7d4d) Importer(2089858483,0ecaa5967403d082aa24f35e1b516d23)
Start importing Assets/ZRNAssets/005339_08932_25_14/Materials/005339_08932_25_14_unitedmat_10.mat using Guid(f8bf321b019174714b0e62349e8d7d4d) Importer(2089858483,0ecaa5967403d082aa24f35e1b516d23) [PhysX] Initialized MultithreadedTaskDispatcher with 12 workers.
 -> (artifact id: 'abddf8c44a5bd022122d437ccf10550b') in 0.030380 seconds
Number of updated asset objects reloaded before import = 0
Number of asset objects unloaded after import = 2
========================================================================
Received Import Request.
  Time since last request: 0.003262 seconds.
  path: Assets/DEMO_MegaCozyUIPack_doboui - copia/Toggles
  artifactKey: Guid(c2486b4ce28f62147bbd09fa02de2d34) Importer(2089858483,0ecaa5967403d082aa24f35e1b516d23)
Start importing Assets/DEMO_MegaCozyUIPack_doboui - copia/Toggles using Guid(c2486b4ce28f62147bbd09fa02de2d34) Importer(2089858483,0ecaa5967403d082aa24f35e1b516d23) [PhysX] Initialized MultithreadedTaskDispatcher with 12 workers.
 -> (artifact id: '672a087cb0be2bf717e9ce28bdb2e5af') in 0.057916 seconds
Number of updated asset objects reloaded before import = 0
Number of asset objects unloaded after import = 1
========================================================================
Received Import Request.
  Time since last request: 0.004542 seconds.
  path: Assets/Resources/Carteles/Materials/4cddb08e6401446b45656b4f82ac76a8.mat
  artifactKey: Guid(991b9f1ad8a8b21459f510d1d71d62a2) Importer(2089858483,0ecaa5967403d082aa24f35e1b516d23)
Start importing Assets/Resources/Carteles/Materials/4cddb08e6401446b45656b4f82ac76a8.mat using Guid(991b9f1ad8a8b21459f510d1d71d62a2) Importer(2089858483,0ecaa5967403d082aa24f35e1b516d23) [PhysX] Initialized MultithreadedTaskDispatcher with 12 workers.
 -> (artifact id: 'e65d59ea0bf28b885c3bb9c6766d15f5') in 0.054658 seconds
Number of updated asset objects reloaded before import = 0
Number of asset objects unloaded after import = 2
========================================================================
Received Import Request.
  Time since last request: 0.000039 seconds.
  path: Assets/Polytope Studio/Lowpoly_Environments/Prefabs/Trees/PT_Fruit_Tree_01_green.prefab
  artifactKey: Guid(c31bf8ec8e29cd74f9fb9a970fde7a53) Importer(2089858483,0ecaa5967403d082aa24f35e1b516d23)
Start importing Assets/Polytope Studio/Lowpoly_Environments/Prefabs/Trees/PT_Fruit_Tree_01_green.prefab using Guid(c31bf8ec8e29cd74f9fb9a970fde7a53) Importer(2089858483,0ecaa5967403d082aa24f35e1b516d23) [PhysX] Initialized MultithreadedTaskDispatcher with 12 workers.
 -> (artifact id: '8b68a3b5ba922d3f1444d5f4d529e226') in 0.084773 seconds
Number of updated asset objects reloaded before import = 0
Number of asset objects unloaded after import = 20
========================================================================
Received Import Request.
  Time since last request: 0.000061 seconds.
  path: Assets/Polytope Studio
  artifactKey: Guid(115939fafdaab3542ac9de578833169e) Importer(2089858483,0ecaa5967403d082aa24f35e1b516d23)
Start importing Assets/Polytope Studio using Guid(115939fafdaab3542ac9de578833169e) Importer(2089858483,0ecaa5967403d082aa24f35e1b516d23) [PhysX] Initialized MultithreadedTaskDispatcher with 12 workers.
 -> (artifact id: 'ee36b46993c46f664f4564f5e25e6935') in 0.036520 seconds
Number of updated asset objects reloaded before import = 0
Number of asset objects unloaded after import = 1
========================================================================
Received Import Request.
  Time since last request: 0.000121 seconds.
  path: Assets/Polytope Studio/Lowpoly_Environments/Sources/Meshes
  artifactKey: Guid(233bc25dd4bfa8846b700d547592a78e) Importer(2089858483,0ecaa5967403d082aa24f35e1b516d23)
Start importing Assets/Polytope Studio/Lowpoly_Environments/Sources/Meshes using Guid(233bc25dd4bfa8846b700d547592a78e) Importer(2089858483,0ecaa5967403d082aa24f35e1b516d23) [PhysX] Initialized MultithreadedTaskDispatcher with 12 workers.
 -> (artifact id: '8ebf56a97ce7073a1bda23946dd286c6') in 0.027320 seconds
Number of updated asset objects reloaded before import = 0
Number of asset objects unloaded after import = 1
========================================================================
Received Import Request.
  Time since last request: 0.000043 seconds.
  path: Assets/Polytope Studio/Lowpoly_Environments/Prefabs/Trees/PT_Fruit_Tree_01_logs.prefab
  artifactKey: Guid(c0c32672766a81647b04690fc9ed3595) Importer(2089858483,0ecaa5967403d082aa24f35e1b516d23)
Start importing Assets/Polytope Studio/Lowpoly_Environments/Prefabs/Trees/PT_Fruit_Tree_01_logs.prefab using Guid(c0c32672766a81647b04690fc9ed3595) Importer(2089858483,0ecaa5967403d082aa24f35e1b516d23) [PhysX] Initialized MultithreadedTaskDispatcher with 12 workers.
 -> (artifact id: 'e6dfa042a752beace17866894b85b421') in 0.071666 seconds
Number of updated asset objects reloaded before import = 0
Number of asset objects unloaded after import = 7
========================================================================
Received Import Request.
  Time since last request: 0.000341 seconds.
  path: Assets/Polytope Studio/Lowpoly_Environments/Sources/Shaders/PT_Vegetation_Opaque_Shader.shader
  artifactKey: Guid(270965b004462ae41bd125bc783c0fa6) Importer(2089858483,0ecaa5967403d082aa24f35e1b516d23)
Start importing Assets/Polytope Studio/Lowpoly_Environments/Sources/Shaders/PT_Vegetation_Opaque_Shader.shader using Guid(270965b004462ae41bd125bc783c0fa6) Importer(2089858483,0ecaa5967403d082aa24f35e1b516d23) [PhysX] Initialized MultithreadedTaskDispatcher with 12 workers.
 -> (artifact id: '6322350709ff5f5c382dd6dba7c9477f') in 0.043703 seconds
Number of updated asset objects reloaded before import = 0
Number of asset objects unloaded after import = 1
========================================================================
Received Import Request.
  Time since last request: 0.000033 seconds.
  path: Assets/Polytope Studio/Lowpoly_Environments/Prefabs/Trees/PT_Pine_Tree_03_dead_cut.prefab
  artifactKey: Guid(53e1939cdeda3f04caaa240bfd830e5e) Importer(2089858483,0ecaa5967403d082aa24f35e1b516d23)
Start importing Assets/Polytope Studio/Lowpoly_Environments/Prefabs/Trees/PT_Pine_Tree_03_dead_cut.prefab using Guid(53e1939cdeda3f04caaa240bfd830e5e) Importer(2089858483,0ecaa5967403d082aa24f35e1b516d23) [PhysX] Initialized MultithreadedTaskDispatcher with 12 workers.
 -> (artifact id: 'ead7e13473542b23cf4325c0a5e90092') in 0.054070 seconds
Number of updated asset objects reloaded before import = 0
Number of asset objects unloaded after import = 7
========================================================================
Received Import Request.
  Time since last request: 0.000042 seconds.
  path: Assets/Polytope Studio/Lowpoly_Environments/Sources/Textures
  artifactKey: Guid(394ffe8a892cb8c47a1f7a9e715075b9) Importer(2089858483,0ecaa5967403d082aa24f35e1b516d23)
Start importing Assets/Polytope Studio/Lowpoly_Environments/Sources/Textures using Guid(394ffe8a892cb8c47a1f7a9e715075b9) Importer(2089858483,0ecaa5967403d082aa24f35e1b516d23) [PhysX] Initialized MultithreadedTaskDispatcher with 12 workers.
 -> (artifact id: '80ca336915af05085529cd1b9dba80c7') in 0.027022 seconds
Number of updated asset objects reloaded before import = 0
Number of asset objects unloaded after import = 1
========================================================================
Received Import Request.
  Time since last request: 0.000115 seconds.
  path: Assets/Polytope Studio/Lowpoly_Environments/Sources/Materials/PT_Grass_Mat.mat
  artifactKey: Guid(09473d06882d1414b84b1fdb7a095516) Importer(2089858483,0ecaa5967403d082aa24f35e1b516d23)
Start importing Assets/Polytope Studio/Lowpoly_Environments/Sources/Materials/PT_Grass_Mat.mat using Guid(09473d06882d1414b84b1fdb7a095516) Importer(2089858483,0ecaa5967403d082aa24f35e1b516d23) [PhysX] Initialized MultithreadedTaskDispatcher with 12 workers.
 -> (artifact id: '388d36598e39374ca6159cfc3b4fb216') in 0.052158 seconds
Number of updated asset objects reloaded before import = 0
Number of asset objects unloaded after import = 2
========================================================================
Received Import Request.
  Time since last request: 0.000042 seconds.
  path: Assets/Polytope Studio/Lowpoly_Environments/Sources/Meshes/Shrubs/PT_Generic_Shrub_01_dead.fbx
  artifactKey: Guid(0101712be5ca1c7449afe15d548c8817) Importer(2089858483,0ecaa5967403d082aa24f35e1b516d23)
Start importing Assets/Polytope Studio/Lowpoly_Environments/Sources/Meshes/Shrubs/PT_Generic_Shrub_01_dead.fbx using Guid(0101712be5ca1c7449afe15d548c8817) Importer(2089858483,0ecaa5967403d082aa24f35e1b516d23) [PhysX] Initialized MultithreadedTaskDispatcher with 12 workers.
 -> (artifact id: 'a5675ac51700b2504dcc63591924ea2f') in 0.124726 seconds
Number of updated asset objects reloaded before import = 0
Number of asset objects unloaded after import = 20
========================================================================
Received Import Request.
  Time since last request: 0.000166 seconds.
  path: Assets/DEMO_MegaCozyUIPack_doboui - copia/Frames/Frame1_purple.png
  artifactKey: Guid(2a4b6132c0b47424b8d55401a5f81558) Importer(2089858483,0ecaa5967403d082aa24f35e1b516d23)
Start importing Assets/DEMO_MegaCozyUIPack_doboui - copia/Frames/Frame1_purple.png using Guid(2a4b6132c0b47424b8d55401a5f81558) Importer(2089858483,0ecaa5967403d082aa24f35e1b516d23) [PhysX] Initialized MultithreadedTaskDispatcher with 12 workers.
 -> (artifact id: '056ab9bc4b761e5f2a299362320902b8') in 0.058760 seconds
Number of updated asset objects reloaded before import = 0
Number of asset objects unloaded after import = 1
========================================================================
Received Import Request.
  Time since last request: 0.000049 seconds.
  path: Assets/DEMO_MegaCozyUIPack_doboui - copia/Containers/NotebookContainers/NotebookContainer1_yellow.png
  artifactKey: Guid(b4896eaca807c8e439687a6b63453849) Importer(2089858483,0ecaa5967403d082aa24f35e1b516d23)
Start importing Assets/DEMO_MegaCozyUIPack_doboui - copia/Containers/NotebookContainers/NotebookContainer1_yellow.png using Guid(b4896eaca807c8e439687a6b63453849) Importer(2089858483,0ecaa5967403d082aa24f35e1b516d23) [PhysX] Initialized MultithreadedTaskDispatcher with 12 workers.
 -> (artifact id: '69487f36ac98bdab323a2837cc949d2c') in 0.059808 seconds
Number of updated asset objects reloaded before import = 0
Number of asset objects unloaded after import = 1
========================================================================
Received Import Request.
  Time since last request: 0.000210 seconds.
  path: Assets/Polytope Studio/Lowpoly_Environments/Sources/Shaders/PT_Vegetation_Foliage_Shader.shader
  artifactKey: Guid(77e1a76a38ecd5a46a270afb12894dd5) Importer(2089858483,0ecaa5967403d082aa24f35e1b516d23)
Start importing Assets/Polytope Studio/Lowpoly_Environments/Sources/Shaders/PT_Vegetation_Foliage_Shader.shader using Guid(77e1a76a38ecd5a46a270afb12894dd5) Importer(2089858483,0ecaa5967403d082aa24f35e1b516d23) [PhysX] Initialized MultithreadedTaskDispatcher with 12 workers.
 -> (artifact id: '658e46b0ef2a2691fd9bd9422d12489c') in 0.043803 seconds
Number of updated asset objects reloaded before import = 0
Number of asset objects unloaded after import = 1
========================================================================
Received Import Request.
  Time since last request: 0.000064 seconds.
  path: Assets/ZRNAssets/005339_08932_25_14/Materials/005339_08932_25_14_unitedmat_199.mat
  artifactKey: Guid(084d1e23fb0824e9a8d10c6024c15464) Importer(2089858483,0ecaa5967403d082aa24f35e1b516d23)
Start importing Assets/ZRNAssets/005339_08932_25_14/Materials/005339_08932_25_14_unitedmat_199.mat using Guid(084d1e23fb0824e9a8d10c6024c15464) Importer(2089858483,0ecaa5967403d082aa24f35e1b516d23) [PhysX] Initialized MultithreadedTaskDispatcher with 12 workers.
 -> (artifact id: 'c3f34755e70e972d977989e4f02c2a6e') in 0.042206 seconds
Number of updated asset objects reloaded before import = 0
Number of asset objects unloaded after import = 2
========================================================================
Received Import Request.
  Time since last request: 0.000050 seconds.
  path: Assets/Polytope Studio/Lowpoly_Environments/Sources/Materials/PT_Water_mat.mat
  artifactKey: Guid(3e36df56c6fa5f64085c14d9d4f6f8d9) Importer(2089858483,0ecaa5967403d082aa24f35e1b516d23)
Start importing Assets/Polytope Studio/Lowpoly_Environments/Sources/Materials/PT_Water_mat.mat using Guid(3e36df56c6fa5f64085c14d9d4f6f8d9) Importer(2089858483,0ecaa5967403d082aa24f35e1b516d23) [PhysX] Initialized MultithreadedTaskDispatcher with 12 workers.
 -> (artifact id: '813b325d70126e9c58a66fb51128305f') in 0.049236 seconds
Number of updated asset objects reloaded before import = 0
Number of asset objects unloaded after import = 2
========================================================================
Received Import Request.
  Time since last request: 0.000035 seconds.
  path: Assets/Dialogos/Dialogos NPC5
  artifactKey: Guid(74e62686f61e01b41969f7f0c9c3b59f) Importer(2089858483,0ecaa5967403d082aa24f35e1b516d23)
Start importing Assets/Dialogos/Dialogos NPC5 using Guid(74e62686f61e01b41969f7f0c9c3b59f) Importer(2089858483,0ecaa5967403d082aa24f35e1b516d23) [PhysX] Initialized MultithreadedTaskDispatcher with 12 workers.
 -> (artifact id: '095cbbdcf4a99b2ea354966caf3fc655') in 0.031069 seconds
Number of updated asset objects reloaded before import = 0
Number of asset objects unloaded after import = 1
========================================================================
Received Import Request.
  Time since last request: 0.000045 seconds.
  path: Assets/Polytope Studio/Lowpoly_Environments/Prefabs/Trees/PT_Fruit_Tree_01_dead_cut.prefab
  artifactKey: Guid(66d0615cc71cd48408b75ff3f99c97af) Importer(2089858483,0ecaa5967403d082aa24f35e1b516d23)
Start importing Assets/Polytope Studio/Lowpoly_Environments/Prefabs/Trees/PT_Fruit_Tree_01_dead_cut.prefab using Guid(66d0615cc71cd48408b75ff3f99c97af) Importer(2089858483,0ecaa5967403d082aa24f35e1b516d23) [PhysX] Initialized MultithreadedTaskDispatcher with 12 workers.
 -> (artifact id: '78a73893e745a444a2c8860f74706ec4') in 0.053989 seconds
Number of updated asset objects reloaded before import = 0
Number of asset objects unloaded after import = 7
========================================================================
Received Import Request.
  Time since last request: 0.000050 seconds.
  path: Assets/DEMO_MegaCozyUIPack_doboui - copia/ProgressBars/ProgressBar/ProgressBarFill1_wood.png
  artifactKey: Guid(1c4def1dec803b645a3a6e85af77aa98) Importer(2089858483,0ecaa5967403d082aa24f35e1b516d23)
Start importing Assets/DEMO_MegaCozyUIPack_doboui - copia/ProgressBars/ProgressBar/ProgressBarFill1_wood.png using Guid(1c4def1dec803b645a3a6e85af77aa98) Importer(2089858483,0ecaa5967403d082aa24f35e1b516d23) [PhysX] Initialized MultithreadedTaskDispatcher with 12 workers.
 -> (artifact id: '20eaef144b103b2dbf6e2295e7e956cc') in 0.064051 seconds
Number of updated asset objects reloaded before import = 0
Number of asset objects unloaded after import = 1
Editor requested this worker to shutdown with reason: balancing worker count downwards
TcpMessagingSession - receive error: operation aborted. errorcode: 995, details: La operación de E/S se anuló por una salida de subproceso o por una solicitud de aplicación.
AssetImportWorker is now disconnected from the server
Process exiting
Exiting without the bug reporter. Application will terminate with return code 0