Using pre-set license
Built from '2022.3/respin/2022.3.62f2-4af31df585-v2' branch; Version is '2022.3.62f3 (96770f904ca7) revision 9860879'; Using compiler version '192829333'; Build Type 'Release'
OS: 'Windows 10  (10.0.19045) 64bit CoreSingleLanguage' Language: 'es' Physical Memory: 15042 MB
BatchMode: 1, IsHumanControllingUs: 0, StartBugReporterOnCrash: 0, Is64bit: 1, IsPro: 1

COMMAND LINE ARGUMENTS:
C:\Program Files\Unity\Hub\2022.3.62f3\Editor\Unity.exe
-adb2
-batchMode
-noUpm
-name
AssetImportWorker4
-projectPath
C:/Users/Cheee/OneDrive/Documentos/GitHub/VisualNovelExp/VisualNovelExp
-logFile
Logs/AssetImportWorker4.log
-srvPort
59729
Successfully changed project path to: C:/Users/Cheee/OneDrive/Documentos/GitHub/VisualNovelExp/VisualNovelExp
C:/Users/Cheee/OneDrive/Documentos/GitHub/VisualNovelExp/VisualNovelExp
[UnityMemory] Configuration Parameters - Can be set up in boot.config
    "memorysetup-bucket-allocator-granularity=16"
    "memorysetup-bucket-allocator-bucket-count=8"
    "memorysetup-bucket-allocator-block-size=33554432"
    "memorysetup-bucket-allocator-block-count=8"
    "memorysetup-main-allocator-block-size=16777216"
    "memorysetup-thread-allocator-block-size=16777216"
    "memorysetup-gfx-main-allocator-block-size=16777216"
    "memorysetup-gfx-thread-allocator-block-size=16777216"
    "memorysetup-cache-allocator-block-size=4194304"
    "memorysetup-typetree-allocator-block-size=2097152"
    "memorysetup-profiler-bucket-allocator-granularity=16"
    "memorysetup-profiler-bucket-allocator-bucket-count=8"
    "memorysetup-profiler-bucket-allocator-block-size=33554432"
    "memorysetup-profiler-bucket-allocator-block-count=8"
    "memorysetup-profiler-allocator-block-size=16777216"
    "memorysetup-profiler-editor-allocator-block-size=1048576"
    "memorysetup-temp-allocator-size-main=16777216"
    "memorysetup-job-temp-allocator-block-size=2097152"
    "memorysetup-job-temp-allocator-block-size-background=1048576"
    "memorysetup-job-temp-allocator-reduction-small-platforms=262144"
    "memorysetup-allocator-temp-initial-block-size-main=262144"
    "memorysetup-allocator-temp-initial-block-size-worker=262144"
    "memorysetup-temp-allocator-size-background-worker=32768"
    "memorysetup-temp-allocator-size-job-worker=262144"
    "memorysetup-temp-allocator-size-preload-manager=33554432"
    "memorysetup-temp-allocator-size-nav-mesh-worker=65536"
    "memorysetup-temp-allocator-size-audio-worker=65536"
    "memorysetup-temp-allocator-size-cloud-worker=32768"
    "memorysetup-temp-allocator-size-gi-baking-worker=262144"
    "memorysetup-temp-allocator-size-gfx=262144"
Player connection [14256]  Target information:

Player connection [14256]  * "[IP] 192.168.0.15 [Port] 0 [Flags] 2 [Guid] 1445506902 [EditorId] 1445506902 [Version] 1048832 [Id] WindowsEditor(7,DESKTOP-3OIPDIC) [Debug] 1 [PackageName] WindowsEditor [ProjectName] Editor" 

Player connection [14256] Host joined multi-casting on [225.0.0.222:54997]...
Player connection [14256] Host joined alternative multi-casting on [225.0.0.222:34997]...
Input System module state changed to: Initialized.
[PhysX] Initialized MultithreadedTaskDispatcher with 12 workers.
Refreshing native plugins compatible for Editor in 23.19 ms, found 4 plugins.
Preloading 0 native plugins for Editor in 0.00 ms.
Initialize engine version: 2022.3.62f3 (96770f904ca7)
[Subsystems] Discovering subsystems at path C:/Program Files/Unity/Hub/2022.3.62f3/Editor/Data/Resources/UnitySubsystems
[Subsystems] Discovering subsystems at path C:/Users/Cheee/OneDrive/Documentos/GitHub/VisualNovelExp/VisualNovelExp/Assets
GfxDevice: creating device client; threaded=0; jobified=0
Direct3D:
    Version:  Direct3D 11.0 [level 11.1]
    Renderer: AMD Radeon RX 5500 XT (ID=0x7340)
    Vendor:   ATI
    VRAM:     4055 MB
    Driver:   32.0.21043.19003
Initialize mono
Mono path[0] = 'C:/Program Files/Unity/Hub/2022.3.62f3/Editor/Data/Managed'
Mono path[1] = 'C:/Program Files/Unity/Hub/2022.3.62f3/Editor/Data/MonoBleedingEdge/lib/mono/unityjit-win32'
Mono config path = 'C:/Program Files/Unity/Hub/2022.3.62f3/Editor/Data/MonoBleedingEdge/etc'
Using monoOptions --debugger-agent=transport=dt_socket,embedding=1,server=y,suspend=n,address=127.0.0.1:56124
Begin MonoManager ReloadAssembly
Registering precompiled unity dll's ...
Register platform support module: C:/Program Files/Unity/Hub/2022.3.62f3/Editor/Data/PlaybackEngines/AndroidPlayer/UnityEditor.Android.Extensions.dll
Register platform support module: C:/Program Files/Unity/Hub/2022.3.62f3/Editor/Data/PlaybackEngines/WindowsStandaloneSupport/UnityEditor.WindowsStandalone.Extensions.dll
Registered in 0.010816 seconds.
- Loaded All Assemblies, in  0.409 seconds
Native extension for WindowsStandalone target not found
Native extension for Android target not found
Android Extension - Scanning For ADB Devices 330 ms
Mono: successfully reloaded assembly
- Finished resetting the current domain, in  0.651 seconds
Domain Reload Profiling: 1057ms
	BeginReloadAssembly (125ms)
		ExecutionOrderSort (0ms)
		DisableScriptedObjects (0ms)
		BackupInstance (0ms)
		ReleaseScriptingObjects (0ms)
		CreateAndSetChildDomain (1ms)
	RebuildCommonClasses (35ms)
	RebuildNativeTypeToScriptingClass (8ms)
	initialDomainReloadingComplete (67ms)
	LoadAllAssembliesAndSetupDomain (170ms)
		LoadAssemblies (124ms)
		RebuildTransferFunctionScriptingTraits (0ms)
		AnalyzeDomain (166ms)
			TypeCache.Refresh (164ms)
				TypeCache.ScanAssembly (149ms)
			ScanForSourceGeneratedMonoScriptInfo (0ms)
			ResolveRequiredComponents (0ms)
	FinalizeReload (652ms)
		ReleaseScriptCaches (0ms)
		RebuildScriptCaches (0ms)
		SetupLoadedEditorAssemblies (606ms)
			LogAssemblyErrors (0ms)
			InitializePlatformSupportModulesInManaged (422ms)
			SetLoadedEditorAssemblies (5ms)
			RefreshPlugins (0ms)
			BeforeProcessingInitializeOnLoad (2ms)
			ProcessInitializeOnLoadAttributes (129ms)
			ProcessInitializeOnLoadMethodAttributes (48ms)
			AfterProcessingInitializeOnLoad (0ms)
			EditorAssembliesLoaded (0ms)
		ExecutionOrderSort2 (0ms)
		AwakeInstancesAfterBackupRestoration (0ms)
========================================================================
Worker process is ready to serve import requests
Caller must complete domain reload
Begin MonoManager ReloadAssembly
- Loaded All Assemblies, in  0.882 seconds
Native extension for WindowsStandalone target not found
Native extension for Android target not found
Mono: successfully reloaded assembly
- Finished resetting the current domain, in  0.824 seconds
Domain Reload Profiling: 1701ms
	BeginReloadAssembly (197ms)
		ExecutionOrderSort (0ms)
		DisableScriptedObjects (6ms)
		BackupInstance (0ms)
		ReleaseScriptingObjects (0ms)
		CreateAndSetChildDomain (31ms)
	RebuildCommonClasses (33ms)
	RebuildNativeTypeToScriptingClass (9ms)
	initialDomainReloadingComplete (47ms)
	LoadAllAssembliesAndSetupDomain (591ms)
		LoadAssemblies (452ms)
		RebuildTransferFunctionScriptingTraits (0ms)
		AnalyzeDomain (259ms)
			TypeCache.Refresh (192ms)
				TypeCache.ScanAssembly (174ms)
			ScanForSourceGeneratedMonoScriptInfo (26ms)
			ResolveRequiredComponents (37ms)
	FinalizeReload (824ms)
		ReleaseScriptCaches (0ms)
		RebuildScriptCaches (0ms)
		SetupLoadedEditorAssemblies (526ms)
			LogAssemblyErrors (0ms)
			InitializePlatformSupportModulesInManaged (22ms)
			SetLoadedEditorAssemblies (4ms)
			RefreshPlugins (0ms)
			BeforeProcessingInitializeOnLoad (89ms)
			ProcessInitializeOnLoadAttributes (333ms)
			ProcessInitializeOnLoadMethodAttributes (68ms)
			AfterProcessingInitializeOnLoad (9ms)
			EditorAssembliesLoaded (0ms)
		ExecutionOrderSort2 (0ms)
		AwakeInstancesAfterBackupRestoration (6ms)
WARNING: Shader Unsupported: 'Toon/Basic Outline' - All subshaders removed
WARNING: Shader Did you use #pragma only_renderers and omit this platform?
WARNING: Shader If subshaders removal was intentional, you may have forgotten turning Fallback off?
WARNING: Shader Unsupported: 'Toon/Basic Outline' - All subshaders removed
WARNING: Shader Did you use #pragma only_renderers and omit this platform?
WARNING: Shader If subshaders removal was intentional, you may have forgotten turning Fallback off?
WARNING: Shader Unsupported: 'Toon/Lit Outline' - All subshaders removed
WARNING: Shader Did you use #pragma only_renderers and omit this platform?
WARNING: Shader If subshaders removal was intentional, you may have forgotten turning Fallback off?
WARNING: Shader Unsupported: 'Toon/Lit Outline' - All subshaders removed
WARNING: Shader Did you use #pragma only_renderers and omit this platform?
WARNING: Shader If subshaders removal was intentional, you may have forgotten turning Fallback off?
Launched and connected shader compiler UnityShaderCompiler.exe after 0.07 seconds
Refreshing native plugins compatible for Editor in 8.05 ms, found 4 plugins.
Preloading 0 native plugins for Editor in 0.00 ms.
Unloading 5532 Unused Serialized files (Serialized files now loaded: 0)
Unloading 29 unused Assets / (0.7 MB). Loaded Objects now: 5999.
Memory consumption went from 221.0 MB to 220.3 MB.
Total: 8.116500 ms (FindLiveObjects: 0.732600 ms CreateObjectMapping: 0.783000 ms MarkObjects: 6.244900 ms  DeleteObjects: 0.353700 ms)

AssetImportParameters requested are different than current active one (requested -> active):
  custom:scripting/monoscript/fileName/MeshTypeBone.cs: f2929f2b8ecce3a651b0fd3ffe111924 -> 843ff81fb2c811dcac98decd349efe80
  custom:scripting/monoscript/fileName/ShaderSelector.cs: 685bc00da5c5122ea4d91cfb7c33d4ce -> 521612be2626bcd49281fc726d73115d
  custom:scripting/monoscript/fileName/Hand.cs: 5052127099e76a39f6f2b58ea1ef5c1e -> 192355eabc8b0bb90d2503d57cbc29e1
  custom:scripting/monoscript/fileName/TextureFactory.cs: cee276c059ba8c5d89b2dce85c58444e -> 9b0e0386d21b5055c4b652bc661be2ca
  custom:scripting/monoscript/fileName/ExecuteInternalMono.cs: 3e44be6fc6d7f25500f51fef3364e783 -> c1dae4aa6cbf1512716dd7e8414f8006
  custom:scripting/monoscript/fileName/BundleDetailList.cs: 49a12b558eca8c309cefc20f79be4f08 -> 7b03139c488749eda460103673d30967
  custom:scripting/monoscript/fileName/ChangeSkinMeshBtn.cs: 5c6d8ac28a61c97b01d08415ec68b892 -> 58cbf8e281a1824de7ac09fd6ead4741
  custom:container-demuxer-ogg: 62fdf1f143b41e24485cea50d1cbac27 -> 
  custom:scripting/monoscript/fileName/InspectSingleBundle.cs: c4ddaa812469395f667f8059fbbafbb2 -> ff6bcd7c39743f835ec77986ad4e4842
  custom:scripting/monoscript/fileName/TorsoFX.cs: 8364f33fdfe728687ae399ca95227afe -> 5e6b4d93b934706642170673ecf5c3cb
  custom:scripting/monoscript/fileName/Scar.cs: a42aaa0f7421fdbac285e770432737fe -> 93cf6a2332a708e947886120175eb79a
  custom:scripting/monoscript/fileName/Eye.cs: afd6b945d219259bc28efd165ef781f4 -> 698a2a7ea54ef8de083e5f76c9b8d930
  custom:scripting/monoscript/fileName/PrevTextureBtn.cs: ca06f7a8c9b0f19ce544f3b94a1420fa -> 764f96572b39e13aca5f7f18826c47b4
  custom:scripting/monoscript/fileName/ClearColorBtn.cs: 1e8e6c93adda6a5ba905483e8182c1dd -> c480f5967894d16fe78f727f834b09ac
  custom:scripting/monoscript/fileName/SaveManager.cs: de2264e4a492adfd4c3a4c607fa8c9d4 -> 3fcb126c6a66ba31aa898dd5743caa30
  custom:scripting/monoscript/fileName/PrevCharacterBtn.cs: 8b169ad1106eaf0dbdbff832654707ff -> 82d84ae18bcec8ea0c987e0a3a9d6a13
  custom:scripting/monoscript/fileName/Popup.cs: 1c1ef9080900e5e97d1b14f0b41eadfa -> 2cc3075140bfd1e8dd79773fa10aee0b
  custom:scripting/monoscript/fileName/EditorBundleManager.cs: 25971b08130223425370a0c67fd24c1d -> dc4d9d3c0d3cadbde48071e4065b6fbb
  custom:scripting/monoscript/fileName/LoadBtn.cs: 70bafae7f72c9ee6623f2f31d0779c28 -> 2ea2705ebacd83d0846f91df66c28259
  custom:scripting/monoscript/fileName/TextureTypeMaskSelector.cs: 7ff2a9c585e0132e7eecc431d721fd4f -> c5691a283aa245253aed7fa0115457e3
  custom:scripting/monoscript/fileName/Pants.cs: 6c99c36b54f1584503cd85f530589db5 -> df098d75808a7fb623ca5598aed5b66e
  custom:scripting/monoscript/fileName/ABDataSourceProvider.cs: 4f93c6cdfbe44a00612a956e4ef9ffe7 -> d15a3b944396c4baae05b3f33e2f8331
  custom:video-decoder-ogg-theora: a1e56fd34408186e4bbccfd4996cb3dc -> 
  custom:scripting/monoscript/fileName/MeshManager.cs: 2f249bf80d6ae36c03b9409f5feb6c0d -> 80ab94735750c9af566e7e697efa30bc
  custom:scripting/monoscript/fileName/ABDataSource.cs: 41b8295d17e0ef0ed1d4f959baadf27f -> 7ceefc660d5f297abc8804d14984f27e
  custom:framework-win-MediaFoundation: 216162199b28c13a410421893ffa2e32 -> 
  custom:scripting/monoscript/fileName/NextCharacterBtn.cs: 3c5d6d5f91a48826bcb43d4ef5261f6a -> 271bcb60c5934eb6d4486f66396754c5
  custom:scripting/monoscript/fileName/AssetBundleInspectTab.cs: 945f43d3df2c8ee2453a9a63fa11274c -> 9c287edf6d1d376f12a8f96d01ec074a
  custom:scripting/monoscript/fileName/SaveListView.cs: e595613b43c00299f3513b824b0dabc3 -> 66f5588456e9744a16cd29a95c0a128e
  custom:scripting/monoscript/fileName/MeshFactory.cs: 4bbafa913eed9f0fb1b99654c8762909 -> a5c11ad228aefe2964b1b339054e39bc
  custom:scripting/monoscript/fileName/AssetDatabaseABDataSource.cs: f87f54f41a9ae61d6c93a1ee4a7276fe -> a9068bde9865684c07718fa2f110ebd4
  custom:scripting/monoscript/fileName/AbstractFXMesh.cs: 2f7f8bc9d1b9e98b83ebf043ab545fae -> 355e798705134331d1b4e13fe77a1ba2
  custom:scripting/monoscript/fileName/IConfigLoader.cs: 290018350438b79782c4b9fdba32926e -> a4ccf3c5021bb9e95d5d05a0a09bf8bd
  custom:scripting/monoscript/fileName/ABModelBundleInfo.cs: 2188b089518dc510222192403494a01e -> 9fa50afaf3db0543d3d887b15c00368c
  custom:scripting/monoscript/fileName/Leg.cs: ef7b14f4330dc25387e1b59f0290d188 -> 43594c645958cd98f0dcb60d0855f6d1
  custom:scripting/monoscript/fileName/ABModelAssetInfo.cs: 30e23a9e1ca57fffc37b721992bcf1a0 -> cf869514a0bf82899ce1cda23bdb700e
  custom:scripting/monoscript/fileName/MeshTypeMaskSelector.cs: e94ba6f4a1adba4feee5fb7cc4e351fe -> ed92edda1c9655f258c64f35a85ef583
  custom:scripting/monoscript/fileName/ClearMeshBtn.cs: b14d5ced1c19826bfc491001a3f185d1 -> d990ebc2143de5948aea2a5badbfe15b
  custom:scripting/monoscript/fileName/MeshAndTextureTypeMaskSelector.cs: fdba9a050c9e3646ce8e80b7e936d037 -> 8a4bea39d5d059db9f897ddcbaaa5fb6
  custom:scripting/monoscript/fileName/FxMeshFactory.cs: c3e28ca0186ef5ee5525c8801ad21c5a -> 0c8ff1afadd69a3595c5d00772f68410
  custom:scripting/monoscript/fileName/FXTypeMaskSelector.cs: d74f6e4a0bcd101e2717459b81084106 -> 0f6cbde77ec3d316ca044b2bb5952a3c
  custom:scripting/monoscript/fileName/PlayerController.cs: 5b090d859ab09be631dc3b0f203f9571 -> d93a52a180fbbe603a59e9aa6da73c83
  custom:scripting/monoscript/fileName/BuildScript.cs: 426ea9e2914d6e2d91f1414353c5dafc -> 337dba19c2e29ee8e4980fc4e2019d2f
  custom:scripting/monoscript/fileName/ClearSkinMeshBtn.cs: 82d2655784ebc16abf5528736d619a9b -> a8f6aebd6c57b68160badb6bcb2d0ed6
  custom:scripting/monoscript/fileName/CreateCharacterWizard.cs: acfc968f24a9426403bd5add4843dcf8 -> 45f0e70a15c8659931d42d36cb8cac07
  custom:CustomObjectIndexerAttribute: 72b91833f83ae208fae7752999fa3104 -> 
  custom:scripting/monoscript/fileName/AbstractTexture.cs: 5fe6f2f7be7fb5a86569856b4345a004 -> e0980b08fec448804b26f5b6dad65dfd
  custom:scripting/monoscript/fileName/FollowCamera.cs: 2d720f10865b64f024b0e3fccdd261c7 -> 8d6eb8e229738de226ec56d9e22b6b63
  custom:scripting/monoscript/fileName/FxMeshTypeBone.cs: f85b6921dfd1e47314410f2e3b110e25 -> c7f230be3097e0ffbcff74b002f4c068
  custom:scripting/monoscript/fileName/AssetbundlesMenuItems.cs: c3bdb3cf11cdd131fd9c40f5c72fdbb7 -> bacd4da6799b9476bee68e043690ff36
  custom:scripting/monoscript/fileName/Arm.cs: 4102684b6836edb71c1e92ebf943cfad -> b923216ab6f821207b08c03afd4c6525
  custom:container-demuxer-webm: 4f35f7cbe854078d1ac9338744f61a02 -> 
  custom:scripting/monoscript/fileName/NextMeshBtn.cs: c626932f4e3ef625c1f95cbb7df53377 -> c475632899117e513eda9e15e910b76e
  custom:scripting/monoscript/fileName/FaceFeature.cs: 4fb49a14cfb347e565b8520b489cd06f -> 2d58afa4a16bca365a6beb0bf6bfaea3
  custom:scripting/monoscript/fileName/SavePrefabBtn.cs: 3a461d0b73e33e6450805a3d4c14cf7e -> fb80c3034ef9c4f90fa622ffe7f9f829
  custom:scripting/monoscript/fileName/LoaderManager.cs: 369c2be46c8c25c8c25ebdc236e1107b -> de56154becf62ebc4f0181681035238d
  custom:scripting/monoscript/fileName/SaveNameInput.cs: 38a66e5dc26bdeafde0ff106788ee663 -> aae89d2fa016e54079d9c4371e2e5f50
  custom:scripting/monoscript/fileName/Config.cs: e85a922a2347c074e5939d78a5a7a10e -> 7351639d5127e04bc4fcb4671c4a17fb
  custom:scripting/monoscript/fileName/EyeFX.cs: bb3e917396c4b9336da3800cda69d75f -> 0e9063be2785787a64aac5ac3958ba88
  custom:scripting/monoscript/fileName/JumpFallBehaviour.cs: 6e303c4d540ce7e39efab9189bb22bcd -> 71c001d1ad34a6d3b319feace6bde3ef
  custom:scripting/monoscript/fileName/PrevMeshBtn.cs: e4cc6e23cf1ae834cfc676eb293c1a5c -> b3d8856e7d265dc9c0dfa6c173a5ecfd
  custom:container-muxer-webm: aa71ff27fc2769a1b78a27578f13a17b -> 
  custom:scripting/monoscript/fileName/ClearTextureBtn.cs: 4f31783abce9af1d7ec4839287fef475 -> e3b2bcf1edcb5118f2edfda92d79dc01
  custom:scripting/monoscript/fileName/Shoes.cs: 066ec4aa35b5452249c3208e4decccac -> a3171f40fe6c3d65d3385917721d6b32
  custom:video-decoder-webm-vp8: 9c59270c3fd7afecdb556c50c9e8de78 -> 
  custom:scripting/monoscript/fileName/ConfigManager.cs: ecadd354c11a441a4c89b5fd7a9f00e6 -> caea2b28af0ab9e40fec80621d2354a1
  custom:scripting/monoscript/fileName/ClearFXBtn.cs: 9a39f15de353636ac82e469249897f2d -> 7bb97525152b99fa74400a29eaa13dea
  custom:scripting/monoscript/fileName/ClosePopup.cs: b8d454205b2ceefe37b5fd3a66ce3f21 -> 55d4b78c13dd76e50d9c188109fdf0bb
  custom:SearchIndexIgnoredProperties: e643bd26f0fe6173181afceb89e7c659 -> 
  custom:scripting/monoscript/fileName/Belt.cs: 57f9cd2ecc900069b427149243ef3bc5 -> 49eb07e37613e7bc3cd2ca1c5688a06b
  custom:AudioImporter_EditorPlatform: d09bf68614088b80899f8185d706f6e7 -> 
  custom:scripting/monoscript/fileName/AssetBundleLoadOperation.cs: 6671757952e868610efe84deb7d10911 -> 5e23b7cfd6b1aefafff250cf74ef9147
  custom:scripting/monoscript/fileName/PrevSkinMeshBtn.cs: 4b975732b197cfed11faf978a39a86d9 -> 949d41495696a789e910ed4bddee68c8
  custom:scripting/monoscript/fileName/RandomBtn.cs: 09358cb3d53669a5fb3911b12bed41f9 -> 851c8dec69594280621f9ae4205a836d
  custom:scripting/monoscript/fileName/Beard.cs: fcba2011bd59aa862783e312bcb3f1ed -> 25619eaf3bae2cd2a4b58a1e35f6de63
  custom:scripting/monoscript/fileName/EnumFlagAttribute.cs: 74d0d26091c169f8de5e9bf42af43876 -> 955415b54787984cbbb8aa271c5326e3
  custom:scripting/monoscript/fileName/LaunchAssetBundleServer.cs: fde14ca75a313e949066fe5170090bd6 -> 43db2fb10887bbfb076c6767daba67bd
  custom:scripting/monoscript/fileName/TextureManager.cs: e8b62e3c8c466c37ed390308c47b609f -> aaabee5faa243fca33eb568630ae6e8e
  custom:scripting/monoscript/fileName/RobeShort.cs: 98a985110c88276dffccdebb9b45a97a -> 3c6d536f5d6b37080b8a61040ec81de3
  custom:scripting/monoscript/fileName/AssetBundleRecord.cs: 5e3e2662beb76f92f544ca3a6af0a002 -> 5a3119d6abe586168b6fe06c7e98c69c
  custom:scripting/monoscript/fileName/TogglePopup.cs: e3546a95722da3ab7907a444f1349cba -> 1d986db86e682e16edccd0653eb2aad7
  custom:scripting/monoscript/fileName/ITextureLoader.cs: fb942611a67ee29c2d3906a7f2b2ca06 -> 5adc935e3b3fb7761c6d5c127df50233
  custom:scripting/monoscript/fileName/SaveBtn.cs: 3dfbd63f5b032b539a11095805980518 -> 62cda288bb207ed68b5083d6b77f7471
  custom:scripting/monoscript/fileName/NextSkinMeshBtn.cs: 7bde284a6144f85f7d24cd53fe360afe -> c82eddd7edff4db94905f44ef59144c1
  custom:scripting/monoscript/fileName/Head.cs: ef8602f0e05bb6f56d36072970253a56 -> 6728c540b9905eb1de06718fa4aae534
  custom:scripting/monoscript/fileName/NextFXBtn.cs: ec23ffa473c712e78d6eb18c4ae448be -> 7e2755ad9a90b6ecb18961111ed6b016
  custom:scripting/monoscript/fileName/AssetBundleBrowserMain.cs: adf460d08e5161db4df4e9efbad520b6 -> d6cbb84444c9fdda30a8092bb0794cf7
  custom:scripting/monoscript/fileName/JSONMap.cs: 0cc7c12ea7048b3ee204a6864ec14612 -> f72d2edab136c1eb89bac454d589dbd3
  custom:scripting/monoscript/fileName/AssetBundleManageTab.cs: cd787c8175c6b452036330db58559128 -> 31b1d66e60f6e821749b4e2c88c32cdd
  custom:scripting/monoscript/fileName/Torso.cs: 69b7e0d6a62aacc036b1886a4ba2587b -> 54ee6015ea03462115d4c3153edbdf8c
  custom:scripting/monoscript/fileName/AssetBundleBuildTab.cs: e4d3d716146519b1f52f6c0fe7ec5a47 -> c4f1a336c5910d1832fd9e6c972559ad
  custom:scripting/monoscript/fileName/Hair.cs: 1f4e341ec44f1e9a43da832f30eda5e7 -> a794926f97f7a5e9c465865fe7af5e1b
  custom:scripting/monoscript/fileName/AbstractMesh.cs: f416745403975ff81463073698d6e017 -> 8184b2a66042d8caaccbbd20ed31dc56
  custom:scripting/monoscript/fileName/NextTextureBtn.cs: d5a300ee8993aada97b6138db78b58aa -> 68286e9f0e1d42eee9d43ba74e34330f
  custom:scripting/monoscript/fileName/Gloves.cs: 21fa036484600f2d249c1ff665501393 -> 28f9e2f54620c042ed9595f00f2065dc
  custom:scripting/monoscript/fileName/AssetBundleManager.cs: 0e168d48c6d3576e59f6c42f92fecd60 -> c15faaf8b529192dbe9aec9afe4991fd
  custom:scripting/monoscript/fileName/RobeLong.cs: 1a7163e76453fecee35478b548086606 -> f4a05f13d9e9427f236c1f1234a17722
  custom:scripting/monoscript/fileName/InspectTreeView.cs: 4d03769e654689089e5185b09bfc6882 -> 260e1db8105b149fed2e7856746dbf0f
  custom:scripting/monoscript/fileName/MeshLoader.cs: 0b10154577fb1ae0dd2e8310eae4ddf4 -> 514b5b4b4814025e9f754ee22115b972
  custom:scripting/monoscript/fileName/PrevFXBtn.cs: 9adcb6db2d84b99fc2ba85718ff2705c -> d82c337bfc40d281d6f7be6c53a9171d
  custom:scripting/monoscript/fileName/ABModel.cs: d4f2ea81e354d5c73ab4578ede6b09b2 -> efbeff1b31df600fad6d5bea582c7fba
  custom:video-encoder-webm-vp8: eb34c28f22e8b96e1ab97ce403110664 -> 
  custom:scripting/monoscript/fileName/TextureLoader.cs: ef2efb353191380796da06838f0ca27c -> 32fee57eede5dc7675a4e8e137c57785
  custom:scripting/monoscript/fileName/Cloak.cs: 83fee273266203de062b641017c68a04 -> a5348ad8315a274870ac1256b416f4df
  custom:audio-decoder-ogg-vorbis: bf7c407c2cedff20999df2af8eb42d56 -> 
  custom:scripting/monoscript/fileName/Eyebrow.cs: a80914df48c7002be677c64522cce038 -> 60a10d1886232f9d6b3fd8be0c11fca9
  custom:scripting/monoscript/fileName/MeshUVManager.cs: 3a3d4245c35b74c0afddd620ce689573 -> fa1c5e2aa443e2c89e2f51af239fa10f
  custom:scripting/monoscript/fileName/MessageList.cs: 6b608508dbf342db2b025fa4e75150ed -> e187436fd3600e1e0afecc6a8da1f18c
  custom:scripting/monoscript/fileName/ClearMeshColorBtn.cs: 0007c8d870af1fc291acf8c091e58855 -> 45fdc58f7fbca9a24d836bd66f751d53
  custom:scripting/monoscript/fileName/MessageSystem.cs: e1fba72936ec77bbbc283ee14a4e5ac9 -> c1467679f7f8f7989b7c591fe16f095b
  custom:scripting/monoscript/fileName/Helper.cs: c607632c58e5a7e90f5ab372e55f1b53 -> 42ad14543d1a843693f11a1cb7823bdc
  custom:scripting/monoscript/fileName/TorsoAdd.cs: de2919cda7445d192f99b708ac4f8f98 -> 6a719884572b7c749207c858146f4e3c
  custom:scripting/monoscript/fileName/EnumFlagDrawer.cs: 41a8255d04f81b6824e2eb405c56f882 -> 5c63d0c0059ff695bd0ee486d1e93bdc
  custom:scripting/monoscript/fileName/Utility.cs: 28500e0d15bd811ed13877f72f01a728 -> bc7c77987476d2cc716aa6822231009e
  custom:scripting/monoscript/fileName/NextColorBtn.cs: 3c291ea58299c895d1e49ee9d26926c4 -> 3628818366004c784ce7c532472e0770
  custom:scripting/monoscript/fileName/BeltAdd.cs: cb7f04a49673453c6e59d8a19fc25506 -> 23c8e20e1dd3c9ed150a971c41b0440b
  custom:scripting/monoscript/fileName/Skin.cs: b53e0e70cea1e5a2051dbeb2d303d7bf -> fa5b8fbc5e21205ad140661bb8d1d29a
  custom:scripting/monoscript/fileName/PrevMeshColorBtn.cs: 6e7146d83f859cab20d94f99a895303c -> eb2dbdc18e08517d5e99c78a100e7907
  custom:audio-encoder-webm-vorbis: bf7c407c2cedff20999df2af8eb42d56 -> 
  custom:scripting/monoscript/fileName/Helm.cs: c26d56b2bba9bcb0ed144e3501bc4050 -> 015c5ef11547d2a56ec06cbf9181e054
  custom:scripting/monoscript/fileName/Shoulder.cs: cd26873c046cfe405838db4b32b97d24 -> cbc35143cbffbdb744890d07b8670e7e
  custom:scripting/monoscript/fileName/IMeshLoader.cs: 9ae204479feb9db18b224953da5838fd -> 103d9667209b427a4c68ea28303f3cd3
  custom:scripting/monoscript/fileName/AssetListTree.cs: 255920d2dc3ac581fe65ea217df17385 -> 95ef94b9b5c1fc8c166d91a2229d1537
  custom:scripting/monoscript/fileName/MeshTexture.cs: e035409d8c1a139d8e58746d92de0530 -> 1c4c6300614cc8e271b614963931701e
  custom:scripting/monoscript/fileName/AssetBundleTree.cs: db18b513ade8dfdb586627b6c32bbf86 -> 5c86cf837bb6943c3398dc49a567b80f
  custom:scripting/monoscript/fileName/SpriteProcessor.cs: ecdbdd0dbf42b62f38de6c8096601c0d -> b47784218d8c2d820a413741c1f25a1f
  custom:scripting/monoscript/fileName/NextMeshColorBtn.cs: f15a2f312aac46efa390132e8e876a6a -> 3fefab99c46d758ed0e047f19be1644f
  custom:scripting/monoscript/fileName/ClearAllBtn.cs: 6b6df7aa9e75a6cecf2976db793db6eb -> bcba9c9686446fb7cf756301ebf868ec
  custom:scripting/monoscript/fileName/PlayerMoveController.cs: a4e66a81bcb2d723b3fb87dd004c6314 -> cc068b745400ee66c75378bcb7b27fdb
  custom:scripting/monoscript/fileName/ConfigLoader.cs: 62e091607cdc915ce80d4a253b61a2e7 -> db4bab6728472d9dedc7dfcc22e69d2d
  custom:scripting/monoscript/fileName/SaveItem.cs: 9fe0db1767d984560e8ce3cdb5cdd4f1 -> d881a933ade13ea32bf025db14797336
  custom:scripting/monoscript/fileName/SaveData.cs: cb74f51d5ddf1e3c0494034ad7572a91 -> b41c91a98201f94a04946b0cf063c975
  custom:scripting/monoscript/fileName/PrevColorBtn.cs: 745000830732e20a24b2b0544e8a21f7 -> e1d2791f9dd94cc4e35385ca804752d8
========================================================================
Received Import Request.
  Time since last request: 1052697.406914 seconds.
  path: Assets/EditorPersonajes/Data/Shirts/Shirt_05.asset
  artifactKey: Guid(78d926c9885b98643b80bb4b2be76a0a) Importer(815301076,1909f56bfc062723c751e8b465ee728b)
Start importing Assets/EditorPersonajes/Data/Shirts/Shirt_05.asset using Guid(78d926c9885b98643b80bb4b2be76a0a) Importer(815301076,1909f56bfc062723c751e8b465ee728b) [PhysX] Initialized MultithreadedTaskDispatcher with 12 workers.
 -> (artifact id: '00ca28b01f125645a407ed2833747f16') in 0.028114 seconds
Number of updated asset objects reloaded before import = 0
Number of asset objects unloaded after import = 2
========================================================================
Received Import Request.
  Time since last request: 5.915294 seconds.
  path: Assets/EditorPersonajes/Data/Shirts/Shirt_05.asset
  artifactKey: Guid(78d926c9885b98643b80bb4b2be76a0a) Importer(815301076,1909f56bfc062723c751e8b465ee728b)
Start importing Assets/EditorPersonajes/Data/Shirts/Shirt_05.asset using Guid(78d926c9885b98643b80bb4b2be76a0a) Importer(815301076,1909f56bfc062723c751e8b465ee728b) [PhysX] Initialized MultithreadedTaskDispatcher with 12 workers.
 -> (artifact id: 'b520413124b6aa6e66ce38876b9004d2') in 0.003124 seconds
Number of updated asset objects reloaded before import = 0
Number of asset objects unloaded after import = 3
========================================================================
Received Import Request.
  Time since last request: 2.646050 seconds.
  path: Assets/EditorPersonajes/Data/Shirts/Shirt_06.asset
  artifactKey: Guid(a2458ec673581d84886150e998cf3e25) Importer(815301076,1909f56bfc062723c751e8b465ee728b)
Start importing Assets/EditorPersonajes/Data/Shirts/Shirt_06.asset using Guid(a2458ec673581d84886150e998cf3e25) Importer(815301076,1909f56bfc062723c751e8b465ee728b) [PhysX] Initialized MultithreadedTaskDispatcher with 12 workers.
 -> (artifact id: 'b0fcab677b5d8b43f2e3cc583ff3319f') in 0.002216 seconds
Number of updated asset objects reloaded before import = 0
Number of asset objects unloaded after import = 3
========================================================================
Received Import Request.
  Time since last request: 63.463675 seconds.
  path: Assets/EditorPersonajes/Data/Dresses/Dress_01.asset
  artifactKey: Guid(672b3abacfbe9294d91eac817dc96e98) Importer(815301076,1909f56bfc062723c751e8b465ee728b)
Start importing Assets/EditorPersonajes/Data/Dresses/Dress_01.asset using Guid(672b3abacfbe9294d91eac817dc96e98) Importer(815301076,1909f56bfc062723c751e8b465ee728b) [PhysX] Initialized MultithreadedTaskDispatcher with 12 workers.
 -> (artifact id: '6e3e6b48b3a75712e5b95368e309ae05') in 0.002052 seconds
Number of updated asset objects reloaded before import = 0
Number of asset objects unloaded after import = 1
========================================================================
Received Import Request.
  Time since last request: 1.490665 seconds.
  path: Assets/EditorPersonajes/Data/Dresses/Dress_01 1.asset
  artifactKey: Guid(9ccee34c22840fd4fb9b854634199b6e) Importer(815301076,1909f56bfc062723c751e8b465ee728b)
Start importing Assets/EditorPersonajes/Data/Dresses/Dress_01 1.asset using Guid(9ccee34c22840fd4fb9b854634199b6e) Importer(815301076,1909f56bfc062723c751e8b465ee728b) [PhysX] Initialized MultithreadedTaskDispatcher with 12 workers.
 -> (artifact id: '89a101aefeee48cdf087a556d41ec1b5') in 0.001260 seconds
Number of updated asset objects reloaded before import = 0
Number of asset objects unloaded after import = 1
========================================================================
Received Import Request.
  Time since last request: 2.673135 seconds.
  path: Assets/EditorPersonajes/Data/Dresses/Dress_02.asset
  artifactKey: Guid(9ccee34c22840fd4fb9b854634199b6e) Importer(815301076,1909f56bfc062723c751e8b465ee728b)
Start importing Assets/EditorPersonajes/Data/Dresses/Dress_02.asset using Guid(9ccee34c22840fd4fb9b854634199b6e) Importer(815301076,1909f56bfc062723c751e8b465ee728b) [PhysX] Initialized MultithreadedTaskDispatcher with 12 workers.
 -> (artifact id: '0c5d589f9263f1c96906145718bb9932') in 0.002872 seconds
Number of updated asset objects reloaded before import = 0
Number of asset objects unloaded after import = 1
========================================================================
Received Import Request.
  Time since last request: 1.208158 seconds.
  path: Assets/EditorPersonajes/Data/Dresses/Dress_02 1.asset
  artifactKey: Guid(1763ef4f35ad9d243b3a4555eefa7be3) Importer(815301076,1909f56bfc062723c751e8b465ee728b)
Start importing Assets/EditorPersonajes/Data/Dresses/Dress_02 1.asset using Guid(1763ef4f35ad9d243b3a4555eefa7be3) Importer(815301076,1909f56bfc062723c751e8b465ee728b) [PhysX] Initialized MultithreadedTaskDispatcher with 12 workers.
 -> (artifact id: '6c99625eeda38521c035a6f510dc9021') in 0.001158 seconds
Number of updated asset objects reloaded before import = 0
Number of asset objects unloaded after import = 1
========================================================================
Received Import Request.
  Time since last request: 2.934300 seconds.
  path: Assets/EditorPersonajes/Data/Dresses/Dress_03.asset
  artifactKey: Guid(1763ef4f35ad9d243b3a4555eefa7be3) Importer(815301076,1909f56bfc062723c751e8b465ee728b)
Start importing Assets/EditorPersonajes/Data/Dresses/Dress_03.asset using Guid(1763ef4f35ad9d243b3a4555eefa7be3) Importer(815301076,1909f56bfc062723c751e8b465ee728b) [PhysX] Initialized MultithreadedTaskDispatcher with 12 workers.
 -> (artifact id: '757a4e302f331d1cf915cc0f7ca28af9') in 0.001559 seconds
Number of updated asset objects reloaded before import = 0
Number of asset objects unloaded after import = 1
========================================================================
Received Import Request.
  Time since last request: 0.867614 seconds.
  path: Assets/EditorPersonajes/Data/Dresses/Dress_03 1.asset
  artifactKey: Guid(06355977fafae4b4089193c7ef63b959) Importer(815301076,1909f56bfc062723c751e8b465ee728b)
Start importing Assets/EditorPersonajes/Data/Dresses/Dress_03 1.asset using Guid(06355977fafae4b4089193c7ef63b959) Importer(815301076,1909f56bfc062723c751e8b465ee728b) [PhysX] Initialized MultithreadedTaskDispatcher with 12 workers.
 -> (artifact id: '21187696057d652dcaf9382240d19e1c') in 0.001388 seconds
Number of updated asset objects reloaded before import = 0
Number of asset objects unloaded after import = 1
========================================================================
Received Import Request.
  Time since last request: 3.468037 seconds.
  path: Assets/EditorPersonajes/Data/Dresses/Dress_04.asset
  artifactKey: Guid(06355977fafae4b4089193c7ef63b959) Importer(815301076,1909f56bfc062723c751e8b465ee728b)
Start importing Assets/EditorPersonajes/Data/Dresses/Dress_04.asset using Guid(06355977fafae4b4089193c7ef63b959) Importer(815301076,1909f56bfc062723c751e8b465ee728b) [PhysX] Initialized MultithreadedTaskDispatcher with 12 workers.
 -> (artifact id: 'a9238ac15e14fbf9b5ef5d267910ffea') in 0.002324 seconds
Number of updated asset objects reloaded before import = 0
Number of asset objects unloaded after import = 1
========================================================================
Received Import Request.
  Time since last request: 32.041386 seconds.
  path: Assets/EditorPersonajes/Data/Bottoms/Short.asset
  artifactKey: Guid(e6dfc180332681941bba13129de62faa) Importer(815301076,1909f56bfc062723c751e8b465ee728b)
Start importing Assets/EditorPersonajes/Data/Bottoms/Short.asset using Guid(e6dfc180332681941bba13129de62faa) Importer(815301076,1909f56bfc062723c751e8b465ee728b) [PhysX] Initialized MultithreadedTaskDispatcher with 12 workers.
 -> (artifact id: '0957e5d657b0336b1eaf229897581b58') in 0.001838 seconds
Number of updated asset objects reloaded before import = 0
Number of asset objects unloaded after import = 1
========================================================================
Received Import Request.
  Time since last request: 5.523370 seconds.
  path: Assets/EditorPersonajes/Data/Bottoms/Short_01.asset
  artifactKey: Guid(e6dfc180332681941bba13129de62faa) Importer(815301076,1909f56bfc062723c751e8b465ee728b)
Start importing Assets/EditorPersonajes/Data/Bottoms/Short_01.asset using Guid(e6dfc180332681941bba13129de62faa) Importer(815301076,1909f56bfc062723c751e8b465ee728b) [PhysX] Initialized MultithreadedTaskDispatcher with 12 workers.
 -> (artifact id: 'c805f7936f79713a5c54c95d04e7eb08') in 0.001794 seconds
Number of updated asset objects reloaded before import = 0
Number of asset objects unloaded after import = 1
========================================================================
Received Import Request.
  Time since last request: 19.882659 seconds.
  path: Assets/EditorPersonajes/Data/Bottoms/Jean_01.asset
  artifactKey: Guid(e6dfc180332681941bba13129de62faa) Importer(815301076,1909f56bfc062723c751e8b465ee728b)
Start importing Assets/EditorPersonajes/Data/Bottoms/Jean_01.asset using Guid(e6dfc180332681941bba13129de62faa) Importer(815301076,1909f56bfc062723c751e8b465ee728b) [PhysX] Initialized MultithreadedTaskDispatcher with 12 workers.
 -> (artifact id: 'a53486b8c86c15f2926cf04046a5b0cd') in 0.001321 seconds
Number of updated asset objects reloaded before import = 0
Number of asset objects unloaded after import = 1
========================================================================
Received Import Request.
  Time since last request: 8.665129 seconds.
  path: Assets/EditorPersonajes/Data/Bottoms/Jean_01.asset
  artifactKey: Guid(e6dfc180332681941bba13129de62faa) Importer(815301076,1909f56bfc062723c751e8b465ee728b)
Start importing Assets/EditorPersonajes/Data/Bottoms/Jean_01.asset using Guid(e6dfc180332681941bba13129de62faa) Importer(815301076,1909f56bfc062723c751e8b465ee728b) [PhysX] Initialized MultithreadedTaskDispatcher with 12 workers.
 -> (artifact id: 'c84231a71bf1e53a7b5b8dc9a5c0c82a') in 0.004155 seconds
Number of updated asset objects reloaded before import = 0
Number of asset objects unloaded after import = 2
========================================================================
Received Import Request.
  Time since last request: 8.230487 seconds.
  path: Assets/EditorPersonajes/Data/Bottoms/Jean_02.asset
  artifactKey: Guid(fc692b64b48324b44912a6f5b7a2175b) Importer(815301076,1909f56bfc062723c751e8b465ee728b)
Start importing Assets/EditorPersonajes/Data/Bottoms/Jean_02.asset using Guid(fc692b64b48324b44912a6f5b7a2175b) Importer(815301076,1909f56bfc062723c751e8b465ee728b) [PhysX] Initialized MultithreadedTaskDispatcher with 12 workers.
 -> (artifact id: '5273693353b3d6bd87947cb51c5c2b7a') in 0.001995 seconds
Number of updated asset objects reloaded before import = 0
Number of asset objects unloaded after import = 2
========================================================================
Received Import Request.
  Time since last request: 15.984937 seconds.
  path: Assets/EditorPersonajes/Data/Bottoms/Skirt_01.asset
  artifactKey: Guid(8dc7b39ce09172748bb7d4e26066cf44) Importer(815301076,1909f56bfc062723c751e8b465ee728b)
Start importing Assets/EditorPersonajes/Data/Bottoms/Skirt_01.asset using Guid(8dc7b39ce09172748bb7d4e26066cf44) Importer(815301076,1909f56bfc062723c751e8b465ee728b) [PhysX] Initialized MultithreadedTaskDispatcher with 12 workers.
 -> (artifact id: 'bf255ba77a06a0882eef62c26b19a2dd') in 0.001491 seconds
Number of updated asset objects reloaded before import = 0
Number of asset objects unloaded after import = 1
========================================================================
Received Import Request.
  Time since last request: 1.820000 seconds.
  path: Assets/EditorPersonajes/Data/Bottoms/Jean_02.asset
  artifactKey: Guid(fc692b64b48324b44912a6f5b7a2175b) Importer(815301076,1909f56bfc062723c751e8b465ee728b)
Start importing Assets/EditorPersonajes/Data/Bottoms/Jean_02.asset using Guid(fc692b64b48324b44912a6f5b7a2175b) Importer(815301076,1909f56bfc062723c751e8b465ee728b) [PhysX] Initialized MultithreadedTaskDispatcher with 12 workers.
 -> (artifact id: 'b70fe6a5cb922149d825a81b146d9c09') in 0.001787 seconds
Number of updated asset objects reloaded before import = 0
Number of asset objects unloaded after import = 2
========================================================================
Received Import Request.
  Time since last request: 0.465359 seconds.
  path: Assets/EditorPersonajes/Data/Bottoms/Skirt_01 2.asset
  artifactKey: Guid(132c44a0a1752e3458387d45111a7400) Importer(815301076,1909f56bfc062723c751e8b465ee728b)
Start importing Assets/EditorPersonajes/Data/Bottoms/Skirt_01 2.asset using Guid(132c44a0a1752e3458387d45111a7400) Importer(815301076,1909f56bfc062723c751e8b465ee728b) [PhysX] Initialized MultithreadedTaskDispatcher with 12 workers.
 -> (artifact id: '818ea5bc2840f49c176ccfc55ef2dd93') in 0.001722 seconds
Number of updated asset objects reloaded before import = 0
Number of asset objects unloaded after import = 1
========================================================================
Received Import Request.
  Time since last request: 0.626651 seconds.
  path: Assets/EditorPersonajes/Data/Bottoms/Skirt_01 3.asset
  artifactKey: Guid(97276aa5cdea5a647bc6fe4afcb3de0a) Importer(815301076,1909f56bfc062723c751e8b465ee728b)
Start importing Assets/EditorPersonajes/Data/Bottoms/Skirt_01 3.asset using Guid(97276aa5cdea5a647bc6fe4afcb3de0a) Importer(815301076,1909f56bfc062723c751e8b465ee728b) [PhysX] Initialized MultithreadedTaskDispatcher with 12 workers.
 -> (artifact id: 'a4438e4e50a76ecd469d33d7bd84adfb') in 0.002182 seconds
Number of updated asset objects reloaded before import = 0
Number of asset objects unloaded after import = 1
========================================================================
Received Import Request.
  Time since last request: 13.931370 seconds.
  path: Assets/EditorPersonajes/Data/Bottoms/Skirt_02.asset
  artifactKey: Guid(d04d03646a217be409920cd633d15c14) Importer(815301076,1909f56bfc062723c751e8b465ee728b)
Start importing Assets/EditorPersonajes/Data/Bottoms/Skirt_02.asset using Guid(d04d03646a217be409920cd633d15c14) Importer(815301076,1909f56bfc062723c751e8b465ee728b) [PhysX] Initialized MultithreadedTaskDispatcher with 12 workers.
 -> (artifact id: '441824454d40f8ec051190b3e7860fd4') in 0.001221 seconds
Number of updated asset objects reloaded before import = 0
Number of asset objects unloaded after import = 1
========================================================================
Received Import Request.
  Time since last request: 3.669149 seconds.
  path: Assets/EditorPersonajes/Data/Bottoms/Skirt_03.asset
  artifactKey: Guid(132c44a0a1752e3458387d45111a7400) Importer(815301076,1909f56bfc062723c751e8b465ee728b)
Start importing Assets/EditorPersonajes/Data/Bottoms/Skirt_03.asset using Guid(132c44a0a1752e3458387d45111a7400) Importer(815301076,1909f56bfc062723c751e8b465ee728b) [PhysX] Initialized MultithreadedTaskDispatcher with 12 workers.
 -> (artifact id: '54fbcf0b2520da3f5ede02c57c10ce51') in 0.001173 seconds
Number of updated asset objects reloaded before import = 0
Number of asset objects unloaded after import = 1
========================================================================
Received Import Request.
  Time since last request: 3.124548 seconds.
  path: Assets/EditorPersonajes/Data/Bottoms/Skirt_04.asset
  artifactKey: Guid(97276aa5cdea5a647bc6fe4afcb3de0a) Importer(815301076,1909f56bfc062723c751e8b465ee728b)
Start importing Assets/EditorPersonajes/Data/Bottoms/Skirt_04.asset using Guid(97276aa5cdea5a647bc6fe4afcb3de0a) Importer(815301076,1909f56bfc062723c751e8b465ee728b) [PhysX] Initialized MultithreadedTaskDispatcher with 12 workers.
 -> (artifact id: 'a375134bd3e62bc08bc8d880ace5b669') in 0.001240 seconds
Number of updated asset objects reloaded before import = 0
Number of asset objects unloaded after import = 1
========================================================================
Received Import Request.
  Time since last request: 55.130512 seconds.
  path: Assets/EditorPersonajes/Data/Accesories/Accesory_01.asset
  artifactKey: Guid(c9bafa7cdff0bfa4f8bbd0016be91bf9) Importer(815301076,1909f56bfc062723c751e8b465ee728b)
Start importing Assets/EditorPersonajes/Data/Accesories/Accesory_01.asset using Guid(c9bafa7cdff0bfa4f8bbd0016be91bf9) Importer(815301076,1909f56bfc062723c751e8b465ee728b) [PhysX] Initialized MultithreadedTaskDispatcher with 12 workers.
 -> (artifact id: '0c0c0cca7cd1f98c3c9941cecf4a4309') in 0.001623 seconds
Number of updated asset objects reloaded before import = 0
Number of asset objects unloaded after import = 1
========================================================================
Received Import Request.
  Time since last request: 5.676034 seconds.
  path: Assets/EditorPersonajes/Data/Accesories/Accesory_01.asset
  artifactKey: Guid(c9bafa7cdff0bfa4f8bbd0016be91bf9) Importer(815301076,1909f56bfc062723c751e8b465ee728b)
Start importing Assets/EditorPersonajes/Data/Accesories/Accesory_01.asset using Guid(c9bafa7cdff0bfa4f8bbd0016be91bf9) Importer(815301076,1909f56bfc062723c751e8b465ee728b) [PhysX] Initialized MultithreadedTaskDispatcher with 12 workers.
 -> (artifact id: 'b46640d28d7fdbb39cbe394195161571') in 0.004685 seconds
Number of updated asset objects reloaded before import = 0
Number of asset objects unloaded after import = 2
========================================================================
Received Import Request.
  Time since last request: 3.026061 seconds.
  path: Assets/EditorPersonajes/Data/Accesories/Accesory_02.asset
  artifactKey: Guid(4946d9939a88f5243ab28d2be15aecc4) Importer(815301076,1909f56bfc062723c751e8b465ee728b)
Start importing Assets/EditorPersonajes/Data/Accesories/Accesory_02.asset using Guid(4946d9939a88f5243ab28d2be15aecc4) Importer(815301076,1909f56bfc062723c751e8b465ee728b) [PhysX] Initialized MultithreadedTaskDispatcher with 12 workers.
 -> (artifact id: 'a53effd5d380b680db82325c756f7830') in 0.001503 seconds
Number of updated asset objects reloaded before import = 0
Number of asset objects unloaded after import = 2
========================================================================
Received Import Request.
  Time since last request: 27.713669 seconds.
  path: Assets/EditorPersonajes/Data/CharacterDatabase.asset
  artifactKey: Guid(f26c5d11bb9b3e0439244606f1d05da6) Importer(815301076,1909f56bfc062723c751e8b465ee728b)
Start importing Assets/EditorPersonajes/Data/CharacterDatabase.asset using Guid(f26c5d11bb9b3e0439244606f1d05da6) Importer(815301076,1909f56bfc062723c751e8b465ee728b) [PhysX] Initialized MultithreadedTaskDispatcher with 12 workers.
 -> (artifact id: '0f15b0c20f0dfe8884c7bb2ed349cd98') in 0.001844 seconds
Number of updated asset objects reloaded before import = 0
Number of asset objects unloaded after import = 1
========================================================================
Received Import Request.
  Time since last request: 17.048420 seconds.
  path: Assets/EditorPersonajes/Data/Skin/Skin_01.asset
  artifactKey: Guid(c88c97435bb4b6f4490a8057df1d7e9e) Importer(815301076,1909f56bfc062723c751e8b465ee728b)
Start importing Assets/EditorPersonajes/Data/Skin/Skin_01.asset using Guid(c88c97435bb4b6f4490a8057df1d7e9e) Importer(815301076,1909f56bfc062723c751e8b465ee728b) [PhysX] Initialized MultithreadedTaskDispatcher with 12 workers.
 -> (artifact id: '57e016cfab909dbd17321a6d4112b69c') in 0.003343 seconds
Number of updated asset objects reloaded before import = 0
Number of asset objects unloaded after import = 2
========================================================================
Received Import Request.
  Time since last request: 0.000017 seconds.
  path: Assets/EditorPersonajes/Data/Skin/Skin_04.asset
  artifactKey: Guid(a95060c477dca2d4a85a61af275a4234) Importer(815301076,1909f56bfc062723c751e8b465ee728b)
Start importing Assets/EditorPersonajes/Data/Skin/Skin_04.asset using Guid(a95060c477dca2d4a85a61af275a4234) Importer(815301076,1909f56bfc062723c751e8b465ee728b) [PhysX] Initialized MultithreadedTaskDispatcher with 12 workers.
 -> (artifact id: '614e162b6c8b2334473c0c1605187adc') in 0.002684 seconds
Number of updated asset objects reloaded before import = 0
Number of asset objects unloaded after import = 2
========================================================================
Received Import Request.
  Time since last request: 31.499574 seconds.
  path: Assets/EditorPersonajes/Data/Shirts/Shirt_03.asset
  artifactKey: Guid(9e4909801495a5b43a417253f8b88239) Importer(815301076,1909f56bfc062723c751e8b465ee728b)
Start importing Assets/EditorPersonajes/Data/Shirts/Shirt_03.asset using Guid(9e4909801495a5b43a417253f8b88239) Importer(815301076,1909f56bfc062723c751e8b465ee728b) [PhysX] Initialized MultithreadedTaskDispatcher with 12 workers.
 -> (artifact id: '1e4c1c8c5e31aff22b52fb2e8f473ab3') in 0.001915 seconds
Number of updated asset objects reloaded before import = 0
Number of asset objects unloaded after import = 2
========================================================================
Received Import Request.
  Time since last request: 0.000113 seconds.
  path: Assets/EditorPersonajes/Data/Shirts/Shirt_06.asset
  artifactKey: Guid(a2458ec673581d84886150e998cf3e25) Importer(815301076,1909f56bfc062723c751e8b465ee728b)
Start importing Assets/EditorPersonajes/Data/Shirts/Shirt_06.asset using Guid(a2458ec673581d84886150e998cf3e25) Importer(815301076,1909f56bfc062723c751e8b465ee728b) [PhysX] Initialized MultithreadedTaskDispatcher with 12 workers.
 -> (artifact id: '85394d3c28713facc2d86f0cc2b8c20d') in 0.001449 seconds
Number of updated asset objects reloaded before import = 0
Number of asset objects unloaded after import = 2
========================================================================
Received Import Request.
  Time since last request: 17.451608 seconds.
  path: Assets/EditorPersonajes/Data/Bottoms/Skirt_01.asset
  artifactKey: Guid(8dc7b39ce09172748bb7d4e26066cf44) Importer(815301076,1909f56bfc062723c751e8b465ee728b)
Start importing Assets/EditorPersonajes/Data/Bottoms/Skirt_01.asset using Guid(8dc7b39ce09172748bb7d4e26066cf44) Importer(815301076,1909f56bfc062723c751e8b465ee728b) [PhysX] Initialized MultithreadedTaskDispatcher with 12 workers.
 -> (artifact id: '63c1856c4fe23abb262d78cd4d5f2350') in 0.001773 seconds
Number of updated asset objects reloaded before import = 0
Number of asset objects unloaded after import = 2
========================================================================
Received Import Request.
  Time since last request: 0.000028 seconds.
  path: Assets/EditorPersonajes/Data/Bottoms/Skirt_03.asset
  artifactKey: Guid(132c44a0a1752e3458387d45111a7400) Importer(815301076,1909f56bfc062723c751e8b465ee728b)
Start importing Assets/EditorPersonajes/Data/Bottoms/Skirt_03.asset using Guid(132c44a0a1752e3458387d45111a7400) Importer(815301076,1909f56bfc062723c751e8b465ee728b) [PhysX] Initialized MultithreadedTaskDispatcher with 12 workers.
 -> (artifact id: 'ed88299f2b2e2f7bb749d8e5c9e21e1a') in 0.001675 seconds
Number of updated asset objects reloaded before import = 0
Number of asset objects unloaded after import = 2
========================================================================
Received Import Request.
  Time since last request: 23.658486 seconds.
  path: Assets/EditorPersonajes/Data/Dresses/Dress_01.asset
  artifactKey: Guid(672b3abacfbe9294d91eac817dc96e98) Importer(815301076,1909f56bfc062723c751e8b465ee728b)
Start importing Assets/EditorPersonajes/Data/Dresses/Dress_01.asset using Guid(672b3abacfbe9294d91eac817dc96e98) Importer(815301076,1909f56bfc062723c751e8b465ee728b) [PhysX] Initialized MultithreadedTaskDispatcher with 12 workers.
 -> (artifact id: '6701bea347b17af07c775a379a2533dc') in 0.003776 seconds
Number of updated asset objects reloaded before import = 0
Number of asset objects unloaded after import = 2
========================================================================
Received Import Request.
  Time since last request: 0.000030 seconds.
  path: Assets/EditorPersonajes/Data/Dresses/Dress_04.asset
  artifactKey: Guid(06355977fafae4b4089193c7ef63b959) Importer(815301076,1909f56bfc062723c751e8b465ee728b)
Start importing Assets/EditorPersonajes/Data/Dresses/Dress_04.asset using Guid(06355977fafae4b4089193c7ef63b959) Importer(815301076,1909f56bfc062723c751e8b465ee728b) [PhysX] Initialized MultithreadedTaskDispatcher with 12 workers.
 -> (artifact id: 'c3f2ffbe7aad7baaa5f2e36a4b3e8a69') in 0.003063 seconds
Number of updated asset objects reloaded before import = 0
Number of asset objects unloaded after import = 2
========================================================================
Received Import Request.
  Time since last request: 42.263958 seconds.
  path: Assets/EditorPersonajes/Data/Shoes/Shoes.asset
  artifactKey: Guid(39668fc7853a13e4ab80ba118d6aa922) Importer(815301076,1909f56bfc062723c751e8b465ee728b)
Start importing Assets/EditorPersonajes/Data/Shoes/Shoes.asset using Guid(39668fc7853a13e4ab80ba118d6aa922) Importer(815301076,1909f56bfc062723c751e8b465ee728b) [PhysX] Initialized MultithreadedTaskDispatcher with 12 workers.
 -> (artifact id: '6b4119f01e4663df274fc0bab263bd52') in 0.001806 seconds
Number of updated asset objects reloaded before import = 0
Number of asset objects unloaded after import = 1
========================================================================
Received Import Request.
  Time since last request: 1.544466 seconds.
  path: Assets/EditorPersonajes/Data/Shoes/Shoes 1.asset
  artifactKey: Guid(b827bc450fe2a2341bf03287cd159e59) Importer(815301076,1909f56bfc062723c751e8b465ee728b)
Start importing Assets/EditorPersonajes/Data/Shoes/Shoes 1.asset using Guid(b827bc450fe2a2341bf03287cd159e59) Importer(815301076,1909f56bfc062723c751e8b465ee728b) [PhysX] Initialized MultithreadedTaskDispatcher with 12 workers.
 -> (artifact id: '5f6790a7138df9f78004dc07636b19dc') in 0.001873 seconds
Number of updated asset objects reloaded before import = 0
Number of asset objects unloaded after import = 1
========================================================================
Received Import Request.
  Time since last request: 0.400510 seconds.
  path: Assets/EditorPersonajes/Data/Shoes/Shoes 2.asset
  artifactKey: Guid(fdadacba42edee740b17dbc7a0ae9f18) Importer(815301076,1909f56bfc062723c751e8b465ee728b)
Start importing Assets/EditorPersonajes/Data/Shoes/Shoes 2.asset using Guid(fdadacba42edee740b17dbc7a0ae9f18) Importer(815301076,1909f56bfc062723c751e8b465ee728b) [PhysX] Initialized MultithreadedTaskDispatcher with 12 workers.
 -> (artifact id: 'b2f5cdfad25b24803902fd885e45736e') in 0.002169 seconds
Number of updated asset objects reloaded before import = 0
Number of asset objects unloaded after import = 1
========================================================================
Received Import Request.
  Time since last request: 0.407548 seconds.
  path: Assets/EditorPersonajes/Data/Shoes/Shoes 3.asset
  artifactKey: Guid(4876eefeae68f6a4d9e10f61489a6b47) Importer(815301076,1909f56bfc062723c751e8b465ee728b)
Start importing Assets/EditorPersonajes/Data/Shoes/Shoes 3.asset using Guid(4876eefeae68f6a4d9e10f61489a6b47) Importer(815301076,1909f56bfc062723c751e8b465ee728b) [PhysX] Initialized MultithreadedTaskDispatcher with 12 workers.
 -> (artifact id: '7049e7c69076557a81c93e7404576d47') in 0.001653 seconds
Number of updated asset objects reloaded before import = 0
Number of asset objects unloaded after import = 1
========================================================================
Received Import Request.
  Time since last request: 0.432973 seconds.
  path: Assets/EditorPersonajes/Data/Shoes/Shoes 4.asset
  artifactKey: Guid(dbdcdb7fe6d1c2f49b5bfb9c7e7db651) Importer(815301076,1909f56bfc062723c751e8b465ee728b)
Start importing Assets/EditorPersonajes/Data/Shoes/Shoes 4.asset using Guid(dbdcdb7fe6d1c2f49b5bfb9c7e7db651) Importer(815301076,1909f56bfc062723c751e8b465ee728b) [PhysX] Initialized MultithreadedTaskDispatcher with 12 workers.
 -> (artifact id: 'a7a3eb0df587f96e9be0e09dcf3be332') in 0.002338 seconds
Number of updated asset objects reloaded before import = 0
Number of asset objects unloaded after import = 1
========================================================================
Received Import Request.
  Time since last request: 31.364191 seconds.
  path: Assets/EditorPersonajes/Data/Accesories/Accesory_02.asset
  artifactKey: Guid(4946d9939a88f5243ab28d2be15aecc4) Importer(815301076,1909f56bfc062723c751e8b465ee728b)
Start importing Assets/EditorPersonajes/Data/Accesories/Accesory_02.asset using Guid(4946d9939a88f5243ab28d2be15aecc4) Importer(815301076,1909f56bfc062723c751e8b465ee728b) [PhysX] Initialized MultithreadedTaskDispatcher with 12 workers.
 -> (artifact id: 'c5d796195646711638ca18a70c456e15') in 0.002544 seconds
Number of updated asset objects reloaded before import = 0
Number of asset objects unloaded after import = 3
========================================================================
Received Import Request.
  Time since last request: 10.082848 seconds.
  path: Assets/EditorPersonajes/Data/Shoes
  artifactKey: Guid(ff02b3d6162e30542a74b701f6a45fde) Importer(815301076,1909f56bfc062723c751e8b465ee728b)
Start importing Assets/EditorPersonajes/Data/Shoes using Guid(ff02b3d6162e30542a74b701f6a45fde) Importer(815301076,1909f56bfc062723c751e8b465ee728b) [PhysX] Initialized MultithreadedTaskDispatcher with 12 workers.
 -> (artifact id: '42c19447fdafd239005d8f2073d228d4') in 0.000694 seconds
Number of updated asset objects reloaded before import = 0
Number of asset objects unloaded after import = 0
========================================================================
Received Import Request.
  Time since last request: 106.101630 seconds.
  path: Assets/EditorPersonajes/Scripts/TestDatabase.cs
  artifactKey: Guid(eb65bfcba774fe448a0dc444f60b4d1c) Importer(815301076,1909f56bfc062723c751e8b465ee728b)
Start importing Assets/EditorPersonajes/Scripts/TestDatabase.cs using Guid(eb65bfcba774fe448a0dc444f60b4d1c) Importer(815301076,1909f56bfc062723c751e8b465ee728b) [PhysX] Initialized MultithreadedTaskDispatcher with 12 workers.
 -> (artifact id: '3093e5ee00d135b3627924451366b274') in 0.000994 seconds
Number of updated asset objects reloaded before import = 0
Number of asset objects unloaded after import = 0
========================================================================
Received Prepare
Caller must complete domain reload
Begin MonoManager ReloadAssembly
- Loaded All Assemblies, in  0.836 seconds
Native extension for WindowsStandalone target not found
Native extension for Android target not found
Mono: successfully reloaded assembly
- Finished resetting the current domain, in  1.932 seconds
Domain Reload Profiling: 2763ms
	BeginReloadAssembly (217ms)
		ExecutionOrderSort (0ms)
		DisableScriptedObjects (6ms)
		BackupInstance (0ms)
		ReleaseScriptingObjects (0ms)
		CreateAndSetChildDomain (56ms)
	RebuildCommonClasses (46ms)
	RebuildNativeTypeToScriptingClass (10ms)
	initialDomainReloadingComplete (42ms)
	LoadAllAssembliesAndSetupDomain (515ms)
		LoadAssemblies (542ms)
		RebuildTransferFunctionScriptingTraits (0ms)
		AnalyzeDomain (88ms)
			TypeCache.Refresh (25ms)
				TypeCache.ScanAssembly (8ms)
			ScanForSourceGeneratedMonoScriptInfo (43ms)
			ResolveRequiredComponents (16ms)
	FinalizeReload (1932ms)
		ReleaseScriptCaches (0ms)
		RebuildScriptCaches (0ms)
		SetupLoadedEditorAssemblies (524ms)
			LogAssemblyErrors (0ms)
			InitializePlatformSupportModulesInManaged (20ms)
			SetLoadedEditorAssemblies (8ms)
			RefreshPlugins (0ms)
			BeforeProcessingInitializeOnLoad (116ms)
			ProcessInitializeOnLoadAttributes (305ms)
			ProcessInitializeOnLoadMethodAttributes (64ms)
			AfterProcessingInitializeOnLoad (9ms)
			EditorAssembliesLoaded (0ms)
		ExecutionOrderSort2 (0ms)
		AwakeInstancesAfterBackupRestoration (15ms)
WARNING: Shader Unsupported: 'Toon/Basic Outline' - All subshaders removed
WARNING: Shader Did you use #pragma only_renderers and omit this platform?
WARNING: Shader If subshaders removal was intentional, you may have forgotten turning Fallback off?
WARNING: Shader Unsupported: 'Toon/Basic Outline' - All subshaders removed
WARNING: Shader Did you use #pragma only_renderers and omit this platform?
WARNING: Shader If subshaders removal was intentional, you may have forgotten turning Fallback off?
WARNING: Shader Unsupported: 'Toon/Lit Outline' - All subshaders removed
WARNING: Shader Did you use #pragma only_renderers and omit this platform?
WARNING: Shader If subshaders removal was intentional, you may have forgotten turning Fallback off?
WARNING: Shader Unsupported: 'Toon/Lit Outline' - All subshaders removed
WARNING: Shader Did you use #pragma only_renderers and omit this platform?
WARNING: Shader If subshaders removal was intentional, you may have forgotten turning Fallback off?
Refreshing native plugins compatible for Editor in 7.13 ms, found 4 plugins.
Preloading 0 native plugins for Editor in 0.00 ms.
Unloading 5361 Unused Serialized files (Serialized files now loaded: 0)
Unloading 24 unused Assets / (0.6 MB). Loaded Objects now: 6006.
Memory consumption went from 190.9 MB to 190.3 MB.
Total: 7.423400 ms (FindLiveObjects: 1.284500 ms CreateObjectMapping: 1.377400 ms MarkObjects: 4.382000 ms  DeleteObjects: 0.377300 ms)

Prepare: number of updated asset objects reloaded= 0
AssetImportParameters requested are different than current active one (requested -> active):
  custom:scripting/monoscript/fileName/MeshTypeBone.cs: f2929f2b8ecce3a651b0fd3ffe111924 -> 843ff81fb2c811dcac98decd349efe80
  custom:scripting/monoscript/fileName/ShaderSelector.cs: 685bc00da5c5122ea4d91cfb7c33d4ce -> 521612be2626bcd49281fc726d73115d
  custom:scripting/monoscript/fileName/Hand.cs: 5052127099e76a39f6f2b58ea1ef5c1e -> 192355eabc8b0bb90d2503d57cbc29e1
  custom:scripting/monoscript/fileName/TextureFactory.cs: cee276c059ba8c5d89b2dce85c58444e -> 9b0e0386d21b5055c4b652bc661be2ca
  custom:scripting/monoscript/fileName/ExecuteInternalMono.cs: 3e44be6fc6d7f25500f51fef3364e783 -> c1dae4aa6cbf1512716dd7e8414f8006
  custom:scripting/monoscript/fileName/BundleDetailList.cs: 49a12b558eca8c309cefc20f79be4f08 -> 7b03139c488749eda460103673d30967
  custom:scripting/monoscript/fileName/ChangeSkinMeshBtn.cs: 5c6d8ac28a61c97b01d08415ec68b892 -> 58cbf8e281a1824de7ac09fd6ead4741
  custom:container-demuxer-ogg: 62fdf1f143b41e24485cea50d1cbac27 -> 
  custom:scripting/monoscript/fileName/InspectSingleBundle.cs: c4ddaa812469395f667f8059fbbafbb2 -> ff6bcd7c39743f835ec77986ad4e4842
  custom:scripting/monoscript/fileName/TorsoFX.cs: 8364f33fdfe728687ae399ca95227afe -> 5e6b4d93b934706642170673ecf5c3cb
  custom:scripting/monoscript/fileName/Scar.cs: a42aaa0f7421fdbac285e770432737fe -> 93cf6a2332a708e947886120175eb79a
  custom:scripting/monoscript/fileName/Eye.cs: afd6b945d219259bc28efd165ef781f4 -> 698a2a7ea54ef8de083e5f76c9b8d930
  custom:scripting/monoscript/fileName/PrevTextureBtn.cs: ca06f7a8c9b0f19ce544f3b94a1420fa -> 764f96572b39e13aca5f7f18826c47b4
  custom:scripting/monoscript/fileName/ClearColorBtn.cs: 1e8e6c93adda6a5ba905483e8182c1dd -> c480f5967894d16fe78f727f834b09ac
  custom:scripting/monoscript/fileName/SaveManager.cs: de2264e4a492adfd4c3a4c607fa8c9d4 -> 3fcb126c6a66ba31aa898dd5743caa30
  custom:scripting/monoscript/fileName/PrevCharacterBtn.cs: 8b169ad1106eaf0dbdbff832654707ff -> 82d84ae18bcec8ea0c987e0a3a9d6a13
  custom:scripting/monoscript/fileName/Popup.cs: 1c1ef9080900e5e97d1b14f0b41eadfa -> 2cc3075140bfd1e8dd79773fa10aee0b
  custom:scripting/monoscript/fileName/EditorBundleManager.cs: 25971b08130223425370a0c67fd24c1d -> dc4d9d3c0d3cadbde48071e4065b6fbb
  custom:scripting/monoscript/fileName/LoadBtn.cs: 70bafae7f72c9ee6623f2f31d0779c28 -> 2ea2705ebacd83d0846f91df66c28259
  custom:scripting/monoscript/fileName/TextureTypeMaskSelector.cs: 7ff2a9c585e0132e7eecc431d721fd4f -> c5691a283aa245253aed7fa0115457e3
  custom:scripting/monoscript/fileName/Pants.cs: 6c99c36b54f1584503cd85f530589db5 -> df098d75808a7fb623ca5598aed5b66e
  custom:scripting/monoscript/fileName/ABDataSourceProvider.cs: 4f93c6cdfbe44a00612a956e4ef9ffe7 -> d15a3b944396c4baae05b3f33e2f8331
  custom:video-decoder-ogg-theora: a1e56fd34408186e4bbccfd4996cb3dc -> 
  custom:scripting/monoscript/fileName/MeshManager.cs: 2f249bf80d6ae36c03b9409f5feb6c0d -> 80ab94735750c9af566e7e697efa30bc
  custom:scripting/monoscript/fileName/ABDataSource.cs: 41b8295d17e0ef0ed1d4f959baadf27f -> 7ceefc660d5f297abc8804d14984f27e
  custom:framework-win-MediaFoundation: 216162199b28c13a410421893ffa2e32 -> 
  custom:scripting/monoscript/fileName/NextCharacterBtn.cs: 3c5d6d5f91a48826bcb43d4ef5261f6a -> 271bcb60c5934eb6d4486f66396754c5
  custom:scripting/monoscript/fileName/AssetBundleInspectTab.cs: 945f43d3df2c8ee2453a9a63fa11274c -> 9c287edf6d1d376f12a8f96d01ec074a
  custom:scripting/monoscript/fileName/SaveListView.cs: e595613b43c00299f3513b824b0dabc3 -> 66f5588456e9744a16cd29a95c0a128e
  custom:scripting/monoscript/fileName/MeshFactory.cs: 4bbafa913eed9f0fb1b99654c8762909 -> a5c11ad228aefe2964b1b339054e39bc
  custom:scripting/monoscript/fileName/TestDatabase.cs: 23855a153a87fda770b086a78bc24d6d -> 
  custom:scripting/monoscript/fileName/AssetDatabaseABDataSource.cs: f87f54f41a9ae61d6c93a1ee4a7276fe -> a9068bde9865684c07718fa2f110ebd4
  custom:scripting/monoscript/fileName/AbstractFXMesh.cs: 2f7f8bc9d1b9e98b83ebf043ab545fae -> 355e798705134331d1b4e13fe77a1ba2
  custom:scripting/monoscript/fileName/IConfigLoader.cs: 290018350438b79782c4b9fdba32926e -> a4ccf3c5021bb9e95d5d05a0a09bf8bd
  custom:scripting/monoscript/fileName/ABModelBundleInfo.cs: 2188b089518dc510222192403494a01e -> 9fa50afaf3db0543d3d887b15c00368c
  custom:scripting/monoscript/fileName/Leg.cs: ef7b14f4330dc25387e1b59f0290d188 -> 43594c645958cd98f0dcb60d0855f6d1
  custom:scripting/monoscript/fileName/ABModelAssetInfo.cs: 30e23a9e1ca57fffc37b721992bcf1a0 -> cf869514a0bf82899ce1cda23bdb700e
  custom:scripting/monoscript/fileName/MeshTypeMaskSelector.cs: e94ba6f4a1adba4feee5fb7cc4e351fe -> ed92edda1c9655f258c64f35a85ef583
  custom:scripting/monoscript/fileName/ClearMeshBtn.cs: b14d5ced1c19826bfc491001a3f185d1 -> d990ebc2143de5948aea2a5badbfe15b
  custom:scripting/monoscript/fileName/MeshAndTextureTypeMaskSelector.cs: fdba9a050c9e3646ce8e80b7e936d037 -> 8a4bea39d5d059db9f897ddcbaaa5fb6
  custom:scripting/monoscript/fileName/FxMeshFactory.cs: c3e28ca0186ef5ee5525c8801ad21c5a -> 0c8ff1afadd69a3595c5d00772f68410
  custom:scripting/monoscript/fileName/FXTypeMaskSelector.cs: d74f6e4a0bcd101e2717459b81084106 -> 0f6cbde77ec3d316ca044b2bb5952a3c
  custom:scripting/monoscript/fileName/PlayerController.cs: 5b090d859ab09be631dc3b0f203f9571 -> d93a52a180fbbe603a59e9aa6da73c83
  custom:scripting/monoscript/fileName/BuildScript.cs: 426ea9e2914d6e2d91f1414353c5dafc -> 337dba19c2e29ee8e4980fc4e2019d2f
  custom:scripting/monoscript/fileName/ClearSkinMeshBtn.cs: 82d2655784ebc16abf5528736d619a9b -> a8f6aebd6c57b68160badb6bcb2d0ed6
  custom:scripting/monoscript/fileName/CreateCharacterWizard.cs: acfc968f24a9426403bd5add4843dcf8 -> 45f0e70a15c8659931d42d36cb8cac07
  custom:CustomObjectIndexerAttribute: 72b91833f83ae208fae7752999fa3104 -> 
  custom:scripting/monoscript/fileName/AbstractTexture.cs: 5fe6f2f7be7fb5a86569856b4345a004 -> e0980b08fec448804b26f5b6dad65dfd
  custom:scripting/monoscript/fileName/FollowCamera.cs: 2d720f10865b64f024b0e3fccdd261c7 -> 8d6eb8e229738de226ec56d9e22b6b63
  custom:scripting/monoscript/fileName/FxMeshTypeBone.cs: f85b6921dfd1e47314410f2e3b110e25 -> c7f230be3097e0ffbcff74b002f4c068
  custom:scripting/monoscript/fileName/AssetbundlesMenuItems.cs: c3bdb3cf11cdd131fd9c40f5c72fdbb7 -> bacd4da6799b9476bee68e043690ff36
  custom:scripting/monoscript/fileName/Arm.cs: 4102684b6836edb71c1e92ebf943cfad -> b923216ab6f821207b08c03afd4c6525
  custom:container-demuxer-webm: 4f35f7cbe854078d1ac9338744f61a02 -> 
  custom:scripting/monoscript/fileName/NextMeshBtn.cs: c626932f4e3ef625c1f95cbb7df53377 -> c475632899117e513eda9e15e910b76e
  custom:scripting/monoscript/fileName/FaceFeature.cs: 4fb49a14cfb347e565b8520b489cd06f -> 2d58afa4a16bca365a6beb0bf6bfaea3
  custom:scripting/monoscript/fileName/SavePrefabBtn.cs: 3a461d0b73e33e6450805a3d4c14cf7e -> fb80c3034ef9c4f90fa622ffe7f9f829
  custom:scripting/monoscript/fileName/LoaderManager.cs: 369c2be46c8c25c8c25ebdc236e1107b -> de56154becf62ebc4f0181681035238d
  custom:scripting/monoscript/fileName/SaveNameInput.cs: 38a66e5dc26bdeafde0ff106788ee663 -> aae89d2fa016e54079d9c4371e2e5f50
  custom:scripting/monoscript/fileName/Config.cs: e85a922a2347c074e5939d78a5a7a10e -> 7351639d5127e04bc4fcb4671c4a17fb
  custom:scripting/monoscript/fileName/EyeFX.cs: bb3e917396c4b9336da3800cda69d75f -> 0e9063be2785787a64aac5ac3958ba88
  custom:scripting/monoscript/fileName/JumpFallBehaviour.cs: 6e303c4d540ce7e39efab9189bb22bcd -> 71c001d1ad34a6d3b319feace6bde3ef
  custom:scripting/monoscript/fileName/PrevMeshBtn.cs: e4cc6e23cf1ae834cfc676eb293c1a5c -> b3d8856e7d265dc9c0dfa6c173a5ecfd
  custom:container-muxer-webm: aa71ff27fc2769a1b78a27578f13a17b -> 
  custom:scripting/monoscript/fileName/ClearTextureBtn.cs: 4f31783abce9af1d7ec4839287fef475 -> e3b2bcf1edcb5118f2edfda92d79dc01
  custom:scripting/monoscript/fileName/Shoes.cs: 066ec4aa35b5452249c3208e4decccac -> a3171f40fe6c3d65d3385917721d6b32
  custom:video-decoder-webm-vp8: 9c59270c3fd7afecdb556c50c9e8de78 -> 
  custom:scripting/monoscript/fileName/ConfigManager.cs: ecadd354c11a441a4c89b5fd7a9f00e6 -> caea2b28af0ab9e40fec80621d2354a1
  custom:scripting/monoscript/fileName/ClearFXBtn.cs: 9a39f15de353636ac82e469249897f2d -> 7bb97525152b99fa74400a29eaa13dea
  custom:scripting/monoscript/fileName/ClosePopup.cs: b8d454205b2ceefe37b5fd3a66ce3f21 -> 55d4b78c13dd76e50d9c188109fdf0bb
  custom:SearchIndexIgnoredProperties: e643bd26f0fe6173181afceb89e7c659 -> 
  custom:scripting/monoscript/fileName/Belt.cs: 57f9cd2ecc900069b427149243ef3bc5 -> 49eb07e37613e7bc3cd2ca1c5688a06b
  custom:AudioImporter_EditorPlatform: d09bf68614088b80899f8185d706f6e7 -> 
  custom:scripting/monoscript/fileName/AssetBundleLoadOperation.cs: 6671757952e868610efe84deb7d10911 -> 5e23b7cfd6b1aefafff250cf74ef9147
  custom:scripting/monoscript/fileName/PrevSkinMeshBtn.cs: 4b975732b197cfed11faf978a39a86d9 -> 949d41495696a789e910ed4bddee68c8
  custom:scripting/monoscript/fileName/RandomBtn.cs: 09358cb3d53669a5fb3911b12bed41f9 -> 851c8dec69594280621f9ae4205a836d
  custom:scripting/monoscript/fileName/Beard.cs: fcba2011bd59aa862783e312bcb3f1ed -> 25619eaf3bae2cd2a4b58a1e35f6de63
  custom:scripting/monoscript/fileName/EnumFlagAttribute.cs: 74d0d26091c169f8de5e9bf42af43876 -> 955415b54787984cbbb8aa271c5326e3
  custom:scripting/monoscript/fileName/LaunchAssetBundleServer.cs: fde14ca75a313e949066fe5170090bd6 -> 43db2fb10887bbfb076c6767daba67bd
  custom:scripting/monoscript/fileName/TextureManager.cs: e8b62e3c8c466c37ed390308c47b609f -> aaabee5faa243fca33eb568630ae6e8e
  custom:scripting/monoscript/fileName/RobeShort.cs: 98a985110c88276dffccdebb9b45a97a -> 3c6d536f5d6b37080b8a61040ec81de3
  custom:scripting/monoscript/fileName/AssetBundleRecord.cs: 5e3e2662beb76f92f544ca3a6af0a002 -> 5a3119d6abe586168b6fe06c7e98c69c
  custom:scripting/monoscript/fileName/TogglePopup.cs: e3546a95722da3ab7907a444f1349cba -> 1d986db86e682e16edccd0653eb2aad7
  custom:scripting/monoscript/fileName/ITextureLoader.cs: fb942611a67ee29c2d3906a7f2b2ca06 -> 5adc935e3b3fb7761c6d5c127df50233
  custom:scripting/monoscript/fileName/SaveBtn.cs: 3dfbd63f5b032b539a11095805980518 -> 62cda288bb207ed68b5083d6b77f7471
  custom:scripting/monoscript/fileName/NextSkinMeshBtn.cs: 7bde284a6144f85f7d24cd53fe360afe -> c82eddd7edff4db94905f44ef59144c1
  custom:scripting/monoscript/fileName/Head.cs: ef8602f0e05bb6f56d36072970253a56 -> 6728c540b9905eb1de06718fa4aae534
  custom:scripting/monoscript/fileName/NextFXBtn.cs: ec23ffa473c712e78d6eb18c4ae448be -> 7e2755ad9a90b6ecb18961111ed6b016
  custom:scripting/monoscript/fileName/AssetBundleBrowserMain.cs: adf460d08e5161db4df4e9efbad520b6 -> d6cbb84444c9fdda30a8092bb0794cf7
  custom:scripting/monoscript/fileName/JSONMap.cs: 0cc7c12ea7048b3ee204a6864ec14612 -> f72d2edab136c1eb89bac454d589dbd3
  custom:scripting/monoscript/fileName/AssetBundleManageTab.cs: cd787c8175c6b452036330db58559128 -> 31b1d66e60f6e821749b4e2c88c32cdd
  custom:scripting/monoscript/fileName/Torso.cs: 69b7e0d6a62aacc036b1886a4ba2587b -> 54ee6015ea03462115d4c3153edbdf8c
  custom:scripting/monoscript/fileName/AssetBundleBuildTab.cs: e4d3d716146519b1f52f6c0fe7ec5a47 -> c4f1a336c5910d1832fd9e6c972559ad
  custom:scripting/monoscript/fileName/Hair.cs: 1f4e341ec44f1e9a43da832f30eda5e7 -> a794926f97f7a5e9c465865fe7af5e1b
  custom:scripting/monoscript/fileName/AbstractMesh.cs: f416745403975ff81463073698d6e017 -> 8184b2a66042d8caaccbbd20ed31dc56
  custom:scripting/monoscript/fileName/NextTextureBtn.cs: d5a300ee8993aada97b6138db78b58aa -> 68286e9f0e1d42eee9d43ba74e34330f
  custom:scripting/monoscript/fileName/Gloves.cs: 21fa036484600f2d249c1ff665501393 -> 28f9e2f54620c042ed9595f00f2065dc
  custom:scripting/monoscript/fileName/AssetBundleManager.cs: 0e168d48c6d3576e59f6c42f92fecd60 -> c15faaf8b529192dbe9aec9afe4991fd
  custom:scripting/monoscript/fileName/RobeLong.cs: 1a7163e76453fecee35478b548086606 -> f4a05f13d9e9427f236c1f1234a17722
  custom:scripting/monoscript/fileName/InspectTreeView.cs: 4d03769e654689089e5185b09bfc6882 -> 260e1db8105b149fed2e7856746dbf0f
  custom:scripting/monoscript/fileName/MeshLoader.cs: 0b10154577fb1ae0dd2e8310eae4ddf4 -> 514b5b4b4814025e9f754ee22115b972
  custom:scripting/monoscript/fileName/PrevFXBtn.cs: 9adcb6db2d84b99fc2ba85718ff2705c -> d82c337bfc40d281d6f7be6c53a9171d
  custom:scripting/monoscript/fileName/ABModel.cs: d4f2ea81e354d5c73ab4578ede6b09b2 -> efbeff1b31df600fad6d5bea582c7fba
  custom:video-encoder-webm-vp8: eb34c28f22e8b96e1ab97ce403110664 -> 
  custom:scripting/monoscript/fileName/TextureLoader.cs: ef2efb353191380796da06838f0ca27c -> 32fee57eede5dc7675a4e8e137c57785
  custom:scripting/monoscript/fileName/Cloak.cs: 83fee273266203de062b641017c68a04 -> a5348ad8315a274870ac1256b416f4df
  custom:audio-decoder-ogg-vorbis: bf7c407c2cedff20999df2af8eb42d56 -> 
  custom:scripting/monoscript/fileName/Eyebrow.cs: a80914df48c7002be677c64522cce038 -> 60a10d1886232f9d6b3fd8be0c11fca9
  custom:scripting/monoscript/fileName/MeshUVManager.cs: 3a3d4245c35b74c0afddd620ce689573 -> fa1c5e2aa443e2c89e2f51af239fa10f
  custom:scripting/monoscript/fileName/MessageList.cs: 6b608508dbf342db2b025fa4e75150ed -> e187436fd3600e1e0afecc6a8da1f18c
  custom:scripting/monoscript/fileName/ClearMeshColorBtn.cs: 0007c8d870af1fc291acf8c091e58855 -> 45fdc58f7fbca9a24d836bd66f751d53
  custom:scripting/monoscript/fileName/MessageSystem.cs: e1fba72936ec77bbbc283ee14a4e5ac9 -> c1467679f7f8f7989b7c591fe16f095b
  custom:scripting/monoscript/fileName/Helper.cs: c607632c58e5a7e90f5ab372e55f1b53 -> 42ad14543d1a843693f11a1cb7823bdc
  custom:scripting/monoscript/fileName/TorsoAdd.cs: de2919cda7445d192f99b708ac4f8f98 -> 6a719884572b7c749207c858146f4e3c
  custom:scripting/monoscript/fileName/EnumFlagDrawer.cs: 41a8255d04f81b6824e2eb405c56f882 -> 5c63d0c0059ff695bd0ee486d1e93bdc
  custom:scripting/monoscript/fileName/Utility.cs: 28500e0d15bd811ed13877f72f01a728 -> bc7c77987476d2cc716aa6822231009e
  custom:scripting/monoscript/fileName/NextColorBtn.cs: 3c291ea58299c895d1e49ee9d26926c4 -> 3628818366004c784ce7c532472e0770
  custom:scripting/monoscript/fileName/BeltAdd.cs: cb7f04a49673453c6e59d8a19fc25506 -> 23c8e20e1dd3c9ed150a971c41b0440b
  custom:scripting/monoscript/fileName/Skin.cs: b53e0e70cea1e5a2051dbeb2d303d7bf -> fa5b8fbc5e21205ad140661bb8d1d29a
  custom:scripting/monoscript/fileName/PrevMeshColorBtn.cs: 6e7146d83f859cab20d94f99a895303c -> eb2dbdc18e08517d5e99c78a100e7907
  custom:audio-encoder-webm-vorbis: bf7c407c2cedff20999df2af8eb42d56 -> 
  custom:scripting/monoscript/fileName/Helm.cs: c26d56b2bba9bcb0ed144e3501bc4050 -> 015c5ef11547d2a56ec06cbf9181e054
  custom:scripting/monoscript/fileName/Shoulder.cs: cd26873c046cfe405838db4b32b97d24 -> cbc35143cbffbdb744890d07b8670e7e
  custom:scripting/monoscript/fileName/IMeshLoader.cs: 9ae204479feb9db18b224953da5838fd -> 103d9667209b427a4c68ea28303f3cd3
  custom:scripting/monoscript/fileName/AssetListTree.cs: 255920d2dc3ac581fe65ea217df17385 -> 95ef94b9b5c1fc8c166d91a2229d1537
  custom:scripting/monoscript/fileName/MeshTexture.cs: e035409d8c1a139d8e58746d92de0530 -> 1c4c6300614cc8e271b614963931701e
  custom:scripting/monoscript/fileName/AssetBundleTree.cs: db18b513ade8dfdb586627b6c32bbf86 -> 5c86cf837bb6943c3398dc49a567b80f
  custom:scripting/precompiled-assembly-types:Assembly-CSharp: e89d33ded739b7b16f60d762fce62a31 -> 2a57b7d9ba6c891b20990c959df4dfe7
  custom:scripting/monoscript/fileName/SpriteProcessor.cs: ecdbdd0dbf42b62f38de6c8096601c0d -> b47784218d8c2d820a413741c1f25a1f
  custom:scripting/monoscript/fileName/NextMeshColorBtn.cs: f15a2f312aac46efa390132e8e876a6a -> 3fefab99c46d758ed0e047f19be1644f
  custom:scripting/monoscript/fileName/ClearAllBtn.cs: 6b6df7aa9e75a6cecf2976db793db6eb -> bcba9c9686446fb7cf756301ebf868ec
  custom:scripting/monoscript/fileName/PlayerMoveController.cs: a4e66a81bcb2d723b3fb87dd004c6314 -> cc068b745400ee66c75378bcb7b27fdb
  custom:scripting/monoscript/fileName/ConfigLoader.cs: 62e091607cdc915ce80d4a253b61a2e7 -> db4bab6728472d9dedc7dfcc22e69d2d
  custom:scripting/monoscript/fileName/SaveItem.cs: 9fe0db1767d984560e8ce3cdb5cdd4f1 -> d881a933ade13ea32bf025db14797336
  custom:scripting/monoscript/fileName/SaveData.cs: cb74f51d5ddf1e3c0494034ad7572a91 -> b41c91a98201f94a04946b0cf063c975
  custom:scripting/monoscript/fileName/PrevColorBtn.cs: 745000830732e20a24b2b0544e8a21f7 -> e1d2791f9dd94cc4e35385ca804752d8
========================================================================
Received Import Request.
  Time since last request: 12.383050 seconds.
  path: Assets/EditorPersonajes/Scripts/TestDatabase.cs
  artifactKey: Guid(eb65bfcba774fe448a0dc444f60b4d1c) Importer(815301076,1909f56bfc062723c751e8b465ee728b)
Start importing Assets/EditorPersonajes/Scripts/TestDatabase.cs using Guid(eb65bfcba774fe448a0dc444f60b4d1c) Importer(815301076,1909f56bfc062723c751e8b465ee728b) [PhysX] Initialized MultithreadedTaskDispatcher with 12 workers.
 -> (artifact id: '48409fd1993733bcd68ebb874908dc45') in 0.004042 seconds
Number of updated asset objects reloaded before import = 0
Number of asset objects unloaded after import = 0
========================================================================
Received Import Request.
  Time since last request: 3.229968 seconds.
  path: Assets/EditorPersonajes/Scripts/TestDatabase.cs
  artifactKey: Guid(eb65bfcba774fe448a0dc444f60b4d1c) Importer(815301076,1909f56bfc062723c751e8b465ee728b)
Start importing Assets/EditorPersonajes/Scripts/TestDatabase.cs using Guid(eb65bfcba774fe448a0dc444f60b4d1c) Importer(815301076,1909f56bfc062723c751e8b465ee728b) [PhysX] Initialized MultithreadedTaskDispatcher with 12 workers.
 -> (artifact id: '03b9db527f0ed06aff1dee90859bca76') in 0.000797 seconds
Number of updated asset objects reloaded before import = 0
Number of asset objects unloaded after import = 0
========================================================================
Received Prepare
Caller must complete domain reload
Begin MonoManager ReloadAssembly
- Loaded All Assemblies, in  0.818 seconds
Native extension for WindowsStandalone target not found
Native extension for Android target not found
Mono: successfully reloaded assembly
- Finished resetting the current domain, in  1.631 seconds
Domain Reload Profiling: 2444ms
	BeginReloadAssembly (210ms)
		ExecutionOrderSort (0ms)
		DisableScriptedObjects (5ms)
		BackupInstance (0ms)
		ReleaseScriptingObjects (0ms)
		CreateAndSetChildDomain (52ms)
	RebuildCommonClasses (38ms)
	RebuildNativeTypeToScriptingClass (10ms)
	initialDomainReloadingComplete (38ms)
	LoadAllAssembliesAndSetupDomain (517ms)
		LoadAssemblies (558ms)
		RebuildTransferFunctionScriptingTraits (0ms)
		AnalyzeDomain (72ms)
			TypeCache.Refresh (23ms)
				TypeCache.ScanAssembly (5ms)
			ScanForSourceGeneratedMonoScriptInfo (34ms)
			ResolveRequiredComponents (13ms)
	FinalizeReload (1631ms)
		ReleaseScriptCaches (0ms)
		RebuildScriptCaches (0ms)
		SetupLoadedEditorAssemblies (541ms)
			LogAssemblyErrors (0ms)
			InitializePlatformSupportModulesInManaged (22ms)
			SetLoadedEditorAssemblies (4ms)
			RefreshPlugins (0ms)
			BeforeProcessingInitializeOnLoad (97ms)
			ProcessInitializeOnLoadAttributes (335ms)
			ProcessInitializeOnLoadMethodAttributes (71ms)
			AfterProcessingInitializeOnLoad (10ms)
			EditorAssembliesLoaded (0ms)
		ExecutionOrderSort2 (0ms)
		AwakeInstancesAfterBackupRestoration (18ms)
WARNING: Shader Unsupported: 'Toon/Basic Outline' - All subshaders removed
WARNING: Shader Did you use #pragma only_renderers and omit this platform?
WARNING: Shader If subshaders removal was intentional, you may have forgotten turning Fallback off?
WARNING: Shader Unsupported: 'Toon/Basic Outline' - All subshaders removed
WARNING: Shader Did you use #pragma only_renderers and omit this platform?
WARNING: Shader If subshaders removal was intentional, you may have forgotten turning Fallback off?
WARNING: Shader Unsupported: 'Toon/Lit Outline' - All subshaders removed
WARNING: Shader Did you use #pragma only_renderers and omit this platform?
WARNING: Shader If subshaders removal was intentional, you may have forgotten turning Fallback off?
WARNING: Shader Unsupported: 'Toon/Lit Outline' - All subshaders removed
WARNING: Shader Did you use #pragma only_renderers and omit this platform?
WARNING: Shader If subshaders removal was intentional, you may have forgotten turning Fallback off?
Refreshing native plugins compatible for Editor in 7.01 ms, found 4 plugins.
Preloading 0 native plugins for Editor in 0.00 ms.
Unloading 5361 Unused Serialized files (Serialized files now loaded: 0)
Unloading 24 unused Assets / (0.6 MB). Loaded Objects now: 6011.
Memory consumption went from 190.9 MB to 190.3 MB.
Total: 6.167400 ms (FindLiveObjects: 0.412900 ms CreateObjectMapping: 0.346300 ms MarkObjects: 4.698100 ms  DeleteObjects: 0.708100 ms)

Prepare: number of updated asset objects reloaded= 0
AssetImportParameters requested are different than current active one (requested -> active):
  custom:scripting/monoscript/fileName/MeshTypeBone.cs: f2929f2b8ecce3a651b0fd3ffe111924 -> 843ff81fb2c811dcac98decd349efe80
  custom:scripting/monoscript/fileName/ShaderSelector.cs: 685bc00da5c5122ea4d91cfb7c33d4ce -> 521612be2626bcd49281fc726d73115d
  custom:scripting/monoscript/fileName/Hand.cs: 5052127099e76a39f6f2b58ea1ef5c1e -> 192355eabc8b0bb90d2503d57cbc29e1
  custom:scripting/monoscript/fileName/TextureFactory.cs: cee276c059ba8c5d89b2dce85c58444e -> 9b0e0386d21b5055c4b652bc661be2ca
  custom:scripting/monoscript/fileName/ExecuteInternalMono.cs: 3e44be6fc6d7f25500f51fef3364e783 -> c1dae4aa6cbf1512716dd7e8414f8006
  custom:scripting/monoscript/fileName/BundleDetailList.cs: 49a12b558eca8c309cefc20f79be4f08 -> 7b03139c488749eda460103673d30967
  custom:scripting/monoscript/fileName/ChangeSkinMeshBtn.cs: 5c6d8ac28a61c97b01d08415ec68b892 -> 58cbf8e281a1824de7ac09fd6ead4741
  custom:container-demuxer-ogg: 62fdf1f143b41e24485cea50d1cbac27 -> 
  custom:scripting/monoscript/fileName/InspectSingleBundle.cs: c4ddaa812469395f667f8059fbbafbb2 -> ff6bcd7c39743f835ec77986ad4e4842
  custom:scripting/monoscript/fileName/TorsoFX.cs: 8364f33fdfe728687ae399ca95227afe -> 5e6b4d93b934706642170673ecf5c3cb
  custom:scripting/monoscript/fileName/Scar.cs: a42aaa0f7421fdbac285e770432737fe -> 93cf6a2332a708e947886120175eb79a
  custom:scripting/monoscript/fileName/Eye.cs: afd6b945d219259bc28efd165ef781f4 -> 698a2a7ea54ef8de083e5f76c9b8d930
  custom:scripting/monoscript/fileName/PrevTextureBtn.cs: ca06f7a8c9b0f19ce544f3b94a1420fa -> 764f96572b39e13aca5f7f18826c47b4
  custom:scripting/monoscript/fileName/ClearColorBtn.cs: 1e8e6c93adda6a5ba905483e8182c1dd -> c480f5967894d16fe78f727f834b09ac
  custom:scripting/monoscript/fileName/SaveManager.cs: de2264e4a492adfd4c3a4c607fa8c9d4 -> 3fcb126c6a66ba31aa898dd5743caa30
  custom:scripting/monoscript/fileName/PrevCharacterBtn.cs: 8b169ad1106eaf0dbdbff832654707ff -> 82d84ae18bcec8ea0c987e0a3a9d6a13
  custom:scripting/monoscript/fileName/Popup.cs: 1c1ef9080900e5e97d1b14f0b41eadfa -> 2cc3075140bfd1e8dd79773fa10aee0b
  custom:scripting/monoscript/fileName/EditorBundleManager.cs: 25971b08130223425370a0c67fd24c1d -> dc4d9d3c0d3cadbde48071e4065b6fbb
  custom:scripting/monoscript/fileName/LoadBtn.cs: 70bafae7f72c9ee6623f2f31d0779c28 -> 2ea2705ebacd83d0846f91df66c28259
  custom:scripting/monoscript/fileName/TextureTypeMaskSelector.cs: 7ff2a9c585e0132e7eecc431d721fd4f -> c5691a283aa245253aed7fa0115457e3
  custom:scripting/monoscript/fileName/Pants.cs: 6c99c36b54f1584503cd85f530589db5 -> df098d75808a7fb623ca5598aed5b66e
  custom:scripting/monoscript/fileName/ABDataSourceProvider.cs: 4f93c6cdfbe44a00612a956e4ef9ffe7 -> d15a3b944396c4baae05b3f33e2f8331
  custom:video-decoder-ogg-theora: a1e56fd34408186e4bbccfd4996cb3dc -> 
  custom:scripting/monoscript/fileName/MeshManager.cs: 2f249bf80d6ae36c03b9409f5feb6c0d -> 80ab94735750c9af566e7e697efa30bc
  custom:scripting/monoscript/fileName/ABDataSource.cs: 41b8295d17e0ef0ed1d4f959baadf27f -> 7ceefc660d5f297abc8804d14984f27e
  custom:framework-win-MediaFoundation: 216162199b28c13a410421893ffa2e32 -> 
  custom:scripting/monoscript/fileName/NextCharacterBtn.cs: 3c5d6d5f91a48826bcb43d4ef5261f6a -> 271bcb60c5934eb6d4486f66396754c5
  custom:scripting/monoscript/fileName/AssetBundleInspectTab.cs: 945f43d3df2c8ee2453a9a63fa11274c -> 9c287edf6d1d376f12a8f96d01ec074a
  custom:scripting/monoscript/fileName/SaveListView.cs: e595613b43c00299f3513b824b0dabc3 -> 66f5588456e9744a16cd29a95c0a128e
  custom:scripting/monoscript/fileName/MeshFactory.cs: 4bbafa913eed9f0fb1b99654c8762909 -> a5c11ad228aefe2964b1b339054e39bc
  custom:scripting/monoscript/fileName/TestDatabase.cs: 23855a153a87fda770b086a78bc24d6d -> 
  custom:scripting/monoscript/fileName/AssetDatabaseABDataSource.cs: f87f54f41a9ae61d6c93a1ee4a7276fe -> a9068bde9865684c07718fa2f110ebd4
  custom:scripting/monoscript/fileName/AbstractFXMesh.cs: 2f7f8bc9d1b9e98b83ebf043ab545fae -> 355e798705134331d1b4e13fe77a1ba2
  custom:scripting/monoscript/fileName/IConfigLoader.cs: 290018350438b79782c4b9fdba32926e -> a4ccf3c5021bb9e95d5d05a0a09bf8bd
  custom:scripting/monoscript/fileName/ABModelBundleInfo.cs: 2188b089518dc510222192403494a01e -> 9fa50afaf3db0543d3d887b15c00368c
  custom:scripting/monoscript/fileName/Leg.cs: ef7b14f4330dc25387e1b59f0290d188 -> 43594c645958cd98f0dcb60d0855f6d1
  custom:scripting/monoscript/fileName/ABModelAssetInfo.cs: 30e23a9e1ca57fffc37b721992bcf1a0 -> cf869514a0bf82899ce1cda23bdb700e
  custom:scripting/monoscript/fileName/MeshTypeMaskSelector.cs: e94ba6f4a1adba4feee5fb7cc4e351fe -> ed92edda1c9655f258c64f35a85ef583
  custom:scripting/monoscript/fileName/ClearMeshBtn.cs: b14d5ced1c19826bfc491001a3f185d1 -> d990ebc2143de5948aea2a5badbfe15b
  custom:scripting/monoscript/fileName/MeshAndTextureTypeMaskSelector.cs: fdba9a050c9e3646ce8e80b7e936d037 -> 8a4bea39d5d059db9f897ddcbaaa5fb6
  custom:scripting/monoscript/fileName/FxMeshFactory.cs: c3e28ca0186ef5ee5525c8801ad21c5a -> 0c8ff1afadd69a3595c5d00772f68410
  custom:scripting/monoscript/fileName/FXTypeMaskSelector.cs: d74f6e4a0bcd101e2717459b81084106 -> 0f6cbde77ec3d316ca044b2bb5952a3c
  custom:scripting/monoscript/fileName/PlayerController.cs: 5b090d859ab09be631dc3b0f203f9571 -> d93a52a180fbbe603a59e9aa6da73c83
  custom:scripting/monoscript/fileName/BuildScript.cs: 426ea9e2914d6e2d91f1414353c5dafc -> 337dba19c2e29ee8e4980fc4e2019d2f
  custom:scripting/monoscript/fileName/ClearSkinMeshBtn.cs: 82d2655784ebc16abf5528736d619a9b -> a8f6aebd6c57b68160badb6bcb2d0ed6
  custom:scripting/monoscript/fileName/CreateCharacterWizard.cs: acfc968f24a9426403bd5add4843dcf8 -> 45f0e70a15c8659931d42d36cb8cac07
  custom:CustomObjectIndexerAttribute: 72b91833f83ae208fae7752999fa3104 -> 
  custom:scripting/monoscript/fileName/AbstractTexture.cs: 5fe6f2f7be7fb5a86569856b4345a004 -> e0980b08fec448804b26f5b6dad65dfd
  custom:scripting/monoscript/fileName/FollowCamera.cs: 2d720f10865b64f024b0e3fccdd261c7 -> 8d6eb8e229738de226ec56d9e22b6b63
  custom:scripting/monoscript/fileName/FxMeshTypeBone.cs: f85b6921dfd1e47314410f2e3b110e25 -> c7f230be3097e0ffbcff74b002f4c068
  custom:scripting/monoscript/fileName/AssetbundlesMenuItems.cs: c3bdb3cf11cdd131fd9c40f5c72fdbb7 -> bacd4da6799b9476bee68e043690ff36
  custom:scripting/monoscript/fileName/Arm.cs: 4102684b6836edb71c1e92ebf943cfad -> b923216ab6f821207b08c03afd4c6525
  custom:container-demuxer-webm: 4f35f7cbe854078d1ac9338744f61a02 -> 
  custom:scripting/monoscript/fileName/NextMeshBtn.cs: c626932f4e3ef625c1f95cbb7df53377 -> c475632899117e513eda9e15e910b76e
  custom:scripting/monoscript/fileName/FaceFeature.cs: 4fb49a14cfb347e565b8520b489cd06f -> 2d58afa4a16bca365a6beb0bf6bfaea3
  custom:scripting/monoscript/fileName/SavePrefabBtn.cs: 3a461d0b73e33e6450805a3d4c14cf7e -> fb80c3034ef9c4f90fa622ffe7f9f829
  custom:scripting/monoscript/fileName/LoaderManager.cs: 369c2be46c8c25c8c25ebdc236e1107b -> de56154becf62ebc4f0181681035238d
  custom:scripting/monoscript/fileName/SaveNameInput.cs: 38a66e5dc26bdeafde0ff106788ee663 -> aae89d2fa016e54079d9c4371e2e5f50
  custom:scripting/monoscript/fileName/Config.cs: e85a922a2347c074e5939d78a5a7a10e -> 7351639d5127e04bc4fcb4671c4a17fb
  custom:scripting/monoscript/fileName/EyeFX.cs: bb3e917396c4b9336da3800cda69d75f -> 0e9063be2785787a64aac5ac3958ba88
  custom:scripting/monoscript/fileName/JumpFallBehaviour.cs: 6e303c4d540ce7e39efab9189bb22bcd -> 71c001d1ad34a6d3b319feace6bde3ef
  custom:scripting/monoscript/fileName/PrevMeshBtn.cs: e4cc6e23cf1ae834cfc676eb293c1a5c -> b3d8856e7d265dc9c0dfa6c173a5ecfd
  custom:container-muxer-webm: aa71ff27fc2769a1b78a27578f13a17b -> 
  custom:scripting/monoscript/fileName/ClearTextureBtn.cs: 4f31783abce9af1d7ec4839287fef475 -> e3b2bcf1edcb5118f2edfda92d79dc01
  custom:scripting/monoscript/fileName/Shoes.cs: 066ec4aa35b5452249c3208e4decccac -> a3171f40fe6c3d65d3385917721d6b32
  custom:video-decoder-webm-vp8: 9c59270c3fd7afecdb556c50c9e8de78 -> 
  custom:scripting/monoscript/fileName/ConfigManager.cs: ecadd354c11a441a4c89b5fd7a9f00e6 -> caea2b28af0ab9e40fec80621d2354a1
  custom:scripting/monoscript/fileName/ClearFXBtn.cs: 9a39f15de353636ac82e469249897f2d -> 7bb97525152b99fa74400a29eaa13dea
  custom:scripting/monoscript/fileName/ClosePopup.cs: b8d454205b2ceefe37b5fd3a66ce3f21 -> 55d4b78c13dd76e50d9c188109fdf0bb
  custom:SearchIndexIgnoredProperties: e643bd26f0fe6173181afceb89e7c659 -> 
  custom:scripting/monoscript/fileName/Belt.cs: 57f9cd2ecc900069b427149243ef3bc5 -> 49eb07e37613e7bc3cd2ca1c5688a06b
  custom:AudioImporter_EditorPlatform: d09bf68614088b80899f8185d706f6e7 -> 
  custom:scripting/monoscript/fileName/AssetBundleLoadOperation.cs: 6671757952e868610efe84deb7d10911 -> 5e23b7cfd6b1aefafff250cf74ef9147
  custom:scripting/monoscript/fileName/PrevSkinMeshBtn.cs: 4b975732b197cfed11faf978a39a86d9 -> 949d41495696a789e910ed4bddee68c8
  custom:scripting/monoscript/fileName/RandomBtn.cs: 09358cb3d53669a5fb3911b12bed41f9 -> 851c8dec69594280621f9ae4205a836d
  custom:scripting/monoscript/fileName/Beard.cs: fcba2011bd59aa862783e312bcb3f1ed -> 25619eaf3bae2cd2a4b58a1e35f6de63
  custom:scripting/monoscript/fileName/EnumFlagAttribute.cs: 74d0d26091c169f8de5e9bf42af43876 -> 955415b54787984cbbb8aa271c5326e3
  custom:scripting/monoscript/fileName/LaunchAssetBundleServer.cs: fde14ca75a313e949066fe5170090bd6 -> 43db2fb10887bbfb076c6767daba67bd
  custom:scripting/monoscript/fileName/TextureManager.cs: e8b62e3c8c466c37ed390308c47b609f -> aaabee5faa243fca33eb568630ae6e8e
  custom:scripting/monoscript/fileName/RobeShort.cs: 98a985110c88276dffccdebb9b45a97a -> 3c6d536f5d6b37080b8a61040ec81de3
  custom:scripting/monoscript/fileName/AssetBundleRecord.cs: 5e3e2662beb76f92f544ca3a6af0a002 -> 5a3119d6abe586168b6fe06c7e98c69c
  custom:scripting/monoscript/fileName/TogglePopup.cs: e3546a95722da3ab7907a444f1349cba -> 1d986db86e682e16edccd0653eb2aad7
  custom:scripting/monoscript/fileName/ITextureLoader.cs: fb942611a67ee29c2d3906a7f2b2ca06 -> 5adc935e3b3fb7761c6d5c127df50233
  custom:scripting/monoscript/fileName/SaveBtn.cs: 3dfbd63f5b032b539a11095805980518 -> 62cda288bb207ed68b5083d6b77f7471
  custom:scripting/monoscript/fileName/NextSkinMeshBtn.cs: 7bde284a6144f85f7d24cd53fe360afe -> c82eddd7edff4db94905f44ef59144c1
  custom:scripting/monoscript/fileName/Head.cs: ef8602f0e05bb6f56d36072970253a56 -> 6728c540b9905eb1de06718fa4aae534
  custom:scripting/monoscript/fileName/NextFXBtn.cs: ec23ffa473c712e78d6eb18c4ae448be -> 7e2755ad9a90b6ecb18961111ed6b016
  custom:scripting/monoscript/fileName/AssetBundleBrowserMain.cs: adf460d08e5161db4df4e9efbad520b6 -> d6cbb84444c9fdda30a8092bb0794cf7
  custom:scripting/monoscript/fileName/JSONMap.cs: 0cc7c12ea7048b3ee204a6864ec14612 -> f72d2edab136c1eb89bac454d589dbd3
  custom:scripting/monoscript/fileName/AssetBundleManageTab.cs: cd787c8175c6b452036330db58559128 -> 31b1d66e60f6e821749b4e2c88c32cdd
  custom:scripting/monoscript/fileName/Torso.cs: 69b7e0d6a62aacc036b1886a4ba2587b -> 54ee6015ea03462115d4c3153edbdf8c
  custom:scripting/monoscript/fileName/AssetBundleBuildTab.cs: e4d3d716146519b1f52f6c0fe7ec5a47 -> c4f1a336c5910d1832fd9e6c972559ad
  custom:scripting/monoscript/fileName/Hair.cs: 1f4e341ec44f1e9a43da832f30eda5e7 -> a794926f97f7a5e9c465865fe7af5e1b
  custom:scripting/monoscript/fileName/AbstractMesh.cs: f416745403975ff81463073698d6e017 -> 8184b2a66042d8caaccbbd20ed31dc56
  custom:scripting/monoscript/fileName/NextTextureBtn.cs: d5a300ee8993aada97b6138db78b58aa -> 68286e9f0e1d42eee9d43ba74e34330f
  custom:scripting/monoscript/fileName/Gloves.cs: 21fa036484600f2d249c1ff665501393 -> 28f9e2f54620c042ed9595f00f2065dc
  custom:scripting/monoscript/fileName/AssetBundleManager.cs: 0e168d48c6d3576e59f6c42f92fecd60 -> c15faaf8b529192dbe9aec9afe4991fd
  custom:scripting/monoscript/fileName/RobeLong.cs: 1a7163e76453fecee35478b548086606 -> f4a05f13d9e9427f236c1f1234a17722
  custom:scripting/monoscript/fileName/InspectTreeView.cs: 4d03769e654689089e5185b09bfc6882 -> 260e1db8105b149fed2e7856746dbf0f
  custom:scripting/monoscript/fileName/MeshLoader.cs: 0b10154577fb1ae0dd2e8310eae4ddf4 -> 514b5b4b4814025e9f754ee22115b972
  custom:scripting/monoscript/fileName/PrevFXBtn.cs: 9adcb6db2d84b99fc2ba85718ff2705c -> d82c337bfc40d281d6f7be6c53a9171d
  custom:scripting/monoscript/fileName/ABModel.cs: d4f2ea81e354d5c73ab4578ede6b09b2 -> efbeff1b31df600fad6d5bea582c7fba
  custom:video-encoder-webm-vp8: eb34c28f22e8b96e1ab97ce403110664 -> 
  custom:scripting/monoscript/fileName/TextureLoader.cs: ef2efb353191380796da06838f0ca27c -> 32fee57eede5dc7675a4e8e137c57785
  custom:scripting/monoscript/fileName/Cloak.cs: 83fee273266203de062b641017c68a04 -> a5348ad8315a274870ac1256b416f4df
  custom:audio-decoder-ogg-vorbis: bf7c407c2cedff20999df2af8eb42d56 -> 
  custom:scripting/monoscript/fileName/Eyebrow.cs: a80914df48c7002be677c64522cce038 -> 60a10d1886232f9d6b3fd8be0c11fca9
  custom:scripting/monoscript/fileName/MeshUVManager.cs: 3a3d4245c35b74c0afddd620ce689573 -> fa1c5e2aa443e2c89e2f51af239fa10f
  custom:scripting/monoscript/fileName/MessageList.cs: 6b608508dbf342db2b025fa4e75150ed -> e187436fd3600e1e0afecc6a8da1f18c
  custom:scripting/monoscript/fileName/ClearMeshColorBtn.cs: 0007c8d870af1fc291acf8c091e58855 -> 45fdc58f7fbca9a24d836bd66f751d53
  custom:scripting/monoscript/fileName/MessageSystem.cs: e1fba72936ec77bbbc283ee14a4e5ac9 -> c1467679f7f8f7989b7c591fe16f095b
  custom:scripting/monoscript/fileName/Helper.cs: c607632c58e5a7e90f5ab372e55f1b53 -> 42ad14543d1a843693f11a1cb7823bdc
  custom:scripting/monoscript/fileName/TorsoAdd.cs: de2919cda7445d192f99b708ac4f8f98 -> 6a719884572b7c749207c858146f4e3c
  custom:scripting/monoscript/fileName/EnumFlagDrawer.cs: 41a8255d04f81b6824e2eb405c56f882 -> 5c63d0c0059ff695bd0ee486d1e93bdc
  custom:scripting/monoscript/fileName/Utility.cs: 28500e0d15bd811ed13877f72f01a728 -> bc7c77987476d2cc716aa6822231009e
  custom:scripting/monoscript/fileName/NextColorBtn.cs: 3c291ea58299c895d1e49ee9d26926c4 -> 3628818366004c784ce7c532472e0770
  custom:scripting/monoscript/fileName/BeltAdd.cs: cb7f04a49673453c6e59d8a19fc25506 -> 23c8e20e1dd3c9ed150a971c41b0440b
  custom:scripting/monoscript/fileName/Skin.cs: b53e0e70cea1e5a2051dbeb2d303d7bf -> fa5b8fbc5e21205ad140661bb8d1d29a
  custom:scripting/monoscript/fileName/PrevMeshColorBtn.cs: 6e7146d83f859cab20d94f99a895303c -> eb2dbdc18e08517d5e99c78a100e7907
  custom:audio-encoder-webm-vorbis: bf7c407c2cedff20999df2af8eb42d56 -> 
  custom:scripting/monoscript/fileName/Helm.cs: c26d56b2bba9bcb0ed144e3501bc4050 -> 015c5ef11547d2a56ec06cbf9181e054
  custom:scripting/monoscript/fileName/Shoulder.cs: cd26873c046cfe405838db4b32b97d24 -> cbc35143cbffbdb744890d07b8670e7e
  custom:scripting/monoscript/fileName/IMeshLoader.cs: 9ae204479feb9db18b224953da5838fd -> 103d9667209b427a4c68ea28303f3cd3
  custom:scripting/monoscript/fileName/AssetListTree.cs: 255920d2dc3ac581fe65ea217df17385 -> 95ef94b9b5c1fc8c166d91a2229d1537
  custom:scripting/monoscript/fileName/MeshTexture.cs: e035409d8c1a139d8e58746d92de0530 -> 1c4c6300614cc8e271b614963931701e
  custom:scripting/monoscript/fileName/AssetBundleTree.cs: db18b513ade8dfdb586627b6c32bbf86 -> 5c86cf837bb6943c3398dc49a567b80f
  custom:scripting/precompiled-assembly-types:Assembly-CSharp: e89d33ded739b7b16f60d762fce62a31 -> 2a57b7d9ba6c891b20990c959df4dfe7
  custom:scripting/monoscript/fileName/SpriteProcessor.cs: ecdbdd0dbf42b62f38de6c8096601c0d -> b47784218d8c2d820a413741c1f25a1f
  custom:scripting/monoscript/fileName/NextMeshColorBtn.cs: f15a2f312aac46efa390132e8e876a6a -> 3fefab99c46d758ed0e047f19be1644f
  custom:scripting/monoscript/fileName/ClearAllBtn.cs: 6b6df7aa9e75a6cecf2976db793db6eb -> bcba9c9686446fb7cf756301ebf868ec
  custom:scripting/monoscript/fileName/PlayerMoveController.cs: a4e66a81bcb2d723b3fb87dd004c6314 -> cc068b745400ee66c75378bcb7b27fdb
  custom:scripting/monoscript/fileName/ConfigLoader.cs: 62e091607cdc915ce80d4a253b61a2e7 -> db4bab6728472d9dedc7dfcc22e69d2d
  custom:scripting/monoscript/fileName/SaveItem.cs: 9fe0db1767d984560e8ce3cdb5cdd4f1 -> d881a933ade13ea32bf025db14797336
  custom:scripting/monoscript/fileName/SaveData.cs: cb74f51d5ddf1e3c0494034ad7572a91 -> b41c91a98201f94a04946b0cf063c975
  custom:scripting/monoscript/fileName/PrevColorBtn.cs: 745000830732e20a24b2b0544e8a21f7 -> e1d2791f9dd94cc4e35385ca804752d8
========================================================================
Received Prepare
Caller must complete domain reload
Begin MonoManager ReloadAssembly
- Loaded All Assemblies, in  0.871 seconds
Native extension for WindowsStandalone target not found
Native extension for Android target not found
Mono: successfully reloaded assembly
- Finished resetting the current domain, in  1.801 seconds
Domain Reload Profiling: 2670ms
	BeginReloadAssembly (306ms)
		ExecutionOrderSort (0ms)
		DisableScriptedObjects (14ms)
		BackupInstance (0ms)
		ReleaseScriptingObjects (0ms)
		CreateAndSetChildDomain (100ms)
	RebuildCommonClasses (36ms)
	RebuildNativeTypeToScriptingClass (13ms)
	initialDomainReloadingComplete (45ms)
	LoadAllAssembliesAndSetupDomain (467ms)
		LoadAssemblies (560ms)
		RebuildTransferFunctionScriptingTraits (0ms)
		AnalyzeDomain (32ms)
			TypeCache.Refresh (12ms)
				TypeCache.ScanAssembly (0ms)
			ScanForSourceGeneratedMonoScriptInfo (0ms)
			ResolveRequiredComponents (16ms)
	FinalizeReload (1802ms)
		ReleaseScriptCaches (0ms)
		RebuildScriptCaches (0ms)
		SetupLoadedEditorAssemblies (639ms)
			LogAssemblyErrors (0ms)
			InitializePlatformSupportModulesInManaged (25ms)
			SetLoadedEditorAssemblies (8ms)
			RefreshPlugins (0ms)
			BeforeProcessingInitializeOnLoad (124ms)
			ProcessInitializeOnLoadAttributes (384ms)
			ProcessInitializeOnLoadMethodAttributes (86ms)
			AfterProcessingInitializeOnLoad (12ms)
			EditorAssembliesLoaded (0ms)
		ExecutionOrderSort2 (0ms)
		AwakeInstancesAfterBackupRestoration (19ms)
WARNING: Shader Unsupported: 'Toon/Basic Outline' - All subshaders removed
WARNING: Shader Did you use #pragma only_renderers and omit this platform?
WARNING: Shader If subshaders removal was intentional, you may have forgotten turning Fallback off?
WARNING: Shader Unsupported: 'Toon/Basic Outline' - All subshaders removed
WARNING: Shader Did you use #pragma only_renderers and omit this platform?
WARNING: Shader If subshaders removal was intentional, you may have forgotten turning Fallback off?
WARNING: Shader Unsupported: 'Toon/Lit Outline' - All subshaders removed
WARNING: Shader Did you use #pragma only_renderers and omit this platform?
WARNING: Shader If subshaders removal was intentional, you may have forgotten turning Fallback off?
WARNING: Shader Unsupported: 'Toon/Lit Outline' - All subshaders removed
WARNING: Shader Did you use #pragma only_renderers and omit this platform?
WARNING: Shader If subshaders removal was intentional, you may have forgotten turning Fallback off?
Refreshing native plugins compatible for Editor in 9.17 ms, found 4 plugins.
Preloading 0 native plugins for Editor in 0.00 ms.
Unloading 5361 Unused Serialized files (Serialized files now loaded: 0)
Unloading 24 unused Assets / (0.6 MB). Loaded Objects now: 6016.
Memory consumption went from 190.9 MB to 190.3 MB.
Total: 5.196600 ms (FindLiveObjects: 1.016800 ms CreateObjectMapping: 0.470100 ms MarkObjects: 3.311100 ms  DeleteObjects: 0.397300 ms)

Prepare: number of updated asset objects reloaded= 0
AssetImportParameters requested are different than current active one (requested -> active):
  custom:scripting/monoscript/fileName/MeshTypeBone.cs: f2929f2b8ecce3a651b0fd3ffe111924 -> 843ff81fb2c811dcac98decd349efe80
  custom:scripting/monoscript/fileName/ShaderSelector.cs: 685bc00da5c5122ea4d91cfb7c33d4ce -> 521612be2626bcd49281fc726d73115d
  custom:scripting/monoscript/fileName/Hand.cs: 5052127099e76a39f6f2b58ea1ef5c1e -> 192355eabc8b0bb90d2503d57cbc29e1
  custom:scripting/monoscript/fileName/TextureFactory.cs: cee276c059ba8c5d89b2dce85c58444e -> 9b0e0386d21b5055c4b652bc661be2ca
  custom:scripting/monoscript/fileName/ExecuteInternalMono.cs: 3e44be6fc6d7f25500f51fef3364e783 -> c1dae4aa6cbf1512716dd7e8414f8006
  custom:scripting/monoscript/fileName/BundleDetailList.cs: 49a12b558eca8c309cefc20f79be4f08 -> 7b03139c488749eda460103673d30967
  custom:scripting/monoscript/fileName/ChangeSkinMeshBtn.cs: 5c6d8ac28a61c97b01d08415ec68b892 -> 58cbf8e281a1824de7ac09fd6ead4741
  custom:container-demuxer-ogg: 62fdf1f143b41e24485cea50d1cbac27 -> 
  custom:scripting/monoscript/fileName/InspectSingleBundle.cs: c4ddaa812469395f667f8059fbbafbb2 -> ff6bcd7c39743f835ec77986ad4e4842
  custom:scripting/monoscript/fileName/TorsoFX.cs: 8364f33fdfe728687ae399ca95227afe -> 5e6b4d93b934706642170673ecf5c3cb
  custom:scripting/monoscript/fileName/Scar.cs: a42aaa0f7421fdbac285e770432737fe -> 93cf6a2332a708e947886120175eb79a
  custom:scripting/monoscript/fileName/Eye.cs: afd6b945d219259bc28efd165ef781f4 -> 698a2a7ea54ef8de083e5f76c9b8d930
  custom:scripting/monoscript/fileName/PrevTextureBtn.cs: ca06f7a8c9b0f19ce544f3b94a1420fa -> 764f96572b39e13aca5f7f18826c47b4
  custom:scripting/monoscript/fileName/ClearColorBtn.cs: 1e8e6c93adda6a5ba905483e8182c1dd -> c480f5967894d16fe78f727f834b09ac
  custom:scripting/monoscript/fileName/SaveManager.cs: de2264e4a492adfd4c3a4c607fa8c9d4 -> 3fcb126c6a66ba31aa898dd5743caa30
  custom:scripting/monoscript/fileName/PrevCharacterBtn.cs: 8b169ad1106eaf0dbdbff832654707ff -> 82d84ae18bcec8ea0c987e0a3a9d6a13
  custom:scripting/monoscript/fileName/Popup.cs: 1c1ef9080900e5e97d1b14f0b41eadfa -> 2cc3075140bfd1e8dd79773fa10aee0b
  custom:scripting/monoscript/fileName/EditorBundleManager.cs: 25971b08130223425370a0c67fd24c1d -> dc4d9d3c0d3cadbde48071e4065b6fbb
  custom:scripting/monoscript/fileName/LoadBtn.cs: 70bafae7f72c9ee6623f2f31d0779c28 -> 2ea2705ebacd83d0846f91df66c28259
  custom:scripting/monoscript/fileName/TextureTypeMaskSelector.cs: 7ff2a9c585e0132e7eecc431d721fd4f -> c5691a283aa245253aed7fa0115457e3
  custom:scripting/monoscript/fileName/Pants.cs: 6c99c36b54f1584503cd85f530589db5 -> df098d75808a7fb623ca5598aed5b66e
  custom:scripting/monoscript/fileName/ABDataSourceProvider.cs: 4f93c6cdfbe44a00612a956e4ef9ffe7 -> d15a3b944396c4baae05b3f33e2f8331
  custom:video-decoder-ogg-theora: a1e56fd34408186e4bbccfd4996cb3dc -> 
  custom:scripting/monoscript/fileName/MeshManager.cs: 2f249bf80d6ae36c03b9409f5feb6c0d -> 80ab94735750c9af566e7e697efa30bc
  custom:scripting/monoscript/fileName/ABDataSource.cs: 41b8295d17e0ef0ed1d4f959baadf27f -> 7ceefc660d5f297abc8804d14984f27e
  custom:framework-win-MediaFoundation: 216162199b28c13a410421893ffa2e32 -> 
  custom:scripting/monoscript/fileName/NextCharacterBtn.cs: 3c5d6d5f91a48826bcb43d4ef5261f6a -> 271bcb60c5934eb6d4486f66396754c5
  custom:scripting/monoscript/fileName/AssetBundleInspectTab.cs: 945f43d3df2c8ee2453a9a63fa11274c -> 9c287edf6d1d376f12a8f96d01ec074a
  custom:scripting/monoscript/fileName/SaveListView.cs: e595613b43c00299f3513b824b0dabc3 -> 66f5588456e9744a16cd29a95c0a128e
  custom:scripting/monoscript/fileName/MeshFactory.cs: 4bbafa913eed9f0fb1b99654c8762909 -> a5c11ad228aefe2964b1b339054e39bc
  custom:scripting/monoscript/fileName/TestDatabase.cs: 23855a153a87fda770b086a78bc24d6d -> 
  custom:scripting/monoscript/fileName/AssetDatabaseABDataSource.cs: f87f54f41a9ae61d6c93a1ee4a7276fe -> a9068bde9865684c07718fa2f110ebd4
  custom:scripting/monoscript/fileName/AbstractFXMesh.cs: 2f7f8bc9d1b9e98b83ebf043ab545fae -> 355e798705134331d1b4e13fe77a1ba2
  custom:scripting/monoscript/fileName/IConfigLoader.cs: 290018350438b79782c4b9fdba32926e -> a4ccf3c5021bb9e95d5d05a0a09bf8bd
  custom:scripting/monoscript/fileName/ABModelBundleInfo.cs: 2188b089518dc510222192403494a01e -> 9fa50afaf3db0543d3d887b15c00368c
  custom:scripting/monoscript/fileName/Leg.cs: ef7b14f4330dc25387e1b59f0290d188 -> 43594c645958cd98f0dcb60d0855f6d1
  custom:scripting/monoscript/fileName/ABModelAssetInfo.cs: 30e23a9e1ca57fffc37b721992bcf1a0 -> cf869514a0bf82899ce1cda23bdb700e
  custom:scripting/monoscript/fileName/MeshTypeMaskSelector.cs: e94ba6f4a1adba4feee5fb7cc4e351fe -> ed92edda1c9655f258c64f35a85ef583
  custom:scripting/monoscript/fileName/ClearMeshBtn.cs: b14d5ced1c19826bfc491001a3f185d1 -> d990ebc2143de5948aea2a5badbfe15b
  custom:scripting/monoscript/fileName/MeshAndTextureTypeMaskSelector.cs: fdba9a050c9e3646ce8e80b7e936d037 -> 8a4bea39d5d059db9f897ddcbaaa5fb6
  custom:scripting/monoscript/fileName/FxMeshFactory.cs: c3e28ca0186ef5ee5525c8801ad21c5a -> 0c8ff1afadd69a3595c5d00772f68410
  custom:scripting/monoscript/fileName/FXTypeMaskSelector.cs: d74f6e4a0bcd101e2717459b81084106 -> 0f6cbde77ec3d316ca044b2bb5952a3c
  custom:scripting/monoscript/fileName/PlayerController.cs: 5b090d859ab09be631dc3b0f203f9571 -> d93a52a180fbbe603a59e9aa6da73c83
  custom:scripting/monoscript/fileName/BuildScript.cs: 426ea9e2914d6e2d91f1414353c5dafc -> 337dba19c2e29ee8e4980fc4e2019d2f
  custom:scripting/monoscript/fileName/ClearSkinMeshBtn.cs: 82d2655784ebc16abf5528736d619a9b -> a8f6aebd6c57b68160badb6bcb2d0ed6
  custom:scripting/monoscript/fileName/CreateCharacterWizard.cs: acfc968f24a9426403bd5add4843dcf8 -> 45f0e70a15c8659931d42d36cb8cac07
  custom:CustomObjectIndexerAttribute: 72b91833f83ae208fae7752999fa3104 -> 
  custom:scripting/monoscript/fileName/AbstractTexture.cs: 5fe6f2f7be7fb5a86569856b4345a004 -> e0980b08fec448804b26f5b6dad65dfd
  custom:scripting/monoscript/fileName/FollowCamera.cs: 2d720f10865b64f024b0e3fccdd261c7 -> 8d6eb8e229738de226ec56d9e22b6b63
  custom:scripting/monoscript/fileName/FxMeshTypeBone.cs: f85b6921dfd1e47314410f2e3b110e25 -> c7f230be3097e0ffbcff74b002f4c068
  custom:scripting/monoscript/fileName/AssetbundlesMenuItems.cs: c3bdb3cf11cdd131fd9c40f5c72fdbb7 -> bacd4da6799b9476bee68e043690ff36
  custom:scripting/monoscript/fileName/Arm.cs: 4102684b6836edb71c1e92ebf943cfad -> b923216ab6f821207b08c03afd4c6525
  custom:container-demuxer-webm: 4f35f7cbe854078d1ac9338744f61a02 -> 
  custom:scripting/monoscript/fileName/NextMeshBtn.cs: c626932f4e3ef625c1f95cbb7df53377 -> c475632899117e513eda9e15e910b76e
  custom:scripting/monoscript/fileName/FaceFeature.cs: 4fb49a14cfb347e565b8520b489cd06f -> 2d58afa4a16bca365a6beb0bf6bfaea3
  custom:scripting/monoscript/fileName/SavePrefabBtn.cs: 3a461d0b73e33e6450805a3d4c14cf7e -> fb80c3034ef9c4f90fa622ffe7f9f829
  custom:scripting/monoscript/fileName/LoaderManager.cs: 369c2be46c8c25c8c25ebdc236e1107b -> de56154becf62ebc4f0181681035238d
  custom:scripting/monoscript/fileName/SaveNameInput.cs: 38a66e5dc26bdeafde0ff106788ee663 -> aae89d2fa016e54079d9c4371e2e5f50
  custom:scripting/monoscript/fileName/Config.cs: e85a922a2347c074e5939d78a5a7a10e -> 7351639d5127e04bc4fcb4671c4a17fb
  custom:scripting/monoscript/fileName/EyeFX.cs: bb3e917396c4b9336da3800cda69d75f -> 0e9063be2785787a64aac5ac3958ba88
  custom:scripting/monoscript/fileName/JumpFallBehaviour.cs: 6e303c4d540ce7e39efab9189bb22bcd -> 71c001d1ad34a6d3b319feace6bde3ef
  custom:scripting/monoscript/fileName/PrevMeshBtn.cs: e4cc6e23cf1ae834cfc676eb293c1a5c -> b3d8856e7d265dc9c0dfa6c173a5ecfd
  custom:container-muxer-webm: aa71ff27fc2769a1b78a27578f13a17b -> 
  custom:scripting/monoscript/fileName/ClearTextureBtn.cs: 4f31783abce9af1d7ec4839287fef475 -> e3b2bcf1edcb5118f2edfda92d79dc01
  custom:scripting/monoscript/fileName/Shoes.cs: 066ec4aa35b5452249c3208e4decccac -> a3171f40fe6c3d65d3385917721d6b32
  custom:video-decoder-webm-vp8: 9c59270c3fd7afecdb556c50c9e8de78 -> 
  custom:scripting/monoscript/fileName/ConfigManager.cs: ecadd354c11a441a4c89b5fd7a9f00e6 -> caea2b28af0ab9e40fec80621d2354a1
  custom:scripting/monoscript/fileName/ClearFXBtn.cs: 9a39f15de353636ac82e469249897f2d -> 7bb97525152b99fa74400a29eaa13dea
  custom:scripting/monoscript/fileName/ClosePopup.cs: b8d454205b2ceefe37b5fd3a66ce3f21 -> 55d4b78c13dd76e50d9c188109fdf0bb
  custom:SearchIndexIgnoredProperties: e643bd26f0fe6173181afceb89e7c659 -> 
  custom:scripting/monoscript/fileName/Belt.cs: 57f9cd2ecc900069b427149243ef3bc5 -> 49eb07e37613e7bc3cd2ca1c5688a06b
  custom:AudioImporter_EditorPlatform: d09bf68614088b80899f8185d706f6e7 -> 
  custom:scripting/monoscript/fileName/AssetBundleLoadOperation.cs: 6671757952e868610efe84deb7d10911 -> 5e23b7cfd6b1aefafff250cf74ef9147
  custom:scripting/monoscript/fileName/PrevSkinMeshBtn.cs: 4b975732b197cfed11faf978a39a86d9 -> 949d41495696a789e910ed4bddee68c8
  custom:scripting/monoscript/fileName/RandomBtn.cs: 09358cb3d53669a5fb3911b12bed41f9 -> 851c8dec69594280621f9ae4205a836d
  custom:scripting/monoscript/fileName/Beard.cs: fcba2011bd59aa862783e312bcb3f1ed -> 25619eaf3bae2cd2a4b58a1e35f6de63
  custom:scripting/monoscript/fileName/EnumFlagAttribute.cs: 74d0d26091c169f8de5e9bf42af43876 -> 955415b54787984cbbb8aa271c5326e3
  custom:scripting/monoscript/fileName/LaunchAssetBundleServer.cs: fde14ca75a313e949066fe5170090bd6 -> 43db2fb10887bbfb076c6767daba67bd
  custom:scripting/monoscript/fileName/TextureManager.cs: e8b62e3c8c466c37ed390308c47b609f -> aaabee5faa243fca33eb568630ae6e8e
  custom:scripting/monoscript/fileName/RobeShort.cs: 98a985110c88276dffccdebb9b45a97a -> 3c6d536f5d6b37080b8a61040ec81de3
  custom:scripting/monoscript/fileName/AssetBundleRecord.cs: 5e3e2662beb76f92f544ca3a6af0a002 -> 5a3119d6abe586168b6fe06c7e98c69c
  custom:scripting/monoscript/fileName/TogglePopup.cs: e3546a95722da3ab7907a444f1349cba -> 1d986db86e682e16edccd0653eb2aad7
  custom:scripting/monoscript/fileName/ITextureLoader.cs: fb942611a67ee29c2d3906a7f2b2ca06 -> 5adc935e3b3fb7761c6d5c127df50233
  custom:scripting/monoscript/fileName/SaveBtn.cs: 3dfbd63f5b032b539a11095805980518 -> 62cda288bb207ed68b5083d6b77f7471
  custom:scripting/monoscript/fileName/NextSkinMeshBtn.cs: 7bde284a6144f85f7d24cd53fe360afe -> c82eddd7edff4db94905f44ef59144c1
  custom:scripting/monoscript/fileName/Head.cs: ef8602f0e05bb6f56d36072970253a56 -> 6728c540b9905eb1de06718fa4aae534
  custom:scripting/monoscript/fileName/NextFXBtn.cs: ec23ffa473c712e78d6eb18c4ae448be -> 7e2755ad9a90b6ecb18961111ed6b016
  custom:scripting/monoscript/fileName/AssetBundleBrowserMain.cs: adf460d08e5161db4df4e9efbad520b6 -> d6cbb84444c9fdda30a8092bb0794cf7
  custom:scripting/monoscript/fileName/JSONMap.cs: 0cc7c12ea7048b3ee204a6864ec14612 -> f72d2edab136c1eb89bac454d589dbd3
  custom:scripting/monoscript/fileName/AssetBundleManageTab.cs: cd787c8175c6b452036330db58559128 -> 31b1d66e60f6e821749b4e2c88c32cdd
  custom:scripting/monoscript/fileName/Torso.cs: 69b7e0d6a62aacc036b1886a4ba2587b -> 54ee6015ea03462115d4c3153edbdf8c
  custom:scripting/monoscript/fileName/AssetBundleBuildTab.cs: e4d3d716146519b1f52f6c0fe7ec5a47 -> c4f1a336c5910d1832fd9e6c972559ad
  custom:scripting/monoscript/fileName/Hair.cs: 1f4e341ec44f1e9a43da832f30eda5e7 -> a794926f97f7a5e9c465865fe7af5e1b
  custom:scripting/monoscript/fileName/AbstractMesh.cs: f416745403975ff81463073698d6e017 -> 8184b2a66042d8caaccbbd20ed31dc56
  custom:scripting/monoscript/fileName/NextTextureBtn.cs: d5a300ee8993aada97b6138db78b58aa -> 68286e9f0e1d42eee9d43ba74e34330f
  custom:scripting/monoscript/fileName/Gloves.cs: 21fa036484600f2d249c1ff665501393 -> 28f9e2f54620c042ed9595f00f2065dc
  custom:scripting/monoscript/fileName/AssetBundleManager.cs: 0e168d48c6d3576e59f6c42f92fecd60 -> c15faaf8b529192dbe9aec9afe4991fd
  custom:scripting/monoscript/fileName/RobeLong.cs: 1a7163e76453fecee35478b548086606 -> f4a05f13d9e9427f236c1f1234a17722
  custom:scripting/monoscript/fileName/InspectTreeView.cs: 4d03769e654689089e5185b09bfc6882 -> 260e1db8105b149fed2e7856746dbf0f
  custom:scripting/monoscript/fileName/MeshLoader.cs: 0b10154577fb1ae0dd2e8310eae4ddf4 -> 514b5b4b4814025e9f754ee22115b972
  custom:scripting/monoscript/fileName/PrevFXBtn.cs: 9adcb6db2d84b99fc2ba85718ff2705c -> d82c337bfc40d281d6f7be6c53a9171d
  custom:scripting/monoscript/fileName/ABModel.cs: d4f2ea81e354d5c73ab4578ede6b09b2 -> efbeff1b31df600fad6d5bea582c7fba
  custom:video-encoder-webm-vp8: eb34c28f22e8b96e1ab97ce403110664 -> 
  custom:scripting/monoscript/fileName/TextureLoader.cs: ef2efb353191380796da06838f0ca27c -> 32fee57eede5dc7675a4e8e137c57785
  custom:scripting/monoscript/fileName/Cloak.cs: 83fee273266203de062b641017c68a04 -> a5348ad8315a274870ac1256b416f4df
  custom:audio-decoder-ogg-vorbis: bf7c407c2cedff20999df2af8eb42d56 -> 
  custom:scripting/monoscript/fileName/Eyebrow.cs: a80914df48c7002be677c64522cce038 -> 60a10d1886232f9d6b3fd8be0c11fca9
  custom:scripting/monoscript/fileName/MeshUVManager.cs: 3a3d4245c35b74c0afddd620ce689573 -> fa1c5e2aa443e2c89e2f51af239fa10f
  custom:scripting/monoscript/fileName/MessageList.cs: 6b608508dbf342db2b025fa4e75150ed -> e187436fd3600e1e0afecc6a8da1f18c
  custom:scripting/monoscript/fileName/ClearMeshColorBtn.cs: 0007c8d870af1fc291acf8c091e58855 -> 45fdc58f7fbca9a24d836bd66f751d53
  custom:scripting/monoscript/fileName/MessageSystem.cs: e1fba72936ec77bbbc283ee14a4e5ac9 -> c1467679f7f8f7989b7c591fe16f095b
  custom:scripting/monoscript/fileName/Helper.cs: c607632c58e5a7e90f5ab372e55f1b53 -> 42ad14543d1a843693f11a1cb7823bdc
  custom:scripting/monoscript/fileName/TorsoAdd.cs: de2919cda7445d192f99b708ac4f8f98 -> 6a719884572b7c749207c858146f4e3c
  custom:scripting/monoscript/fileName/EnumFlagDrawer.cs: 41a8255d04f81b6824e2eb405c56f882 -> 5c63d0c0059ff695bd0ee486d1e93bdc
  custom:scripting/monoscript/fileName/Utility.cs: 28500e0d15bd811ed13877f72f01a728 -> bc7c77987476d2cc716aa6822231009e
  custom:scripting/monoscript/fileName/NextColorBtn.cs: 3c291ea58299c895d1e49ee9d26926c4 -> 3628818366004c784ce7c532472e0770
  custom:scripting/monoscript/fileName/BeltAdd.cs: cb7f04a49673453c6e59d8a19fc25506 -> 23c8e20e1dd3c9ed150a971c41b0440b
  custom:scripting/monoscript/fileName/Skin.cs: b53e0e70cea1e5a2051dbeb2d303d7bf -> fa5b8fbc5e21205ad140661bb8d1d29a
  custom:scripting/monoscript/fileName/PrevMeshColorBtn.cs: 6e7146d83f859cab20d94f99a895303c -> eb2dbdc18e08517d5e99c78a100e7907
  custom:audio-encoder-webm-vorbis: bf7c407c2cedff20999df2af8eb42d56 -> 
  custom:scripting/monoscript/fileName/Helm.cs: c26d56b2bba9bcb0ed144e3501bc4050 -> 015c5ef11547d2a56ec06cbf9181e054
  custom:scripting/monoscript/fileName/Shoulder.cs: cd26873c046cfe405838db4b32b97d24 -> cbc35143cbffbdb744890d07b8670e7e
  custom:scripting/monoscript/fileName/IMeshLoader.cs: 9ae204479feb9db18b224953da5838fd -> 103d9667209b427a4c68ea28303f3cd3
  custom:scripting/monoscript/fileName/AssetListTree.cs: 255920d2dc3ac581fe65ea217df17385 -> 95ef94b9b5c1fc8c166d91a2229d1537
  custom:scripting/monoscript/fileName/MeshTexture.cs: e035409d8c1a139d8e58746d92de0530 -> 1c4c6300614cc8e271b614963931701e
  custom:scripting/monoscript/fileName/AssetBundleTree.cs: db18b513ade8dfdb586627b6c32bbf86 -> 5c86cf837bb6943c3398dc49a567b80f
  custom:scripting/precompiled-assembly-types:Assembly-CSharp: e89d33ded739b7b16f60d762fce62a31 -> 2a57b7d9ba6c891b20990c959df4dfe7
  custom:scripting/monoscript/fileName/SpriteProcessor.cs: ecdbdd0dbf42b62f38de6c8096601c0d -> b47784218d8c2d820a413741c1f25a1f
  custom:scripting/monoscript/fileName/NextMeshColorBtn.cs: f15a2f312aac46efa390132e8e876a6a -> 3fefab99c46d758ed0e047f19be1644f
  custom:scripting/monoscript/fileName/ClearAllBtn.cs: 6b6df7aa9e75a6cecf2976db793db6eb -> bcba9c9686446fb7cf756301ebf868ec
  custom:scripting/monoscript/fileName/PlayerMoveController.cs: a4e66a81bcb2d723b3fb87dd004c6314 -> cc068b745400ee66c75378bcb7b27fdb
  custom:scripting/monoscript/fileName/ConfigLoader.cs: 62e091607cdc915ce80d4a253b61a2e7 -> db4bab6728472d9dedc7dfcc22e69d2d
  custom:scripting/monoscript/fileName/SaveItem.cs: 9fe0db1767d984560e8ce3cdb5cdd4f1 -> d881a933ade13ea32bf025db14797336
  custom:scripting/monoscript/fileName/SaveData.cs: cb74f51d5ddf1e3c0494034ad7572a91 -> b41c91a98201f94a04946b0cf063c975
  custom:scripting/monoscript/fileName/PrevColorBtn.cs: 745000830732e20a24b2b0544e8a21f7 -> e1d2791f9dd94cc4e35385ca804752d8
========================================================================
Received Prepare
Caller must complete domain reload
Begin MonoManager ReloadAssembly
- Loaded All Assemblies, in  0.709 seconds
Native extension for WindowsStandalone target not found
Native extension for Android target not found
Mono: successfully reloaded assembly
- Finished resetting the current domain, in  1.776 seconds
Domain Reload Profiling: 2482ms
	BeginReloadAssembly (200ms)
		ExecutionOrderSort (0ms)
		DisableScriptedObjects (4ms)
		BackupInstance (0ms)
		ReleaseScriptingObjects (0ms)
		CreateAndSetChildDomain (43ms)
	RebuildCommonClasses (40ms)
	RebuildNativeTypeToScriptingClass (14ms)
	initialDomainReloadingComplete (38ms)
	LoadAllAssembliesAndSetupDomain (412ms)
		LoadAssemblies (494ms)
		RebuildTransferFunctionScriptingTraits (0ms)
		AnalyzeDomain (37ms)
			TypeCache.Refresh (15ms)
				TypeCache.ScanAssembly (0ms)
			ScanForSourceGeneratedMonoScriptInfo (0ms)
			ResolveRequiredComponents (19ms)
	FinalizeReload (1777ms)
		ReleaseScriptCaches (0ms)
		RebuildScriptCaches (0ms)
		SetupLoadedEditorAssemblies (647ms)
			LogAssemblyErrors (0ms)
			InitializePlatformSupportModulesInManaged (28ms)
			SetLoadedEditorAssemblies (6ms)
			RefreshPlugins (0ms)
			BeforeProcessingInitializeOnLoad (115ms)
			ProcessInitializeOnLoadAttributes (400ms)
			ProcessInitializeOnLoadMethodAttributes (85ms)
			AfterProcessingInitializeOnLoad (13ms)
			EditorAssembliesLoaded (0ms)
		ExecutionOrderSort2 (0ms)
		AwakeInstancesAfterBackupRestoration (21ms)
WARNING: Shader Unsupported: 'Toon/Basic Outline' - All subshaders removed
WARNING: Shader Did you use #pragma only_renderers and omit this platform?
WARNING: Shader If subshaders removal was intentional, you may have forgotten turning Fallback off?
WARNING: Shader Unsupported: 'Toon/Basic Outline' - All subshaders removed
WARNING: Shader Did you use #pragma only_renderers and omit this platform?
WARNING: Shader If subshaders removal was intentional, you may have forgotten turning Fallback off?
WARNING: Shader Unsupported: 'Toon/Lit Outline' - All subshaders removed
WARNING: Shader Did you use #pragma only_renderers and omit this platform?
WARNING: Shader If subshaders removal was intentional, you may have forgotten turning Fallback off?
WARNING: Shader Unsupported: 'Toon/Lit Outline' - All subshaders removed
WARNING: Shader Did you use #pragma only_renderers and omit this platform?
WARNING: Shader If subshaders removal was intentional, you may have forgotten turning Fallback off?
Refreshing native plugins compatible for Editor in 8.24 ms, found 4 plugins.
Preloading 0 native plugins for Editor in 0.00 ms.
Unloading 5361 Unused Serialized files (Serialized files now loaded: 0)
Unloading 24 unused Assets / (0.6 MB). Loaded Objects now: 6021.
Memory consumption went from 190.9 MB to 190.3 MB.
Total: 5.948900 ms (FindLiveObjects: 0.634700 ms CreateObjectMapping: 0.510200 ms MarkObjects: 4.360100 ms  DeleteObjects: 0.442500 ms)

Prepare: number of updated asset objects reloaded= 0
AssetImportParameters requested are different than current active one (requested -> active):
  custom:scripting/monoscript/fileName/MeshTypeBone.cs: f2929f2b8ecce3a651b0fd3ffe111924 -> 843ff81fb2c811dcac98decd349efe80
  custom:scripting/monoscript/fileName/ShaderSelector.cs: 685bc00da5c5122ea4d91cfb7c33d4ce -> 521612be2626bcd49281fc726d73115d
  custom:scripting/monoscript/fileName/Hand.cs: 5052127099e76a39f6f2b58ea1ef5c1e -> 192355eabc8b0bb90d2503d57cbc29e1
  custom:scripting/monoscript/fileName/TextureFactory.cs: cee276c059ba8c5d89b2dce85c58444e -> 9b0e0386d21b5055c4b652bc661be2ca
  custom:scripting/monoscript/fileName/ExecuteInternalMono.cs: 3e44be6fc6d7f25500f51fef3364e783 -> c1dae4aa6cbf1512716dd7e8414f8006
  custom:scripting/monoscript/fileName/BundleDetailList.cs: 49a12b558eca8c309cefc20f79be4f08 -> 7b03139c488749eda460103673d30967
  custom:scripting/monoscript/fileName/ChangeSkinMeshBtn.cs: 5c6d8ac28a61c97b01d08415ec68b892 -> 58cbf8e281a1824de7ac09fd6ead4741
  custom:container-demuxer-ogg: 62fdf1f143b41e24485cea50d1cbac27 -> 
  custom:scripting/monoscript/fileName/InspectSingleBundle.cs: c4ddaa812469395f667f8059fbbafbb2 -> ff6bcd7c39743f835ec77986ad4e4842
  custom:scripting/monoscript/fileName/TorsoFX.cs: 8364f33fdfe728687ae399ca95227afe -> 5e6b4d93b934706642170673ecf5c3cb
  custom:scripting/monoscript/fileName/Scar.cs: a42aaa0f7421fdbac285e770432737fe -> 93cf6a2332a708e947886120175eb79a
  custom:scripting/monoscript/fileName/Eye.cs: afd6b945d219259bc28efd165ef781f4 -> 698a2a7ea54ef8de083e5f76c9b8d930
  custom:scripting/monoscript/fileName/PrevTextureBtn.cs: ca06f7a8c9b0f19ce544f3b94a1420fa -> 764f96572b39e13aca5f7f18826c47b4
  custom:scripting/monoscript/fileName/ClearColorBtn.cs: 1e8e6c93adda6a5ba905483e8182c1dd -> c480f5967894d16fe78f727f834b09ac
  custom:scripting/monoscript/fileName/SaveManager.cs: de2264e4a492adfd4c3a4c607fa8c9d4 -> 3fcb126c6a66ba31aa898dd5743caa30
  custom:scripting/monoscript/fileName/PrevCharacterBtn.cs: 8b169ad1106eaf0dbdbff832654707ff -> 82d84ae18bcec8ea0c987e0a3a9d6a13
  custom:scripting/monoscript/fileName/Popup.cs: 1c1ef9080900e5e97d1b14f0b41eadfa -> 2cc3075140bfd1e8dd79773fa10aee0b
  custom:scripting/monoscript/fileName/EditorBundleManager.cs: 25971b08130223425370a0c67fd24c1d -> dc4d9d3c0d3cadbde48071e4065b6fbb
  custom:scripting/monoscript/fileName/LoadBtn.cs: 70bafae7f72c9ee6623f2f31d0779c28 -> 2ea2705ebacd83d0846f91df66c28259
  custom:scripting/monoscript/fileName/TextureTypeMaskSelector.cs: 7ff2a9c585e0132e7eecc431d721fd4f -> c5691a283aa245253aed7fa0115457e3
  custom:scripting/monoscript/fileName/Pants.cs: 6c99c36b54f1584503cd85f530589db5 -> df098d75808a7fb623ca5598aed5b66e
  custom:scripting/monoscript/fileName/ABDataSourceProvider.cs: 4f93c6cdfbe44a00612a956e4ef9ffe7 -> d15a3b944396c4baae05b3f33e2f8331
  custom:video-decoder-ogg-theora: a1e56fd34408186e4bbccfd4996cb3dc -> 
  custom:scripting/monoscript/fileName/MeshManager.cs: 2f249bf80d6ae36c03b9409f5feb6c0d -> 80ab94735750c9af566e7e697efa30bc
  custom:scripting/monoscript/fileName/ABDataSource.cs: 41b8295d17e0ef0ed1d4f959baadf27f -> 7ceefc660d5f297abc8804d14984f27e
  custom:framework-win-MediaFoundation: 216162199b28c13a410421893ffa2e32 -> 
  custom:scripting/monoscript/fileName/NextCharacterBtn.cs: 3c5d6d5f91a48826bcb43d4ef5261f6a -> 271bcb60c5934eb6d4486f66396754c5
  custom:scripting/monoscript/fileName/AssetBundleInspectTab.cs: 945f43d3df2c8ee2453a9a63fa11274c -> 9c287edf6d1d376f12a8f96d01ec074a
  custom:scripting/monoscript/fileName/SaveListView.cs: e595613b43c00299f3513b824b0dabc3 -> 66f5588456e9744a16cd29a95c0a128e
  custom:scripting/monoscript/fileName/MeshFactory.cs: 4bbafa913eed9f0fb1b99654c8762909 -> a5c11ad228aefe2964b1b339054e39bc
  custom:scripting/monoscript/fileName/TestDatabase.cs: 23855a153a87fda770b086a78bc24d6d -> 
  custom:scripting/monoscript/fileName/AssetDatabaseABDataSource.cs: f87f54f41a9ae61d6c93a1ee4a7276fe -> a9068bde9865684c07718fa2f110ebd4
  custom:scripting/monoscript/fileName/AbstractFXMesh.cs: 2f7f8bc9d1b9e98b83ebf043ab545fae -> 355e798705134331d1b4e13fe77a1ba2
  custom:scripting/monoscript/fileName/IConfigLoader.cs: 290018350438b79782c4b9fdba32926e -> a4ccf3c5021bb9e95d5d05a0a09bf8bd
  custom:scripting/monoscript/fileName/ABModelBundleInfo.cs: 2188b089518dc510222192403494a01e -> 9fa50afaf3db0543d3d887b15c00368c
  custom:scripting/monoscript/fileName/Leg.cs: ef7b14f4330dc25387e1b59f0290d188 -> 43594c645958cd98f0dcb60d0855f6d1
  custom:scripting/monoscript/fileName/ABModelAssetInfo.cs: 30e23a9e1ca57fffc37b721992bcf1a0 -> cf869514a0bf82899ce1cda23bdb700e
  custom:scripting/monoscript/fileName/MeshTypeMaskSelector.cs: e94ba6f4a1adba4feee5fb7cc4e351fe -> ed92edda1c9655f258c64f35a85ef583
  custom:scripting/monoscript/fileName/ClearMeshBtn.cs: b14d5ced1c19826bfc491001a3f185d1 -> d990ebc2143de5948aea2a5badbfe15b
  custom:scripting/monoscript/fileName/MeshAndTextureTypeMaskSelector.cs: fdba9a050c9e3646ce8e80b7e936d037 -> 8a4bea39d5d059db9f897ddcbaaa5fb6
  custom:scripting/monoscript/fileName/FxMeshFactory.cs: c3e28ca0186ef5ee5525c8801ad21c5a -> 0c8ff1afadd69a3595c5d00772f68410
  custom:scripting/monoscript/fileName/FXTypeMaskSelector.cs: d74f6e4a0bcd101e2717459b81084106 -> 0f6cbde77ec3d316ca044b2bb5952a3c
  custom:scripting/monoscript/fileName/PlayerController.cs: 5b090d859ab09be631dc3b0f203f9571 -> d93a52a180fbbe603a59e9aa6da73c83
  custom:scripting/monoscript/fileName/BuildScript.cs: 426ea9e2914d6e2d91f1414353c5dafc -> 337dba19c2e29ee8e4980fc4e2019d2f
  custom:scripting/monoscript/fileName/ClearSkinMeshBtn.cs: 82d2655784ebc16abf5528736d619a9b -> a8f6aebd6c57b68160badb6bcb2d0ed6
  custom:scripting/monoscript/fileName/CreateCharacterWizard.cs: acfc968f24a9426403bd5add4843dcf8 -> 45f0e70a15c8659931d42d36cb8cac07
  custom:CustomObjectIndexerAttribute: 72b91833f83ae208fae7752999fa3104 -> 
  custom:scripting/monoscript/fileName/AbstractTexture.cs: 5fe6f2f7be7fb5a86569856b4345a004 -> e0980b08fec448804b26f5b6dad65dfd
  custom:scripting/monoscript/fileName/FollowCamera.cs: 2d720f10865b64f024b0e3fccdd261c7 -> 8d6eb8e229738de226ec56d9e22b6b63
  custom:scripting/monoscript/fileName/FxMeshTypeBone.cs: f85b6921dfd1e47314410f2e3b110e25 -> c7f230be3097e0ffbcff74b002f4c068
  custom:scripting/monoscript/fileName/AssetbundlesMenuItems.cs: c3bdb3cf11cdd131fd9c40f5c72fdbb7 -> bacd4da6799b9476bee68e043690ff36
  custom:scripting/monoscript/fileName/Arm.cs: 4102684b6836edb71c1e92ebf943cfad -> b923216ab6f821207b08c03afd4c6525
  custom:container-demuxer-webm: 4f35f7cbe854078d1ac9338744f61a02 -> 
  custom:scripting/monoscript/fileName/NextMeshBtn.cs: c626932f4e3ef625c1f95cbb7df53377 -> c475632899117e513eda9e15e910b76e
  custom:scripting/monoscript/fileName/FaceFeature.cs: 4fb49a14cfb347e565b8520b489cd06f -> 2d58afa4a16bca365a6beb0bf6bfaea3
  custom:scripting/monoscript/fileName/SavePrefabBtn.cs: 3a461d0b73e33e6450805a3d4c14cf7e -> fb80c3034ef9c4f90fa622ffe7f9f829
  custom:scripting/monoscript/fileName/LoaderManager.cs: 369c2be46c8c25c8c25ebdc236e1107b -> de56154becf62ebc4f0181681035238d
  custom:scripting/monoscript/fileName/SaveNameInput.cs: 38a66e5dc26bdeafde0ff106788ee663 -> aae89d2fa016e54079d9c4371e2e5f50
  custom:scripting/monoscript/fileName/Config.cs: e85a922a2347c074e5939d78a5a7a10e -> 7351639d5127e04bc4fcb4671c4a17fb
  custom:scripting/monoscript/fileName/EyeFX.cs: bb3e917396c4b9336da3800cda69d75f -> 0e9063be2785787a64aac5ac3958ba88
  custom:scripting/monoscript/fileName/JumpFallBehaviour.cs: 6e303c4d540ce7e39efab9189bb22bcd -> 71c001d1ad34a6d3b319feace6bde3ef
  custom:scripting/monoscript/fileName/PrevMeshBtn.cs: e4cc6e23cf1ae834cfc676eb293c1a5c -> b3d8856e7d265dc9c0dfa6c173a5ecfd
  custom:container-muxer-webm: aa71ff27fc2769a1b78a27578f13a17b -> 
  custom:scripting/monoscript/fileName/ClearTextureBtn.cs: 4f31783abce9af1d7ec4839287fef475 -> e3b2bcf1edcb5118f2edfda92d79dc01
  custom:scripting/monoscript/fileName/Shoes.cs: 066ec4aa35b5452249c3208e4decccac -> a3171f40fe6c3d65d3385917721d6b32
  custom:video-decoder-webm-vp8: 9c59270c3fd7afecdb556c50c9e8de78 -> 
  custom:scripting/monoscript/fileName/ConfigManager.cs: ecadd354c11a441a4c89b5fd7a9f00e6 -> caea2b28af0ab9e40fec80621d2354a1
  custom:scripting/monoscript/fileName/ClearFXBtn.cs: 9a39f15de353636ac82e469249897f2d -> 7bb97525152b99fa74400a29eaa13dea
  custom:scripting/monoscript/fileName/ClosePopup.cs: b8d454205b2ceefe37b5fd3a66ce3f21 -> 55d4b78c13dd76e50d9c188109fdf0bb
  custom:SearchIndexIgnoredProperties: e643bd26f0fe6173181afceb89e7c659 -> 
  custom:scripting/monoscript/fileName/Belt.cs: 57f9cd2ecc900069b427149243ef3bc5 -> 49eb07e37613e7bc3cd2ca1c5688a06b
  custom:AudioImporter_EditorPlatform: d09bf68614088b80899f8185d706f6e7 -> 
  custom:scripting/monoscript/fileName/AssetBundleLoadOperation.cs: 6671757952e868610efe84deb7d10911 -> 5e23b7cfd6b1aefafff250cf74ef9147
  custom:scripting/monoscript/fileName/PrevSkinMeshBtn.cs: 4b975732b197cfed11faf978a39a86d9 -> 949d41495696a789e910ed4bddee68c8
  custom:scripting/monoscript/fileName/RandomBtn.cs: 09358cb3d53669a5fb3911b12bed41f9 -> 851c8dec69594280621f9ae4205a836d
  custom:scripting/monoscript/fileName/Beard.cs: fcba2011bd59aa862783e312bcb3f1ed -> 25619eaf3bae2cd2a4b58a1e35f6de63
  custom:scripting/monoscript/fileName/EnumFlagAttribute.cs: 74d0d26091c169f8de5e9bf42af43876 -> 955415b54787984cbbb8aa271c5326e3
  custom:scripting/monoscript/fileName/LaunchAssetBundleServer.cs: fde14ca75a313e949066fe5170090bd6 -> 43db2fb10887bbfb076c6767daba67bd
  custom:scripting/monoscript/fileName/TextureManager.cs: e8b62e3c8c466c37ed390308c47b609f -> aaabee5faa243fca33eb568630ae6e8e
  custom:scripting/monoscript/fileName/RobeShort.cs: 98a985110c88276dffccdebb9b45a97a -> 3c6d536f5d6b37080b8a61040ec81de3
  custom:scripting/monoscript/fileName/AssetBundleRecord.cs: 5e3e2662beb76f92f544ca3a6af0a002 -> 5a3119d6abe586168b6fe06c7e98c69c
  custom:scripting/monoscript/fileName/TogglePopup.cs: e3546a95722da3ab7907a444f1349cba -> 1d986db86e682e16edccd0653eb2aad7
  custom:scripting/monoscript/fileName/ITextureLoader.cs: fb942611a67ee29c2d3906a7f2b2ca06 -> 5adc935e3b3fb7761c6d5c127df50233
  custom:scripting/monoscript/fileName/SaveBtn.cs: 3dfbd63f5b032b539a11095805980518 -> 62cda288bb207ed68b5083d6b77f7471
  custom:scripting/monoscript/fileName/NextSkinMeshBtn.cs: 7bde284a6144f85f7d24cd53fe360afe -> c82eddd7edff4db94905f44ef59144c1
  custom:scripting/monoscript/fileName/Head.cs: ef8602f0e05bb6f56d36072970253a56 -> 6728c540b9905eb1de06718fa4aae534
  custom:scripting/monoscript/fileName/NextFXBtn.cs: ec23ffa473c712e78d6eb18c4ae448be -> 7e2755ad9a90b6ecb18961111ed6b016
  custom:scripting/monoscript/fileName/AssetBundleBrowserMain.cs: adf460d08e5161db4df4e9efbad520b6 -> d6cbb84444c9fdda30a8092bb0794cf7
  custom:scripting/monoscript/fileName/JSONMap.cs: 0cc7c12ea7048b3ee204a6864ec14612 -> f72d2edab136c1eb89bac454d589dbd3
  custom:scripting/monoscript/fileName/AssetBundleManageTab.cs: cd787c8175c6b452036330db58559128 -> 31b1d66e60f6e821749b4e2c88c32cdd
  custom:scripting/monoscript/fileName/Torso.cs: 69b7e0d6a62aacc036b1886a4ba2587b -> 54ee6015ea03462115d4c3153edbdf8c
  custom:scripting/monoscript/fileName/AssetBundleBuildTab.cs: e4d3d716146519b1f52f6c0fe7ec5a47 -> c4f1a336c5910d1832fd9e6c972559ad
  custom:scripting/monoscript/fileName/Hair.cs: 1f4e341ec44f1e9a43da832f30eda5e7 -> a794926f97f7a5e9c465865fe7af5e1b
  custom:scripting/monoscript/fileName/AbstractMesh.cs: f416745403975ff81463073698d6e017 -> 8184b2a66042d8caaccbbd20ed31dc56
  custom:scripting/monoscript/fileName/NextTextureBtn.cs: d5a300ee8993aada97b6138db78b58aa -> 68286e9f0e1d42eee9d43ba74e34330f
  custom:scripting/monoscript/fileName/Gloves.cs: 21fa036484600f2d249c1ff665501393 -> 28f9e2f54620c042ed9595f00f2065dc
  custom:scripting/monoscript/fileName/AssetBundleManager.cs: 0e168d48c6d3576e59f6c42f92fecd60 -> c15faaf8b529192dbe9aec9afe4991fd
  custom:scripting/monoscript/fileName/RobeLong.cs: 1a7163e76453fecee35478b548086606 -> f4a05f13d9e9427f236c1f1234a17722
  custom:scripting/monoscript/fileName/InspectTreeView.cs: 4d03769e654689089e5185b09bfc6882 -> 260e1db8105b149fed2e7856746dbf0f
  custom:scripting/monoscript/fileName/MeshLoader.cs: 0b10154577fb1ae0dd2e8310eae4ddf4 -> 514b5b4b4814025e9f754ee22115b972
  custom:scripting/monoscript/fileName/PrevFXBtn.cs: 9adcb6db2d84b99fc2ba85718ff2705c -> d82c337bfc40d281d6f7be6c53a9171d
  custom:scripting/monoscript/fileName/ABModel.cs: d4f2ea81e354d5c73ab4578ede6b09b2 -> efbeff1b31df600fad6d5bea582c7fba
  custom:video-encoder-webm-vp8: eb34c28f22e8b96e1ab97ce403110664 -> 
  custom:scripting/monoscript/fileName/TextureLoader.cs: ef2efb353191380796da06838f0ca27c -> 32fee57eede5dc7675a4e8e137c57785
  custom:scripting/monoscript/fileName/Cloak.cs: 83fee273266203de062b641017c68a04 -> a5348ad8315a274870ac1256b416f4df
  custom:audio-decoder-ogg-vorbis: bf7c407c2cedff20999df2af8eb42d56 -> 
  custom:scripting/monoscript/fileName/Eyebrow.cs: a80914df48c7002be677c64522cce038 -> 60a10d1886232f9d6b3fd8be0c11fca9
  custom:scripting/monoscript/fileName/MeshUVManager.cs: 3a3d4245c35b74c0afddd620ce689573 -> fa1c5e2aa443e2c89e2f51af239fa10f
  custom:scripting/monoscript/fileName/MessageList.cs: 6b608508dbf342db2b025fa4e75150ed -> e187436fd3600e1e0afecc6a8da1f18c
  custom:scripting/monoscript/fileName/ClearMeshColorBtn.cs: 0007c8d870af1fc291acf8c091e58855 -> 45fdc58f7fbca9a24d836bd66f751d53
  custom:scripting/monoscript/fileName/MessageSystem.cs: e1fba72936ec77bbbc283ee14a4e5ac9 -> c1467679f7f8f7989b7c591fe16f095b
  custom:scripting/monoscript/fileName/Helper.cs: c607632c58e5a7e90f5ab372e55f1b53 -> 42ad14543d1a843693f11a1cb7823bdc
  custom:scripting/monoscript/fileName/TorsoAdd.cs: de2919cda7445d192f99b708ac4f8f98 -> 6a719884572b7c749207c858146f4e3c
  custom:scripting/monoscript/fileName/EnumFlagDrawer.cs: 41a8255d04f81b6824e2eb405c56f882 -> 5c63d0c0059ff695bd0ee486d1e93bdc
  custom:scripting/monoscript/fileName/Utility.cs: 28500e0d15bd811ed13877f72f01a728 -> bc7c77987476d2cc716aa6822231009e
  custom:scripting/monoscript/fileName/NextColorBtn.cs: 3c291ea58299c895d1e49ee9d26926c4 -> 3628818366004c784ce7c532472e0770
  custom:scripting/monoscript/fileName/BeltAdd.cs: cb7f04a49673453c6e59d8a19fc25506 -> 23c8e20e1dd3c9ed150a971c41b0440b
  custom:scripting/monoscript/fileName/Skin.cs: b53e0e70cea1e5a2051dbeb2d303d7bf -> fa5b8fbc5e21205ad140661bb8d1d29a
  custom:scripting/monoscript/fileName/PrevMeshColorBtn.cs: 6e7146d83f859cab20d94f99a895303c -> eb2dbdc18e08517d5e99c78a100e7907
  custom:audio-encoder-webm-vorbis: bf7c407c2cedff20999df2af8eb42d56 -> 
  custom:scripting/monoscript/fileName/Helm.cs: c26d56b2bba9bcb0ed144e3501bc4050 -> 015c5ef11547d2a56ec06cbf9181e054
  custom:scripting/monoscript/fileName/Shoulder.cs: cd26873c046cfe405838db4b32b97d24 -> cbc35143cbffbdb744890d07b8670e7e
  custom:scripting/monoscript/fileName/IMeshLoader.cs: 9ae204479feb9db18b224953da5838fd -> 103d9667209b427a4c68ea28303f3cd3
  custom:scripting/monoscript/fileName/AssetListTree.cs: 255920d2dc3ac581fe65ea217df17385 -> 95ef94b9b5c1fc8c166d91a2229d1537
  custom:scripting/monoscript/fileName/MeshTexture.cs: e035409d8c1a139d8e58746d92de0530 -> 1c4c6300614cc8e271b614963931701e
  custom:scripting/monoscript/fileName/AssetBundleTree.cs: db18b513ade8dfdb586627b6c32bbf86 -> 5c86cf837bb6943c3398dc49a567b80f
  custom:scripting/precompiled-assembly-types:Assembly-CSharp: e89d33ded739b7b16f60d762fce62a31 -> 2a57b7d9ba6c891b20990c959df4dfe7
  custom:scripting/monoscript/fileName/SpriteProcessor.cs: ecdbdd0dbf42b62f38de6c8096601c0d -> b47784218d8c2d820a413741c1f25a1f
  custom:scripting/monoscript/fileName/NextMeshColorBtn.cs: f15a2f312aac46efa390132e8e876a6a -> 3fefab99c46d758ed0e047f19be1644f
  custom:scripting/monoscript/fileName/ClearAllBtn.cs: 6b6df7aa9e75a6cecf2976db793db6eb -> bcba9c9686446fb7cf756301ebf868ec
  custom:scripting/monoscript/fileName/PlayerMoveController.cs: a4e66a81bcb2d723b3fb87dd004c6314 -> cc068b745400ee66c75378bcb7b27fdb
  custom:scripting/monoscript/fileName/ConfigLoader.cs: 62e091607cdc915ce80d4a253b61a2e7 -> db4bab6728472d9dedc7dfcc22e69d2d
  custom:scripting/monoscript/fileName/SaveItem.cs: 9fe0db1767d984560e8ce3cdb5cdd4f1 -> d881a933ade13ea32bf025db14797336
  custom:scripting/monoscript/fileName/SaveData.cs: cb74f51d5ddf1e3c0494034ad7572a91 -> b41c91a98201f94a04946b0cf063c975
  custom:scripting/monoscript/fileName/PrevColorBtn.cs: 745000830732e20a24b2b0544e8a21f7 -> e1d2791f9dd94cc4e35385ca804752d8
========================================================================
Received Import Request.
  Time since last request: 380.762356 seconds.
  path: Assets/EditorPersonajes/Scripts/CategoryPanel.cs
  artifactKey: Guid(376192da7313ba244a3fd14f7f31ff5f) Importer(815301076,1909f56bfc062723c751e8b465ee728b)
Start importing Assets/EditorPersonajes/Scripts/CategoryPanel.cs using Guid(376192da7313ba244a3fd14f7f31ff5f) Importer(815301076,1909f56bfc062723c751e8b465ee728b) [PhysX] Initialized MultithreadedTaskDispatcher with 12 workers.
 -> (artifact id: 'ae3385d6c992e77283bfe7a7d0fe4ead') in 0.003061 seconds
Number of updated asset objects reloaded before import = 0
Number of asset objects unloaded after import = 0
========================================================================
Received Prepare
Caller must complete domain reload
Begin MonoManager ReloadAssembly
- Loaded All Assemblies, in  0.813 seconds
Native extension for WindowsStandalone target not found
Native extension for Android target not found
Mono: successfully reloaded assembly
- Finished resetting the current domain, in  1.894 seconds
Domain Reload Profiling: 2703ms
	BeginReloadAssembly (223ms)
		ExecutionOrderSort (0ms)
		DisableScriptedObjects (7ms)
		BackupInstance (0ms)
		ReleaseScriptingObjects (0ms)
		CreateAndSetChildDomain (47ms)
	RebuildCommonClasses (35ms)
	RebuildNativeTypeToScriptingClass (10ms)
	initialDomainReloadingComplete (46ms)
	LoadAllAssembliesAndSetupDomain (496ms)
		LoadAssemblies (534ms)
		RebuildTransferFunctionScriptingTraits (0ms)
		AnalyzeDomain (82ms)
			TypeCache.Refresh (27ms)
				TypeCache.ScanAssembly (5ms)
			ScanForSourceGeneratedMonoScriptInfo (35ms)
			ResolveRequiredComponents (17ms)
	FinalizeReload (1895ms)
		ReleaseScriptCaches (0ms)
		RebuildScriptCaches (0ms)
		SetupLoadedEditorAssemblies (605ms)
			LogAssemblyErrors (0ms)
			InitializePlatformSupportModulesInManaged (31ms)
			SetLoadedEditorAssemblies (7ms)
			RefreshPlugins (0ms)
			BeforeProcessingInitializeOnLoad (108ms)
			ProcessInitializeOnLoadAttributes (373ms)
			ProcessInitializeOnLoadMethodAttributes (74ms)
			AfterProcessingInitializeOnLoad (12ms)
			EditorAssembliesLoaded (0ms)
		ExecutionOrderSort2 (0ms)
		AwakeInstancesAfterBackupRestoration (19ms)
WARNING: Shader Unsupported: 'Toon/Basic Outline' - All subshaders removed
WARNING: Shader Did you use #pragma only_renderers and omit this platform?
WARNING: Shader If subshaders removal was intentional, you may have forgotten turning Fallback off?
WARNING: Shader Unsupported: 'Toon/Basic Outline' - All subshaders removed
WARNING: Shader Did you use #pragma only_renderers and omit this platform?
WARNING: Shader If subshaders removal was intentional, you may have forgotten turning Fallback off?
WARNING: Shader Unsupported: 'Toon/Lit Outline' - All subshaders removed
WARNING: Shader Did you use #pragma only_renderers and omit this platform?
WARNING: Shader If subshaders removal was intentional, you may have forgotten turning Fallback off?
WARNING: Shader Unsupported: 'Toon/Lit Outline' - All subshaders removed
WARNING: Shader Did you use #pragma only_renderers and omit this platform?
WARNING: Shader If subshaders removal was intentional, you may have forgotten turning Fallback off?
Refreshing native plugins compatible for Editor in 10.86 ms, found 4 plugins.
Preloading 0 native plugins for Editor in 0.00 ms.
Unloading 5362 Unused Serialized files (Serialized files now loaded: 0)
Unloading 24 unused Assets / (0.6 MB). Loaded Objects now: 6027.
Memory consumption went from 190.9 MB to 190.3 MB.
Total: 6.357600 ms (FindLiveObjects: 1.323900 ms CreateObjectMapping: 0.867400 ms MarkObjects: 3.733100 ms  DeleteObjects: 0.431100 ms)

Prepare: number of updated asset objects reloaded= 0
AssetImportParameters requested are different than current active one (requested -> active):
  custom:scripting/monoscript/fileName/MeshTypeBone.cs: f2929f2b8ecce3a651b0fd3ffe111924 -> 843ff81fb2c811dcac98decd349efe80
  custom:scripting/monoscript/fileName/ShaderSelector.cs: 685bc00da5c5122ea4d91cfb7c33d4ce -> 521612be2626bcd49281fc726d73115d
  custom:scripting/monoscript/fileName/Hand.cs: 5052127099e76a39f6f2b58ea1ef5c1e -> 192355eabc8b0bb90d2503d57cbc29e1
  custom:scripting/monoscript/fileName/TextureFactory.cs: cee276c059ba8c5d89b2dce85c58444e -> 9b0e0386d21b5055c4b652bc661be2ca
  custom:scripting/monoscript/fileName/ExecuteInternalMono.cs: 3e44be6fc6d7f25500f51fef3364e783 -> c1dae4aa6cbf1512716dd7e8414f8006
  custom:scripting/monoscript/fileName/BundleDetailList.cs: 49a12b558eca8c309cefc20f79be4f08 -> 7b03139c488749eda460103673d30967
  custom:scripting/monoscript/fileName/ChangeSkinMeshBtn.cs: 5c6d8ac28a61c97b01d08415ec68b892 -> 58cbf8e281a1824de7ac09fd6ead4741
  custom:container-demuxer-ogg: 62fdf1f143b41e24485cea50d1cbac27 -> 
  custom:scripting/monoscript/fileName/InspectSingleBundle.cs: c4ddaa812469395f667f8059fbbafbb2 -> ff6bcd7c39743f835ec77986ad4e4842
  custom:scripting/monoscript/fileName/TorsoFX.cs: 8364f33fdfe728687ae399ca95227afe -> 5e6b4d93b934706642170673ecf5c3cb
  custom:scripting/monoscript/fileName/Scar.cs: a42aaa0f7421fdbac285e770432737fe -> 93cf6a2332a708e947886120175eb79a
  custom:scripting/monoscript/fileName/Eye.cs: afd6b945d219259bc28efd165ef781f4 -> 698a2a7ea54ef8de083e5f76c9b8d930
  custom:scripting/monoscript/fileName/PrevTextureBtn.cs: ca06f7a8c9b0f19ce544f3b94a1420fa -> 764f96572b39e13aca5f7f18826c47b4
  custom:scripting/monoscript/fileName/ClearColorBtn.cs: 1e8e6c93adda6a5ba905483e8182c1dd -> c480f5967894d16fe78f727f834b09ac
  custom:scripting/monoscript/fileName/SaveManager.cs: de2264e4a492adfd4c3a4c607fa8c9d4 -> 3fcb126c6a66ba31aa898dd5743caa30
  custom:scripting/monoscript/fileName/PrevCharacterBtn.cs: 8b169ad1106eaf0dbdbff832654707ff -> 82d84ae18bcec8ea0c987e0a3a9d6a13
  custom:scripting/monoscript/fileName/Popup.cs: 1c1ef9080900e5e97d1b14f0b41eadfa -> 2cc3075140bfd1e8dd79773fa10aee0b
  custom:scripting/monoscript/fileName/EditorBundleManager.cs: 25971b08130223425370a0c67fd24c1d -> dc4d9d3c0d3cadbde48071e4065b6fbb
  custom:scripting/monoscript/fileName/LoadBtn.cs: 70bafae7f72c9ee6623f2f31d0779c28 -> 2ea2705ebacd83d0846f91df66c28259
  custom:scripting/monoscript/fileName/TextureTypeMaskSelector.cs: 7ff2a9c585e0132e7eecc431d721fd4f -> c5691a283aa245253aed7fa0115457e3
  custom:scripting/monoscript/fileName/Pants.cs: 6c99c36b54f1584503cd85f530589db5 -> df098d75808a7fb623ca5598aed5b66e
  custom:scripting/monoscript/fileName/ABDataSourceProvider.cs: 4f93c6cdfbe44a00612a956e4ef9ffe7 -> d15a3b944396c4baae05b3f33e2f8331
  custom:video-decoder-ogg-theora: a1e56fd34408186e4bbccfd4996cb3dc -> 
  custom:scripting/monoscript/fileName/MeshManager.cs: 2f249bf80d6ae36c03b9409f5feb6c0d -> 80ab94735750c9af566e7e697efa30bc
  custom:scripting/monoscript/fileName/ABDataSource.cs: 41b8295d17e0ef0ed1d4f959baadf27f -> 7ceefc660d5f297abc8804d14984f27e
  custom:framework-win-MediaFoundation: 216162199b28c13a410421893ffa2e32 -> 
  custom:scripting/monoscript/fileName/NextCharacterBtn.cs: 3c5d6d5f91a48826bcb43d4ef5261f6a -> 271bcb60c5934eb6d4486f66396754c5
  custom:scripting/monoscript/fileName/AssetBundleInspectTab.cs: 945f43d3df2c8ee2453a9a63fa11274c -> 9c287edf6d1d376f12a8f96d01ec074a
  custom:scripting/monoscript/fileName/SaveListView.cs: e595613b43c00299f3513b824b0dabc3 -> 66f5588456e9744a16cd29a95c0a128e
  custom:scripting/monoscript/fileName/MeshFactory.cs: 4bbafa913eed9f0fb1b99654c8762909 -> a5c11ad228aefe2964b1b339054e39bc
  custom:scripting/monoscript/fileName/TestDatabase.cs: 23855a153a87fda770b086a78bc24d6d -> 
  custom:scripting/monoscript/fileName/AssetDatabaseABDataSource.cs: f87f54f41a9ae61d6c93a1ee4a7276fe -> a9068bde9865684c07718fa2f110ebd4
  custom:scripting/monoscript/fileName/AbstractFXMesh.cs: 2f7f8bc9d1b9e98b83ebf043ab545fae -> 355e798705134331d1b4e13fe77a1ba2
  custom:scripting/monoscript/fileName/IConfigLoader.cs: 290018350438b79782c4b9fdba32926e -> a4ccf3c5021bb9e95d5d05a0a09bf8bd
  custom:scripting/monoscript/fileName/ABModelBundleInfo.cs: 2188b089518dc510222192403494a01e -> 9fa50afaf3db0543d3d887b15c00368c
  custom:scripting/monoscript/fileName/Leg.cs: ef7b14f4330dc25387e1b59f0290d188 -> 43594c645958cd98f0dcb60d0855f6d1
  custom:scripting/monoscript/fileName/ABModelAssetInfo.cs: 30e23a9e1ca57fffc37b721992bcf1a0 -> cf869514a0bf82899ce1cda23bdb700e
  custom:scripting/monoscript/fileName/MeshTypeMaskSelector.cs: e94ba6f4a1adba4feee5fb7cc4e351fe -> ed92edda1c9655f258c64f35a85ef583
  custom:scripting/monoscript/fileName/ClearMeshBtn.cs: b14d5ced1c19826bfc491001a3f185d1 -> d990ebc2143de5948aea2a5badbfe15b
  custom:scripting/monoscript/fileName/MeshAndTextureTypeMaskSelector.cs: fdba9a050c9e3646ce8e80b7e936d037 -> 8a4bea39d5d059db9f897ddcbaaa5fb6
  custom:scripting/monoscript/fileName/FxMeshFactory.cs: c3e28ca0186ef5ee5525c8801ad21c5a -> 0c8ff1afadd69a3595c5d00772f68410
  custom:scripting/monoscript/fileName/FXTypeMaskSelector.cs: d74f6e4a0bcd101e2717459b81084106 -> 0f6cbde77ec3d316ca044b2bb5952a3c
  custom:scripting/monoscript/fileName/PlayerController.cs: 5b090d859ab09be631dc3b0f203f9571 -> d93a52a180fbbe603a59e9aa6da73c83
  custom:scripting/monoscript/fileName/BuildScript.cs: 426ea9e2914d6e2d91f1414353c5dafc -> 337dba19c2e29ee8e4980fc4e2019d2f
  custom:scripting/monoscript/fileName/ClearSkinMeshBtn.cs: 82d2655784ebc16abf5528736d619a9b -> a8f6aebd6c57b68160badb6bcb2d0ed6
  custom:scripting/monoscript/fileName/CreateCharacterWizard.cs: acfc968f24a9426403bd5add4843dcf8 -> 45f0e70a15c8659931d42d36cb8cac07
  custom:CustomObjectIndexerAttribute: 72b91833f83ae208fae7752999fa3104 -> 
  custom:scripting/monoscript/fileName/AbstractTexture.cs: 5fe6f2f7be7fb5a86569856b4345a004 -> e0980b08fec448804b26f5b6dad65dfd
  custom:scripting/monoscript/fileName/FollowCamera.cs: 2d720f10865b64f024b0e3fccdd261c7 -> 8d6eb8e229738de226ec56d9e22b6b63
  custom:scripting/monoscript/fileName/FxMeshTypeBone.cs: f85b6921dfd1e47314410f2e3b110e25 -> c7f230be3097e0ffbcff74b002f4c068
  custom:scripting/monoscript/fileName/AssetbundlesMenuItems.cs: c3bdb3cf11cdd131fd9c40f5c72fdbb7 -> bacd4da6799b9476bee68e043690ff36
  custom:scripting/monoscript/fileName/Arm.cs: 4102684b6836edb71c1e92ebf943cfad -> b923216ab6f821207b08c03afd4c6525
  custom:container-demuxer-webm: 4f35f7cbe854078d1ac9338744f61a02 -> 
  custom:scripting/monoscript/fileName/NextMeshBtn.cs: c626932f4e3ef625c1f95cbb7df53377 -> c475632899117e513eda9e15e910b76e
  custom:scripting/monoscript/fileName/FaceFeature.cs: 4fb49a14cfb347e565b8520b489cd06f -> 2d58afa4a16bca365a6beb0bf6bfaea3
  custom:scripting/monoscript/fileName/SavePrefabBtn.cs: 3a461d0b73e33e6450805a3d4c14cf7e -> fb80c3034ef9c4f90fa622ffe7f9f829
  custom:scripting/monoscript/fileName/LoaderManager.cs: 369c2be46c8c25c8c25ebdc236e1107b -> de56154becf62ebc4f0181681035238d
  custom:scripting/monoscript/fileName/SaveNameInput.cs: 38a66e5dc26bdeafde0ff106788ee663 -> aae89d2fa016e54079d9c4371e2e5f50
  custom:scripting/monoscript/fileName/Config.cs: e85a922a2347c074e5939d78a5a7a10e -> 7351639d5127e04bc4fcb4671c4a17fb
  custom:scripting/monoscript/fileName/EyeFX.cs: bb3e917396c4b9336da3800cda69d75f -> 0e9063be2785787a64aac5ac3958ba88
  custom:scripting/monoscript/fileName/CategoryPanel.cs: 2ede49e7213c224cf2b42e7bf0785af5 -> 
  custom:scripting/monoscript/fileName/JumpFallBehaviour.cs: 6e303c4d540ce7e39efab9189bb22bcd -> 71c001d1ad34a6d3b319feace6bde3ef
  custom:scripting/monoscript/fileName/PrevMeshBtn.cs: e4cc6e23cf1ae834cfc676eb293c1a5c -> b3d8856e7d265dc9c0dfa6c173a5ecfd
  custom:container-muxer-webm: aa71ff27fc2769a1b78a27578f13a17b -> 
  custom:scripting/monoscript/fileName/ClearTextureBtn.cs: 4f31783abce9af1d7ec4839287fef475 -> e3b2bcf1edcb5118f2edfda92d79dc01
  custom:scripting/monoscript/fileName/Shoes.cs: 066ec4aa35b5452249c3208e4decccac -> a3171f40fe6c3d65d3385917721d6b32
  custom:video-decoder-webm-vp8: 9c59270c3fd7afecdb556c50c9e8de78 -> 
  custom:scripting/monoscript/fileName/ConfigManager.cs: ecadd354c11a441a4c89b5fd7a9f00e6 -> caea2b28af0ab9e40fec80621d2354a1
  custom:scripting/monoscript/fileName/ClearFXBtn.cs: 9a39f15de353636ac82e469249897f2d -> 7bb97525152b99fa74400a29eaa13dea
  custom:scripting/monoscript/fileName/ClosePopup.cs: b8d454205b2ceefe37b5fd3a66ce3f21 -> 55d4b78c13dd76e50d9c188109fdf0bb
  custom:SearchIndexIgnoredProperties: e643bd26f0fe6173181afceb89e7c659 -> 
  custom:scripting/monoscript/fileName/Belt.cs: 57f9cd2ecc900069b427149243ef3bc5 -> 49eb07e37613e7bc3cd2ca1c5688a06b
  custom:AudioImporter_EditorPlatform: d09bf68614088b80899f8185d706f6e7 -> 
  custom:scripting/monoscript/fileName/AssetBundleLoadOperation.cs: 6671757952e868610efe84deb7d10911 -> 5e23b7cfd6b1aefafff250cf74ef9147
  custom:scripting/monoscript/fileName/PrevSkinMeshBtn.cs: 4b975732b197cfed11faf978a39a86d9 -> 949d41495696a789e910ed4bddee68c8
  custom:scripting/monoscript/fileName/RandomBtn.cs: 09358cb3d53669a5fb3911b12bed41f9 -> 851c8dec69594280621f9ae4205a836d
  custom:scripting/monoscript/fileName/Beard.cs: fcba2011bd59aa862783e312bcb3f1ed -> 25619eaf3bae2cd2a4b58a1e35f6de63
  custom:scripting/monoscript/fileName/EnumFlagAttribute.cs: 74d0d26091c169f8de5e9bf42af43876 -> 955415b54787984cbbb8aa271c5326e3
  custom:scripting/monoscript/fileName/LaunchAssetBundleServer.cs: fde14ca75a313e949066fe5170090bd6 -> 43db2fb10887bbfb076c6767daba67bd
  custom:scripting/monoscript/fileName/TextureManager.cs: e8b62e3c8c466c37ed390308c47b609f -> aaabee5faa243fca33eb568630ae6e8e
  custom:scripting/monoscript/fileName/RobeShort.cs: 98a985110c88276dffccdebb9b45a97a -> 3c6d536f5d6b37080b8a61040ec81de3
  custom:scripting/monoscript/fileName/AssetBundleRecord.cs: 5e3e2662beb76f92f544ca3a6af0a002 -> 5a3119d6abe586168b6fe06c7e98c69c
  custom:scripting/monoscript/fileName/TogglePopup.cs: e3546a95722da3ab7907a444f1349cba -> 1d986db86e682e16edccd0653eb2aad7
  custom:scripting/monoscript/fileName/ITextureLoader.cs: fb942611a67ee29c2d3906a7f2b2ca06 -> 5adc935e3b3fb7761c6d5c127df50233
  custom:scripting/monoscript/fileName/SaveBtn.cs: 3dfbd63f5b032b539a11095805980518 -> 62cda288bb207ed68b5083d6b77f7471
  custom:scripting/monoscript/fileName/NextSkinMeshBtn.cs: 7bde284a6144f85f7d24cd53fe360afe -> c82eddd7edff4db94905f44ef59144c1
  custom:scripting/monoscript/fileName/Head.cs: ef8602f0e05bb6f56d36072970253a56 -> 6728c540b9905eb1de06718fa4aae534
  custom:scripting/monoscript/fileName/NextFXBtn.cs: ec23ffa473c712e78d6eb18c4ae448be -> 7e2755ad9a90b6ecb18961111ed6b016
  custom:scripting/monoscript/fileName/AssetBundleBrowserMain.cs: adf460d08e5161db4df4e9efbad520b6 -> d6cbb84444c9fdda30a8092bb0794cf7
  custom:scripting/monoscript/fileName/JSONMap.cs: 0cc7c12ea7048b3ee204a6864ec14612 -> f72d2edab136c1eb89bac454d589dbd3
  custom:scripting/monoscript/fileName/AssetBundleManageTab.cs: cd787c8175c6b452036330db58559128 -> 31b1d66e60f6e821749b4e2c88c32cdd
  custom:scripting/monoscript/fileName/Torso.cs: 69b7e0d6a62aacc036b1886a4ba2587b -> 54ee6015ea03462115d4c3153edbdf8c
  custom:scripting/monoscript/fileName/AssetBundleBuildTab.cs: e4d3d716146519b1f52f6c0fe7ec5a47 -> c4f1a336c5910d1832fd9e6c972559ad
  custom:scripting/monoscript/fileName/Hair.cs: 1f4e341ec44f1e9a43da832f30eda5e7 -> a794926f97f7a5e9c465865fe7af5e1b
  custom:scripting/monoscript/fileName/AbstractMesh.cs: f416745403975ff81463073698d6e017 -> 8184b2a66042d8caaccbbd20ed31dc56
  custom:scripting/monoscript/fileName/NextTextureBtn.cs: d5a300ee8993aada97b6138db78b58aa -> 68286e9f0e1d42eee9d43ba74e34330f
  custom:scripting/monoscript/fileName/Gloves.cs: 21fa036484600f2d249c1ff665501393 -> 28f9e2f54620c042ed9595f00f2065dc
  custom:scripting/monoscript/fileName/AssetBundleManager.cs: 0e168d48c6d3576e59f6c42f92fecd60 -> c15faaf8b529192dbe9aec9afe4991fd
  custom:scripting/monoscript/fileName/RobeLong.cs: 1a7163e76453fecee35478b548086606 -> f4a05f13d9e9427f236c1f1234a17722
  custom:scripting/monoscript/fileName/InspectTreeView.cs: 4d03769e654689089e5185b09bfc6882 -> 260e1db8105b149fed2e7856746dbf0f
  custom:scripting/monoscript/fileName/MeshLoader.cs: 0b10154577fb1ae0dd2e8310eae4ddf4 -> 514b5b4b4814025e9f754ee22115b972
  custom:scripting/monoscript/fileName/PrevFXBtn.cs: 9adcb6db2d84b99fc2ba85718ff2705c -> d82c337bfc40d281d6f7be6c53a9171d
  custom:scripting/monoscript/fileName/ABModel.cs: d4f2ea81e354d5c73ab4578ede6b09b2 -> efbeff1b31df600fad6d5bea582c7fba
  custom:video-encoder-webm-vp8: eb34c28f22e8b96e1ab97ce403110664 -> 
  custom:scripting/monoscript/fileName/TextureLoader.cs: ef2efb353191380796da06838f0ca27c -> 32fee57eede5dc7675a4e8e137c57785
  custom:scripting/monoscript/fileName/Cloak.cs: 83fee273266203de062b641017c68a04 -> a5348ad8315a274870ac1256b416f4df
  custom:audio-decoder-ogg-vorbis: bf7c407c2cedff20999df2af8eb42d56 -> 
  custom:scripting/monoscript/fileName/Eyebrow.cs: a80914df48c7002be677c64522cce038 -> 60a10d1886232f9d6b3fd8be0c11fca9
  custom:scripting/monoscript/fileName/MeshUVManager.cs: 3a3d4245c35b74c0afddd620ce689573 -> fa1c5e2aa443e2c89e2f51af239fa10f
  custom:scripting/monoscript/fileName/MessageList.cs: 6b608508dbf342db2b025fa4e75150ed -> e187436fd3600e1e0afecc6a8da1f18c
  custom:scripting/monoscript/fileName/ClearMeshColorBtn.cs: 0007c8d870af1fc291acf8c091e58855 -> 45fdc58f7fbca9a24d836bd66f751d53
  custom:scripting/monoscript/fileName/MessageSystem.cs: e1fba72936ec77bbbc283ee14a4e5ac9 -> c1467679f7f8f7989b7c591fe16f095b
  custom:scripting/monoscript/fileName/Helper.cs: c607632c58e5a7e90f5ab372e55f1b53 -> 42ad14543d1a843693f11a1cb7823bdc
  custom:scripting/monoscript/fileName/TorsoAdd.cs: de2919cda7445d192f99b708ac4f8f98 -> 6a719884572b7c749207c858146f4e3c
  custom:scripting/monoscript/fileName/EnumFlagDrawer.cs: 41a8255d04f81b6824e2eb405c56f882 -> 5c63d0c0059ff695bd0ee486d1e93bdc
  custom:scripting/monoscript/fileName/Utility.cs: 28500e0d15bd811ed13877f72f01a728 -> bc7c77987476d2cc716aa6822231009e
  custom:scripting/monoscript/fileName/NextColorBtn.cs: 3c291ea58299c895d1e49ee9d26926c4 -> 3628818366004c784ce7c532472e0770
  custom:scripting/monoscript/fileName/BeltAdd.cs: cb7f04a49673453c6e59d8a19fc25506 -> 23c8e20e1dd3c9ed150a971c41b0440b
  custom:scripting/monoscript/fileName/Skin.cs: b53e0e70cea1e5a2051dbeb2d303d7bf -> fa5b8fbc5e21205ad140661bb8d1d29a
  custom:scripting/monoscript/fileName/PrevMeshColorBtn.cs: 6e7146d83f859cab20d94f99a895303c -> eb2dbdc18e08517d5e99c78a100e7907
  custom:audio-encoder-webm-vorbis: bf7c407c2cedff20999df2af8eb42d56 -> 
  custom:scripting/monoscript/fileName/Helm.cs: c26d56b2bba9bcb0ed144e3501bc4050 -> 015c5ef11547d2a56ec06cbf9181e054
  custom:scripting/monoscript/fileName/Shoulder.cs: cd26873c046cfe405838db4b32b97d24 -> cbc35143cbffbdb744890d07b8670e7e
  custom:scripting/monoscript/fileName/IMeshLoader.cs: 9ae204479feb9db18b224953da5838fd -> 103d9667209b427a4c68ea28303f3cd3
  custom:scripting/monoscript/fileName/AssetListTree.cs: 255920d2dc3ac581fe65ea217df17385 -> 95ef94b9b5c1fc8c166d91a2229d1537
  custom:scripting/monoscript/fileName/MeshTexture.cs: e035409d8c1a139d8e58746d92de0530 -> 1c4c6300614cc8e271b614963931701e
  custom:scripting/monoscript/fileName/AssetBundleTree.cs: db18b513ade8dfdb586627b6c32bbf86 -> 5c86cf837bb6943c3398dc49a567b80f
  custom:scripting/precompiled-assembly-types:Assembly-CSharp: 5d30215af6910bb32bfd3a4ad9b4488d -> 2a57b7d9ba6c891b20990c959df4dfe7
  custom:scripting/monoscript/fileName/SpriteProcessor.cs: ecdbdd0dbf42b62f38de6c8096601c0d -> b47784218d8c2d820a413741c1f25a1f
  custom:scripting/monoscript/fileName/NextMeshColorBtn.cs: f15a2f312aac46efa390132e8e876a6a -> 3fefab99c46d758ed0e047f19be1644f
  custom:scripting/monoscript/fileName/ClearAllBtn.cs: 6b6df7aa9e75a6cecf2976db793db6eb -> bcba9c9686446fb7cf756301ebf868ec
  custom:scripting/monoscript/fileName/PlayerMoveController.cs: a4e66a81bcb2d723b3fb87dd004c6314 -> cc068b745400ee66c75378bcb7b27fdb
  custom:scripting/monoscript/fileName/ConfigLoader.cs: 62e091607cdc915ce80d4a253b61a2e7 -> db4bab6728472d9dedc7dfcc22e69d2d
  custom:scripting/monoscript/fileName/SaveItem.cs: 9fe0db1767d984560e8ce3cdb5cdd4f1 -> d881a933ade13ea32bf025db14797336
  custom:scripting/monoscript/fileName/SaveData.cs: cb74f51d5ddf1e3c0494034ad7572a91 -> b41c91a98201f94a04946b0cf063c975
  custom:scripting/monoscript/fileName/PrevColorBtn.cs: 745000830732e20a24b2b0544e8a21f7 -> e1d2791f9dd94cc4e35385ca804752d8
========================================================================
Received Import Request.
  Time since last request: 10.723285 seconds.
  path: Assets/EditorPersonajes/Scripts/CategoryPanel.cs
  artifactKey: Guid(376192da7313ba244a3fd14f7f31ff5f) Importer(815301076,1909f56bfc062723c751e8b465ee728b)
Start importing Assets/EditorPersonajes/Scripts/CategoryPanel.cs using Guid(376192da7313ba244a3fd14f7f31ff5f) Importer(815301076,1909f56bfc062723c751e8b465ee728b) [PhysX] Initialized MultithreadedTaskDispatcher with 12 workers.
 -> (artifact id: '2bd381484e217be3b29e32d0f5cdeb29') in 0.002409 seconds
Number of updated asset objects reloaded before import = 0
Number of asset objects unloaded after import = 0
========================================================================
Received Import Request.
  Time since last request: 6.028814 seconds.
  path: Assets/EditorPersonajes/Scripts/CategoryPanel.cs
  artifactKey: Guid(376192da7313ba244a3fd14f7f31ff5f) Importer(815301076,1909f56bfc062723c751e8b465ee728b)
Start importing Assets/EditorPersonajes/Scripts/CategoryPanel.cs using Guid(376192da7313ba244a3fd14f7f31ff5f) Importer(815301076,1909f56bfc062723c751e8b465ee728b) [PhysX] Initialized MultithreadedTaskDispatcher with 12 workers.
 -> (artifact id: '2943bed5d3df045e96de72b89eadebc9') in 0.001466 seconds
Number of updated asset objects reloaded before import = 0
Number of asset objects unloaded after import = 0
========================================================================
Received Prepare
Caller must complete domain reload
Begin MonoManager ReloadAssembly
- Loaded All Assemblies, in  0.872 seconds
Native extension for WindowsStandalone target not found
Native extension for Android target not found
Mono: successfully reloaded assembly
- Finished resetting the current domain, in  1.531 seconds
Domain Reload Profiling: 2399ms
	BeginReloadAssembly (239ms)
		ExecutionOrderSort (0ms)
		DisableScriptedObjects (8ms)
		BackupInstance (0ms)
		ReleaseScriptingObjects (0ms)
		CreateAndSetChildDomain (60ms)
	RebuildCommonClasses (35ms)
	RebuildNativeTypeToScriptingClass (9ms)
	initialDomainReloadingComplete (54ms)
	LoadAllAssembliesAndSetupDomain (530ms)
		LoadAssemblies (588ms)
		RebuildTransferFunctionScriptingTraits (0ms)
		AnalyzeDomain (70ms)
			TypeCache.Refresh (24ms)
				TypeCache.ScanAssembly (8ms)
			ScanForSourceGeneratedMonoScriptInfo (28ms)
			ResolveRequiredComponents (12ms)
	FinalizeReload (1532ms)
		ReleaseScriptCaches (0ms)
		RebuildScriptCaches (0ms)
		SetupLoadedEditorAssemblies (529ms)
			LogAssemblyErrors (0ms)
			InitializePlatformSupportModulesInManaged (22ms)
			SetLoadedEditorAssemblies (6ms)
			RefreshPlugins (0ms)
			BeforeProcessingInitializeOnLoad (94ms)
			ProcessInitializeOnLoadAttributes (318ms)
			ProcessInitializeOnLoadMethodAttributes (78ms)
			AfterProcessingInitializeOnLoad (10ms)
			EditorAssembliesLoaded (0ms)
		ExecutionOrderSort2 (0ms)
		AwakeInstancesAfterBackupRestoration (17ms)
WARNING: Shader Unsupported: 'Toon/Basic Outline' - All subshaders removed
WARNING: Shader Did you use #pragma only_renderers and omit this platform?
WARNING: Shader If subshaders removal was intentional, you may have forgotten turning Fallback off?
WARNING: Shader Unsupported: 'Toon/Basic Outline' - All subshaders removed
WARNING: Shader Did you use #pragma only_renderers and omit this platform?
WARNING: Shader If subshaders removal was intentional, you may have forgotten turning Fallback off?
WARNING: Shader Unsupported: 'Toon/Lit Outline' - All subshaders removed
WARNING: Shader Did you use #pragma only_renderers and omit this platform?
WARNING: Shader If subshaders removal was intentional, you may have forgotten turning Fallback off?
WARNING: Shader Unsupported: 'Toon/Lit Outline' - All subshaders removed
WARNING: Shader Did you use #pragma only_renderers and omit this platform?
WARNING: Shader If subshaders removal was intentional, you may have forgotten turning Fallback off?
Refreshing native plugins compatible for Editor in 7.65 ms, found 4 plugins.
Preloading 0 native plugins for Editor in 0.00 ms.
Unloading 5362 Unused Serialized files (Serialized files now loaded: 0)
Unloading 24 unused Assets / (0.6 MB). Loaded Objects now: 6032.
Memory consumption went from 191.0 MB to 190.3 MB.
Total: 6.752300 ms (FindLiveObjects: 0.920200 ms CreateObjectMapping: 0.713200 ms MarkObjects: 4.654000 ms  DeleteObjects: 0.463200 ms)

Prepare: number of updated asset objects reloaded= 0
AssetImportParameters requested are different than current active one (requested -> active):
  custom:scripting/monoscript/fileName/MeshTypeBone.cs: f2929f2b8ecce3a651b0fd3ffe111924 -> 843ff81fb2c811dcac98decd349efe80
  custom:scripting/monoscript/fileName/ShaderSelector.cs: 685bc00da5c5122ea4d91cfb7c33d4ce -> 521612be2626bcd49281fc726d73115d
  custom:scripting/monoscript/fileName/Hand.cs: 5052127099e76a39f6f2b58ea1ef5c1e -> 192355eabc8b0bb90d2503d57cbc29e1
  custom:scripting/monoscript/fileName/TextureFactory.cs: cee276c059ba8c5d89b2dce85c58444e -> 9b0e0386d21b5055c4b652bc661be2ca
  custom:scripting/monoscript/fileName/ExecuteInternalMono.cs: 3e44be6fc6d7f25500f51fef3364e783 -> c1dae4aa6cbf1512716dd7e8414f8006
  custom:scripting/monoscript/fileName/BundleDetailList.cs: 49a12b558eca8c309cefc20f79be4f08 -> 7b03139c488749eda460103673d30967
  custom:scripting/monoscript/fileName/ChangeSkinMeshBtn.cs: 5c6d8ac28a61c97b01d08415ec68b892 -> 58cbf8e281a1824de7ac09fd6ead4741
  custom:container-demuxer-ogg: 62fdf1f143b41e24485cea50d1cbac27 -> 
  custom:scripting/monoscript/fileName/InspectSingleBundle.cs: c4ddaa812469395f667f8059fbbafbb2 -> ff6bcd7c39743f835ec77986ad4e4842
  custom:scripting/monoscript/fileName/TorsoFX.cs: 8364f33fdfe728687ae399ca95227afe -> 5e6b4d93b934706642170673ecf5c3cb
  custom:scripting/monoscript/fileName/Scar.cs: a42aaa0f7421fdbac285e770432737fe -> 93cf6a2332a708e947886120175eb79a
  custom:scripting/monoscript/fileName/Eye.cs: afd6b945d219259bc28efd165ef781f4 -> 698a2a7ea54ef8de083e5f76c9b8d930
  custom:scripting/monoscript/fileName/PrevTextureBtn.cs: ca06f7a8c9b0f19ce544f3b94a1420fa -> 764f96572b39e13aca5f7f18826c47b4
  custom:scripting/monoscript/fileName/ClearColorBtn.cs: 1e8e6c93adda6a5ba905483e8182c1dd -> c480f5967894d16fe78f727f834b09ac
  custom:scripting/monoscript/fileName/SaveManager.cs: de2264e4a492adfd4c3a4c607fa8c9d4 -> 3fcb126c6a66ba31aa898dd5743caa30
  custom:scripting/monoscript/fileName/PrevCharacterBtn.cs: 8b169ad1106eaf0dbdbff832654707ff -> 82d84ae18bcec8ea0c987e0a3a9d6a13
  custom:scripting/monoscript/fileName/Popup.cs: 1c1ef9080900e5e97d1b14f0b41eadfa -> 2cc3075140bfd1e8dd79773fa10aee0b
  custom:scripting/monoscript/fileName/EditorBundleManager.cs: 25971b08130223425370a0c67fd24c1d -> dc4d9d3c0d3cadbde48071e4065b6fbb
  custom:scripting/monoscript/fileName/LoadBtn.cs: 70bafae7f72c9ee6623f2f31d0779c28 -> 2ea2705ebacd83d0846f91df66c28259
  custom:scripting/monoscript/fileName/TextureTypeMaskSelector.cs: 7ff2a9c585e0132e7eecc431d721fd4f -> c5691a283aa245253aed7fa0115457e3
  custom:scripting/monoscript/fileName/Pants.cs: 6c99c36b54f1584503cd85f530589db5 -> df098d75808a7fb623ca5598aed5b66e
  custom:scripting/monoscript/fileName/ABDataSourceProvider.cs: 4f93c6cdfbe44a00612a956e4ef9ffe7 -> d15a3b944396c4baae05b3f33e2f8331
  custom:video-decoder-ogg-theora: a1e56fd34408186e4bbccfd4996cb3dc -> 
  custom:scripting/monoscript/fileName/MeshManager.cs: 2f249bf80d6ae36c03b9409f5feb6c0d -> 80ab94735750c9af566e7e697efa30bc
  custom:scripting/monoscript/fileName/ABDataSource.cs: 41b8295d17e0ef0ed1d4f959baadf27f -> 7ceefc660d5f297abc8804d14984f27e
  custom:framework-win-MediaFoundation: 216162199b28c13a410421893ffa2e32 -> 
  custom:scripting/monoscript/fileName/NextCharacterBtn.cs: 3c5d6d5f91a48826bcb43d4ef5261f6a -> 271bcb60c5934eb6d4486f66396754c5
  custom:scripting/monoscript/fileName/AssetBundleInspectTab.cs: 945f43d3df2c8ee2453a9a63fa11274c -> 9c287edf6d1d376f12a8f96d01ec074a
  custom:scripting/monoscript/fileName/SaveListView.cs: e595613b43c00299f3513b824b0dabc3 -> 66f5588456e9744a16cd29a95c0a128e
  custom:scripting/monoscript/fileName/MeshFactory.cs: 4bbafa913eed9f0fb1b99654c8762909 -> a5c11ad228aefe2964b1b339054e39bc
  custom:scripting/monoscript/fileName/TestDatabase.cs: 23855a153a87fda770b086a78bc24d6d -> 
  custom:scripting/monoscript/fileName/AssetDatabaseABDataSource.cs: f87f54f41a9ae61d6c93a1ee4a7276fe -> a9068bde9865684c07718fa2f110ebd4
  custom:scripting/monoscript/fileName/AbstractFXMesh.cs: 2f7f8bc9d1b9e98b83ebf043ab545fae -> 355e798705134331d1b4e13fe77a1ba2
  custom:scripting/monoscript/fileName/IConfigLoader.cs: 290018350438b79782c4b9fdba32926e -> a4ccf3c5021bb9e95d5d05a0a09bf8bd
  custom:scripting/monoscript/fileName/ABModelBundleInfo.cs: 2188b089518dc510222192403494a01e -> 9fa50afaf3db0543d3d887b15c00368c
  custom:scripting/monoscript/fileName/Leg.cs: ef7b14f4330dc25387e1b59f0290d188 -> 43594c645958cd98f0dcb60d0855f6d1
  custom:scripting/monoscript/fileName/ABModelAssetInfo.cs: 30e23a9e1ca57fffc37b721992bcf1a0 -> cf869514a0bf82899ce1cda23bdb700e
  custom:scripting/monoscript/fileName/MeshTypeMaskSelector.cs: e94ba6f4a1adba4feee5fb7cc4e351fe -> ed92edda1c9655f258c64f35a85ef583
  custom:scripting/monoscript/fileName/ClearMeshBtn.cs: b14d5ced1c19826bfc491001a3f185d1 -> d990ebc2143de5948aea2a5badbfe15b
  custom:scripting/monoscript/fileName/MeshAndTextureTypeMaskSelector.cs: fdba9a050c9e3646ce8e80b7e936d037 -> 8a4bea39d5d059db9f897ddcbaaa5fb6
  custom:scripting/monoscript/fileName/FxMeshFactory.cs: c3e28ca0186ef5ee5525c8801ad21c5a -> 0c8ff1afadd69a3595c5d00772f68410
  custom:scripting/monoscript/fileName/FXTypeMaskSelector.cs: d74f6e4a0bcd101e2717459b81084106 -> 0f6cbde77ec3d316ca044b2bb5952a3c
  custom:scripting/monoscript/fileName/PlayerController.cs: 5b090d859ab09be631dc3b0f203f9571 -> d93a52a180fbbe603a59e9aa6da73c83
  custom:scripting/monoscript/fileName/BuildScript.cs: 426ea9e2914d6e2d91f1414353c5dafc -> 337dba19c2e29ee8e4980fc4e2019d2f
  custom:scripting/monoscript/fileName/ClearSkinMeshBtn.cs: 82d2655784ebc16abf5528736d619a9b -> a8f6aebd6c57b68160badb6bcb2d0ed6
  custom:scripting/monoscript/fileName/CreateCharacterWizard.cs: acfc968f24a9426403bd5add4843dcf8 -> 45f0e70a15c8659931d42d36cb8cac07
  custom:CustomObjectIndexerAttribute: 72b91833f83ae208fae7752999fa3104 -> 
  custom:scripting/monoscript/fileName/AbstractTexture.cs: 5fe6f2f7be7fb5a86569856b4345a004 -> e0980b08fec448804b26f5b6dad65dfd
  custom:scripting/monoscript/fileName/FollowCamera.cs: 2d720f10865b64f024b0e3fccdd261c7 -> 8d6eb8e229738de226ec56d9e22b6b63
  custom:scripting/monoscript/fileName/FxMeshTypeBone.cs: f85b6921dfd1e47314410f2e3b110e25 -> c7f230be3097e0ffbcff74b002f4c068
  custom:scripting/monoscript/fileName/AssetbundlesMenuItems.cs: c3bdb3cf11cdd131fd9c40f5c72fdbb7 -> bacd4da6799b9476bee68e043690ff36
  custom:scripting/monoscript/fileName/Arm.cs: 4102684b6836edb71c1e92ebf943cfad -> b923216ab6f821207b08c03afd4c6525
  custom:container-demuxer-webm: 4f35f7cbe854078d1ac9338744f61a02 -> 
  custom:scripting/monoscript/fileName/NextMeshBtn.cs: c626932f4e3ef625c1f95cbb7df53377 -> c475632899117e513eda9e15e910b76e
  custom:scripting/monoscript/fileName/FaceFeature.cs: 4fb49a14cfb347e565b8520b489cd06f -> 2d58afa4a16bca365a6beb0bf6bfaea3
  custom:scripting/monoscript/fileName/SavePrefabBtn.cs: 3a461d0b73e33e6450805a3d4c14cf7e -> fb80c3034ef9c4f90fa622ffe7f9f829
  custom:scripting/monoscript/fileName/LoaderManager.cs: 369c2be46c8c25c8c25ebdc236e1107b -> de56154becf62ebc4f0181681035238d
  custom:scripting/monoscript/fileName/SaveNameInput.cs: 38a66e5dc26bdeafde0ff106788ee663 -> aae89d2fa016e54079d9c4371e2e5f50
  custom:scripting/monoscript/fileName/Config.cs: e85a922a2347c074e5939d78a5a7a10e -> 7351639d5127e04bc4fcb4671c4a17fb
  custom:scripting/monoscript/fileName/EyeFX.cs: bb3e917396c4b9336da3800cda69d75f -> 0e9063be2785787a64aac5ac3958ba88
  custom:scripting/monoscript/fileName/CategoryPanel.cs: 2ede49e7213c224cf2b42e7bf0785af5 -> 
  custom:scripting/monoscript/fileName/JumpFallBehaviour.cs: 6e303c4d540ce7e39efab9189bb22bcd -> 71c001d1ad34a6d3b319feace6bde3ef
  custom:scripting/monoscript/fileName/PrevMeshBtn.cs: e4cc6e23cf1ae834cfc676eb293c1a5c -> b3d8856e7d265dc9c0dfa6c173a5ecfd
  custom:container-muxer-webm: aa71ff27fc2769a1b78a27578f13a17b -> 
  custom:scripting/monoscript/fileName/ClearTextureBtn.cs: 4f31783abce9af1d7ec4839287fef475 -> e3b2bcf1edcb5118f2edfda92d79dc01
  custom:scripting/monoscript/fileName/Shoes.cs: 066ec4aa35b5452249c3208e4decccac -> a3171f40fe6c3d65d3385917721d6b32
  custom:video-decoder-webm-vp8: 9c59270c3fd7afecdb556c50c9e8de78 -> 
  custom:scripting/monoscript/fileName/ConfigManager.cs: ecadd354c11a441a4c89b5fd7a9f00e6 -> caea2b28af0ab9e40fec80621d2354a1
  custom:scripting/monoscript/fileName/ClearFXBtn.cs: 9a39f15de353636ac82e469249897f2d -> 7bb97525152b99fa74400a29eaa13dea
  custom:scripting/monoscript/fileName/ClosePopup.cs: b8d454205b2ceefe37b5fd3a66ce3f21 -> 55d4b78c13dd76e50d9c188109fdf0bb
  custom:SearchIndexIgnoredProperties: e643bd26f0fe6173181afceb89e7c659 -> 
  custom:scripting/monoscript/fileName/Belt.cs: 57f9cd2ecc900069b427149243ef3bc5 -> 49eb07e37613e7bc3cd2ca1c5688a06b
  custom:AudioImporter_EditorPlatform: d09bf68614088b80899f8185d706f6e7 -> 
  custom:scripting/monoscript/fileName/AssetBundleLoadOperation.cs: 6671757952e868610efe84deb7d10911 -> 5e23b7cfd6b1aefafff250cf74ef9147
  custom:scripting/monoscript/fileName/PrevSkinMeshBtn.cs: 4b975732b197cfed11faf978a39a86d9 -> 949d41495696a789e910ed4bddee68c8
  custom:scripting/monoscript/fileName/RandomBtn.cs: 09358cb3d53669a5fb3911b12bed41f9 -> 851c8dec69594280621f9ae4205a836d
  custom:scripting/monoscript/fileName/Beard.cs: fcba2011bd59aa862783e312bcb3f1ed -> 25619eaf3bae2cd2a4b58a1e35f6de63
  custom:scripting/monoscript/fileName/EnumFlagAttribute.cs: 74d0d26091c169f8de5e9bf42af43876 -> 955415b54787984cbbb8aa271c5326e3
  custom:scripting/monoscript/fileName/LaunchAssetBundleServer.cs: fde14ca75a313e949066fe5170090bd6 -> 43db2fb10887bbfb076c6767daba67bd
  custom:scripting/monoscript/fileName/TextureManager.cs: e8b62e3c8c466c37ed390308c47b609f -> aaabee5faa243fca33eb568630ae6e8e
  custom:scripting/monoscript/fileName/RobeShort.cs: 98a985110c88276dffccdebb9b45a97a -> 3c6d536f5d6b37080b8a61040ec81de3
  custom:scripting/monoscript/fileName/AssetBundleRecord.cs: 5e3e2662beb76f92f544ca3a6af0a002 -> 5a3119d6abe586168b6fe06c7e98c69c
  custom:scripting/monoscript/fileName/TogglePopup.cs: e3546a95722da3ab7907a444f1349cba -> 1d986db86e682e16edccd0653eb2aad7
  custom:scripting/monoscript/fileName/ITextureLoader.cs: fb942611a67ee29c2d3906a7f2b2ca06 -> 5adc935e3b3fb7761c6d5c127df50233
  custom:scripting/monoscript/fileName/SaveBtn.cs: 3dfbd63f5b032b539a11095805980518 -> 62cda288bb207ed68b5083d6b77f7471
  custom:scripting/monoscript/fileName/NextSkinMeshBtn.cs: 7bde284a6144f85f7d24cd53fe360afe -> c82eddd7edff4db94905f44ef59144c1
  custom:scripting/monoscript/fileName/Head.cs: ef8602f0e05bb6f56d36072970253a56 -> 6728c540b9905eb1de06718fa4aae534
  custom:scripting/monoscript/fileName/NextFXBtn.cs: ec23ffa473c712e78d6eb18c4ae448be -> 7e2755ad9a90b6ecb18961111ed6b016
  custom:scripting/monoscript/fileName/AssetBundleBrowserMain.cs: adf460d08e5161db4df4e9efbad520b6 -> d6cbb84444c9fdda30a8092bb0794cf7
  custom:scripting/monoscript/fileName/JSONMap.cs: 0cc7c12ea7048b3ee204a6864ec14612 -> f72d2edab136c1eb89bac454d589dbd3
  custom:scripting/monoscript/fileName/AssetBundleManageTab.cs: cd787c8175c6b452036330db58559128 -> 31b1d66e60f6e821749b4e2c88c32cdd
  custom:scripting/monoscript/fileName/Torso.cs: 69b7e0d6a62aacc036b1886a4ba2587b -> 54ee6015ea03462115d4c3153edbdf8c
  custom:scripting/monoscript/fileName/AssetBundleBuildTab.cs: e4d3d716146519b1f52f6c0fe7ec5a47 -> c4f1a336c5910d1832fd9e6c972559ad
  custom:scripting/monoscript/fileName/Hair.cs: 1f4e341ec44f1e9a43da832f30eda5e7 -> a794926f97f7a5e9c465865fe7af5e1b
  custom:scripting/monoscript/fileName/AbstractMesh.cs: f416745403975ff81463073698d6e017 -> 8184b2a66042d8caaccbbd20ed31dc56
  custom:scripting/monoscript/fileName/NextTextureBtn.cs: d5a300ee8993aada97b6138db78b58aa -> 68286e9f0e1d42eee9d43ba74e34330f
  custom:scripting/monoscript/fileName/Gloves.cs: 21fa036484600f2d249c1ff665501393 -> 28f9e2f54620c042ed9595f00f2065dc
  custom:scripting/monoscript/fileName/AssetBundleManager.cs: 0e168d48c6d3576e59f6c42f92fecd60 -> c15faaf8b529192dbe9aec9afe4991fd
  custom:scripting/monoscript/fileName/RobeLong.cs: 1a7163e76453fecee35478b548086606 -> f4a05f13d9e9427f236c1f1234a17722
  custom:scripting/monoscript/fileName/InspectTreeView.cs: 4d03769e654689089e5185b09bfc6882 -> 260e1db8105b149fed2e7856746dbf0f
  custom:scripting/monoscript/fileName/MeshLoader.cs: 0b10154577fb1ae0dd2e8310eae4ddf4 -> 514b5b4b4814025e9f754ee22115b972
  custom:scripting/monoscript/fileName/PrevFXBtn.cs: 9adcb6db2d84b99fc2ba85718ff2705c -> d82c337bfc40d281d6f7be6c53a9171d
  custom:scripting/monoscript/fileName/ABModel.cs: d4f2ea81e354d5c73ab4578ede6b09b2 -> efbeff1b31df600fad6d5bea582c7fba
  custom:video-encoder-webm-vp8: eb34c28f22e8b96e1ab97ce403110664 -> 
  custom:scripting/monoscript/fileName/TextureLoader.cs: ef2efb353191380796da06838f0ca27c -> 32fee57eede5dc7675a4e8e137c57785
  custom:scripting/monoscript/fileName/Cloak.cs: 83fee273266203de062b641017c68a04 -> a5348ad8315a274870ac1256b416f4df
  custom:audio-decoder-ogg-vorbis: bf7c407c2cedff20999df2af8eb42d56 -> 
  custom:scripting/monoscript/fileName/Eyebrow.cs: a80914df48c7002be677c64522cce038 -> 60a10d1886232f9d6b3fd8be0c11fca9
  custom:scripting/monoscript/fileName/MeshUVManager.cs: 3a3d4245c35b74c0afddd620ce689573 -> fa1c5e2aa443e2c89e2f51af239fa10f
  custom:scripting/monoscript/fileName/MessageList.cs: 6b608508dbf342db2b025fa4e75150ed -> e187436fd3600e1e0afecc6a8da1f18c
  custom:scripting/monoscript/fileName/ClearMeshColorBtn.cs: 0007c8d870af1fc291acf8c091e58855 -> 45fdc58f7fbca9a24d836bd66f751d53
  custom:scripting/monoscript/fileName/MessageSystem.cs: e1fba72936ec77bbbc283ee14a4e5ac9 -> c1467679f7f8f7989b7c591fe16f095b
  custom:scripting/monoscript/fileName/Helper.cs: c607632c58e5a7e90f5ab372e55f1b53 -> 42ad14543d1a843693f11a1cb7823bdc
  custom:scripting/monoscript/fileName/TorsoAdd.cs: de2919cda7445d192f99b708ac4f8f98 -> 6a719884572b7c749207c858146f4e3c
  custom:scripting/monoscript/fileName/EnumFlagDrawer.cs: 41a8255d04f81b6824e2eb405c56f882 -> 5c63d0c0059ff695bd0ee486d1e93bdc
  custom:scripting/monoscript/fileName/Utility.cs: 28500e0d15bd811ed13877f72f01a728 -> bc7c77987476d2cc716aa6822231009e
  custom:scripting/monoscript/fileName/NextColorBtn.cs: 3c291ea58299c895d1e49ee9d26926c4 -> 3628818366004c784ce7c532472e0770
  custom:scripting/monoscript/fileName/BeltAdd.cs: cb7f04a49673453c6e59d8a19fc25506 -> 23c8e20e1dd3c9ed150a971c41b0440b
  custom:scripting/monoscript/fileName/Skin.cs: b53e0e70cea1e5a2051dbeb2d303d7bf -> fa5b8fbc5e21205ad140661bb8d1d29a
  custom:scripting/monoscript/fileName/PrevMeshColorBtn.cs: 6e7146d83f859cab20d94f99a895303c -> eb2dbdc18e08517d5e99c78a100e7907
  custom:audio-encoder-webm-vorbis: bf7c407c2cedff20999df2af8eb42d56 -> 
  custom:scripting/monoscript/fileName/Helm.cs: c26d56b2bba9bcb0ed144e3501bc4050 -> 015c5ef11547d2a56ec06cbf9181e054
  custom:scripting/monoscript/fileName/Shoulder.cs: cd26873c046cfe405838db4b32b97d24 -> cbc35143cbffbdb744890d07b8670e7e
  custom:scripting/monoscript/fileName/IMeshLoader.cs: 9ae204479feb9db18b224953da5838fd -> 103d9667209b427a4c68ea28303f3cd3
  custom:scripting/monoscript/fileName/AssetListTree.cs: 255920d2dc3ac581fe65ea217df17385 -> 95ef94b9b5c1fc8c166d91a2229d1537
  custom:scripting/monoscript/fileName/MeshTexture.cs: e035409d8c1a139d8e58746d92de0530 -> 1c4c6300614cc8e271b614963931701e
  custom:scripting/monoscript/fileName/AssetBundleTree.cs: db18b513ade8dfdb586627b6c32bbf86 -> 5c86cf837bb6943c3398dc49a567b80f
  custom:scripting/precompiled-assembly-types:Assembly-CSharp: 509c911f86d0f60689b2dee53155effb -> 2a57b7d9ba6c891b20990c959df4dfe7
  custom:scripting/monoscript/fileName/SpriteProcessor.cs: ecdbdd0dbf42b62f38de6c8096601c0d -> b47784218d8c2d820a413741c1f25a1f
  custom:scripting/monoscript/fileName/NextMeshColorBtn.cs: f15a2f312aac46efa390132e8e876a6a -> 3fefab99c46d758ed0e047f19be1644f
  custom:scripting/monoscript/fileName/ClearAllBtn.cs: 6b6df7aa9e75a6cecf2976db793db6eb -> bcba9c9686446fb7cf756301ebf868ec
  custom:scripting/monoscript/fileName/PlayerMoveController.cs: a4e66a81bcb2d723b3fb87dd004c6314 -> cc068b745400ee66c75378bcb7b27fdb
  custom:scripting/monoscript/fileName/ConfigLoader.cs: 62e091607cdc915ce80d4a253b61a2e7 -> db4bab6728472d9dedc7dfcc22e69d2d
  custom:scripting/monoscript/fileName/SaveItem.cs: 9fe0db1767d984560e8ce3cdb5cdd4f1 -> d881a933ade13ea32bf025db14797336
  custom:scripting/monoscript/fileName/SaveData.cs: cb74f51d5ddf1e3c0494034ad7572a91 -> b41c91a98201f94a04946b0cf063c975
  custom:scripting/monoscript/fileName/PrevColorBtn.cs: 745000830732e20a24b2b0544e8a21f7 -> e1d2791f9dd94cc4e35385ca804752d8
========================================================================
Received Import Request.
  Time since last request: 15.547087 seconds.
  path: Assets/EditorPersonajes/Scripts/CharacterCustomizer.cs
  artifactKey: Guid(c4fbe804c64fcdb40ad232fb7fa75e8f) Importer(815301076,1909f56bfc062723c751e8b465ee728b)
Start importing Assets/EditorPersonajes/Scripts/CharacterCustomizer.cs using Guid(c4fbe804c64fcdb40ad232fb7fa75e8f) Importer(815301076,1909f56bfc062723c751e8b465ee728b) [PhysX] Initialized MultithreadedTaskDispatcher with 12 workers.
 -> (artifact id: '0f522be081edbd4e07bc29c4b69dbf8a') in 0.004967 seconds
Number of updated asset objects reloaded before import = 0
Number of asset objects unloaded after import = 0
========================================================================
Received Prepare
Caller must complete domain reload
Begin MonoManager ReloadAssembly
- Loaded All Assemblies, in  0.814 seconds
Native extension for WindowsStandalone target not found
Native extension for Android target not found
Mono: successfully reloaded assembly
- Finished resetting the current domain, in  2.015 seconds
Domain Reload Profiling: 2823ms
	BeginReloadAssembly (218ms)
		ExecutionOrderSort (0ms)
		DisableScriptedObjects (6ms)
		BackupInstance (0ms)
		ReleaseScriptingObjects (0ms)
		CreateAndSetChildDomain (56ms)
	RebuildCommonClasses (35ms)
	RebuildNativeTypeToScriptingClass (11ms)
	initialDomainReloadingComplete (43ms)
	LoadAllAssembliesAndSetupDomain (501ms)
		LoadAssemblies (554ms)
		RebuildTransferFunctionScriptingTraits (0ms)
		AnalyzeDomain (62ms)
			TypeCache.Refresh (22ms)
				TypeCache.ScanAssembly (5ms)
			ScanForSourceGeneratedMonoScriptInfo (25ms)
			ResolveRequiredComponents (13ms)
	FinalizeReload (2015ms)
		ReleaseScriptCaches (0ms)
		RebuildScriptCaches (0ms)
		SetupLoadedEditorAssemblies (743ms)
			LogAssemblyErrors (0ms)
			InitializePlatformSupportModulesInManaged (41ms)
			SetLoadedEditorAssemblies (10ms)
			RefreshPlugins (0ms)
			BeforeProcessingInitializeOnLoad (179ms)
			ProcessInitializeOnLoadAttributes (388ms)
			ProcessInitializeOnLoadMethodAttributes (112ms)
			AfterProcessingInitializeOnLoad (13ms)
			EditorAssembliesLoaded (0ms)
		ExecutionOrderSort2 (0ms)
		AwakeInstancesAfterBackupRestoration (25ms)
WARNING: Shader Unsupported: 'Toon/Basic Outline' - All subshaders removed
WARNING: Shader Did you use #pragma only_renderers and omit this platform?
WARNING: Shader If subshaders removal was intentional, you may have forgotten turning Fallback off?
WARNING: Shader Unsupported: 'Toon/Basic Outline' - All subshaders removed
WARNING: Shader Did you use #pragma only_renderers and omit this platform?
WARNING: Shader If subshaders removal was intentional, you may have forgotten turning Fallback off?
WARNING: Shader Unsupported: 'Toon/Lit Outline' - All subshaders removed
WARNING: Shader Did you use #pragma only_renderers and omit this platform?
WARNING: Shader If subshaders removal was intentional, you may have forgotten turning Fallback off?
WARNING: Shader Unsupported: 'Toon/Lit Outline' - All subshaders removed
WARNING: Shader Did you use #pragma only_renderers and omit this platform?
WARNING: Shader If subshaders removal was intentional, you may have forgotten turning Fallback off?
Refreshing native plugins compatible for Editor in 12.16 ms, found 4 plugins.
Preloading 0 native plugins for Editor in 0.00 ms.
Unloading 5363 Unused Serialized files (Serialized files now loaded: 0)
Unloading 24 unused Assets / (0.6 MB). Loaded Objects now: 6038.
Memory consumption went from 191.0 MB to 190.4 MB.
Total: 8.898400 ms (FindLiveObjects: 1.333000 ms CreateObjectMapping: 1.218700 ms MarkObjects: 5.805000 ms  DeleteObjects: 0.539900 ms)

Prepare: number of updated asset objects reloaded= 0
AssetImportParameters requested are different than current active one (requested -> active):
  custom:scripting/monoscript/fileName/MeshTypeBone.cs: f2929f2b8ecce3a651b0fd3ffe111924 -> 843ff81fb2c811dcac98decd349efe80
  custom:scripting/monoscript/fileName/ShaderSelector.cs: 685bc00da5c5122ea4d91cfb7c33d4ce -> 521612be2626bcd49281fc726d73115d
  custom:scripting/monoscript/fileName/Hand.cs: 5052127099e76a39f6f2b58ea1ef5c1e -> 192355eabc8b0bb90d2503d57cbc29e1
  custom:scripting/monoscript/fileName/TextureFactory.cs: cee276c059ba8c5d89b2dce85c58444e -> 9b0e0386d21b5055c4b652bc661be2ca
  custom:scripting/monoscript/fileName/ExecuteInternalMono.cs: 3e44be6fc6d7f25500f51fef3364e783 -> c1dae4aa6cbf1512716dd7e8414f8006
  custom:scripting/monoscript/fileName/BundleDetailList.cs: 49a12b558eca8c309cefc20f79be4f08 -> 7b03139c488749eda460103673d30967
  custom:scripting/monoscript/fileName/ChangeSkinMeshBtn.cs: 5c6d8ac28a61c97b01d08415ec68b892 -> 58cbf8e281a1824de7ac09fd6ead4741
  custom:container-demuxer-ogg: 62fdf1f143b41e24485cea50d1cbac27 -> 
  custom:scripting/monoscript/fileName/InspectSingleBundle.cs: c4ddaa812469395f667f8059fbbafbb2 -> ff6bcd7c39743f835ec77986ad4e4842
  custom:scripting/monoscript/fileName/TorsoFX.cs: 8364f33fdfe728687ae399ca95227afe -> 5e6b4d93b934706642170673ecf5c3cb
  custom:scripting/monoscript/fileName/Scar.cs: a42aaa0f7421fdbac285e770432737fe -> 93cf6a2332a708e947886120175eb79a
  custom:scripting/monoscript/fileName/Eye.cs: afd6b945d219259bc28efd165ef781f4 -> 698a2a7ea54ef8de083e5f76c9b8d930
  custom:scripting/monoscript/fileName/PrevTextureBtn.cs: ca06f7a8c9b0f19ce544f3b94a1420fa -> 764f96572b39e13aca5f7f18826c47b4
  custom:scripting/monoscript/fileName/ClearColorBtn.cs: 1e8e6c93adda6a5ba905483e8182c1dd -> c480f5967894d16fe78f727f834b09ac
  custom:scripting/monoscript/fileName/SaveManager.cs: de2264e4a492adfd4c3a4c607fa8c9d4 -> 3fcb126c6a66ba31aa898dd5743caa30
  custom:scripting/monoscript/fileName/PrevCharacterBtn.cs: 8b169ad1106eaf0dbdbff832654707ff -> 82d84ae18bcec8ea0c987e0a3a9d6a13
  custom:scripting/monoscript/fileName/Popup.cs: 1c1ef9080900e5e97d1b14f0b41eadfa -> 2cc3075140bfd1e8dd79773fa10aee0b
  custom:scripting/monoscript/fileName/EditorBundleManager.cs: 25971b08130223425370a0c67fd24c1d -> dc4d9d3c0d3cadbde48071e4065b6fbb
  custom:scripting/monoscript/fileName/LoadBtn.cs: 70bafae7f72c9ee6623f2f31d0779c28 -> 2ea2705ebacd83d0846f91df66c28259
  custom:scripting/monoscript/fileName/TextureTypeMaskSelector.cs: 7ff2a9c585e0132e7eecc431d721fd4f -> c5691a283aa245253aed7fa0115457e3
  custom:scripting/monoscript/fileName/Pants.cs: 6c99c36b54f1584503cd85f530589db5 -> df098d75808a7fb623ca5598aed5b66e
  custom:scripting/monoscript/fileName/ABDataSourceProvider.cs: 4f93c6cdfbe44a00612a956e4ef9ffe7 -> d15a3b944396c4baae05b3f33e2f8331
  custom:video-decoder-ogg-theora: a1e56fd34408186e4bbccfd4996cb3dc -> 
  custom:scripting/monoscript/fileName/MeshManager.cs: 2f249bf80d6ae36c03b9409f5feb6c0d -> 80ab94735750c9af566e7e697efa30bc
  custom:scripting/monoscript/fileName/ABDataSource.cs: 41b8295d17e0ef0ed1d4f959baadf27f -> 7ceefc660d5f297abc8804d14984f27e
  custom:framework-win-MediaFoundation: 216162199b28c13a410421893ffa2e32 -> 
  custom:scripting/monoscript/fileName/NextCharacterBtn.cs: 3c5d6d5f91a48826bcb43d4ef5261f6a -> 271bcb60c5934eb6d4486f66396754c5
  custom:scripting/monoscript/fileName/AssetBundleInspectTab.cs: 945f43d3df2c8ee2453a9a63fa11274c -> 9c287edf6d1d376f12a8f96d01ec074a
  custom:scripting/monoscript/fileName/SaveListView.cs: e595613b43c00299f3513b824b0dabc3 -> 66f5588456e9744a16cd29a95c0a128e
  custom:scripting/monoscript/fileName/MeshFactory.cs: 4bbafa913eed9f0fb1b99654c8762909 -> a5c11ad228aefe2964b1b339054e39bc
  custom:scripting/monoscript/fileName/CharacterCustomizer.cs: 44dc57aa29d8c03900822fff1a485fd6 -> 
  custom:scripting/monoscript/fileName/TestDatabase.cs: 23855a153a87fda770b086a78bc24d6d -> 
  custom:scripting/monoscript/fileName/AssetDatabaseABDataSource.cs: f87f54f41a9ae61d6c93a1ee4a7276fe -> a9068bde9865684c07718fa2f110ebd4
  custom:scripting/monoscript/fileName/AbstractFXMesh.cs: 2f7f8bc9d1b9e98b83ebf043ab545fae -> 355e798705134331d1b4e13fe77a1ba2
  custom:scripting/monoscript/fileName/IConfigLoader.cs: 290018350438b79782c4b9fdba32926e -> a4ccf3c5021bb9e95d5d05a0a09bf8bd
  custom:scripting/monoscript/fileName/ABModelBundleInfo.cs: 2188b089518dc510222192403494a01e -> 9fa50afaf3db0543d3d887b15c00368c
  custom:scripting/monoscript/fileName/Leg.cs: ef7b14f4330dc25387e1b59f0290d188 -> 43594c645958cd98f0dcb60d0855f6d1
  custom:scripting/monoscript/fileName/ABModelAssetInfo.cs: 30e23a9e1ca57fffc37b721992bcf1a0 -> cf869514a0bf82899ce1cda23bdb700e
  custom:scripting/monoscript/fileName/MeshTypeMaskSelector.cs: e94ba6f4a1adba4feee5fb7cc4e351fe -> ed92edda1c9655f258c64f35a85ef583
  custom:scripting/monoscript/fileName/ClearMeshBtn.cs: b14d5ced1c19826bfc491001a3f185d1 -> d990ebc2143de5948aea2a5badbfe15b
  custom:scripting/monoscript/fileName/MeshAndTextureTypeMaskSelector.cs: fdba9a050c9e3646ce8e80b7e936d037 -> 8a4bea39d5d059db9f897ddcbaaa5fb6
  custom:scripting/monoscript/fileName/FxMeshFactory.cs: c3e28ca0186ef5ee5525c8801ad21c5a -> 0c8ff1afadd69a3595c5d00772f68410
  custom:scripting/monoscript/fileName/FXTypeMaskSelector.cs: d74f6e4a0bcd101e2717459b81084106 -> 0f6cbde77ec3d316ca044b2bb5952a3c
  custom:scripting/monoscript/fileName/PlayerController.cs: 5b090d859ab09be631dc3b0f203f9571 -> d93a52a180fbbe603a59e9aa6da73c83
  custom:scripting/monoscript/fileName/BuildScript.cs: 426ea9e2914d6e2d91f1414353c5dafc -> 337dba19c2e29ee8e4980fc4e2019d2f
  custom:scripting/monoscript/fileName/ClearSkinMeshBtn.cs: 82d2655784ebc16abf5528736d619a9b -> a8f6aebd6c57b68160badb6bcb2d0ed6
  custom:scripting/monoscript/fileName/CreateCharacterWizard.cs: acfc968f24a9426403bd5add4843dcf8 -> 45f0e70a15c8659931d42d36cb8cac07
  custom:CustomObjectIndexerAttribute: 72b91833f83ae208fae7752999fa3104 -> 
  custom:scripting/monoscript/fileName/AbstractTexture.cs: 5fe6f2f7be7fb5a86569856b4345a004 -> e0980b08fec448804b26f5b6dad65dfd
  custom:scripting/monoscript/fileName/FollowCamera.cs: 2d720f10865b64f024b0e3fccdd261c7 -> 8d6eb8e229738de226ec56d9e22b6b63
  custom:scripting/monoscript/fileName/FxMeshTypeBone.cs: f85b6921dfd1e47314410f2e3b110e25 -> c7f230be3097e0ffbcff74b002f4c068
  custom:scripting/monoscript/fileName/AssetbundlesMenuItems.cs: c3bdb3cf11cdd131fd9c40f5c72fdbb7 -> bacd4da6799b9476bee68e043690ff36
  custom:scripting/monoscript/fileName/Arm.cs: 4102684b6836edb71c1e92ebf943cfad -> b923216ab6f821207b08c03afd4c6525
  custom:container-demuxer-webm: 4f35f7cbe854078d1ac9338744f61a02 -> 
  custom:scripting/monoscript/fileName/NextMeshBtn.cs: c626932f4e3ef625c1f95cbb7df53377 -> c475632899117e513eda9e15e910b76e
  custom:scripting/monoscript/fileName/FaceFeature.cs: 4fb49a14cfb347e565b8520b489cd06f -> 2d58afa4a16bca365a6beb0bf6bfaea3
  custom:scripting/monoscript/fileName/SavePrefabBtn.cs: 3a461d0b73e33e6450805a3d4c14cf7e -> fb80c3034ef9c4f90fa622ffe7f9f829
  custom:scripting/monoscript/fileName/LoaderManager.cs: 369c2be46c8c25c8c25ebdc236e1107b -> de56154becf62ebc4f0181681035238d
  custom:scripting/monoscript/fileName/SaveNameInput.cs: 38a66e5dc26bdeafde0ff106788ee663 -> aae89d2fa016e54079d9c4371e2e5f50
  custom:scripting/monoscript/fileName/Config.cs: e85a922a2347c074e5939d78a5a7a10e -> 7351639d5127e04bc4fcb4671c4a17fb
  custom:scripting/monoscript/fileName/EyeFX.cs: bb3e917396c4b9336da3800cda69d75f -> 0e9063be2785787a64aac5ac3958ba88
  custom:scripting/monoscript/fileName/CategoryPanel.cs: 2ede49e7213c224cf2b42e7bf0785af5 -> 
  custom:scripting/monoscript/fileName/JumpFallBehaviour.cs: 6e303c4d540ce7e39efab9189bb22bcd -> 71c001d1ad34a6d3b319feace6bde3ef
  custom:scripting/monoscript/fileName/PrevMeshBtn.cs: e4cc6e23cf1ae834cfc676eb293c1a5c -> b3d8856e7d265dc9c0dfa6c173a5ecfd
  custom:container-muxer-webm: aa71ff27fc2769a1b78a27578f13a17b -> 
  custom:scripting/monoscript/fileName/ClearTextureBtn.cs: 4f31783abce9af1d7ec4839287fef475 -> e3b2bcf1edcb5118f2edfda92d79dc01
  custom:scripting/monoscript/fileName/Shoes.cs: 066ec4aa35b5452249c3208e4decccac -> a3171f40fe6c3d65d3385917721d6b32
  custom:video-decoder-webm-vp8: 9c59270c3fd7afecdb556c50c9e8de78 -> 
  custom:scripting/monoscript/fileName/ConfigManager.cs: ecadd354c11a441a4c89b5fd7a9f00e6 -> caea2b28af0ab9e40fec80621d2354a1
  custom:scripting/monoscript/fileName/ClearFXBtn.cs: 9a39f15de353636ac82e469249897f2d -> 7bb97525152b99fa74400a29eaa13dea
  custom:scripting/monoscript/fileName/ClosePopup.cs: b8d454205b2ceefe37b5fd3a66ce3f21 -> 55d4b78c13dd76e50d9c188109fdf0bb
  custom:SearchIndexIgnoredProperties: e643bd26f0fe6173181afceb89e7c659 -> 
  custom:scripting/monoscript/fileName/Belt.cs: 57f9cd2ecc900069b427149243ef3bc5 -> 49eb07e37613e7bc3cd2ca1c5688a06b
  custom:AudioImporter_EditorPlatform: d09bf68614088b80899f8185d706f6e7 -> 
  custom:scripting/monoscript/fileName/AssetBundleLoadOperation.cs: 6671757952e868610efe84deb7d10911 -> 5e23b7cfd6b1aefafff250cf74ef9147
  custom:scripting/monoscript/fileName/PrevSkinMeshBtn.cs: 4b975732b197cfed11faf978a39a86d9 -> 949d41495696a789e910ed4bddee68c8
  custom:scripting/monoscript/fileName/RandomBtn.cs: 09358cb3d53669a5fb3911b12bed41f9 -> 851c8dec69594280621f9ae4205a836d
  custom:scripting/monoscript/fileName/Beard.cs: fcba2011bd59aa862783e312bcb3f1ed -> 25619eaf3bae2cd2a4b58a1e35f6de63
  custom:scripting/monoscript/fileName/EnumFlagAttribute.cs: 74d0d26091c169f8de5e9bf42af43876 -> 955415b54787984cbbb8aa271c5326e3
  custom:scripting/monoscript/fileName/LaunchAssetBundleServer.cs: fde14ca75a313e949066fe5170090bd6 -> 43db2fb10887bbfb076c6767daba67bd
  custom:scripting/monoscript/fileName/TextureManager.cs: e8b62e3c8c466c37ed390308c47b609f -> aaabee5faa243fca33eb568630ae6e8e
  custom:scripting/monoscript/fileName/RobeShort.cs: 98a985110c88276dffccdebb9b45a97a -> 3c6d536f5d6b37080b8a61040ec81de3
  custom:scripting/monoscript/fileName/AssetBundleRecord.cs: 5e3e2662beb76f92f544ca3a6af0a002 -> 5a3119d6abe586168b6fe06c7e98c69c
  custom:scripting/monoscript/fileName/TogglePopup.cs: e3546a95722da3ab7907a444f1349cba -> 1d986db86e682e16edccd0653eb2aad7
  custom:scripting/monoscript/fileName/ITextureLoader.cs: fb942611a67ee29c2d3906a7f2b2ca06 -> 5adc935e3b3fb7761c6d5c127df50233
  custom:scripting/monoscript/fileName/SaveBtn.cs: 3dfbd63f5b032b539a11095805980518 -> 62cda288bb207ed68b5083d6b77f7471
  custom:scripting/monoscript/fileName/NextSkinMeshBtn.cs: 7bde284a6144f85f7d24cd53fe360afe -> c82eddd7edff4db94905f44ef59144c1
  custom:scripting/monoscript/fileName/Head.cs: ef8602f0e05bb6f56d36072970253a56 -> 6728c540b9905eb1de06718fa4aae534
  custom:scripting/monoscript/fileName/NextFXBtn.cs: ec23ffa473c712e78d6eb18c4ae448be -> 7e2755ad9a90b6ecb18961111ed6b016
  custom:scripting/monoscript/fileName/AssetBundleBrowserMain.cs: adf460d08e5161db4df4e9efbad520b6 -> d6cbb84444c9fdda30a8092bb0794cf7
  custom:scripting/monoscript/fileName/JSONMap.cs: 0cc7c12ea7048b3ee204a6864ec14612 -> f72d2edab136c1eb89bac454d589dbd3
  custom:scripting/monoscript/fileName/AssetBundleManageTab.cs: cd787c8175c6b452036330db58559128 -> 31b1d66e60f6e821749b4e2c88c32cdd
  custom:scripting/monoscript/fileName/Torso.cs: 69b7e0d6a62aacc036b1886a4ba2587b -> 54ee6015ea03462115d4c3153edbdf8c
  custom:scripting/monoscript/fileName/AssetBundleBuildTab.cs: e4d3d716146519b1f52f6c0fe7ec5a47 -> c4f1a336c5910d1832fd9e6c972559ad
  custom:scripting/monoscript/fileName/Hair.cs: 1f4e341ec44f1e9a43da832f30eda5e7 -> a794926f97f7a5e9c465865fe7af5e1b
  custom:scripting/monoscript/fileName/AbstractMesh.cs: f416745403975ff81463073698d6e017 -> 8184b2a66042d8caaccbbd20ed31dc56
  custom:scripting/monoscript/fileName/NextTextureBtn.cs: d5a300ee8993aada97b6138db78b58aa -> 68286e9f0e1d42eee9d43ba74e34330f
  custom:scripting/monoscript/fileName/Gloves.cs: 21fa036484600f2d249c1ff665501393 -> 28f9e2f54620c042ed9595f00f2065dc
  custom:scripting/monoscript/fileName/AssetBundleManager.cs: 0e168d48c6d3576e59f6c42f92fecd60 -> c15faaf8b529192dbe9aec9afe4991fd
  custom:scripting/monoscript/fileName/RobeLong.cs: 1a7163e76453fecee35478b548086606 -> f4a05f13d9e9427f236c1f1234a17722
  custom:scripting/monoscript/fileName/InspectTreeView.cs: 4d03769e654689089e5185b09bfc6882 -> 260e1db8105b149fed2e7856746dbf0f
  custom:scripting/monoscript/fileName/MeshLoader.cs: 0b10154577fb1ae0dd2e8310eae4ddf4 -> 514b5b4b4814025e9f754ee22115b972
  custom:scripting/monoscript/fileName/PrevFXBtn.cs: 9adcb6db2d84b99fc2ba85718ff2705c -> d82c337bfc40d281d6f7be6c53a9171d
  custom:scripting/monoscript/fileName/ABModel.cs: d4f2ea81e354d5c73ab4578ede6b09b2 -> efbeff1b31df600fad6d5bea582c7fba
  custom:video-encoder-webm-vp8: eb34c28f22e8b96e1ab97ce403110664 -> 
  custom:scripting/monoscript/fileName/TextureLoader.cs: ef2efb353191380796da06838f0ca27c -> 32fee57eede5dc7675a4e8e137c57785
  custom:scripting/monoscript/fileName/Cloak.cs: 83fee273266203de062b641017c68a04 -> a5348ad8315a274870ac1256b416f4df
  custom:audio-decoder-ogg-vorbis: bf7c407c2cedff20999df2af8eb42d56 -> 
  custom:scripting/monoscript/fileName/Eyebrow.cs: a80914df48c7002be677c64522cce038 -> 60a10d1886232f9d6b3fd8be0c11fca9
  custom:scripting/monoscript/fileName/MeshUVManager.cs: 3a3d4245c35b74c0afddd620ce689573 -> fa1c5e2aa443e2c89e2f51af239fa10f
  custom:scripting/monoscript/fileName/MessageList.cs: 6b608508dbf342db2b025fa4e75150ed -> e187436fd3600e1e0afecc6a8da1f18c
  custom:scripting/monoscript/fileName/ClearMeshColorBtn.cs: 0007c8d870af1fc291acf8c091e58855 -> 45fdc58f7fbca9a24d836bd66f751d53
  custom:scripting/monoscript/fileName/MessageSystem.cs: e1fba72936ec77bbbc283ee14a4e5ac9 -> c1467679f7f8f7989b7c591fe16f095b
  custom:scripting/monoscript/fileName/Helper.cs: c607632c58e5a7e90f5ab372e55f1b53 -> 42ad14543d1a843693f11a1cb7823bdc
  custom:scripting/monoscript/fileName/TorsoAdd.cs: de2919cda7445d192f99b708ac4f8f98 -> 6a719884572b7c749207c858146f4e3c
  custom:scripting/monoscript/fileName/EnumFlagDrawer.cs: 41a8255d04f81b6824e2eb405c56f882 -> 5c63d0c0059ff695bd0ee486d1e93bdc
  custom:scripting/monoscript/fileName/Utility.cs: 28500e0d15bd811ed13877f72f01a728 -> bc7c77987476d2cc716aa6822231009e
  custom:scripting/monoscript/fileName/NextColorBtn.cs: 3c291ea58299c895d1e49ee9d26926c4 -> 3628818366004c784ce7c532472e0770
  custom:scripting/monoscript/fileName/BeltAdd.cs: cb7f04a49673453c6e59d8a19fc25506 -> 23c8e20e1dd3c9ed150a971c41b0440b
  custom:scripting/monoscript/fileName/Skin.cs: b53e0e70cea1e5a2051dbeb2d303d7bf -> fa5b8fbc5e21205ad140661bb8d1d29a
  custom:scripting/monoscript/fileName/PrevMeshColorBtn.cs: 6e7146d83f859cab20d94f99a895303c -> eb2dbdc18e08517d5e99c78a100e7907
  custom:audio-encoder-webm-vorbis: bf7c407c2cedff20999df2af8eb42d56 -> 
  custom:scripting/monoscript/fileName/Helm.cs: c26d56b2bba9bcb0ed144e3501bc4050 -> 015c5ef11547d2a56ec06cbf9181e054
  custom:scripting/monoscript/fileName/Shoulder.cs: cd26873c046cfe405838db4b32b97d24 -> cbc35143cbffbdb744890d07b8670e7e
  custom:scripting/monoscript/fileName/IMeshLoader.cs: 9ae204479feb9db18b224953da5838fd -> 103d9667209b427a4c68ea28303f3cd3
  custom:scripting/monoscript/fileName/AssetListTree.cs: 255920d2dc3ac581fe65ea217df17385 -> 95ef94b9b5c1fc8c166d91a2229d1537
  custom:scripting/monoscript/fileName/MeshTexture.cs: e035409d8c1a139d8e58746d92de0530 -> 1c4c6300614cc8e271b614963931701e
  custom:scripting/monoscript/fileName/AssetBundleTree.cs: db18b513ade8dfdb586627b6c32bbf86 -> 5c86cf837bb6943c3398dc49a567b80f
  custom:scripting/precompiled-assembly-types:Assembly-CSharp: 5a8026b03bcddda909c9d20936c06614 -> 2a57b7d9ba6c891b20990c959df4dfe7
  custom:scripting/monoscript/fileName/SpriteProcessor.cs: ecdbdd0dbf42b62f38de6c8096601c0d -> b47784218d8c2d820a413741c1f25a1f
  custom:scripting/monoscript/fileName/NextMeshColorBtn.cs: f15a2f312aac46efa390132e8e876a6a -> 3fefab99c46d758ed0e047f19be1644f
  custom:scripting/monoscript/fileName/ClearAllBtn.cs: 6b6df7aa9e75a6cecf2976db793db6eb -> bcba9c9686446fb7cf756301ebf868ec
  custom:scripting/monoscript/fileName/PlayerMoveController.cs: a4e66a81bcb2d723b3fb87dd004c6314 -> cc068b745400ee66c75378bcb7b27fdb
  custom:scripting/monoscript/fileName/ConfigLoader.cs: 62e091607cdc915ce80d4a253b61a2e7 -> db4bab6728472d9dedc7dfcc22e69d2d
  custom:scripting/monoscript/fileName/SaveItem.cs: 9fe0db1767d984560e8ce3cdb5cdd4f1 -> d881a933ade13ea32bf025db14797336
  custom:scripting/monoscript/fileName/SaveData.cs: cb74f51d5ddf1e3c0494034ad7572a91 -> b41c91a98201f94a04946b0cf063c975
  custom:scripting/monoscript/fileName/PrevColorBtn.cs: 745000830732e20a24b2b0544e8a21f7 -> e1d2791f9dd94cc4e35385ca804752d8
========================================================================
Received Import Request.
  Time since last request: 10.534374 seconds.
  path: Assets/EditorPersonajes/Scripts/CharacterCustomizer.cs
  artifactKey: Guid(c4fbe804c64fcdb40ad232fb7fa75e8f) Importer(815301076,1909f56bfc062723c751e8b465ee728b)
Start importing Assets/EditorPersonajes/Scripts/CharacterCustomizer.cs using Guid(c4fbe804c64fcdb40ad232fb7fa75e8f) Importer(815301076,1909f56bfc062723c751e8b465ee728b) [PhysX] Initialized MultithreadedTaskDispatcher with 12 workers.
 -> (artifact id: '224bb458a5b3bf267725f26e714c3140') in 0.003334 seconds
Number of updated asset objects reloaded before import = 0
Number of asset objects unloaded after import = 0
========================================================================
Received Import Request.
  Time since last request: 2.319860 seconds.
  path: Assets/EditorPersonajes/Scripts/CharacterCustomizer.cs
  artifactKey: Guid(c4fbe804c64fcdb40ad232fb7fa75e8f) Importer(815301076,1909f56bfc062723c751e8b465ee728b)
Start importing Assets/EditorPersonajes/Scripts/CharacterCustomizer.cs using Guid(c4fbe804c64fcdb40ad232fb7fa75e8f) Importer(815301076,1909f56bfc062723c751e8b465ee728b) [PhysX] Initialized MultithreadedTaskDispatcher with 12 workers.
 -> (artifact id: '6eea648f522c7a164878cd4e569f6134') in 0.001158 seconds
Number of updated asset objects reloaded before import = 0
Number of asset objects unloaded after import = 0
========================================================================
Received Prepare
Caller must complete domain reload
Begin MonoManager ReloadAssembly
- Loaded All Assemblies, in  0.884 seconds
Native extension for WindowsStandalone target not found
Native extension for Android target not found
Mono: successfully reloaded assembly
- Finished resetting the current domain, in  1.523 seconds
Domain Reload Profiling: 2403ms
	BeginReloadAssembly (201ms)
		ExecutionOrderSort (0ms)
		DisableScriptedObjects (6ms)
		BackupInstance (0ms)
		ReleaseScriptingObjects (0ms)
		CreateAndSetChildDomain (49ms)
	RebuildCommonClasses (43ms)
	RebuildNativeTypeToScriptingClass (10ms)
	initialDomainReloadingComplete (37ms)
	LoadAllAssembliesAndSetupDomain (588ms)
		LoadAssemblies (629ms)
		RebuildTransferFunctionScriptingTraits (0ms)
		AnalyzeDomain (68ms)
			TypeCache.Refresh (22ms)
				TypeCache.ScanAssembly (3ms)
			ScanForSourceGeneratedMonoScriptInfo (29ms)
			ResolveRequiredComponents (15ms)
	FinalizeReload (1523ms)
		ReleaseScriptCaches (0ms)
		RebuildScriptCaches (0ms)
		SetupLoadedEditorAssemblies (517ms)
			LogAssemblyErrors (0ms)
			InitializePlatformSupportModulesInManaged (19ms)
			SetLoadedEditorAssemblies (7ms)
			RefreshPlugins (0ms)
			BeforeProcessingInitializeOnLoad (90ms)
			ProcessInitializeOnLoadAttributes (327ms)
			ProcessInitializeOnLoadMethodAttributes (63ms)
			AfterProcessingInitializeOnLoad (10ms)
			EditorAssembliesLoaded (0ms)
		ExecutionOrderSort2 (0ms)
		AwakeInstancesAfterBackupRestoration (15ms)
WARNING: Shader Unsupported: 'Toon/Basic Outline' - All subshaders removed
WARNING: Shader Did you use #pragma only_renderers and omit this platform?
WARNING: Shader If subshaders removal was intentional, you may have forgotten turning Fallback off?
WARNING: Shader Unsupported: 'Toon/Basic Outline' - All subshaders removed
WARNING: Shader Did you use #pragma only_renderers and omit this platform?
WARNING: Shader If subshaders removal was intentional, you may have forgotten turning Fallback off?
WARNING: Shader Unsupported: 'Toon/Lit Outline' - All subshaders removed
WARNING: Shader Did you use #pragma only_renderers and omit this platform?
WARNING: Shader If subshaders removal was intentional, you may have forgotten turning Fallback off?
WARNING: Shader Unsupported: 'Toon/Lit Outline' - All subshaders removed
WARNING: Shader Did you use #pragma only_renderers and omit this platform?
WARNING: Shader If subshaders removal was intentional, you may have forgotten turning Fallback off?
Refreshing native plugins compatible for Editor in 8.75 ms, found 4 plugins.
Preloading 0 native plugins for Editor in 0.00 ms.
Unloading 5363 Unused Serialized files (Serialized files now loaded: 0)
Unloading 24 unused Assets / (0.6 MB). Loaded Objects now: 6043.
Memory consumption went from 191.0 MB to 190.4 MB.
Total: 4.436500 ms (FindLiveObjects: 0.496900 ms CreateObjectMapping: 0.433900 ms MarkObjects: 2.992400 ms  DeleteObjects: 0.512100 ms)

Prepare: number of updated asset objects reloaded= 0
AssetImportParameters requested are different than current active one (requested -> active):
  custom:scripting/monoscript/fileName/MeshTypeBone.cs: f2929f2b8ecce3a651b0fd3ffe111924 -> 843ff81fb2c811dcac98decd349efe80
  custom:scripting/monoscript/fileName/ShaderSelector.cs: 685bc00da5c5122ea4d91cfb7c33d4ce -> 521612be2626bcd49281fc726d73115d
  custom:scripting/monoscript/fileName/Hand.cs: 5052127099e76a39f6f2b58ea1ef5c1e -> 192355eabc8b0bb90d2503d57cbc29e1
  custom:scripting/monoscript/fileName/TextureFactory.cs: cee276c059ba8c5d89b2dce85c58444e -> 9b0e0386d21b5055c4b652bc661be2ca
  custom:scripting/monoscript/fileName/ExecuteInternalMono.cs: 3e44be6fc6d7f25500f51fef3364e783 -> c1dae4aa6cbf1512716dd7e8414f8006
  custom:scripting/monoscript/fileName/BundleDetailList.cs: 49a12b558eca8c309cefc20f79be4f08 -> 7b03139c488749eda460103673d30967
  custom:scripting/monoscript/fileName/ChangeSkinMeshBtn.cs: 5c6d8ac28a61c97b01d08415ec68b892 -> 58cbf8e281a1824de7ac09fd6ead4741
  custom:container-demuxer-ogg: 62fdf1f143b41e24485cea50d1cbac27 -> 
  custom:scripting/monoscript/fileName/InspectSingleBundle.cs: c4ddaa812469395f667f8059fbbafbb2 -> ff6bcd7c39743f835ec77986ad4e4842
  custom:scripting/monoscript/fileName/TorsoFX.cs: 8364f33fdfe728687ae399ca95227afe -> 5e6b4d93b934706642170673ecf5c3cb
  custom:scripting/monoscript/fileName/Scar.cs: a42aaa0f7421fdbac285e770432737fe -> 93cf6a2332a708e947886120175eb79a
  custom:scripting/monoscript/fileName/Eye.cs: afd6b945d219259bc28efd165ef781f4 -> 698a2a7ea54ef8de083e5f76c9b8d930
  custom:scripting/monoscript/fileName/PrevTextureBtn.cs: ca06f7a8c9b0f19ce544f3b94a1420fa -> 764f96572b39e13aca5f7f18826c47b4
  custom:scripting/monoscript/fileName/ClearColorBtn.cs: 1e8e6c93adda6a5ba905483e8182c1dd -> c480f5967894d16fe78f727f834b09ac
  custom:scripting/monoscript/fileName/SaveManager.cs: de2264e4a492adfd4c3a4c607fa8c9d4 -> 3fcb126c6a66ba31aa898dd5743caa30
  custom:scripting/monoscript/fileName/PrevCharacterBtn.cs: 8b169ad1106eaf0dbdbff832654707ff -> 82d84ae18bcec8ea0c987e0a3a9d6a13
  custom:scripting/monoscript/fileName/Popup.cs: 1c1ef9080900e5e97d1b14f0b41eadfa -> 2cc3075140bfd1e8dd79773fa10aee0b
  custom:scripting/monoscript/fileName/EditorBundleManager.cs: 25971b08130223425370a0c67fd24c1d -> dc4d9d3c0d3cadbde48071e4065b6fbb
  custom:scripting/monoscript/fileName/LoadBtn.cs: 70bafae7f72c9ee6623f2f31d0779c28 -> 2ea2705ebacd83d0846f91df66c28259
  custom:scripting/monoscript/fileName/TextureTypeMaskSelector.cs: 7ff2a9c585e0132e7eecc431d721fd4f -> c5691a283aa245253aed7fa0115457e3
  custom:scripting/monoscript/fileName/Pants.cs: 6c99c36b54f1584503cd85f530589db5 -> df098d75808a7fb623ca5598aed5b66e
  custom:scripting/monoscript/fileName/ABDataSourceProvider.cs: 4f93c6cdfbe44a00612a956e4ef9ffe7 -> d15a3b944396c4baae05b3f33e2f8331
  custom:video-decoder-ogg-theora: a1e56fd34408186e4bbccfd4996cb3dc -> 
  custom:scripting/monoscript/fileName/MeshManager.cs: 2f249bf80d6ae36c03b9409f5feb6c0d -> 80ab94735750c9af566e7e697efa30bc
  custom:scripting/monoscript/fileName/ABDataSource.cs: 41b8295d17e0ef0ed1d4f959baadf27f -> 7ceefc660d5f297abc8804d14984f27e
  custom:framework-win-MediaFoundation: 216162199b28c13a410421893ffa2e32 -> 
  custom:scripting/monoscript/fileName/NextCharacterBtn.cs: 3c5d6d5f91a48826bcb43d4ef5261f6a -> 271bcb60c5934eb6d4486f66396754c5
  custom:scripting/monoscript/fileName/AssetBundleInspectTab.cs: 945f43d3df2c8ee2453a9a63fa11274c -> 9c287edf6d1d376f12a8f96d01ec074a
  custom:scripting/monoscript/fileName/SaveListView.cs: e595613b43c00299f3513b824b0dabc3 -> 66f5588456e9744a16cd29a95c0a128e
  custom:scripting/monoscript/fileName/MeshFactory.cs: 4bbafa913eed9f0fb1b99654c8762909 -> a5c11ad228aefe2964b1b339054e39bc
  custom:scripting/monoscript/fileName/CharacterCustomizer.cs: 6b998336770e1834435505a2273ed78a -> 
  custom:scripting/monoscript/fileName/TestDatabase.cs: 23855a153a87fda770b086a78bc24d6d -> 
  custom:scripting/monoscript/fileName/AssetDatabaseABDataSource.cs: f87f54f41a9ae61d6c93a1ee4a7276fe -> a9068bde9865684c07718fa2f110ebd4
  custom:scripting/monoscript/fileName/AbstractFXMesh.cs: 2f7f8bc9d1b9e98b83ebf043ab545fae -> 355e798705134331d1b4e13fe77a1ba2
  custom:scripting/monoscript/fileName/IConfigLoader.cs: 290018350438b79782c4b9fdba32926e -> a4ccf3c5021bb9e95d5d05a0a09bf8bd
  custom:scripting/monoscript/fileName/ABModelBundleInfo.cs: 2188b089518dc510222192403494a01e -> 9fa50afaf3db0543d3d887b15c00368c
  custom:scripting/monoscript/fileName/Leg.cs: ef7b14f4330dc25387e1b59f0290d188 -> 43594c645958cd98f0dcb60d0855f6d1
  custom:scripting/monoscript/fileName/ABModelAssetInfo.cs: 30e23a9e1ca57fffc37b721992bcf1a0 -> cf869514a0bf82899ce1cda23bdb700e
  custom:scripting/monoscript/fileName/MeshTypeMaskSelector.cs: e94ba6f4a1adba4feee5fb7cc4e351fe -> ed92edda1c9655f258c64f35a85ef583
  custom:scripting/monoscript/fileName/ClearMeshBtn.cs: b14d5ced1c19826bfc491001a3f185d1 -> d990ebc2143de5948aea2a5badbfe15b
  custom:scripting/monoscript/fileName/MeshAndTextureTypeMaskSelector.cs: fdba9a050c9e3646ce8e80b7e936d037 -> 8a4bea39d5d059db9f897ddcbaaa5fb6
  custom:scripting/monoscript/fileName/FxMeshFactory.cs: c3e28ca0186ef5ee5525c8801ad21c5a -> 0c8ff1afadd69a3595c5d00772f68410
  custom:scripting/monoscript/fileName/FXTypeMaskSelector.cs: d74f6e4a0bcd101e2717459b81084106 -> 0f6cbde77ec3d316ca044b2bb5952a3c
  custom:scripting/monoscript/fileName/PlayerController.cs: 5b090d859ab09be631dc3b0f203f9571 -> d93a52a180fbbe603a59e9aa6da73c83
  custom:scripting/monoscript/fileName/BuildScript.cs: 426ea9e2914d6e2d91f1414353c5dafc -> 337dba19c2e29ee8e4980fc4e2019d2f
  custom:scripting/monoscript/fileName/ClearSkinMeshBtn.cs: 82d2655784ebc16abf5528736d619a9b -> a8f6aebd6c57b68160badb6bcb2d0ed6
  custom:scripting/monoscript/fileName/CreateCharacterWizard.cs: acfc968f24a9426403bd5add4843dcf8 -> 45f0e70a15c8659931d42d36cb8cac07
  custom:CustomObjectIndexerAttribute: 72b91833f83ae208fae7752999fa3104 -> 
  custom:scripting/monoscript/fileName/AbstractTexture.cs: 5fe6f2f7be7fb5a86569856b4345a004 -> e0980b08fec448804b26f5b6dad65dfd
  custom:scripting/monoscript/fileName/FollowCamera.cs: 2d720f10865b64f024b0e3fccdd261c7 -> 8d6eb8e229738de226ec56d9e22b6b63
  custom:scripting/monoscript/fileName/FxMeshTypeBone.cs: f85b6921dfd1e47314410f2e3b110e25 -> c7f230be3097e0ffbcff74b002f4c068
  custom:scripting/monoscript/fileName/AssetbundlesMenuItems.cs: c3bdb3cf11cdd131fd9c40f5c72fdbb7 -> bacd4da6799b9476bee68e043690ff36
  custom:scripting/monoscript/fileName/Arm.cs: 4102684b6836edb71c1e92ebf943cfad -> b923216ab6f821207b08c03afd4c6525
  custom:container-demuxer-webm: 4f35f7cbe854078d1ac9338744f61a02 -> 
  custom:scripting/monoscript/fileName/NextMeshBtn.cs: c626932f4e3ef625c1f95cbb7df53377 -> c475632899117e513eda9e15e910b76e
  custom:scripting/monoscript/fileName/FaceFeature.cs: 4fb49a14cfb347e565b8520b489cd06f -> 2d58afa4a16bca365a6beb0bf6bfaea3
  custom:scripting/monoscript/fileName/SavePrefabBtn.cs: 3a461d0b73e33e6450805a3d4c14cf7e -> fb80c3034ef9c4f90fa622ffe7f9f829
  custom:scripting/monoscript/fileName/LoaderManager.cs: 369c2be46c8c25c8c25ebdc236e1107b -> de56154becf62ebc4f0181681035238d
  custom:scripting/monoscript/fileName/SaveNameInput.cs: 38a66e5dc26bdeafde0ff106788ee663 -> aae89d2fa016e54079d9c4371e2e5f50
  custom:scripting/monoscript/fileName/Config.cs: e85a922a2347c074e5939d78a5a7a10e -> 7351639d5127e04bc4fcb4671c4a17fb
  custom:scripting/monoscript/fileName/EyeFX.cs: bb3e917396c4b9336da3800cda69d75f -> 0e9063be2785787a64aac5ac3958ba88
  custom:scripting/monoscript/fileName/CategoryPanel.cs: 2ede49e7213c224cf2b42e7bf0785af5 -> 
  custom:scripting/monoscript/fileName/JumpFallBehaviour.cs: 6e303c4d540ce7e39efab9189bb22bcd -> 71c001d1ad34a6d3b319feace6bde3ef
  custom:scripting/monoscript/fileName/PrevMeshBtn.cs: e4cc6e23cf1ae834cfc676eb293c1a5c -> b3d8856e7d265dc9c0dfa6c173a5ecfd
  custom:container-muxer-webm: aa71ff27fc2769a1b78a27578f13a17b -> 
  custom:scripting/monoscript/fileName/ClearTextureBtn.cs: 4f31783abce9af1d7ec4839287fef475 -> e3b2bcf1edcb5118f2edfda92d79dc01
  custom:scripting/monoscript/fileName/Shoes.cs: 066ec4aa35b5452249c3208e4decccac -> a3171f40fe6c3d65d3385917721d6b32
  custom:video-decoder-webm-vp8: 9c59270c3fd7afecdb556c50c9e8de78 -> 
  custom:scripting/monoscript/fileName/ConfigManager.cs: ecadd354c11a441a4c89b5fd7a9f00e6 -> caea2b28af0ab9e40fec80621d2354a1
  custom:scripting/monoscript/fileName/ClearFXBtn.cs: 9a39f15de353636ac82e469249897f2d -> 7bb97525152b99fa74400a29eaa13dea
  custom:scripting/monoscript/fileName/ClosePopup.cs: b8d454205b2ceefe37b5fd3a66ce3f21 -> 55d4b78c13dd76e50d9c188109fdf0bb
  custom:SearchIndexIgnoredProperties: e643bd26f0fe6173181afceb89e7c659 -> 
  custom:scripting/monoscript/fileName/Belt.cs: 57f9cd2ecc900069b427149243ef3bc5 -> 49eb07e37613e7bc3cd2ca1c5688a06b
  custom:AudioImporter_EditorPlatform: d09bf68614088b80899f8185d706f6e7 -> 
  custom:scripting/monoscript/fileName/AssetBundleLoadOperation.cs: 6671757952e868610efe84deb7d10911 -> 5e23b7cfd6b1aefafff250cf74ef9147
  custom:scripting/monoscript/fileName/PrevSkinMeshBtn.cs: 4b975732b197cfed11faf978a39a86d9 -> 949d41495696a789e910ed4bddee68c8
  custom:scripting/monoscript/fileName/RandomBtn.cs: 09358cb3d53669a5fb3911b12bed41f9 -> 851c8dec69594280621f9ae4205a836d
  custom:scripting/monoscript/fileName/Beard.cs: fcba2011bd59aa862783e312bcb3f1ed -> 25619eaf3bae2cd2a4b58a1e35f6de63
  custom:scripting/monoscript/fileName/EnumFlagAttribute.cs: 74d0d26091c169f8de5e9bf42af43876 -> 955415b54787984cbbb8aa271c5326e3
  custom:scripting/monoscript/fileName/LaunchAssetBundleServer.cs: fde14ca75a313e949066fe5170090bd6 -> 43db2fb10887bbfb076c6767daba67bd
  custom:scripting/monoscript/fileName/TextureManager.cs: e8b62e3c8c466c37ed390308c47b609f -> aaabee5faa243fca33eb568630ae6e8e
  custom:scripting/monoscript/fileName/RobeShort.cs: 98a985110c88276dffccdebb9b45a97a -> 3c6d536f5d6b37080b8a61040ec81de3
  custom:scripting/monoscript/fileName/AssetBundleRecord.cs: 5e3e2662beb76f92f544ca3a6af0a002 -> 5a3119d6abe586168b6fe06c7e98c69c
  custom:scripting/monoscript/fileName/TogglePopup.cs: e3546a95722da3ab7907a444f1349cba -> 1d986db86e682e16edccd0653eb2aad7
  custom:scripting/monoscript/fileName/ITextureLoader.cs: fb942611a67ee29c2d3906a7f2b2ca06 -> 5adc935e3b3fb7761c6d5c127df50233
  custom:scripting/monoscript/fileName/SaveBtn.cs: 3dfbd63f5b032b539a11095805980518 -> 62cda288bb207ed68b5083d6b77f7471
  custom:scripting/monoscript/fileName/NextSkinMeshBtn.cs: 7bde284a6144f85f7d24cd53fe360afe -> c82eddd7edff4db94905f44ef59144c1
  custom:scripting/monoscript/fileName/Head.cs: ef8602f0e05bb6f56d36072970253a56 -> 6728c540b9905eb1de06718fa4aae534
  custom:scripting/monoscript/fileName/NextFXBtn.cs: ec23ffa473c712e78d6eb18c4ae448be -> 7e2755ad9a90b6ecb18961111ed6b016
  custom:scripting/monoscript/fileName/AssetBundleBrowserMain.cs: adf460d08e5161db4df4e9efbad520b6 -> d6cbb84444c9fdda30a8092bb0794cf7
  custom:scripting/monoscript/fileName/JSONMap.cs: 0cc7c12ea7048b3ee204a6864ec14612 -> f72d2edab136c1eb89bac454d589dbd3
  custom:scripting/monoscript/fileName/AssetBundleManageTab.cs: cd787c8175c6b452036330db58559128 -> 31b1d66e60f6e821749b4e2c88c32cdd
  custom:scripting/monoscript/fileName/Torso.cs: 69b7e0d6a62aacc036b1886a4ba2587b -> 54ee6015ea03462115d4c3153edbdf8c
  custom:scripting/monoscript/fileName/AssetBundleBuildTab.cs: e4d3d716146519b1f52f6c0fe7ec5a47 -> c4f1a336c5910d1832fd9e6c972559ad
  custom:scripting/monoscript/fileName/Hair.cs: 1f4e341ec44f1e9a43da832f30eda5e7 -> a794926f97f7a5e9c465865fe7af5e1b
  custom:scripting/monoscript/fileName/AbstractMesh.cs: f416745403975ff81463073698d6e017 -> 8184b2a66042d8caaccbbd20ed31dc56
  custom:scripting/monoscript/fileName/NextTextureBtn.cs: d5a300ee8993aada97b6138db78b58aa -> 68286e9f0e1d42eee9d43ba74e34330f
  custom:scripting/monoscript/fileName/Gloves.cs: 21fa036484600f2d249c1ff665501393 -> 28f9e2f54620c042ed9595f00f2065dc
  custom:scripting/monoscript/fileName/AssetBundleManager.cs: 0e168d48c6d3576e59f6c42f92fecd60 -> c15faaf8b529192dbe9aec9afe4991fd
  custom:scripting/monoscript/fileName/RobeLong.cs: 1a7163e76453fecee35478b548086606 -> f4a05f13d9e9427f236c1f1234a17722
  custom:scripting/monoscript/fileName/InspectTreeView.cs: 4d03769e654689089e5185b09bfc6882 -> 260e1db8105b149fed2e7856746dbf0f
  custom:scripting/monoscript/fileName/MeshLoader.cs: 0b10154577fb1ae0dd2e8310eae4ddf4 -> 514b5b4b4814025e9f754ee22115b972
  custom:scripting/monoscript/fileName/PrevFXBtn.cs: 9adcb6db2d84b99fc2ba85718ff2705c -> d82c337bfc40d281d6f7be6c53a9171d
  custom:scripting/monoscript/fileName/ABModel.cs: d4f2ea81e354d5c73ab4578ede6b09b2 -> efbeff1b31df600fad6d5bea582c7fba
  custom:video-encoder-webm-vp8: eb34c28f22e8b96e1ab97ce403110664 -> 
  custom:scripting/monoscript/fileName/TextureLoader.cs: ef2efb353191380796da06838f0ca27c -> 32fee57eede5dc7675a4e8e137c57785
  custom:scripting/monoscript/fileName/Cloak.cs: 83fee273266203de062b641017c68a04 -> a5348ad8315a274870ac1256b416f4df
  custom:audio-decoder-ogg-vorbis: bf7c407c2cedff20999df2af8eb42d56 -> 
  custom:scripting/monoscript/fileName/Eyebrow.cs: a80914df48c7002be677c64522cce038 -> 60a10d1886232f9d6b3fd8be0c11fca9
  custom:scripting/monoscript/fileName/MeshUVManager.cs: 3a3d4245c35b74c0afddd620ce689573 -> fa1c5e2aa443e2c89e2f51af239fa10f
  custom:scripting/monoscript/fileName/MessageList.cs: 6b608508dbf342db2b025fa4e75150ed -> e187436fd3600e1e0afecc6a8da1f18c
  custom:scripting/monoscript/fileName/ClearMeshColorBtn.cs: 0007c8d870af1fc291acf8c091e58855 -> 45fdc58f7fbca9a24d836bd66f751d53
  custom:scripting/monoscript/fileName/MessageSystem.cs: e1fba72936ec77bbbc283ee14a4e5ac9 -> c1467679f7f8f7989b7c591fe16f095b
  custom:scripting/monoscript/fileName/Helper.cs: c607632c58e5a7e90f5ab372e55f1b53 -> 42ad14543d1a843693f11a1cb7823bdc
  custom:scripting/monoscript/fileName/TorsoAdd.cs: de2919cda7445d192f99b708ac4f8f98 -> 6a719884572b7c749207c858146f4e3c
  custom:scripting/monoscript/fileName/EnumFlagDrawer.cs: 41a8255d04f81b6824e2eb405c56f882 -> 5c63d0c0059ff695bd0ee486d1e93bdc
  custom:scripting/monoscript/fileName/Utility.cs: 28500e0d15bd811ed13877f72f01a728 -> bc7c77987476d2cc716aa6822231009e
  custom:scripting/monoscript/fileName/NextColorBtn.cs: 3c291ea58299c895d1e49ee9d26926c4 -> 3628818366004c784ce7c532472e0770
  custom:scripting/monoscript/fileName/BeltAdd.cs: cb7f04a49673453c6e59d8a19fc25506 -> 23c8e20e1dd3c9ed150a971c41b0440b
  custom:scripting/monoscript/fileName/Skin.cs: b53e0e70cea1e5a2051dbeb2d303d7bf -> fa5b8fbc5e21205ad140661bb8d1d29a
  custom:scripting/monoscript/fileName/PrevMeshColorBtn.cs: 6e7146d83f859cab20d94f99a895303c -> eb2dbdc18e08517d5e99c78a100e7907
  custom:audio-encoder-webm-vorbis: bf7c407c2cedff20999df2af8eb42d56 -> 
  custom:scripting/monoscript/fileName/Helm.cs: c26d56b2bba9bcb0ed144e3501bc4050 -> 015c5ef11547d2a56ec06cbf9181e054
  custom:scripting/monoscript/fileName/Shoulder.cs: cd26873c046cfe405838db4b32b97d24 -> cbc35143cbffbdb744890d07b8670e7e
  custom:scripting/monoscript/fileName/IMeshLoader.cs: 9ae204479feb9db18b224953da5838fd -> 103d9667209b427a4c68ea28303f3cd3
  custom:scripting/monoscript/fileName/AssetListTree.cs: 255920d2dc3ac581fe65ea217df17385 -> 95ef94b9b5c1fc8c166d91a2229d1537
  custom:scripting/monoscript/fileName/MeshTexture.cs: e035409d8c1a139d8e58746d92de0530 -> 1c4c6300614cc8e271b614963931701e
  custom:scripting/monoscript/fileName/AssetBundleTree.cs: db18b513ade8dfdb586627b6c32bbf86 -> 5c86cf837bb6943c3398dc49a567b80f
  custom:scripting/precompiled-assembly-types:Assembly-CSharp: c2790092a75ce7400eb3773399d8f1b3 -> 2a57b7d9ba6c891b20990c959df4dfe7
  custom:scripting/monoscript/fileName/SpriteProcessor.cs: ecdbdd0dbf42b62f38de6c8096601c0d -> b47784218d8c2d820a413741c1f25a1f
  custom:scripting/monoscript/fileName/NextMeshColorBtn.cs: f15a2f312aac46efa390132e8e876a6a -> 3fefab99c46d758ed0e047f19be1644f
  custom:scripting/monoscript/fileName/ClearAllBtn.cs: 6b6df7aa9e75a6cecf2976db793db6eb -> bcba9c9686446fb7cf756301ebf868ec
  custom:scripting/monoscript/fileName/PlayerMoveController.cs: a4e66a81bcb2d723b3fb87dd004c6314 -> cc068b745400ee66c75378bcb7b27fdb
  custom:scripting/monoscript/fileName/ConfigLoader.cs: 62e091607cdc915ce80d4a253b61a2e7 -> db4bab6728472d9dedc7dfcc22e69d2d
  custom:scripting/monoscript/fileName/SaveItem.cs: 9fe0db1767d984560e8ce3cdb5cdd4f1 -> d881a933ade13ea32bf025db14797336
  custom:scripting/monoscript/fileName/SaveData.cs: cb74f51d5ddf1e3c0494034ad7572a91 -> b41c91a98201f94a04946b0cf063c975
  custom:scripting/monoscript/fileName/PrevColorBtn.cs: 745000830732e20a24b2b0544e8a21f7 -> e1d2791f9dd94cc4e35385ca804752d8
========================================================================
Received Import Request.
  Time since last request: 194.672599 seconds.
  path: Assets/EditorPersonajes/Prefabs/ItemButton.prefab
  artifactKey: Guid(7c17340f5d8e22744bb737464e044b56) Importer(815301076,1909f56bfc062723c751e8b465ee728b)
Start importing Assets/EditorPersonajes/Prefabs/ItemButton.prefab using Guid(7c17340f5d8e22744bb737464e044b56) Importer(815301076,1909f56bfc062723c751e8b465ee728b) [PhysX] Initialized MultithreadedTaskDispatcher with 12 workers.
 -> (artifact id: 'e0e698e74ff9578e2dfdeb5c6fa28994') in 0.063788 seconds
Number of updated asset objects reloaded before import = 0
Number of asset objects unloaded after import = 12
========================================================================
Received Prepare
Caller must complete domain reload
Begin MonoManager ReloadAssembly
- Loaded All Assemblies, in  1.103 seconds
Native extension for WindowsStandalone target not found
Native extension for Android target not found
Mono: successfully reloaded assembly
- Finished resetting the current domain, in  2.913 seconds
Domain Reload Profiling: 4011ms
	BeginReloadAssembly (206ms)
		ExecutionOrderSort (0ms)
		DisableScriptedObjects (7ms)
		BackupInstance (0ms)
		ReleaseScriptingObjects (0ms)
		CreateAndSetChildDomain (53ms)
	RebuildCommonClasses (44ms)
	RebuildNativeTypeToScriptingClass (10ms)
	initialDomainReloadingComplete (41ms)
	LoadAllAssembliesAndSetupDomain (798ms)
		LoadAssemblies (873ms)
		RebuildTransferFunctionScriptingTraits (0ms)
		AnalyzeDomain (37ms)
			TypeCache.Refresh (16ms)
				TypeCache.ScanAssembly (0ms)
			ScanForSourceGeneratedMonoScriptInfo (0ms)
			ResolveRequiredComponents (15ms)
	FinalizeReload (2913ms)
		ReleaseScriptCaches (0ms)
		RebuildScriptCaches (0ms)
		SetupLoadedEditorAssemblies (651ms)
			LogAssemblyErrors (0ms)
			InitializePlatformSupportModulesInManaged (31ms)
			SetLoadedEditorAssemblies (8ms)
			RefreshPlugins (0ms)
			BeforeProcessingInitializeOnLoad (146ms)
			ProcessInitializeOnLoadAttributes (376ms)
			ProcessInitializeOnLoadMethodAttributes (79ms)
			AfterProcessingInitializeOnLoad (11ms)
			EditorAssembliesLoaded (0ms)
		ExecutionOrderSort2 (0ms)
		AwakeInstancesAfterBackupRestoration (18ms)
WARNING: Shader Unsupported: 'Toon/Basic Outline' - All subshaders removed
WARNING: Shader Did you use #pragma only_renderers and omit this platform?
WARNING: Shader If subshaders removal was intentional, you may have forgotten turning Fallback off?
WARNING: Shader Unsupported: 'Toon/Basic Outline' - All subshaders removed
WARNING: Shader Did you use #pragma only_renderers and omit this platform?
WARNING: Shader If subshaders removal was intentional, you may have forgotten turning Fallback off?
WARNING: Shader Unsupported: 'Toon/Lit Outline' - All subshaders removed
WARNING: Shader Did you use #pragma only_renderers and omit this platform?
WARNING: Shader If subshaders removal was intentional, you may have forgotten turning Fallback off?
WARNING: Shader Unsupported: 'Toon/Lit Outline' - All subshaders removed
WARNING: Shader Did you use #pragma only_renderers and omit this platform?
WARNING: Shader If subshaders removal was intentional, you may have forgotten turning Fallback off?
Refreshing native plugins compatible for Editor in 10.21 ms, found 4 plugins.
Preloading 0 native plugins for Editor in 0.00 ms.
Unloading 5363 Unused Serialized files (Serialized files now loaded: 0)
Unloading 24 unused Assets / (0.6 MB). Loaded Objects now: 6048.
Memory consumption went from 191.0 MB to 190.4 MB.
Total: 7.064100 ms (FindLiveObjects: 1.412500 ms CreateObjectMapping: 0.944100 ms MarkObjects: 4.257100 ms  DeleteObjects: 0.447800 ms)

Prepare: number of updated asset objects reloaded= 0
AssetImportParameters requested are different than current active one (requested -> active):
  custom:scripting/monoscript/fileName/MeshTypeBone.cs: f2929f2b8ecce3a651b0fd3ffe111924 -> 843ff81fb2c811dcac98decd349efe80
  custom:scripting/monoscript/fileName/ShaderSelector.cs: 685bc00da5c5122ea4d91cfb7c33d4ce -> 521612be2626bcd49281fc726d73115d
  custom:scripting/monoscript/fileName/Hand.cs: 5052127099e76a39f6f2b58ea1ef5c1e -> 192355eabc8b0bb90d2503d57cbc29e1
  custom:scripting/monoscript/fileName/TextureFactory.cs: cee276c059ba8c5d89b2dce85c58444e -> 9b0e0386d21b5055c4b652bc661be2ca
  custom:scripting/monoscript/fileName/ExecuteInternalMono.cs: 3e44be6fc6d7f25500f51fef3364e783 -> c1dae4aa6cbf1512716dd7e8414f8006
  custom:scripting/monoscript/fileName/BundleDetailList.cs: 49a12b558eca8c309cefc20f79be4f08 -> 7b03139c488749eda460103673d30967
  custom:scripting/monoscript/fileName/ChangeSkinMeshBtn.cs: 5c6d8ac28a61c97b01d08415ec68b892 -> 58cbf8e281a1824de7ac09fd6ead4741
  custom:container-demuxer-ogg: 62fdf1f143b41e24485cea50d1cbac27 -> 
  custom:scripting/monoscript/fileName/InspectSingleBundle.cs: c4ddaa812469395f667f8059fbbafbb2 -> ff6bcd7c39743f835ec77986ad4e4842
  custom:scripting/monoscript/fileName/TorsoFX.cs: 8364f33fdfe728687ae399ca95227afe -> 5e6b4d93b934706642170673ecf5c3cb
  custom:scripting/monoscript/fileName/Scar.cs: a42aaa0f7421fdbac285e770432737fe -> 93cf6a2332a708e947886120175eb79a
  custom:scripting/monoscript/fileName/Eye.cs: afd6b945d219259bc28efd165ef781f4 -> 698a2a7ea54ef8de083e5f76c9b8d930
  custom:scripting/monoscript/fileName/PrevTextureBtn.cs: ca06f7a8c9b0f19ce544f3b94a1420fa -> 764f96572b39e13aca5f7f18826c47b4
  custom:scripting/monoscript/fileName/ClearColorBtn.cs: 1e8e6c93adda6a5ba905483e8182c1dd -> c480f5967894d16fe78f727f834b09ac
  custom:scripting/monoscript/fileName/SaveManager.cs: de2264e4a492adfd4c3a4c607fa8c9d4 -> 3fcb126c6a66ba31aa898dd5743caa30
  custom:scripting/monoscript/fileName/PrevCharacterBtn.cs: 8b169ad1106eaf0dbdbff832654707ff -> 82d84ae18bcec8ea0c987e0a3a9d6a13
  custom:scripting/monoscript/fileName/Popup.cs: 1c1ef9080900e5e97d1b14f0b41eadfa -> 2cc3075140bfd1e8dd79773fa10aee0b
  custom:scripting/monoscript/fileName/EditorBundleManager.cs: 25971b08130223425370a0c67fd24c1d -> dc4d9d3c0d3cadbde48071e4065b6fbb
  custom:scripting/monoscript/fileName/LoadBtn.cs: 70bafae7f72c9ee6623f2f31d0779c28 -> 2ea2705ebacd83d0846f91df66c28259
  custom:scripting/monoscript/fileName/TextureTypeMaskSelector.cs: 7ff2a9c585e0132e7eecc431d721fd4f -> c5691a283aa245253aed7fa0115457e3
  custom:scripting/monoscript/fileName/Pants.cs: 6c99c36b54f1584503cd85f530589db5 -> df098d75808a7fb623ca5598aed5b66e
  custom:scripting/monoscript/fileName/ABDataSourceProvider.cs: 4f93c6cdfbe44a00612a956e4ef9ffe7 -> d15a3b944396c4baae05b3f33e2f8331
  custom:video-decoder-ogg-theora: a1e56fd34408186e4bbccfd4996cb3dc -> 
  custom:scripting/monoscript/fileName/MeshManager.cs: 2f249bf80d6ae36c03b9409f5feb6c0d -> 80ab94735750c9af566e7e697efa30bc
  custom:scripting/monoscript/fileName/ABDataSource.cs: 41b8295d17e0ef0ed1d4f959baadf27f -> 7ceefc660d5f297abc8804d14984f27e
  custom:framework-win-MediaFoundation: 216162199b28c13a410421893ffa2e32 -> 
  custom:scripting/monoscript/fileName/NextCharacterBtn.cs: 3c5d6d5f91a48826bcb43d4ef5261f6a -> 271bcb60c5934eb6d4486f66396754c5
  custom:scripting/monoscript/fileName/AssetBundleInspectTab.cs: 945f43d3df2c8ee2453a9a63fa11274c -> 9c287edf6d1d376f12a8f96d01ec074a
  custom:scripting/monoscript/fileName/SaveListView.cs: e595613b43c00299f3513b824b0dabc3 -> 66f5588456e9744a16cd29a95c0a128e
  custom:scripting/monoscript/fileName/MeshFactory.cs: 4bbafa913eed9f0fb1b99654c8762909 -> a5c11ad228aefe2964b1b339054e39bc
  custom:scripting/monoscript/fileName/CharacterCustomizer.cs: 6b998336770e1834435505a2273ed78a -> 
  custom:scripting/monoscript/fileName/TestDatabase.cs: 23855a153a87fda770b086a78bc24d6d -> 
  custom:scripting/monoscript/fileName/AssetDatabaseABDataSource.cs: f87f54f41a9ae61d6c93a1ee4a7276fe -> a9068bde9865684c07718fa2f110ebd4
  custom:scripting/monoscript/fileName/AbstractFXMesh.cs: 2f7f8bc9d1b9e98b83ebf043ab545fae -> 355e798705134331d1b4e13fe77a1ba2
  custom:scripting/monoscript/fileName/IConfigLoader.cs: 290018350438b79782c4b9fdba32926e -> a4ccf3c5021bb9e95d5d05a0a09bf8bd
  custom:scripting/monoscript/fileName/ABModelBundleInfo.cs: 2188b089518dc510222192403494a01e -> 9fa50afaf3db0543d3d887b15c00368c
  custom:scripting/monoscript/fileName/Leg.cs: ef7b14f4330dc25387e1b59f0290d188 -> 43594c645958cd98f0dcb60d0855f6d1
  custom:scripting/monoscript/fileName/ABModelAssetInfo.cs: 30e23a9e1ca57fffc37b721992bcf1a0 -> cf869514a0bf82899ce1cda23bdb700e
  custom:scripting/monoscript/fileName/MeshTypeMaskSelector.cs: e94ba6f4a1adba4feee5fb7cc4e351fe -> ed92edda1c9655f258c64f35a85ef583
  custom:scripting/monoscript/fileName/ClearMeshBtn.cs: b14d5ced1c19826bfc491001a3f185d1 -> d990ebc2143de5948aea2a5badbfe15b
  custom:scripting/monoscript/fileName/MeshAndTextureTypeMaskSelector.cs: fdba9a050c9e3646ce8e80b7e936d037 -> 8a4bea39d5d059db9f897ddcbaaa5fb6
  custom:scripting/monoscript/fileName/FxMeshFactory.cs: c3e28ca0186ef5ee5525c8801ad21c5a -> 0c8ff1afadd69a3595c5d00772f68410
  custom:scripting/monoscript/fileName/FXTypeMaskSelector.cs: d74f6e4a0bcd101e2717459b81084106 -> 0f6cbde77ec3d316ca044b2bb5952a3c
  custom:scripting/monoscript/fileName/PlayerController.cs: 5b090d859ab09be631dc3b0f203f9571 -> d93a52a180fbbe603a59e9aa6da73c83
  custom:scripting/monoscript/fileName/BuildScript.cs: 426ea9e2914d6e2d91f1414353c5dafc -> 337dba19c2e29ee8e4980fc4e2019d2f
  custom:scripting/monoscript/fileName/ClearSkinMeshBtn.cs: 82d2655784ebc16abf5528736d619a9b -> a8f6aebd6c57b68160badb6bcb2d0ed6
  custom:scripting/monoscript/fileName/CreateCharacterWizard.cs: acfc968f24a9426403bd5add4843dcf8 -> 45f0e70a15c8659931d42d36cb8cac07
  custom:CustomObjectIndexerAttribute: 72b91833f83ae208fae7752999fa3104 -> 
  custom:scripting/monoscript/fileName/AbstractTexture.cs: 5fe6f2f7be7fb5a86569856b4345a004 -> e0980b08fec448804b26f5b6dad65dfd
  custom:scripting/monoscript/fileName/FollowCamera.cs: 2d720f10865b64f024b0e3fccdd261c7 -> 8d6eb8e229738de226ec56d9e22b6b63
  custom:scripting/monoscript/fileName/FxMeshTypeBone.cs: f85b6921dfd1e47314410f2e3b110e25 -> c7f230be3097e0ffbcff74b002f4c068
  custom:scripting/monoscript/fileName/AssetbundlesMenuItems.cs: c3bdb3cf11cdd131fd9c40f5c72fdbb7 -> bacd4da6799b9476bee68e043690ff36
  custom:scripting/monoscript/fileName/Arm.cs: 4102684b6836edb71c1e92ebf943cfad -> b923216ab6f821207b08c03afd4c6525
  custom:container-demuxer-webm: 4f35f7cbe854078d1ac9338744f61a02 -> 
  custom:scripting/monoscript/fileName/NextMeshBtn.cs: c626932f4e3ef625c1f95cbb7df53377 -> c475632899117e513eda9e15e910b76e
  custom:scripting/monoscript/fileName/FaceFeature.cs: 4fb49a14cfb347e565b8520b489cd06f -> 2d58afa4a16bca365a6beb0bf6bfaea3
  custom:scripting/monoscript/fileName/SavePrefabBtn.cs: 3a461d0b73e33e6450805a3d4c14cf7e -> fb80c3034ef9c4f90fa622ffe7f9f829
  custom:scripting/monoscript/fileName/LoaderManager.cs: 369c2be46c8c25c8c25ebdc236e1107b -> de56154becf62ebc4f0181681035238d
  custom:scripting/monoscript/fileName/SaveNameInput.cs: 38a66e5dc26bdeafde0ff106788ee663 -> aae89d2fa016e54079d9c4371e2e5f50
  custom:scripting/monoscript/fileName/Config.cs: e85a922a2347c074e5939d78a5a7a10e -> 7351639d5127e04bc4fcb4671c4a17fb
  custom:scripting/monoscript/fileName/EyeFX.cs: bb3e917396c4b9336da3800cda69d75f -> 0e9063be2785787a64aac5ac3958ba88
  custom:scripting/monoscript/fileName/CategoryPanel.cs: 2ede49e7213c224cf2b42e7bf0785af5 -> 
  custom:scripting/monoscript/fileName/JumpFallBehaviour.cs: 6e303c4d540ce7e39efab9189bb22bcd -> 71c001d1ad34a6d3b319feace6bde3ef
  custom:scripting/monoscript/fileName/PrevMeshBtn.cs: e4cc6e23cf1ae834cfc676eb293c1a5c -> b3d8856e7d265dc9c0dfa6c173a5ecfd
  custom:container-muxer-webm: aa71ff27fc2769a1b78a27578f13a17b -> 
  custom:scripting/monoscript/fileName/ClearTextureBtn.cs: 4f31783abce9af1d7ec4839287fef475 -> e3b2bcf1edcb5118f2edfda92d79dc01
  custom:scripting/monoscript/fileName/Shoes.cs: 066ec4aa35b5452249c3208e4decccac -> a3171f40fe6c3d65d3385917721d6b32
  custom:video-decoder-webm-vp8: 9c59270c3fd7afecdb556c50c9e8de78 -> 
  custom:scripting/monoscript/fileName/ConfigManager.cs: ecadd354c11a441a4c89b5fd7a9f00e6 -> caea2b28af0ab9e40fec80621d2354a1
  custom:scripting/monoscript/fileName/ClearFXBtn.cs: 9a39f15de353636ac82e469249897f2d -> 7bb97525152b99fa74400a29eaa13dea
  custom:scripting/monoscript/fileName/ClosePopup.cs: b8d454205b2ceefe37b5fd3a66ce3f21 -> 55d4b78c13dd76e50d9c188109fdf0bb
  custom:SearchIndexIgnoredProperties: e643bd26f0fe6173181afceb89e7c659 -> 
  custom:scripting/monoscript/fileName/Belt.cs: 57f9cd2ecc900069b427149243ef3bc5 -> 49eb07e37613e7bc3cd2ca1c5688a06b
  custom:AudioImporter_EditorPlatform: d09bf68614088b80899f8185d706f6e7 -> 
  custom:scripting/monoscript/fileName/AssetBundleLoadOperation.cs: 6671757952e868610efe84deb7d10911 -> 5e23b7cfd6b1aefafff250cf74ef9147
  custom:scripting/monoscript/fileName/PrevSkinMeshBtn.cs: 4b975732b197cfed11faf978a39a86d9 -> 949d41495696a789e910ed4bddee68c8
  custom:scripting/monoscript/fileName/RandomBtn.cs: 09358cb3d53669a5fb3911b12bed41f9 -> 851c8dec69594280621f9ae4205a836d
  custom:scripting/monoscript/fileName/Beard.cs: fcba2011bd59aa862783e312bcb3f1ed -> 25619eaf3bae2cd2a4b58a1e35f6de63
  custom:scripting/monoscript/fileName/EnumFlagAttribute.cs: 74d0d26091c169f8de5e9bf42af43876 -> 955415b54787984cbbb8aa271c5326e3
  custom:scripting/monoscript/fileName/LaunchAssetBundleServer.cs: fde14ca75a313e949066fe5170090bd6 -> 43db2fb10887bbfb076c6767daba67bd
  custom:scripting/monoscript/fileName/TextureManager.cs: e8b62e3c8c466c37ed390308c47b609f -> aaabee5faa243fca33eb568630ae6e8e
  custom:scripting/monoscript/fileName/RobeShort.cs: 98a985110c88276dffccdebb9b45a97a -> 3c6d536f5d6b37080b8a61040ec81de3
  custom:scripting/monoscript/fileName/AssetBundleRecord.cs: 5e3e2662beb76f92f544ca3a6af0a002 -> 5a3119d6abe586168b6fe06c7e98c69c
  custom:scripting/monoscript/fileName/TogglePopup.cs: e3546a95722da3ab7907a444f1349cba -> 1d986db86e682e16edccd0653eb2aad7
  custom:scripting/monoscript/fileName/ITextureLoader.cs: fb942611a67ee29c2d3906a7f2b2ca06 -> 5adc935e3b3fb7761c6d5c127df50233
  custom:scripting/monoscript/fileName/SaveBtn.cs: 3dfbd63f5b032b539a11095805980518 -> 62cda288bb207ed68b5083d6b77f7471
  custom:scripting/monoscript/fileName/NextSkinMeshBtn.cs: 7bde284a6144f85f7d24cd53fe360afe -> c82eddd7edff4db94905f44ef59144c1
  custom:scripting/monoscript/fileName/Head.cs: ef8602f0e05bb6f56d36072970253a56 -> 6728c540b9905eb1de06718fa4aae534
  custom:scripting/monoscript/fileName/NextFXBtn.cs: ec23ffa473c712e78d6eb18c4ae448be -> 7e2755ad9a90b6ecb18961111ed6b016
  custom:scripting/monoscript/fileName/AssetBundleBrowserMain.cs: adf460d08e5161db4df4e9efbad520b6 -> d6cbb84444c9fdda30a8092bb0794cf7
  custom:scripting/monoscript/fileName/JSONMap.cs: 0cc7c12ea7048b3ee204a6864ec14612 -> f72d2edab136c1eb89bac454d589dbd3
  custom:scripting/monoscript/fileName/AssetBundleManageTab.cs: cd787c8175c6b452036330db58559128 -> 31b1d66e60f6e821749b4e2c88c32cdd
  custom:scripting/monoscript/fileName/Torso.cs: 69b7e0d6a62aacc036b1886a4ba2587b -> 54ee6015ea03462115d4c3153edbdf8c
  custom:scripting/monoscript/fileName/AssetBundleBuildTab.cs: e4d3d716146519b1f52f6c0fe7ec5a47 -> c4f1a336c5910d1832fd9e6c972559ad
  custom:scripting/monoscript/fileName/Hair.cs: 1f4e341ec44f1e9a43da832f30eda5e7 -> a794926f97f7a5e9c465865fe7af5e1b
  custom:scripting/monoscript/fileName/AbstractMesh.cs: f416745403975ff81463073698d6e017 -> 8184b2a66042d8caaccbbd20ed31dc56
  custom:scripting/monoscript/fileName/NextTextureBtn.cs: d5a300ee8993aada97b6138db78b58aa -> 68286e9f0e1d42eee9d43ba74e34330f
  custom:scripting/monoscript/fileName/Gloves.cs: 21fa036484600f2d249c1ff665501393 -> 28f9e2f54620c042ed9595f00f2065dc
  custom:scripting/monoscript/fileName/AssetBundleManager.cs: 0e168d48c6d3576e59f6c42f92fecd60 -> c15faaf8b529192dbe9aec9afe4991fd
  custom:scripting/monoscript/fileName/RobeLong.cs: 1a7163e76453fecee35478b548086606 -> f4a05f13d9e9427f236c1f1234a17722
  custom:scripting/monoscript/fileName/InspectTreeView.cs: 4d03769e654689089e5185b09bfc6882 -> 260e1db8105b149fed2e7856746dbf0f
  custom:scripting/monoscript/fileName/MeshLoader.cs: 0b10154577fb1ae0dd2e8310eae4ddf4 -> 514b5b4b4814025e9f754ee22115b972
  custom:scripting/monoscript/fileName/PrevFXBtn.cs: 9adcb6db2d84b99fc2ba85718ff2705c -> d82c337bfc40d281d6f7be6c53a9171d
  custom:scripting/monoscript/fileName/ABModel.cs: d4f2ea81e354d5c73ab4578ede6b09b2 -> efbeff1b31df600fad6d5bea582c7fba
  custom:video-encoder-webm-vp8: eb34c28f22e8b96e1ab97ce403110664 -> 
  custom:scripting/monoscript/fileName/TextureLoader.cs: ef2efb353191380796da06838f0ca27c -> 32fee57eede5dc7675a4e8e137c57785
  custom:scripting/monoscript/fileName/Cloak.cs: 83fee273266203de062b641017c68a04 -> a5348ad8315a274870ac1256b416f4df
  custom:audio-decoder-ogg-vorbis: bf7c407c2cedff20999df2af8eb42d56 -> 
  custom:scripting/monoscript/fileName/Eyebrow.cs: a80914df48c7002be677c64522cce038 -> 60a10d1886232f9d6b3fd8be0c11fca9
  custom:scripting/monoscript/fileName/MeshUVManager.cs: 3a3d4245c35b74c0afddd620ce689573 -> fa1c5e2aa443e2c89e2f51af239fa10f
  custom:scripting/monoscript/fileName/MessageList.cs: 6b608508dbf342db2b025fa4e75150ed -> e187436fd3600e1e0afecc6a8da1f18c
  custom:scripting/monoscript/fileName/ClearMeshColorBtn.cs: 0007c8d870af1fc291acf8c091e58855 -> 45fdc58f7fbca9a24d836bd66f751d53
  custom:scripting/monoscript/fileName/MessageSystem.cs: e1fba72936ec77bbbc283ee14a4e5ac9 -> c1467679f7f8f7989b7c591fe16f095b
  custom:scripting/monoscript/fileName/Helper.cs: c607632c58e5a7e90f5ab372e55f1b53 -> 42ad14543d1a843693f11a1cb7823bdc
  custom:scripting/monoscript/fileName/TorsoAdd.cs: de2919cda7445d192f99b708ac4f8f98 -> 6a719884572b7c749207c858146f4e3c
  custom:scripting/monoscript/fileName/EnumFlagDrawer.cs: 41a8255d04f81b6824e2eb405c56f882 -> 5c63d0c0059ff695bd0ee486d1e93bdc
  custom:scripting/monoscript/fileName/Utility.cs: 28500e0d15bd811ed13877f72f01a728 -> bc7c77987476d2cc716aa6822231009e
  custom:scripting/monoscript/fileName/NextColorBtn.cs: 3c291ea58299c895d1e49ee9d26926c4 -> 3628818366004c784ce7c532472e0770
  custom:scripting/monoscript/fileName/BeltAdd.cs: cb7f04a49673453c6e59d8a19fc25506 -> 23c8e20e1dd3c9ed150a971c41b0440b
  custom:scripting/monoscript/fileName/Skin.cs: b53e0e70cea1e5a2051dbeb2d303d7bf -> fa5b8fbc5e21205ad140661bb8d1d29a
  custom:scripting/monoscript/fileName/PrevMeshColorBtn.cs: 6e7146d83f859cab20d94f99a895303c -> eb2dbdc18e08517d5e99c78a100e7907
  custom:audio-encoder-webm-vorbis: bf7c407c2cedff20999df2af8eb42d56 -> 
  custom:scripting/monoscript/fileName/Helm.cs: c26d56b2bba9bcb0ed144e3501bc4050 -> 015c5ef11547d2a56ec06cbf9181e054
  custom:scripting/monoscript/fileName/Shoulder.cs: cd26873c046cfe405838db4b32b97d24 -> cbc35143cbffbdb744890d07b8670e7e
  custom:scripting/monoscript/fileName/IMeshLoader.cs: 9ae204479feb9db18b224953da5838fd -> 103d9667209b427a4c68ea28303f3cd3
  custom:scripting/monoscript/fileName/AssetListTree.cs: 255920d2dc3ac581fe65ea217df17385 -> 95ef94b9b5c1fc8c166d91a2229d1537
  custom:scripting/monoscript/fileName/MeshTexture.cs: e035409d8c1a139d8e58746d92de0530 -> 1c4c6300614cc8e271b614963931701e
  custom:scripting/monoscript/fileName/AssetBundleTree.cs: db18b513ade8dfdb586627b6c32bbf86 -> 5c86cf837bb6943c3398dc49a567b80f
  custom:scripting/precompiled-assembly-types:Assembly-CSharp: c2790092a75ce7400eb3773399d8f1b3 -> 2a57b7d9ba6c891b20990c959df4dfe7
  custom:scripting/monoscript/fileName/SpriteProcessor.cs: ecdbdd0dbf42b62f38de6c8096601c0d -> b47784218d8c2d820a413741c1f25a1f
  custom:scripting/monoscript/fileName/NextMeshColorBtn.cs: f15a2f312aac46efa390132e8e876a6a -> 3fefab99c46d758ed0e047f19be1644f
  custom:scripting/monoscript/fileName/ClearAllBtn.cs: 6b6df7aa9e75a6cecf2976db793db6eb -> bcba9c9686446fb7cf756301ebf868ec
  custom:scripting/monoscript/fileName/PlayerMoveController.cs: a4e66a81bcb2d723b3fb87dd004c6314 -> cc068b745400ee66c75378bcb7b27fdb
  custom:scripting/monoscript/fileName/ConfigLoader.cs: 62e091607cdc915ce80d4a253b61a2e7 -> db4bab6728472d9dedc7dfcc22e69d2d
  custom:scripting/monoscript/fileName/SaveItem.cs: 9fe0db1767d984560e8ce3cdb5cdd4f1 -> d881a933ade13ea32bf025db14797336
  custom:scripting/monoscript/fileName/SaveData.cs: cb74f51d5ddf1e3c0494034ad7572a91 -> b41c91a98201f94a04946b0cf063c975
  custom:scripting/monoscript/fileName/PrevColorBtn.cs: 745000830732e20a24b2b0544e8a21f7 -> e1d2791f9dd94cc4e35385ca804752d8
========================================================================
Received Prepare
Caller must complete domain reload
Begin MonoManager ReloadAssembly
- Loaded All Assemblies, in  0.843 seconds
Native extension for WindowsStandalone target not found
Native extension for Android target not found
Mono: successfully reloaded assembly
- Finished resetting the current domain, in  1.894 seconds
Domain Reload Profiling: 2733ms
	BeginReloadAssembly (216ms)
		ExecutionOrderSort (0ms)
		DisableScriptedObjects (4ms)
		BackupInstance (0ms)
		ReleaseScriptingObjects (0ms)
		CreateAndSetChildDomain (44ms)
	RebuildCommonClasses (35ms)
	RebuildNativeTypeToScriptingClass (11ms)
	initialDomainReloadingComplete (41ms)
	LoadAllAssembliesAndSetupDomain (535ms)
		LoadAssemblies (625ms)
		RebuildTransferFunctionScriptingTraits (0ms)
		AnalyzeDomain (40ms)
			TypeCache.Refresh (14ms)
				TypeCache.ScanAssembly (0ms)
			ScanForSourceGeneratedMonoScriptInfo (0ms)
			ResolveRequiredComponents (20ms)
	FinalizeReload (1895ms)
		ReleaseScriptCaches (0ms)
		RebuildScriptCaches (0ms)
		SetupLoadedEditorAssemblies (610ms)
			LogAssemblyErrors (0ms)
			InitializePlatformSupportModulesInManaged (26ms)
			SetLoadedEditorAssemblies (6ms)
			RefreshPlugins (0ms)
			BeforeProcessingInitializeOnLoad (109ms)
			ProcessInitializeOnLoadAttributes (368ms)
			ProcessInitializeOnLoadMethodAttributes (88ms)
			AfterProcessingInitializeOnLoad (13ms)
			EditorAssembliesLoaded (1ms)
		ExecutionOrderSort2 (0ms)
		AwakeInstancesAfterBackupRestoration (24ms)
WARNING: Shader Unsupported: 'Toon/Basic Outline' - All subshaders removed
WARNING: Shader Did you use #pragma only_renderers and omit this platform?
WARNING: Shader If subshaders removal was intentional, you may have forgotten turning Fallback off?
WARNING: Shader Unsupported: 'Toon/Basic Outline' - All subshaders removed
WARNING: Shader Did you use #pragma only_renderers and omit this platform?
WARNING: Shader If subshaders removal was intentional, you may have forgotten turning Fallback off?
WARNING: Shader Unsupported: 'Toon/Lit Outline' - All subshaders removed
WARNING: Shader Did you use #pragma only_renderers and omit this platform?
WARNING: Shader If subshaders removal was intentional, you may have forgotten turning Fallback off?
WARNING: Shader Unsupported: 'Toon/Lit Outline' - All subshaders removed
WARNING: Shader Did you use #pragma only_renderers and omit this platform?
WARNING: Shader If subshaders removal was intentional, you may have forgotten turning Fallback off?
Refreshing native plugins compatible for Editor in 7.86 ms, found 4 plugins.
Preloading 0 native plugins for Editor in 0.00 ms.
Unloading 5363 Unused Serialized files (Serialized files now loaded: 0)
Unloading 24 unused Assets / (0.7 MB). Loaded Objects now: 6053.
Memory consumption went from 191.0 MB to 190.4 MB.
Total: 5.820600 ms (FindLiveObjects: 0.556200 ms CreateObjectMapping: 0.510200 ms MarkObjects: 3.620700 ms  DeleteObjects: 1.131900 ms)

Prepare: number of updated asset objects reloaded= 0
AssetImportParameters requested are different than current active one (requested -> active):
  custom:scripting/monoscript/fileName/MeshTypeBone.cs: f2929f2b8ecce3a651b0fd3ffe111924 -> 843ff81fb2c811dcac98decd349efe80
  custom:scripting/monoscript/fileName/ShaderSelector.cs: 685bc00da5c5122ea4d91cfb7c33d4ce -> 521612be2626bcd49281fc726d73115d
  custom:scripting/monoscript/fileName/Hand.cs: 5052127099e76a39f6f2b58ea1ef5c1e -> 192355eabc8b0bb90d2503d57cbc29e1
  custom:scripting/monoscript/fileName/TextureFactory.cs: cee276c059ba8c5d89b2dce85c58444e -> 9b0e0386d21b5055c4b652bc661be2ca
  custom:scripting/monoscript/fileName/ExecuteInternalMono.cs: 3e44be6fc6d7f25500f51fef3364e783 -> c1dae4aa6cbf1512716dd7e8414f8006
  custom:scripting/monoscript/fileName/BundleDetailList.cs: 49a12b558eca8c309cefc20f79be4f08 -> 7b03139c488749eda460103673d30967
  custom:scripting/monoscript/fileName/ChangeSkinMeshBtn.cs: 5c6d8ac28a61c97b01d08415ec68b892 -> 58cbf8e281a1824de7ac09fd6ead4741
  custom:container-demuxer-ogg: 62fdf1f143b41e24485cea50d1cbac27 -> 
  custom:scripting/monoscript/fileName/InspectSingleBundle.cs: c4ddaa812469395f667f8059fbbafbb2 -> ff6bcd7c39743f835ec77986ad4e4842
  custom:scripting/monoscript/fileName/TorsoFX.cs: 8364f33fdfe728687ae399ca95227afe -> 5e6b4d93b934706642170673ecf5c3cb
  custom:scripting/monoscript/fileName/Scar.cs: a42aaa0f7421fdbac285e770432737fe -> 93cf6a2332a708e947886120175eb79a
  custom:scripting/monoscript/fileName/Eye.cs: afd6b945d219259bc28efd165ef781f4 -> 698a2a7ea54ef8de083e5f76c9b8d930
  custom:scripting/monoscript/fileName/PrevTextureBtn.cs: ca06f7a8c9b0f19ce544f3b94a1420fa -> 764f96572b39e13aca5f7f18826c47b4
  custom:scripting/monoscript/fileName/ClearColorBtn.cs: 1e8e6c93adda6a5ba905483e8182c1dd -> c480f5967894d16fe78f727f834b09ac
  custom:scripting/monoscript/fileName/SaveManager.cs: de2264e4a492adfd4c3a4c607fa8c9d4 -> 3fcb126c6a66ba31aa898dd5743caa30
  custom:scripting/monoscript/fileName/PrevCharacterBtn.cs: 8b169ad1106eaf0dbdbff832654707ff -> 82d84ae18bcec8ea0c987e0a3a9d6a13
  custom:scripting/monoscript/fileName/Popup.cs: 1c1ef9080900e5e97d1b14f0b41eadfa -> 2cc3075140bfd1e8dd79773fa10aee0b
  custom:scripting/monoscript/fileName/EditorBundleManager.cs: 25971b08130223425370a0c67fd24c1d -> dc4d9d3c0d3cadbde48071e4065b6fbb
  custom:scripting/monoscript/fileName/LoadBtn.cs: 70bafae7f72c9ee6623f2f31d0779c28 -> 2ea2705ebacd83d0846f91df66c28259
  custom:scripting/monoscript/fileName/TextureTypeMaskSelector.cs: 7ff2a9c585e0132e7eecc431d721fd4f -> c5691a283aa245253aed7fa0115457e3
  custom:scripting/monoscript/fileName/Pants.cs: 6c99c36b54f1584503cd85f530589db5 -> df098d75808a7fb623ca5598aed5b66e
  custom:scripting/monoscript/fileName/ABDataSourceProvider.cs: 4f93c6cdfbe44a00612a956e4ef9ffe7 -> d15a3b944396c4baae05b3f33e2f8331
  custom:video-decoder-ogg-theora: a1e56fd34408186e4bbccfd4996cb3dc -> 
  custom:scripting/monoscript/fileName/MeshManager.cs: 2f249bf80d6ae36c03b9409f5feb6c0d -> 80ab94735750c9af566e7e697efa30bc
  custom:scripting/monoscript/fileName/ABDataSource.cs: 41b8295d17e0ef0ed1d4f959baadf27f -> 7ceefc660d5f297abc8804d14984f27e
  custom:framework-win-MediaFoundation: 216162199b28c13a410421893ffa2e32 -> 
  custom:scripting/monoscript/fileName/NextCharacterBtn.cs: 3c5d6d5f91a48826bcb43d4ef5261f6a -> 271bcb60c5934eb6d4486f66396754c5
  custom:scripting/monoscript/fileName/AssetBundleInspectTab.cs: 945f43d3df2c8ee2453a9a63fa11274c -> 9c287edf6d1d376f12a8f96d01ec074a
  custom:scripting/monoscript/fileName/SaveListView.cs: e595613b43c00299f3513b824b0dabc3 -> 66f5588456e9744a16cd29a95c0a128e
  custom:scripting/monoscript/fileName/MeshFactory.cs: 4bbafa913eed9f0fb1b99654c8762909 -> a5c11ad228aefe2964b1b339054e39bc
  custom:scripting/monoscript/fileName/CharacterCustomizer.cs: 6b998336770e1834435505a2273ed78a -> 
  custom:scripting/monoscript/fileName/TestDatabase.cs: 23855a153a87fda770b086a78bc24d6d -> 
  custom:scripting/monoscript/fileName/AssetDatabaseABDataSource.cs: f87f54f41a9ae61d6c93a1ee4a7276fe -> a9068bde9865684c07718fa2f110ebd4
  custom:scripting/monoscript/fileName/AbstractFXMesh.cs: 2f7f8bc9d1b9e98b83ebf043ab545fae -> 355e798705134331d1b4e13fe77a1ba2
  custom:scripting/monoscript/fileName/IConfigLoader.cs: 290018350438b79782c4b9fdba32926e -> a4ccf3c5021bb9e95d5d05a0a09bf8bd
  custom:scripting/monoscript/fileName/ABModelBundleInfo.cs: 2188b089518dc510222192403494a01e -> 9fa50afaf3db0543d3d887b15c00368c
  custom:scripting/monoscript/fileName/Leg.cs: ef7b14f4330dc25387e1b59f0290d188 -> 43594c645958cd98f0dcb60d0855f6d1
  custom:scripting/monoscript/fileName/ABModelAssetInfo.cs: 30e23a9e1ca57fffc37b721992bcf1a0 -> cf869514a0bf82899ce1cda23bdb700e
  custom:scripting/monoscript/fileName/MeshTypeMaskSelector.cs: e94ba6f4a1adba4feee5fb7cc4e351fe -> ed92edda1c9655f258c64f35a85ef583
  custom:scripting/monoscript/fileName/ClearMeshBtn.cs: b14d5ced1c19826bfc491001a3f185d1 -> d990ebc2143de5948aea2a5badbfe15b
  custom:scripting/monoscript/fileName/MeshAndTextureTypeMaskSelector.cs: fdba9a050c9e3646ce8e80b7e936d037 -> 8a4bea39d5d059db9f897ddcbaaa5fb6
  custom:scripting/monoscript/fileName/FxMeshFactory.cs: c3e28ca0186ef5ee5525c8801ad21c5a -> 0c8ff1afadd69a3595c5d00772f68410
  custom:scripting/monoscript/fileName/FXTypeMaskSelector.cs: d74f6e4a0bcd101e2717459b81084106 -> 0f6cbde77ec3d316ca044b2bb5952a3c
  custom:scripting/monoscript/fileName/PlayerController.cs: 5b090d859ab09be631dc3b0f203f9571 -> d93a52a180fbbe603a59e9aa6da73c83
  custom:scripting/monoscript/fileName/BuildScript.cs: 426ea9e2914d6e2d91f1414353c5dafc -> 337dba19c2e29ee8e4980fc4e2019d2f
  custom:scripting/monoscript/fileName/ClearSkinMeshBtn.cs: 82d2655784ebc16abf5528736d619a9b -> a8f6aebd6c57b68160badb6bcb2d0ed6
  custom:scripting/monoscript/fileName/CreateCharacterWizard.cs: acfc968f24a9426403bd5add4843dcf8 -> 45f0e70a15c8659931d42d36cb8cac07
  custom:CustomObjectIndexerAttribute: 72b91833f83ae208fae7752999fa3104 -> 
  custom:scripting/monoscript/fileName/AbstractTexture.cs: 5fe6f2f7be7fb5a86569856b4345a004 -> e0980b08fec448804b26f5b6dad65dfd
  custom:scripting/monoscript/fileName/FollowCamera.cs: 2d720f10865b64f024b0e3fccdd261c7 -> 8d6eb8e229738de226ec56d9e22b6b63
  custom:scripting/monoscript/fileName/FxMeshTypeBone.cs: f85b6921dfd1e47314410f2e3b110e25 -> c7f230be3097e0ffbcff74b002f4c068
  custom:scripting/monoscript/fileName/AssetbundlesMenuItems.cs: c3bdb3cf11cdd131fd9c40f5c72fdbb7 -> bacd4da6799b9476bee68e043690ff36
  custom:scripting/monoscript/fileName/Arm.cs: 4102684b6836edb71c1e92ebf943cfad -> b923216ab6f821207b08c03afd4c6525
  custom:container-demuxer-webm: 4f35f7cbe854078d1ac9338744f61a02 -> 
  custom:scripting/monoscript/fileName/NextMeshBtn.cs: c626932f4e3ef625c1f95cbb7df53377 -> c475632899117e513eda9e15e910b76e
  custom:scripting/monoscript/fileName/FaceFeature.cs: 4fb49a14cfb347e565b8520b489cd06f -> 2d58afa4a16bca365a6beb0bf6bfaea3
  custom:scripting/monoscript/fileName/SavePrefabBtn.cs: 3a461d0b73e33e6450805a3d4c14cf7e -> fb80c3034ef9c4f90fa622ffe7f9f829
  custom:scripting/monoscript/fileName/LoaderManager.cs: 369c2be46c8c25c8c25ebdc236e1107b -> de56154becf62ebc4f0181681035238d
  custom:scripting/monoscript/fileName/SaveNameInput.cs: 38a66e5dc26bdeafde0ff106788ee663 -> aae89d2fa016e54079d9c4371e2e5f50
  custom:scripting/monoscript/fileName/Config.cs: e85a922a2347c074e5939d78a5a7a10e -> 7351639d5127e04bc4fcb4671c4a17fb
  custom:scripting/monoscript/fileName/EyeFX.cs: bb3e917396c4b9336da3800cda69d75f -> 0e9063be2785787a64aac5ac3958ba88
  custom:scripting/monoscript/fileName/CategoryPanel.cs: 2ede49e7213c224cf2b42e7bf0785af5 -> 
  custom:scripting/monoscript/fileName/JumpFallBehaviour.cs: 6e303c4d540ce7e39efab9189bb22bcd -> 71c001d1ad34a6d3b319feace6bde3ef
  custom:scripting/monoscript/fileName/PrevMeshBtn.cs: e4cc6e23cf1ae834cfc676eb293c1a5c -> b3d8856e7d265dc9c0dfa6c173a5ecfd
  custom:container-muxer-webm: aa71ff27fc2769a1b78a27578f13a17b -> 
  custom:scripting/monoscript/fileName/ClearTextureBtn.cs: 4f31783abce9af1d7ec4839287fef475 -> e3b2bcf1edcb5118f2edfda92d79dc01
  custom:scripting/monoscript/fileName/Shoes.cs: 066ec4aa35b5452249c3208e4decccac -> a3171f40fe6c3d65d3385917721d6b32
  custom:video-decoder-webm-vp8: 9c59270c3fd7afecdb556c50c9e8de78 -> 
  custom:scripting/monoscript/fileName/ConfigManager.cs: ecadd354c11a441a4c89b5fd7a9f00e6 -> caea2b28af0ab9e40fec80621d2354a1
  custom:scripting/monoscript/fileName/ClearFXBtn.cs: 9a39f15de353636ac82e469249897f2d -> 7bb97525152b99fa74400a29eaa13dea
  custom:scripting/monoscript/fileName/ClosePopup.cs: b8d454205b2ceefe37b5fd3a66ce3f21 -> 55d4b78c13dd76e50d9c188109fdf0bb
  custom:SearchIndexIgnoredProperties: e643bd26f0fe6173181afceb89e7c659 -> 
  custom:scripting/monoscript/fileName/Belt.cs: 57f9cd2ecc900069b427149243ef3bc5 -> 49eb07e37613e7bc3cd2ca1c5688a06b
  custom:AudioImporter_EditorPlatform: d09bf68614088b80899f8185d706f6e7 -> 
  custom:scripting/monoscript/fileName/AssetBundleLoadOperation.cs: 6671757952e868610efe84deb7d10911 -> 5e23b7cfd6b1aefafff250cf74ef9147
  custom:scripting/monoscript/fileName/PrevSkinMeshBtn.cs: 4b975732b197cfed11faf978a39a86d9 -> 949d41495696a789e910ed4bddee68c8
  custom:scripting/monoscript/fileName/RandomBtn.cs: 09358cb3d53669a5fb3911b12bed41f9 -> 851c8dec69594280621f9ae4205a836d
  custom:scripting/monoscript/fileName/Beard.cs: fcba2011bd59aa862783e312bcb3f1ed -> 25619eaf3bae2cd2a4b58a1e35f6de63
  custom:scripting/monoscript/fileName/EnumFlagAttribute.cs: 74d0d26091c169f8de5e9bf42af43876 -> 955415b54787984cbbb8aa271c5326e3
  custom:scripting/monoscript/fileName/LaunchAssetBundleServer.cs: fde14ca75a313e949066fe5170090bd6 -> 43db2fb10887bbfb076c6767daba67bd
  custom:scripting/monoscript/fileName/TextureManager.cs: e8b62e3c8c466c37ed390308c47b609f -> aaabee5faa243fca33eb568630ae6e8e
  custom:scripting/monoscript/fileName/RobeShort.cs: 98a985110c88276dffccdebb9b45a97a -> 3c6d536f5d6b37080b8a61040ec81de3
  custom:scripting/monoscript/fileName/AssetBundleRecord.cs: 5e3e2662beb76f92f544ca3a6af0a002 -> 5a3119d6abe586168b6fe06c7e98c69c
  custom:scripting/monoscript/fileName/TogglePopup.cs: e3546a95722da3ab7907a444f1349cba -> 1d986db86e682e16edccd0653eb2aad7
  custom:scripting/monoscript/fileName/ITextureLoader.cs: fb942611a67ee29c2d3906a7f2b2ca06 -> 5adc935e3b3fb7761c6d5c127df50233
  custom:scripting/monoscript/fileName/SaveBtn.cs: 3dfbd63f5b032b539a11095805980518 -> 62cda288bb207ed68b5083d6b77f7471
  custom:scripting/monoscript/fileName/NextSkinMeshBtn.cs: 7bde284a6144f85f7d24cd53fe360afe -> c82eddd7edff4db94905f44ef59144c1
  custom:scripting/monoscript/fileName/Head.cs: ef8602f0e05bb6f56d36072970253a56 -> 6728c540b9905eb1de06718fa4aae534
  custom:scripting/monoscript/fileName/NextFXBtn.cs: ec23ffa473c712e78d6eb18c4ae448be -> 7e2755ad9a90b6ecb18961111ed6b016
  custom:scripting/monoscript/fileName/AssetBundleBrowserMain.cs: adf460d08e5161db4df4e9efbad520b6 -> d6cbb84444c9fdda30a8092bb0794cf7
  custom:scripting/monoscript/fileName/JSONMap.cs: 0cc7c12ea7048b3ee204a6864ec14612 -> f72d2edab136c1eb89bac454d589dbd3
  custom:scripting/monoscript/fileName/AssetBundleManageTab.cs: cd787c8175c6b452036330db58559128 -> 31b1d66e60f6e821749b4e2c88c32cdd
  custom:scripting/monoscript/fileName/Torso.cs: 69b7e0d6a62aacc036b1886a4ba2587b -> 54ee6015ea03462115d4c3153edbdf8c
  custom:scripting/monoscript/fileName/AssetBundleBuildTab.cs: e4d3d716146519b1f52f6c0fe7ec5a47 -> c4f1a336c5910d1832fd9e6c972559ad
  custom:scripting/monoscript/fileName/Hair.cs: 1f4e341ec44f1e9a43da832f30eda5e7 -> a794926f97f7a5e9c465865fe7af5e1b
  custom:scripting/monoscript/fileName/AbstractMesh.cs: f416745403975ff81463073698d6e017 -> 8184b2a66042d8caaccbbd20ed31dc56
  custom:scripting/monoscript/fileName/NextTextureBtn.cs: d5a300ee8993aada97b6138db78b58aa -> 68286e9f0e1d42eee9d43ba74e34330f
  custom:scripting/monoscript/fileName/Gloves.cs: 21fa036484600f2d249c1ff665501393 -> 28f9e2f54620c042ed9595f00f2065dc
  custom:scripting/monoscript/fileName/AssetBundleManager.cs: 0e168d48c6d3576e59f6c42f92fecd60 -> c15faaf8b529192dbe9aec9afe4991fd
  custom:scripting/monoscript/fileName/RobeLong.cs: 1a7163e76453fecee35478b548086606 -> f4a05f13d9e9427f236c1f1234a17722
  custom:scripting/monoscript/fileName/InspectTreeView.cs: 4d03769e654689089e5185b09bfc6882 -> 260e1db8105b149fed2e7856746dbf0f
  custom:scripting/monoscript/fileName/MeshLoader.cs: 0b10154577fb1ae0dd2e8310eae4ddf4 -> 514b5b4b4814025e9f754ee22115b972
  custom:scripting/monoscript/fileName/PrevFXBtn.cs: 9adcb6db2d84b99fc2ba85718ff2705c -> d82c337bfc40d281d6f7be6c53a9171d
  custom:scripting/monoscript/fileName/ABModel.cs: d4f2ea81e354d5c73ab4578ede6b09b2 -> efbeff1b31df600fad6d5bea582c7fba
  custom:video-encoder-webm-vp8: eb34c28f22e8b96e1ab97ce403110664 -> 
  custom:scripting/monoscript/fileName/TextureLoader.cs: ef2efb353191380796da06838f0ca27c -> 32fee57eede5dc7675a4e8e137c57785
  custom:scripting/monoscript/fileName/Cloak.cs: 83fee273266203de062b641017c68a04 -> a5348ad8315a274870ac1256b416f4df
  custom:audio-decoder-ogg-vorbis: bf7c407c2cedff20999df2af8eb42d56 -> 
  custom:scripting/monoscript/fileName/Eyebrow.cs: a80914df48c7002be677c64522cce038 -> 60a10d1886232f9d6b3fd8be0c11fca9
  custom:scripting/monoscript/fileName/MeshUVManager.cs: 3a3d4245c35b74c0afddd620ce689573 -> fa1c5e2aa443e2c89e2f51af239fa10f
  custom:scripting/monoscript/fileName/MessageList.cs: 6b608508dbf342db2b025fa4e75150ed -> e187436fd3600e1e0afecc6a8da1f18c
  custom:scripting/monoscript/fileName/ClearMeshColorBtn.cs: 0007c8d870af1fc291acf8c091e58855 -> 45fdc58f7fbca9a24d836bd66f751d53
  custom:scripting/monoscript/fileName/MessageSystem.cs: e1fba72936ec77bbbc283ee14a4e5ac9 -> c1467679f7f8f7989b7c591fe16f095b
  custom:scripting/monoscript/fileName/Helper.cs: c607632c58e5a7e90f5ab372e55f1b53 -> 42ad14543d1a843693f11a1cb7823bdc
  custom:scripting/monoscript/fileName/TorsoAdd.cs: de2919cda7445d192f99b708ac4f8f98 -> 6a719884572b7c749207c858146f4e3c
  custom:scripting/monoscript/fileName/EnumFlagDrawer.cs: 41a8255d04f81b6824e2eb405c56f882 -> 5c63d0c0059ff695bd0ee486d1e93bdc
  custom:scripting/monoscript/fileName/Utility.cs: 28500e0d15bd811ed13877f72f01a728 -> bc7c77987476d2cc716aa6822231009e
  custom:scripting/monoscript/fileName/NextColorBtn.cs: 3c291ea58299c895d1e49ee9d26926c4 -> 3628818366004c784ce7c532472e0770
  custom:scripting/monoscript/fileName/BeltAdd.cs: cb7f04a49673453c6e59d8a19fc25506 -> 23c8e20e1dd3c9ed150a971c41b0440b
  custom:scripting/monoscript/fileName/Skin.cs: b53e0e70cea1e5a2051dbeb2d303d7bf -> fa5b8fbc5e21205ad140661bb8d1d29a
  custom:scripting/monoscript/fileName/PrevMeshColorBtn.cs: 6e7146d83f859cab20d94f99a895303c -> eb2dbdc18e08517d5e99c78a100e7907
  custom:audio-encoder-webm-vorbis: bf7c407c2cedff20999df2af8eb42d56 -> 
  custom:scripting/monoscript/fileName/Helm.cs: c26d56b2bba9bcb0ed144e3501bc4050 -> 015c5ef11547d2a56ec06cbf9181e054
  custom:scripting/monoscript/fileName/Shoulder.cs: cd26873c046cfe405838db4b32b97d24 -> cbc35143cbffbdb744890d07b8670e7e
  custom:scripting/monoscript/fileName/IMeshLoader.cs: 9ae204479feb9db18b224953da5838fd -> 103d9667209b427a4c68ea28303f3cd3
  custom:scripting/monoscript/fileName/AssetListTree.cs: 255920d2dc3ac581fe65ea217df17385 -> 95ef94b9b5c1fc8c166d91a2229d1537
  custom:scripting/monoscript/fileName/MeshTexture.cs: e035409d8c1a139d8e58746d92de0530 -> 1c4c6300614cc8e271b614963931701e
  custom:scripting/monoscript/fileName/AssetBundleTree.cs: db18b513ade8dfdb586627b6c32bbf86 -> 5c86cf837bb6943c3398dc49a567b80f
  custom:scripting/precompiled-assembly-types:Assembly-CSharp: c2790092a75ce7400eb3773399d8f1b3 -> 2a57b7d9ba6c891b20990c959df4dfe7
  custom:scripting/monoscript/fileName/SpriteProcessor.cs: ecdbdd0dbf42b62f38de6c8096601c0d -> b47784218d8c2d820a413741c1f25a1f
  custom:scripting/monoscript/fileName/NextMeshColorBtn.cs: f15a2f312aac46efa390132e8e876a6a -> 3fefab99c46d758ed0e047f19be1644f
  custom:scripting/monoscript/fileName/ClearAllBtn.cs: 6b6df7aa9e75a6cecf2976db793db6eb -> bcba9c9686446fb7cf756301ebf868ec
  custom:scripting/monoscript/fileName/PlayerMoveController.cs: a4e66a81bcb2d723b3fb87dd004c6314 -> cc068b745400ee66c75378bcb7b27fdb
  custom:scripting/monoscript/fileName/ConfigLoader.cs: 62e091607cdc915ce80d4a253b61a2e7 -> db4bab6728472d9dedc7dfcc22e69d2d
  custom:scripting/monoscript/fileName/SaveItem.cs: 9fe0db1767d984560e8ce3cdb5cdd4f1 -> d881a933ade13ea32bf025db14797336
  custom:scripting/monoscript/fileName/SaveData.cs: cb74f51d5ddf1e3c0494034ad7572a91 -> b41c91a98201f94a04946b0cf063c975
  custom:scripting/monoscript/fileName/PrevColorBtn.cs: 745000830732e20a24b2b0544e8a21f7 -> e1d2791f9dd94cc4e35385ca804752d8
========================================================================
Received Prepare
Caller must complete domain reload
Begin MonoManager ReloadAssembly
- Loaded All Assemblies, in  0.884 seconds
Native extension for WindowsStandalone target not found
Native extension for Android target not found
Mono: successfully reloaded assembly
- Finished resetting the current domain, in  1.784 seconds
Domain Reload Profiling: 2660ms
	BeginReloadAssembly (241ms)
		ExecutionOrderSort (0ms)
		DisableScriptedObjects (7ms)
		BackupInstance (0ms)
		ReleaseScriptingObjects (0ms)
		CreateAndSetChildDomain (59ms)
	RebuildCommonClasses (45ms)
	RebuildNativeTypeToScriptingClass (11ms)
	initialDomainReloadingComplete (62ms)
	LoadAllAssembliesAndSetupDomain (517ms)
		LoadAssemblies (620ms)
		RebuildTransferFunctionScriptingTraits (0ms)
		AnalyzeDomain (31ms)
			TypeCache.Refresh (11ms)
				TypeCache.ScanAssembly (0ms)
			ScanForSourceGeneratedMonoScriptInfo (0ms)
			ResolveRequiredComponents (14ms)
	FinalizeReload (1785ms)
		ReleaseScriptCaches (0ms)
		RebuildScriptCaches (0ms)
		SetupLoadedEditorAssemblies (649ms)
			LogAssemblyErrors (0ms)
			InitializePlatformSupportModulesInManaged (27ms)
			SetLoadedEditorAssemblies (8ms)
			RefreshPlugins (0ms)
			BeforeProcessingInitializeOnLoad (126ms)
			ProcessInitializeOnLoadAttributes (389ms)
			ProcessInitializeOnLoadMethodAttributes (87ms)
			AfterProcessingInitializeOnLoad (11ms)
			EditorAssembliesLoaded (0ms)
		ExecutionOrderSort2 (0ms)
		AwakeInstancesAfterBackupRestoration (20ms)
WARNING: Shader Unsupported: 'Toon/Basic Outline' - All subshaders removed
WARNING: Shader Did you use #pragma only_renderers and omit this platform?
WARNING: Shader If subshaders removal was intentional, you may have forgotten turning Fallback off?
WARNING: Shader Unsupported: 'Toon/Basic Outline' - All subshaders removed
WARNING: Shader Did you use #pragma only_renderers and omit this platform?
WARNING: Shader If subshaders removal was intentional, you may have forgotten turning Fallback off?
WARNING: Shader Unsupported: 'Toon/Lit Outline' - All subshaders removed
WARNING: Shader Did you use #pragma only_renderers and omit this platform?
WARNING: Shader If subshaders removal was intentional, you may have forgotten turning Fallback off?
WARNING: Shader Unsupported: 'Toon/Lit Outline' - All subshaders removed
WARNING: Shader Did you use #pragma only_renderers and omit this platform?
WARNING: Shader If subshaders removal was intentional, you may have forgotten turning Fallback off?
Refreshing native plugins compatible for Editor in 10.49 ms, found 4 plugins.
Preloading 0 native plugins for Editor in 0.00 ms.
Unloading 5363 Unused Serialized files (Serialized files now loaded: 0)
Unloading 24 unused Assets / (0.6 MB). Loaded Objects now: 6058.
Memory consumption went from 191.1 MB to 190.4 MB.
Total: 6.437200 ms (FindLiveObjects: 1.189300 ms CreateObjectMapping: 0.600000 ms MarkObjects: 3.890000 ms  DeleteObjects: 0.756300 ms)

Prepare: number of updated asset objects reloaded= 0
AssetImportParameters requested are different than current active one (requested -> active):
  custom:scripting/monoscript/fileName/MeshTypeBone.cs: f2929f2b8ecce3a651b0fd3ffe111924 -> 843ff81fb2c811dcac98decd349efe80
  custom:scripting/monoscript/fileName/ShaderSelector.cs: 685bc00da5c5122ea4d91cfb7c33d4ce -> 521612be2626bcd49281fc726d73115d
  custom:scripting/monoscript/fileName/Hand.cs: 5052127099e76a39f6f2b58ea1ef5c1e -> 192355eabc8b0bb90d2503d57cbc29e1
  custom:scripting/monoscript/fileName/TextureFactory.cs: cee276c059ba8c5d89b2dce85c58444e -> 9b0e0386d21b5055c4b652bc661be2ca
  custom:scripting/monoscript/fileName/ExecuteInternalMono.cs: 3e44be6fc6d7f25500f51fef3364e783 -> c1dae4aa6cbf1512716dd7e8414f8006
  custom:scripting/monoscript/fileName/BundleDetailList.cs: 49a12b558eca8c309cefc20f79be4f08 -> 7b03139c488749eda460103673d30967
  custom:scripting/monoscript/fileName/ChangeSkinMeshBtn.cs: 5c6d8ac28a61c97b01d08415ec68b892 -> 58cbf8e281a1824de7ac09fd6ead4741
  custom:container-demuxer-ogg: 62fdf1f143b41e24485cea50d1cbac27 -> 
  custom:scripting/monoscript/fileName/InspectSingleBundle.cs: c4ddaa812469395f667f8059fbbafbb2 -> ff6bcd7c39743f835ec77986ad4e4842
  custom:scripting/monoscript/fileName/TorsoFX.cs: 8364f33fdfe728687ae399ca95227afe -> 5e6b4d93b934706642170673ecf5c3cb
  custom:scripting/monoscript/fileName/Scar.cs: a42aaa0f7421fdbac285e770432737fe -> 93cf6a2332a708e947886120175eb79a
  custom:scripting/monoscript/fileName/Eye.cs: afd6b945d219259bc28efd165ef781f4 -> 698a2a7ea54ef8de083e5f76c9b8d930
  custom:scripting/monoscript/fileName/PrevTextureBtn.cs: ca06f7a8c9b0f19ce544f3b94a1420fa -> 764f96572b39e13aca5f7f18826c47b4
  custom:scripting/monoscript/fileName/ClearColorBtn.cs: 1e8e6c93adda6a5ba905483e8182c1dd -> c480f5967894d16fe78f727f834b09ac
  custom:scripting/monoscript/fileName/SaveManager.cs: de2264e4a492adfd4c3a4c607fa8c9d4 -> 3fcb126c6a66ba31aa898dd5743caa30
  custom:scripting/monoscript/fileName/PrevCharacterBtn.cs: 8b169ad1106eaf0dbdbff832654707ff -> 82d84ae18bcec8ea0c987e0a3a9d6a13
  custom:scripting/monoscript/fileName/Popup.cs: 1c1ef9080900e5e97d1b14f0b41eadfa -> 2cc3075140bfd1e8dd79773fa10aee0b
  custom:scripting/monoscript/fileName/EditorBundleManager.cs: 25971b08130223425370a0c67fd24c1d -> dc4d9d3c0d3cadbde48071e4065b6fbb
  custom:scripting/monoscript/fileName/LoadBtn.cs: 70bafae7f72c9ee6623f2f31d0779c28 -> 2ea2705ebacd83d0846f91df66c28259
  custom:scripting/monoscript/fileName/TextureTypeMaskSelector.cs: 7ff2a9c585e0132e7eecc431d721fd4f -> c5691a283aa245253aed7fa0115457e3
  custom:scripting/monoscript/fileName/Pants.cs: 6c99c36b54f1584503cd85f530589db5 -> df098d75808a7fb623ca5598aed5b66e
  custom:scripting/monoscript/fileName/ABDataSourceProvider.cs: 4f93c6cdfbe44a00612a956e4ef9ffe7 -> d15a3b944396c4baae05b3f33e2f8331
  custom:video-decoder-ogg-theora: a1e56fd34408186e4bbccfd4996cb3dc -> 
  custom:scripting/monoscript/fileName/MeshManager.cs: 2f249bf80d6ae36c03b9409f5feb6c0d -> 80ab94735750c9af566e7e697efa30bc
  custom:scripting/monoscript/fileName/ABDataSource.cs: 41b8295d17e0ef0ed1d4f959baadf27f -> 7ceefc660d5f297abc8804d14984f27e
  custom:framework-win-MediaFoundation: 216162199b28c13a410421893ffa2e32 -> 
  custom:scripting/monoscript/fileName/NextCharacterBtn.cs: 3c5d6d5f91a48826bcb43d4ef5261f6a -> 271bcb60c5934eb6d4486f66396754c5
  custom:scripting/monoscript/fileName/AssetBundleInspectTab.cs: 945f43d3df2c8ee2453a9a63fa11274c -> 9c287edf6d1d376f12a8f96d01ec074a
  custom:scripting/monoscript/fileName/SaveListView.cs: e595613b43c00299f3513b824b0dabc3 -> 66f5588456e9744a16cd29a95c0a128e
  custom:scripting/monoscript/fileName/MeshFactory.cs: 4bbafa913eed9f0fb1b99654c8762909 -> a5c11ad228aefe2964b1b339054e39bc
  custom:scripting/monoscript/fileName/CharacterCustomizer.cs: 6b998336770e1834435505a2273ed78a -> 
  custom:scripting/monoscript/fileName/TestDatabase.cs: 23855a153a87fda770b086a78bc24d6d -> 
  custom:scripting/monoscript/fileName/AssetDatabaseABDataSource.cs: f87f54f41a9ae61d6c93a1ee4a7276fe -> a9068bde9865684c07718fa2f110ebd4
  custom:scripting/monoscript/fileName/AbstractFXMesh.cs: 2f7f8bc9d1b9e98b83ebf043ab545fae -> 355e798705134331d1b4e13fe77a1ba2
  custom:scripting/monoscript/fileName/IConfigLoader.cs: 290018350438b79782c4b9fdba32926e -> a4ccf3c5021bb9e95d5d05a0a09bf8bd
  custom:scripting/monoscript/fileName/ABModelBundleInfo.cs: 2188b089518dc510222192403494a01e -> 9fa50afaf3db0543d3d887b15c00368c
  custom:scripting/monoscript/fileName/Leg.cs: ef7b14f4330dc25387e1b59f0290d188 -> 43594c645958cd98f0dcb60d0855f6d1
  custom:scripting/monoscript/fileName/ABModelAssetInfo.cs: 30e23a9e1ca57fffc37b721992bcf1a0 -> cf869514a0bf82899ce1cda23bdb700e
  custom:scripting/monoscript/fileName/MeshTypeMaskSelector.cs: e94ba6f4a1adba4feee5fb7cc4e351fe -> ed92edda1c9655f258c64f35a85ef583
  custom:scripting/monoscript/fileName/ClearMeshBtn.cs: b14d5ced1c19826bfc491001a3f185d1 -> d990ebc2143de5948aea2a5badbfe15b
  custom:scripting/monoscript/fileName/MeshAndTextureTypeMaskSelector.cs: fdba9a050c9e3646ce8e80b7e936d037 -> 8a4bea39d5d059db9f897ddcbaaa5fb6
  custom:scripting/monoscript/fileName/FxMeshFactory.cs: c3e28ca0186ef5ee5525c8801ad21c5a -> 0c8ff1afadd69a3595c5d00772f68410
  custom:scripting/monoscript/fileName/FXTypeMaskSelector.cs: d74f6e4a0bcd101e2717459b81084106 -> 0f6cbde77ec3d316ca044b2bb5952a3c
  custom:scripting/monoscript/fileName/PlayerController.cs: 5b090d859ab09be631dc3b0f203f9571 -> d93a52a180fbbe603a59e9aa6da73c83
  custom:scripting/monoscript/fileName/BuildScript.cs: 426ea9e2914d6e2d91f1414353c5dafc -> 337dba19c2e29ee8e4980fc4e2019d2f
  custom:scripting/monoscript/fileName/ClearSkinMeshBtn.cs: 82d2655784ebc16abf5528736d619a9b -> a8f6aebd6c57b68160badb6bcb2d0ed6
  custom:scripting/monoscript/fileName/CreateCharacterWizard.cs: acfc968f24a9426403bd5add4843dcf8 -> 45f0e70a15c8659931d42d36cb8cac07
  custom:CustomObjectIndexerAttribute: 72b91833f83ae208fae7752999fa3104 -> 
  custom:scripting/monoscript/fileName/AbstractTexture.cs: 5fe6f2f7be7fb5a86569856b4345a004 -> e0980b08fec448804b26f5b6dad65dfd
  custom:scripting/monoscript/fileName/FollowCamera.cs: 2d720f10865b64f024b0e3fccdd261c7 -> 8d6eb8e229738de226ec56d9e22b6b63
  custom:scripting/monoscript/fileName/FxMeshTypeBone.cs: f85b6921dfd1e47314410f2e3b110e25 -> c7f230be3097e0ffbcff74b002f4c068
  custom:scripting/monoscript/fileName/AssetbundlesMenuItems.cs: c3bdb3cf11cdd131fd9c40f5c72fdbb7 -> bacd4da6799b9476bee68e043690ff36
  custom:scripting/monoscript/fileName/Arm.cs: 4102684b6836edb71c1e92ebf943cfad -> b923216ab6f821207b08c03afd4c6525
  custom:container-demuxer-webm: 4f35f7cbe854078d1ac9338744f61a02 -> 
  custom:scripting/monoscript/fileName/NextMeshBtn.cs: c626932f4e3ef625c1f95cbb7df53377 -> c475632899117e513eda9e15e910b76e
  custom:scripting/monoscript/fileName/FaceFeature.cs: 4fb49a14cfb347e565b8520b489cd06f -> 2d58afa4a16bca365a6beb0bf6bfaea3
  custom:scripting/monoscript/fileName/SavePrefabBtn.cs: 3a461d0b73e33e6450805a3d4c14cf7e -> fb80c3034ef9c4f90fa622ffe7f9f829
  custom:scripting/monoscript/fileName/LoaderManager.cs: 369c2be46c8c25c8c25ebdc236e1107b -> de56154becf62ebc4f0181681035238d
  custom:scripting/monoscript/fileName/SaveNameInput.cs: 38a66e5dc26bdeafde0ff106788ee663 -> aae89d2fa016e54079d9c4371e2e5f50
  custom:scripting/monoscript/fileName/Config.cs: e85a922a2347c074e5939d78a5a7a10e -> 7351639d5127e04bc4fcb4671c4a17fb
  custom:scripting/monoscript/fileName/EyeFX.cs: bb3e917396c4b9336da3800cda69d75f -> 0e9063be2785787a64aac5ac3958ba88
  custom:scripting/monoscript/fileName/CategoryPanel.cs: 2ede49e7213c224cf2b42e7bf0785af5 -> 
  custom:scripting/monoscript/fileName/JumpFallBehaviour.cs: 6e303c4d540ce7e39efab9189bb22bcd -> 71c001d1ad34a6d3b319feace6bde3ef
  custom:scripting/monoscript/fileName/PrevMeshBtn.cs: e4cc6e23cf1ae834cfc676eb293c1a5c -> b3d8856e7d265dc9c0dfa6c173a5ecfd
  custom:container-muxer-webm: aa71ff27fc2769a1b78a27578f13a17b -> 
  custom:scripting/monoscript/fileName/ClearTextureBtn.cs: 4f31783abce9af1d7ec4839287fef475 -> e3b2bcf1edcb5118f2edfda92d79dc01
  custom:scripting/monoscript/fileName/Shoes.cs: 066ec4aa35b5452249c3208e4decccac -> a3171f40fe6c3d65d3385917721d6b32
  custom:video-decoder-webm-vp8: 9c59270c3fd7afecdb556c50c9e8de78 -> 
  custom:scripting/monoscript/fileName/ConfigManager.cs: ecadd354c11a441a4c89b5fd7a9f00e6 -> caea2b28af0ab9e40fec80621d2354a1
  custom:scripting/monoscript/fileName/ClearFXBtn.cs: 9a39f15de353636ac82e469249897f2d -> 7bb97525152b99fa74400a29eaa13dea
  custom:scripting/monoscript/fileName/ClosePopup.cs: b8d454205b2ceefe37b5fd3a66ce3f21 -> 55d4b78c13dd76e50d9c188109fdf0bb
  custom:SearchIndexIgnoredProperties: e643bd26f0fe6173181afceb89e7c659 -> 
  custom:scripting/monoscript/fileName/Belt.cs: 57f9cd2ecc900069b427149243ef3bc5 -> 49eb07e37613e7bc3cd2ca1c5688a06b
  custom:AudioImporter_EditorPlatform: d09bf68614088b80899f8185d706f6e7 -> 
  custom:scripting/monoscript/fileName/AssetBundleLoadOperation.cs: 6671757952e868610efe84deb7d10911 -> 5e23b7cfd6b1aefafff250cf74ef9147
  custom:scripting/monoscript/fileName/PrevSkinMeshBtn.cs: 4b975732b197cfed11faf978a39a86d9 -> 949d41495696a789e910ed4bddee68c8
  custom:scripting/monoscript/fileName/RandomBtn.cs: 09358cb3d53669a5fb3911b12bed41f9 -> 851c8dec69594280621f9ae4205a836d
  custom:scripting/monoscript/fileName/Beard.cs: fcba2011bd59aa862783e312bcb3f1ed -> 25619eaf3bae2cd2a4b58a1e35f6de63
  custom:scripting/monoscript/fileName/EnumFlagAttribute.cs: 74d0d26091c169f8de5e9bf42af43876 -> 955415b54787984cbbb8aa271c5326e3
  custom:scripting/monoscript/fileName/LaunchAssetBundleServer.cs: fde14ca75a313e949066fe5170090bd6 -> 43db2fb10887bbfb076c6767daba67bd
  custom:scripting/monoscript/fileName/TextureManager.cs: e8b62e3c8c466c37ed390308c47b609f -> aaabee5faa243fca33eb568630ae6e8e
  custom:scripting/monoscript/fileName/RobeShort.cs: 98a985110c88276dffccdebb9b45a97a -> 3c6d536f5d6b37080b8a61040ec81de3
  custom:scripting/monoscript/fileName/AssetBundleRecord.cs: 5e3e2662beb76f92f544ca3a6af0a002 -> 5a3119d6abe586168b6fe06c7e98c69c
  custom:scripting/monoscript/fileName/TogglePopup.cs: e3546a95722da3ab7907a444f1349cba -> 1d986db86e682e16edccd0653eb2aad7
  custom:scripting/monoscript/fileName/ITextureLoader.cs: fb942611a67ee29c2d3906a7f2b2ca06 -> 5adc935e3b3fb7761c6d5c127df50233
  custom:scripting/monoscript/fileName/SaveBtn.cs: 3dfbd63f5b032b539a11095805980518 -> 62cda288bb207ed68b5083d6b77f7471
  custom:scripting/monoscript/fileName/NextSkinMeshBtn.cs: 7bde284a6144f85f7d24cd53fe360afe -> c82eddd7edff4db94905f44ef59144c1
  custom:scripting/monoscript/fileName/Head.cs: ef8602f0e05bb6f56d36072970253a56 -> 6728c540b9905eb1de06718fa4aae534
  custom:scripting/monoscript/fileName/NextFXBtn.cs: ec23ffa473c712e78d6eb18c4ae448be -> 7e2755ad9a90b6ecb18961111ed6b016
  custom:scripting/monoscript/fileName/AssetBundleBrowserMain.cs: adf460d08e5161db4df4e9efbad520b6 -> d6cbb84444c9fdda30a8092bb0794cf7
  custom:scripting/monoscript/fileName/JSONMap.cs: 0cc7c12ea7048b3ee204a6864ec14612 -> f72d2edab136c1eb89bac454d589dbd3
  custom:scripting/monoscript/fileName/AssetBundleManageTab.cs: cd787c8175c6b452036330db58559128 -> 31b1d66e60f6e821749b4e2c88c32cdd
  custom:scripting/monoscript/fileName/Torso.cs: 69b7e0d6a62aacc036b1886a4ba2587b -> 54ee6015ea03462115d4c3153edbdf8c
  custom:scripting/monoscript/fileName/AssetBundleBuildTab.cs: e4d3d716146519b1f52f6c0fe7ec5a47 -> c4f1a336c5910d1832fd9e6c972559ad
  custom:scripting/monoscript/fileName/Hair.cs: 1f4e341ec44f1e9a43da832f30eda5e7 -> a794926f97f7a5e9c465865fe7af5e1b
  custom:scripting/monoscript/fileName/AbstractMesh.cs: f416745403975ff81463073698d6e017 -> 8184b2a66042d8caaccbbd20ed31dc56
  custom:scripting/monoscript/fileName/NextTextureBtn.cs: d5a300ee8993aada97b6138db78b58aa -> 68286e9f0e1d42eee9d43ba74e34330f
  custom:scripting/monoscript/fileName/Gloves.cs: 21fa036484600f2d249c1ff665501393 -> 28f9e2f54620c042ed9595f00f2065dc
  custom:scripting/monoscript/fileName/AssetBundleManager.cs: 0e168d48c6d3576e59f6c42f92fecd60 -> c15faaf8b529192dbe9aec9afe4991fd
  custom:scripting/monoscript/fileName/RobeLong.cs: 1a7163e76453fecee35478b548086606 -> f4a05f13d9e9427f236c1f1234a17722
  custom:scripting/monoscript/fileName/InspectTreeView.cs: 4d03769e654689089e5185b09bfc6882 -> 260e1db8105b149fed2e7856746dbf0f
  custom:scripting/monoscript/fileName/MeshLoader.cs: 0b10154577fb1ae0dd2e8310eae4ddf4 -> 514b5b4b4814025e9f754ee22115b972
  custom:scripting/monoscript/fileName/PrevFXBtn.cs: 9adcb6db2d84b99fc2ba85718ff2705c -> d82c337bfc40d281d6f7be6c53a9171d
  custom:scripting/monoscript/fileName/ABModel.cs: d4f2ea81e354d5c73ab4578ede6b09b2 -> efbeff1b31df600fad6d5bea582c7fba
  custom:video-encoder-webm-vp8: eb34c28f22e8b96e1ab97ce403110664 -> 
  custom:scripting/monoscript/fileName/TextureLoader.cs: ef2efb353191380796da06838f0ca27c -> 32fee57eede5dc7675a4e8e137c57785
  custom:scripting/monoscript/fileName/Cloak.cs: 83fee273266203de062b641017c68a04 -> a5348ad8315a274870ac1256b416f4df
  custom:audio-decoder-ogg-vorbis: bf7c407c2cedff20999df2af8eb42d56 -> 
  custom:scripting/monoscript/fileName/Eyebrow.cs: a80914df48c7002be677c64522cce038 -> 60a10d1886232f9d6b3fd8be0c11fca9
  custom:scripting/monoscript/fileName/MeshUVManager.cs: 3a3d4245c35b74c0afddd620ce689573 -> fa1c5e2aa443e2c89e2f51af239fa10f
  custom:scripting/monoscript/fileName/MessageList.cs: 6b608508dbf342db2b025fa4e75150ed -> e187436fd3600e1e0afecc6a8da1f18c
  custom:scripting/monoscript/fileName/ClearMeshColorBtn.cs: 0007c8d870af1fc291acf8c091e58855 -> 45fdc58f7fbca9a24d836bd66f751d53
  custom:scripting/monoscript/fileName/MessageSystem.cs: e1fba72936ec77bbbc283ee14a4e5ac9 -> c1467679f7f8f7989b7c591fe16f095b
  custom:scripting/monoscript/fileName/Helper.cs: c607632c58e5a7e90f5ab372e55f1b53 -> 42ad14543d1a843693f11a1cb7823bdc
  custom:scripting/monoscript/fileName/TorsoAdd.cs: de2919cda7445d192f99b708ac4f8f98 -> 6a719884572b7c749207c858146f4e3c
  custom:scripting/monoscript/fileName/EnumFlagDrawer.cs: 41a8255d04f81b6824e2eb405c56f882 -> 5c63d0c0059ff695bd0ee486d1e93bdc
  custom:scripting/monoscript/fileName/Utility.cs: 28500e0d15bd811ed13877f72f01a728 -> bc7c77987476d2cc716aa6822231009e
  custom:scripting/monoscript/fileName/NextColorBtn.cs: 3c291ea58299c895d1e49ee9d26926c4 -> 3628818366004c784ce7c532472e0770
  custom:scripting/monoscript/fileName/BeltAdd.cs: cb7f04a49673453c6e59d8a19fc25506 -> 23c8e20e1dd3c9ed150a971c41b0440b
  custom:scripting/monoscript/fileName/Skin.cs: b53e0e70cea1e5a2051dbeb2d303d7bf -> fa5b8fbc5e21205ad140661bb8d1d29a
  custom:scripting/monoscript/fileName/PrevMeshColorBtn.cs: 6e7146d83f859cab20d94f99a895303c -> eb2dbdc18e08517d5e99c78a100e7907
  custom:audio-encoder-webm-vorbis: bf7c407c2cedff20999df2af8eb42d56 -> 
  custom:scripting/monoscript/fileName/Helm.cs: c26d56b2bba9bcb0ed144e3501bc4050 -> 015c5ef11547d2a56ec06cbf9181e054
  custom:scripting/monoscript/fileName/Shoulder.cs: cd26873c046cfe405838db4b32b97d24 -> cbc35143cbffbdb744890d07b8670e7e
  custom:scripting/monoscript/fileName/IMeshLoader.cs: 9ae204479feb9db18b224953da5838fd -> 103d9667209b427a4c68ea28303f3cd3
  custom:scripting/monoscript/fileName/AssetListTree.cs: 255920d2dc3ac581fe65ea217df17385 -> 95ef94b9b5c1fc8c166d91a2229d1537
  custom:scripting/monoscript/fileName/MeshTexture.cs: e035409d8c1a139d8e58746d92de0530 -> 1c4c6300614cc8e271b614963931701e
  custom:scripting/monoscript/fileName/AssetBundleTree.cs: db18b513ade8dfdb586627b6c32bbf86 -> 5c86cf837bb6943c3398dc49a567b80f
  custom:scripting/precompiled-assembly-types:Assembly-CSharp: c2790092a75ce7400eb3773399d8f1b3 -> 2a57b7d9ba6c891b20990c959df4dfe7
  custom:scripting/monoscript/fileName/SpriteProcessor.cs: ecdbdd0dbf42b62f38de6c8096601c0d -> b47784218d8c2d820a413741c1f25a1f
  custom:scripting/monoscript/fileName/NextMeshColorBtn.cs: f15a2f312aac46efa390132e8e876a6a -> 3fefab99c46d758ed0e047f19be1644f
  custom:scripting/monoscript/fileName/ClearAllBtn.cs: 6b6df7aa9e75a6cecf2976db793db6eb -> bcba9c9686446fb7cf756301ebf868ec
  custom:scripting/monoscript/fileName/PlayerMoveController.cs: a4e66a81bcb2d723b3fb87dd004c6314 -> cc068b745400ee66c75378bcb7b27fdb
  custom:scripting/monoscript/fileName/ConfigLoader.cs: 62e091607cdc915ce80d4a253b61a2e7 -> db4bab6728472d9dedc7dfcc22e69d2d
  custom:scripting/monoscript/fileName/SaveItem.cs: 9fe0db1767d984560e8ce3cdb5cdd4f1 -> d881a933ade13ea32bf025db14797336
  custom:scripting/monoscript/fileName/SaveData.cs: cb74f51d5ddf1e3c0494034ad7572a91 -> b41c91a98201f94a04946b0cf063c975
  custom:scripting/monoscript/fileName/PrevColorBtn.cs: 745000830732e20a24b2b0544e8a21f7 -> e1d2791f9dd94cc4e35385ca804752d8
========================================================================
Received Prepare
Caller must complete domain reload
Begin MonoManager ReloadAssembly
- Loaded All Assemblies, in  0.823 seconds
Native extension for WindowsStandalone target not found
Native extension for Android target not found
Mono: successfully reloaded assembly
- Finished resetting the current domain, in  1.678 seconds
Domain Reload Profiling: 2496ms
	BeginReloadAssembly (224ms)
		ExecutionOrderSort (0ms)
		DisableScriptedObjects (6ms)
		BackupInstance (0ms)
		ReleaseScriptingObjects (0ms)
		CreateAndSetChildDomain (56ms)
	RebuildCommonClasses (37ms)
	RebuildNativeTypeToScriptingClass (10ms)
	initialDomainReloadingComplete (41ms)
	LoadAllAssembliesAndSetupDomain (506ms)
		LoadAssemblies (602ms)
		RebuildTransferFunctionScriptingTraits (0ms)
		AnalyzeDomain (30ms)
			TypeCache.Refresh (12ms)
				TypeCache.ScanAssembly (0ms)
			ScanForSourceGeneratedMonoScriptInfo (0ms)
			ResolveRequiredComponents (14ms)
	FinalizeReload (1678ms)
		ReleaseScriptCaches (0ms)
		RebuildScriptCaches (0ms)
		SetupLoadedEditorAssemblies (613ms)
			LogAssemblyErrors (0ms)
			InitializePlatformSupportModulesInManaged (30ms)
			SetLoadedEditorAssemblies (7ms)
			RefreshPlugins (0ms)
			BeforeProcessingInitializeOnLoad (121ms)
			ProcessInitializeOnLoadAttributes (366ms)
			ProcessInitializeOnLoadMethodAttributes (78ms)
			AfterProcessingInitializeOnLoad (11ms)
			EditorAssembliesLoaded (0ms)
		ExecutionOrderSort2 (0ms)
		AwakeInstancesAfterBackupRestoration (21ms)
WARNING: Shader Unsupported: 'Toon/Basic Outline' - All subshaders removed
WARNING: Shader Did you use #pragma only_renderers and omit this platform?
WARNING: Shader If subshaders removal was intentional, you may have forgotten turning Fallback off?
WARNING: Shader Unsupported: 'Toon/Basic Outline' - All subshaders removed
WARNING: Shader Did you use #pragma only_renderers and omit this platform?
WARNING: Shader If subshaders removal was intentional, you may have forgotten turning Fallback off?
WARNING: Shader Unsupported: 'Toon/Lit Outline' - All subshaders removed
WARNING: Shader Did you use #pragma only_renderers and omit this platform?
WARNING: Shader If subshaders removal was intentional, you may have forgotten turning Fallback off?
WARNING: Shader Unsupported: 'Toon/Lit Outline' - All subshaders removed
WARNING: Shader Did you use #pragma only_renderers and omit this platform?
WARNING: Shader If subshaders removal was intentional, you may have forgotten turning Fallback off?
Refreshing native plugins compatible for Editor in 8.14 ms, found 4 plugins.
Preloading 0 native plugins for Editor in 0.00 ms.
Unloading 5363 Unused Serialized files (Serialized files now loaded: 0)
Unloading 24 unused Assets / (0.6 MB). Loaded Objects now: 6063.
Memory consumption went from 191.0 MB to 190.4 MB.
Total: 7.325800 ms (FindLiveObjects: 0.702900 ms CreateObjectMapping: 0.589800 ms MarkObjects: 4.855300 ms  DeleteObjects: 1.175800 ms)

Prepare: number of updated asset objects reloaded= 0
AssetImportParameters requested are different than current active one (requested -> active):
  custom:scripting/monoscript/fileName/MeshTypeBone.cs: f2929f2b8ecce3a651b0fd3ffe111924 -> 843ff81fb2c811dcac98decd349efe80
  custom:scripting/monoscript/fileName/ShaderSelector.cs: 685bc00da5c5122ea4d91cfb7c33d4ce -> 521612be2626bcd49281fc726d73115d
  custom:scripting/monoscript/fileName/Hand.cs: 5052127099e76a39f6f2b58ea1ef5c1e -> 192355eabc8b0bb90d2503d57cbc29e1
  custom:scripting/monoscript/fileName/TextureFactory.cs: cee276c059ba8c5d89b2dce85c58444e -> 9b0e0386d21b5055c4b652bc661be2ca
  custom:scripting/monoscript/fileName/ExecuteInternalMono.cs: 3e44be6fc6d7f25500f51fef3364e783 -> c1dae4aa6cbf1512716dd7e8414f8006
  custom:scripting/monoscript/fileName/BundleDetailList.cs: 49a12b558eca8c309cefc20f79be4f08 -> 7b03139c488749eda460103673d30967
  custom:scripting/monoscript/fileName/ChangeSkinMeshBtn.cs: 5c6d8ac28a61c97b01d08415ec68b892 -> 58cbf8e281a1824de7ac09fd6ead4741
  custom:container-demuxer-ogg: 62fdf1f143b41e24485cea50d1cbac27 -> 
  custom:scripting/monoscript/fileName/InspectSingleBundle.cs: c4ddaa812469395f667f8059fbbafbb2 -> ff6bcd7c39743f835ec77986ad4e4842
  custom:scripting/monoscript/fileName/TorsoFX.cs: 8364f33fdfe728687ae399ca95227afe -> 5e6b4d93b934706642170673ecf5c3cb
  custom:scripting/monoscript/fileName/Scar.cs: a42aaa0f7421fdbac285e770432737fe -> 93cf6a2332a708e947886120175eb79a
  custom:scripting/monoscript/fileName/Eye.cs: afd6b945d219259bc28efd165ef781f4 -> 698a2a7ea54ef8de083e5f76c9b8d930
  custom:scripting/monoscript/fileName/PrevTextureBtn.cs: ca06f7a8c9b0f19ce544f3b94a1420fa -> 764f96572b39e13aca5f7f18826c47b4
  custom:scripting/monoscript/fileName/ClearColorBtn.cs: 1e8e6c93adda6a5ba905483e8182c1dd -> c480f5967894d16fe78f727f834b09ac
  custom:scripting/monoscript/fileName/SaveManager.cs: de2264e4a492adfd4c3a4c607fa8c9d4 -> 3fcb126c6a66ba31aa898dd5743caa30
  custom:scripting/monoscript/fileName/PrevCharacterBtn.cs: 8b169ad1106eaf0dbdbff832654707ff -> 82d84ae18bcec8ea0c987e0a3a9d6a13
  custom:scripting/monoscript/fileName/Popup.cs: 1c1ef9080900e5e97d1b14f0b41eadfa -> 2cc3075140bfd1e8dd79773fa10aee0b
  custom:scripting/monoscript/fileName/EditorBundleManager.cs: 25971b08130223425370a0c67fd24c1d -> dc4d9d3c0d3cadbde48071e4065b6fbb
  custom:scripting/monoscript/fileName/LoadBtn.cs: 70bafae7f72c9ee6623f2f31d0779c28 -> 2ea2705ebacd83d0846f91df66c28259
  custom:scripting/monoscript/fileName/TextureTypeMaskSelector.cs: 7ff2a9c585e0132e7eecc431d721fd4f -> c5691a283aa245253aed7fa0115457e3
  custom:scripting/monoscript/fileName/Pants.cs: 6c99c36b54f1584503cd85f530589db5 -> df098d75808a7fb623ca5598aed5b66e
  custom:scripting/monoscript/fileName/ABDataSourceProvider.cs: 4f93c6cdfbe44a00612a956e4ef9ffe7 -> d15a3b944396c4baae05b3f33e2f8331
  custom:video-decoder-ogg-theora: a1e56fd34408186e4bbccfd4996cb3dc -> 
  custom:scripting/monoscript/fileName/MeshManager.cs: 2f249bf80d6ae36c03b9409f5feb6c0d -> 80ab94735750c9af566e7e697efa30bc
  custom:scripting/monoscript/fileName/ABDataSource.cs: 41b8295d17e0ef0ed1d4f959baadf27f -> 7ceefc660d5f297abc8804d14984f27e
  custom:framework-win-MediaFoundation: 216162199b28c13a410421893ffa2e32 -> 
  custom:scripting/monoscript/fileName/NextCharacterBtn.cs: 3c5d6d5f91a48826bcb43d4ef5261f6a -> 271bcb60c5934eb6d4486f66396754c5
  custom:scripting/monoscript/fileName/AssetBundleInspectTab.cs: 945f43d3df2c8ee2453a9a63fa11274c -> 9c287edf6d1d376f12a8f96d01ec074a
  custom:scripting/monoscript/fileName/SaveListView.cs: e595613b43c00299f3513b824b0dabc3 -> 66f5588456e9744a16cd29a95c0a128e
  custom:scripting/monoscript/fileName/MeshFactory.cs: 4bbafa913eed9f0fb1b99654c8762909 -> a5c11ad228aefe2964b1b339054e39bc
  custom:scripting/monoscript/fileName/CharacterCustomizer.cs: 6b998336770e1834435505a2273ed78a -> 
  custom:scripting/monoscript/fileName/TestDatabase.cs: 23855a153a87fda770b086a78bc24d6d -> 
  custom:scripting/monoscript/fileName/AssetDatabaseABDataSource.cs: f87f54f41a9ae61d6c93a1ee4a7276fe -> a9068bde9865684c07718fa2f110ebd4
  custom:scripting/monoscript/fileName/AbstractFXMesh.cs: 2f7f8bc9d1b9e98b83ebf043ab545fae -> 355e798705134331d1b4e13fe77a1ba2
  custom:scripting/monoscript/fileName/IConfigLoader.cs: 290018350438b79782c4b9fdba32926e -> a4ccf3c5021bb9e95d5d05a0a09bf8bd
  custom:scripting/monoscript/fileName/ABModelBundleInfo.cs: 2188b089518dc510222192403494a01e -> 9fa50afaf3db0543d3d887b15c00368c
  custom:scripting/monoscript/fileName/Leg.cs: ef7b14f4330dc25387e1b59f0290d188 -> 43594c645958cd98f0dcb60d0855f6d1
  custom:scripting/monoscript/fileName/ABModelAssetInfo.cs: 30e23a9e1ca57fffc37b721992bcf1a0 -> cf869514a0bf82899ce1cda23bdb700e
  custom:scripting/monoscript/fileName/MeshTypeMaskSelector.cs: e94ba6f4a1adba4feee5fb7cc4e351fe -> ed92edda1c9655f258c64f35a85ef583
  custom:scripting/monoscript/fileName/ClearMeshBtn.cs: b14d5ced1c19826bfc491001a3f185d1 -> d990ebc2143de5948aea2a5badbfe15b
  custom:scripting/monoscript/fileName/MeshAndTextureTypeMaskSelector.cs: fdba9a050c9e3646ce8e80b7e936d037 -> 8a4bea39d5d059db9f897ddcbaaa5fb6
  custom:scripting/monoscript/fileName/FxMeshFactory.cs: c3e28ca0186ef5ee5525c8801ad21c5a -> 0c8ff1afadd69a3595c5d00772f68410
  custom:scripting/monoscript/fileName/FXTypeMaskSelector.cs: d74f6e4a0bcd101e2717459b81084106 -> 0f6cbde77ec3d316ca044b2bb5952a3c
  custom:scripting/monoscript/fileName/PlayerController.cs: 5b090d859ab09be631dc3b0f203f9571 -> d93a52a180fbbe603a59e9aa6da73c83
  custom:scripting/monoscript/fileName/BuildScript.cs: 426ea9e2914d6e2d91f1414353c5dafc -> 337dba19c2e29ee8e4980fc4e2019d2f
  custom:scripting/monoscript/fileName/ClearSkinMeshBtn.cs: 82d2655784ebc16abf5528736d619a9b -> a8f6aebd6c57b68160badb6bcb2d0ed6
  custom:scripting/monoscript/fileName/CreateCharacterWizard.cs: acfc968f24a9426403bd5add4843dcf8 -> 45f0e70a15c8659931d42d36cb8cac07
  custom:CustomObjectIndexerAttribute: 72b91833f83ae208fae7752999fa3104 -> 
  custom:scripting/monoscript/fileName/AbstractTexture.cs: 5fe6f2f7be7fb5a86569856b4345a004 -> e0980b08fec448804b26f5b6dad65dfd
  custom:scripting/monoscript/fileName/FollowCamera.cs: 2d720f10865b64f024b0e3fccdd261c7 -> 8d6eb8e229738de226ec56d9e22b6b63
  custom:scripting/monoscript/fileName/FxMeshTypeBone.cs: f85b6921dfd1e47314410f2e3b110e25 -> c7f230be3097e0ffbcff74b002f4c068
  custom:scripting/monoscript/fileName/AssetbundlesMenuItems.cs: c3bdb3cf11cdd131fd9c40f5c72fdbb7 -> bacd4da6799b9476bee68e043690ff36
  custom:scripting/monoscript/fileName/Arm.cs: 4102684b6836edb71c1e92ebf943cfad -> b923216ab6f821207b08c03afd4c6525
  custom:container-demuxer-webm: 4f35f7cbe854078d1ac9338744f61a02 -> 
  custom:scripting/monoscript/fileName/NextMeshBtn.cs: c626932f4e3ef625c1f95cbb7df53377 -> c475632899117e513eda9e15e910b76e
  custom:scripting/monoscript/fileName/FaceFeature.cs: 4fb49a14cfb347e565b8520b489cd06f -> 2d58afa4a16bca365a6beb0bf6bfaea3
  custom:scripting/monoscript/fileName/SavePrefabBtn.cs: 3a461d0b73e33e6450805a3d4c14cf7e -> fb80c3034ef9c4f90fa622ffe7f9f829
  custom:scripting/monoscript/fileName/LoaderManager.cs: 369c2be46c8c25c8c25ebdc236e1107b -> de56154becf62ebc4f0181681035238d
  custom:scripting/monoscript/fileName/SaveNameInput.cs: 38a66e5dc26bdeafde0ff106788ee663 -> aae89d2fa016e54079d9c4371e2e5f50
  custom:scripting/monoscript/fileName/Config.cs: e85a922a2347c074e5939d78a5a7a10e -> 7351639d5127e04bc4fcb4671c4a17fb
  custom:scripting/monoscript/fileName/EyeFX.cs: bb3e917396c4b9336da3800cda69d75f -> 0e9063be2785787a64aac5ac3958ba88
  custom:scripting/monoscript/fileName/CategoryPanel.cs: 2ede49e7213c224cf2b42e7bf0785af5 -> 
  custom:scripting/monoscript/fileName/JumpFallBehaviour.cs: 6e303c4d540ce7e39efab9189bb22bcd -> 71c001d1ad34a6d3b319feace6bde3ef
  custom:scripting/monoscript/fileName/PrevMeshBtn.cs: e4cc6e23cf1ae834cfc676eb293c1a5c -> b3d8856e7d265dc9c0dfa6c173a5ecfd
  custom:container-muxer-webm: aa71ff27fc2769a1b78a27578f13a17b -> 
  custom:scripting/monoscript/fileName/ClearTextureBtn.cs: 4f31783abce9af1d7ec4839287fef475 -> e3b2bcf1edcb5118f2edfda92d79dc01
  custom:scripting/monoscript/fileName/Shoes.cs: 066ec4aa35b5452249c3208e4decccac -> a3171f40fe6c3d65d3385917721d6b32
  custom:video-decoder-webm-vp8: 9c59270c3fd7afecdb556c50c9e8de78 -> 
  custom:scripting/monoscript/fileName/ConfigManager.cs: ecadd354c11a441a4c89b5fd7a9f00e6 -> caea2b28af0ab9e40fec80621d2354a1
  custom:scripting/monoscript/fileName/ClearFXBtn.cs: 9a39f15de353636ac82e469249897f2d -> 7bb97525152b99fa74400a29eaa13dea
  custom:scripting/monoscript/fileName/ClosePopup.cs: b8d454205b2ceefe37b5fd3a66ce3f21 -> 55d4b78c13dd76e50d9c188109fdf0bb
  custom:SearchIndexIgnoredProperties: e643bd26f0fe6173181afceb89e7c659 -> 
  custom:scripting/monoscript/fileName/Belt.cs: 57f9cd2ecc900069b427149243ef3bc5 -> 49eb07e37613e7bc3cd2ca1c5688a06b
  custom:AudioImporter_EditorPlatform: d09bf68614088b80899f8185d706f6e7 -> 
  custom:scripting/monoscript/fileName/AssetBundleLoadOperation.cs: 6671757952e868610efe84deb7d10911 -> 5e23b7cfd6b1aefafff250cf74ef9147
  custom:scripting/monoscript/fileName/PrevSkinMeshBtn.cs: 4b975732b197cfed11faf978a39a86d9 -> 949d41495696a789e910ed4bddee68c8
  custom:scripting/monoscript/fileName/RandomBtn.cs: 09358cb3d53669a5fb3911b12bed41f9 -> 851c8dec69594280621f9ae4205a836d
  custom:scripting/monoscript/fileName/Beard.cs: fcba2011bd59aa862783e312bcb3f1ed -> 25619eaf3bae2cd2a4b58a1e35f6de63
  custom:scripting/monoscript/fileName/EnumFlagAttribute.cs: 74d0d26091c169f8de5e9bf42af43876 -> 955415b54787984cbbb8aa271c5326e3
  custom:scripting/monoscript/fileName/LaunchAssetBundleServer.cs: fde14ca75a313e949066fe5170090bd6 -> 43db2fb10887bbfb076c6767daba67bd
  custom:scripting/monoscript/fileName/TextureManager.cs: e8b62e3c8c466c37ed390308c47b609f -> aaabee5faa243fca33eb568630ae6e8e
  custom:scripting/monoscript/fileName/RobeShort.cs: 98a985110c88276dffccdebb9b45a97a -> 3c6d536f5d6b37080b8a61040ec81de3
  custom:scripting/monoscript/fileName/AssetBundleRecord.cs: 5e3e2662beb76f92f544ca3a6af0a002 -> 5a3119d6abe586168b6fe06c7e98c69c
  custom:scripting/monoscript/fileName/TogglePopup.cs: e3546a95722da3ab7907a444f1349cba -> 1d986db86e682e16edccd0653eb2aad7
  custom:scripting/monoscript/fileName/ITextureLoader.cs: fb942611a67ee29c2d3906a7f2b2ca06 -> 5adc935e3b3fb7761c6d5c127df50233
  custom:scripting/monoscript/fileName/SaveBtn.cs: 3dfbd63f5b032b539a11095805980518 -> 62cda288bb207ed68b5083d6b77f7471
  custom:scripting/monoscript/fileName/NextSkinMeshBtn.cs: 7bde284a6144f85f7d24cd53fe360afe -> c82eddd7edff4db94905f44ef59144c1
  custom:scripting/monoscript/fileName/Head.cs: ef8602f0e05bb6f56d36072970253a56 -> 6728c540b9905eb1de06718fa4aae534
  custom:scripting/monoscript/fileName/NextFXBtn.cs: ec23ffa473c712e78d6eb18c4ae448be -> 7e2755ad9a90b6ecb18961111ed6b016
  custom:scripting/monoscript/fileName/AssetBundleBrowserMain.cs: adf460d08e5161db4df4e9efbad520b6 -> d6cbb84444c9fdda30a8092bb0794cf7
  custom:scripting/monoscript/fileName/JSONMap.cs: 0cc7c12ea7048b3ee204a6864ec14612 -> f72d2edab136c1eb89bac454d589dbd3
  custom:scripting/monoscript/fileName/AssetBundleManageTab.cs: cd787c8175c6b452036330db58559128 -> 31b1d66e60f6e821749b4e2c88c32cdd
  custom:scripting/monoscript/fileName/Torso.cs: 69b7e0d6a62aacc036b1886a4ba2587b -> 54ee6015ea03462115d4c3153edbdf8c
  custom:scripting/monoscript/fileName/AssetBundleBuildTab.cs: e4d3d716146519b1f52f6c0fe7ec5a47 -> c4f1a336c5910d1832fd9e6c972559ad
  custom:scripting/monoscript/fileName/Hair.cs: 1f4e341ec44f1e9a43da832f30eda5e7 -> a794926f97f7a5e9c465865fe7af5e1b
  custom:scripting/monoscript/fileName/AbstractMesh.cs: f416745403975ff81463073698d6e017 -> 8184b2a66042d8caaccbbd20ed31dc56
  custom:scripting/monoscript/fileName/NextTextureBtn.cs: d5a300ee8993aada97b6138db78b58aa -> 68286e9f0e1d42eee9d43ba74e34330f
  custom:scripting/monoscript/fileName/Gloves.cs: 21fa036484600f2d249c1ff665501393 -> 28f9e2f54620c042ed9595f00f2065dc
  custom:scripting/monoscript/fileName/AssetBundleManager.cs: 0e168d48c6d3576e59f6c42f92fecd60 -> c15faaf8b529192dbe9aec9afe4991fd
  custom:scripting/monoscript/fileName/RobeLong.cs: 1a7163e76453fecee35478b548086606 -> f4a05f13d9e9427f236c1f1234a17722
  custom:scripting/monoscript/fileName/InspectTreeView.cs: 4d03769e654689089e5185b09bfc6882 -> 260e1db8105b149fed2e7856746dbf0f
  custom:scripting/monoscript/fileName/MeshLoader.cs: 0b10154577fb1ae0dd2e8310eae4ddf4 -> 514b5b4b4814025e9f754ee22115b972
  custom:scripting/monoscript/fileName/PrevFXBtn.cs: 9adcb6db2d84b99fc2ba85718ff2705c -> d82c337bfc40d281d6f7be6c53a9171d
  custom:scripting/monoscript/fileName/ABModel.cs: d4f2ea81e354d5c73ab4578ede6b09b2 -> efbeff1b31df600fad6d5bea582c7fba
  custom:video-encoder-webm-vp8: eb34c28f22e8b96e1ab97ce403110664 -> 
  custom:scripting/monoscript/fileName/TextureLoader.cs: ef2efb353191380796da06838f0ca27c -> 32fee57eede5dc7675a4e8e137c57785
  custom:scripting/monoscript/fileName/Cloak.cs: 83fee273266203de062b641017c68a04 -> a5348ad8315a274870ac1256b416f4df
  custom:audio-decoder-ogg-vorbis: bf7c407c2cedff20999df2af8eb42d56 -> 
  custom:scripting/monoscript/fileName/Eyebrow.cs: a80914df48c7002be677c64522cce038 -> 60a10d1886232f9d6b3fd8be0c11fca9
  custom:scripting/monoscript/fileName/MeshUVManager.cs: 3a3d4245c35b74c0afddd620ce689573 -> fa1c5e2aa443e2c89e2f51af239fa10f
  custom:scripting/monoscript/fileName/MessageList.cs: 6b608508dbf342db2b025fa4e75150ed -> e187436fd3600e1e0afecc6a8da1f18c
  custom:scripting/monoscript/fileName/ClearMeshColorBtn.cs: 0007c8d870af1fc291acf8c091e58855 -> 45fdc58f7fbca9a24d836bd66f751d53
  custom:scripting/monoscript/fileName/MessageSystem.cs: e1fba72936ec77bbbc283ee14a4e5ac9 -> c1467679f7f8f7989b7c591fe16f095b
  custom:scripting/monoscript/fileName/Helper.cs: c607632c58e5a7e90f5ab372e55f1b53 -> 42ad14543d1a843693f11a1cb7823bdc
  custom:scripting/monoscript/fileName/TorsoAdd.cs: de2919cda7445d192f99b708ac4f8f98 -> 6a719884572b7c749207c858146f4e3c
  custom:scripting/monoscript/fileName/EnumFlagDrawer.cs: 41a8255d04f81b6824e2eb405c56f882 -> 5c63d0c0059ff695bd0ee486d1e93bdc
  custom:scripting/monoscript/fileName/Utility.cs: 28500e0d15bd811ed13877f72f01a728 -> bc7c77987476d2cc716aa6822231009e
  custom:scripting/monoscript/fileName/NextColorBtn.cs: 3c291ea58299c895d1e49ee9d26926c4 -> 3628818366004c784ce7c532472e0770
  custom:scripting/monoscript/fileName/BeltAdd.cs: cb7f04a49673453c6e59d8a19fc25506 -> 23c8e20e1dd3c9ed150a971c41b0440b
  custom:scripting/monoscript/fileName/Skin.cs: b53e0e70cea1e5a2051dbeb2d303d7bf -> fa5b8fbc5e21205ad140661bb8d1d29a
  custom:scripting/monoscript/fileName/PrevMeshColorBtn.cs: 6e7146d83f859cab20d94f99a895303c -> eb2dbdc18e08517d5e99c78a100e7907
  custom:audio-encoder-webm-vorbis: bf7c407c2cedff20999df2af8eb42d56 -> 
  custom:scripting/monoscript/fileName/Helm.cs: c26d56b2bba9bcb0ed144e3501bc4050 -> 015c5ef11547d2a56ec06cbf9181e054
  custom:scripting/monoscript/fileName/Shoulder.cs: cd26873c046cfe405838db4b32b97d24 -> cbc35143cbffbdb744890d07b8670e7e
  custom:scripting/monoscript/fileName/IMeshLoader.cs: 9ae204479feb9db18b224953da5838fd -> 103d9667209b427a4c68ea28303f3cd3
  custom:scripting/monoscript/fileName/AssetListTree.cs: 255920d2dc3ac581fe65ea217df17385 -> 95ef94b9b5c1fc8c166d91a2229d1537
  custom:scripting/monoscript/fileName/MeshTexture.cs: e035409d8c1a139d8e58746d92de0530 -> 1c4c6300614cc8e271b614963931701e
  custom:scripting/monoscript/fileName/AssetBundleTree.cs: db18b513ade8dfdb586627b6c32bbf86 -> 5c86cf837bb6943c3398dc49a567b80f
  custom:scripting/precompiled-assembly-types:Assembly-CSharp: c2790092a75ce7400eb3773399d8f1b3 -> 2a57b7d9ba6c891b20990c959df4dfe7
  custom:scripting/monoscript/fileName/SpriteProcessor.cs: ecdbdd0dbf42b62f38de6c8096601c0d -> b47784218d8c2d820a413741c1f25a1f
  custom:scripting/monoscript/fileName/NextMeshColorBtn.cs: f15a2f312aac46efa390132e8e876a6a -> 3fefab99c46d758ed0e047f19be1644f
  custom:scripting/monoscript/fileName/ClearAllBtn.cs: 6b6df7aa9e75a6cecf2976db793db6eb -> bcba9c9686446fb7cf756301ebf868ec
  custom:scripting/monoscript/fileName/PlayerMoveController.cs: a4e66a81bcb2d723b3fb87dd004c6314 -> cc068b745400ee66c75378bcb7b27fdb
  custom:scripting/monoscript/fileName/ConfigLoader.cs: 62e091607cdc915ce80d4a253b61a2e7 -> db4bab6728472d9dedc7dfcc22e69d2d
  custom:scripting/monoscript/fileName/SaveItem.cs: 9fe0db1767d984560e8ce3cdb5cdd4f1 -> d881a933ade13ea32bf025db14797336
  custom:scripting/monoscript/fileName/SaveData.cs: cb74f51d5ddf1e3c0494034ad7572a91 -> b41c91a98201f94a04946b0cf063c975
  custom:scripting/monoscript/fileName/PrevColorBtn.cs: 745000830732e20a24b2b0544e8a21f7 -> e1d2791f9dd94cc4e35385ca804752d8
========================================================================
Received Import Request.
  Time since last request: 3018.545514 seconds.
  path: Assets/Character_Editor/Character.renderTexture
  artifactKey: Guid(ebd3d3dfb86eb694f982c10e7bd2725c) Importer(815301076,1909f56bfc062723c751e8b465ee728b)
Start importing Assets/Character_Editor/Character.renderTexture using Guid(ebd3d3dfb86eb694f982c10e7bd2725c) Importer(815301076,1909f56bfc062723c751e8b465ee728b) [PhysX] Initialized MultithreadedTaskDispatcher with 12 workers.
[PhysX] Initialized MultithreadedTaskDispatcher with 12 workers.
 -> (artifact id: '31dc0e0ee9d0f11f0b37c4f5a69731f5') in 0.104318 seconds
Number of updated asset objects reloaded before import = 0
Number of asset objects unloaded after import = 2
========================================================================
Received Import Request.
  Time since last request: 15.044923 seconds.
  path: Assets/EditorPersonajes/Scripts/CharacterRendererUI.cs
  artifactKey: Guid(f3616522f264272478acb3b3af3e7162) Importer(815301076,1909f56bfc062723c751e8b465ee728b)
Start importing Assets/EditorPersonajes/Scripts/CharacterRendererUI.cs using Guid(f3616522f264272478acb3b3af3e7162) Importer(815301076,1909f56bfc062723c751e8b465ee728b) [PhysX] Initialized MultithreadedTaskDispatcher with 12 workers.
 -> (artifact id: '74e8754458d3c9da0ad3379717f256fe') in 0.001411 seconds
Number of updated asset objects reloaded before import = 0
Number of asset objects unloaded after import = 0
========================================================================
Received Prepare
Caller must complete domain reload
Begin MonoManager ReloadAssembly
- Loaded All Assemblies, in  0.829 seconds
Native extension for WindowsStandalone target not found
Native extension for Android target not found
Mono: successfully reloaded assembly
- Finished resetting the current domain, in  1.686 seconds
Domain Reload Profiling: 2511ms
	BeginReloadAssembly (239ms)
		ExecutionOrderSort (0ms)
		DisableScriptedObjects (4ms)
		BackupInstance (0ms)
		ReleaseScriptingObjects (0ms)
		CreateAndSetChildDomain (59ms)
	RebuildCommonClasses (39ms)
	RebuildNativeTypeToScriptingClass (14ms)
	initialDomainReloadingComplete (41ms)
	LoadAllAssembliesAndSetupDomain (491ms)
		LoadAssemblies (558ms)
		RebuildTransferFunctionScriptingTraits (0ms)
		AnalyzeDomain (70ms)
			TypeCache.Refresh (23ms)
				TypeCache.ScanAssembly (5ms)
			ScanForSourceGeneratedMonoScriptInfo (30ms)
			ResolveRequiredComponents (14ms)
	FinalizeReload (1687ms)
		ReleaseScriptCaches (0ms)
		RebuildScriptCaches (0ms)
		SetupLoadedEditorAssemblies (604ms)
			LogAssemblyErrors (0ms)
			InitializePlatformSupportModulesInManaged (32ms)
			SetLoadedEditorAssemblies (9ms)
			RefreshPlugins (0ms)
			BeforeProcessingInitializeOnLoad (126ms)
			ProcessInitializeOnLoadAttributes (347ms)
			ProcessInitializeOnLoadMethodAttributes (80ms)
			AfterProcessingInitializeOnLoad (9ms)
			EditorAssembliesLoaded (0ms)
		ExecutionOrderSort2 (0ms)
		AwakeInstancesAfterBackupRestoration (17ms)
WARNING: Shader Unsupported: 'Toon/Basic Outline' - All subshaders removed
WARNING: Shader Did you use #pragma only_renderers and omit this platform?
WARNING: Shader If subshaders removal was intentional, you may have forgotten turning Fallback off?
WARNING: Shader Unsupported: 'Toon/Basic Outline' - All subshaders removed
WARNING: Shader Did you use #pragma only_renderers and omit this platform?
WARNING: Shader If subshaders removal was intentional, you may have forgotten turning Fallback off?
WARNING: Shader Unsupported: 'Toon/Lit Outline' - All subshaders removed
WARNING: Shader Did you use #pragma only_renderers and omit this platform?
WARNING: Shader If subshaders removal was intentional, you may have forgotten turning Fallback off?
WARNING: Shader Unsupported: 'Toon/Lit Outline' - All subshaders removed
WARNING: Shader Did you use #pragma only_renderers and omit this platform?
WARNING: Shader If subshaders removal was intentional, you may have forgotten turning Fallback off?
Refreshing native plugins compatible for Editor in 7.31 ms, found 4 plugins.
Preloading 0 native plugins for Editor in 0.00 ms.
Unloading 5364 Unused Serialized files (Serialized files now loaded: 0)
Unloading 24 unused Assets / (0.6 MB). Loaded Objects now: 6071.
Memory consumption went from 191.1 MB to 190.5 MB.
Total: 5.014000 ms (FindLiveObjects: 0.968200 ms CreateObjectMapping: 0.538800 ms MarkObjects: 3.115700 ms  DeleteObjects: 0.389900 ms)

Prepare: number of updated asset objects reloaded= 0
AssetImportParameters requested are different than current active one (requested -> active):
  custom:scripting/monoscript/fileName/MeshTypeBone.cs: f2929f2b8ecce3a651b0fd3ffe111924 -> 843ff81fb2c811dcac98decd349efe80
  custom:scripting/monoscript/fileName/ShaderSelector.cs: 685bc00da5c5122ea4d91cfb7c33d4ce -> 521612be2626bcd49281fc726d73115d
  custom:scripting/monoscript/fileName/Hand.cs: 5052127099e76a39f6f2b58ea1ef5c1e -> 192355eabc8b0bb90d2503d57cbc29e1
  custom:scripting/monoscript/fileName/TextureFactory.cs: cee276c059ba8c5d89b2dce85c58444e -> 9b0e0386d21b5055c4b652bc661be2ca
  custom:scripting/monoscript/fileName/ExecuteInternalMono.cs: 3e44be6fc6d7f25500f51fef3364e783 -> c1dae4aa6cbf1512716dd7e8414f8006
  custom:scripting/monoscript/fileName/BundleDetailList.cs: 49a12b558eca8c309cefc20f79be4f08 -> 7b03139c488749eda460103673d30967
  custom:scripting/monoscript/fileName/ChangeSkinMeshBtn.cs: 5c6d8ac28a61c97b01d08415ec68b892 -> 58cbf8e281a1824de7ac09fd6ead4741
  custom:container-demuxer-ogg: 62fdf1f143b41e24485cea50d1cbac27 -> 
  custom:scripting/monoscript/fileName/InspectSingleBundle.cs: c4ddaa812469395f667f8059fbbafbb2 -> ff6bcd7c39743f835ec77986ad4e4842
  custom:scripting/monoscript/fileName/TorsoFX.cs: 8364f33fdfe728687ae399ca95227afe -> 5e6b4d93b934706642170673ecf5c3cb
  custom:scripting/monoscript/fileName/Scar.cs: a42aaa0f7421fdbac285e770432737fe -> 93cf6a2332a708e947886120175eb79a
  custom:scripting/monoscript/fileName/Eye.cs: afd6b945d219259bc28efd165ef781f4 -> 698a2a7ea54ef8de083e5f76c9b8d930
  custom:scripting/monoscript/fileName/PrevTextureBtn.cs: ca06f7a8c9b0f19ce544f3b94a1420fa -> 764f96572b39e13aca5f7f18826c47b4
  custom:scripting/monoscript/fileName/ClearColorBtn.cs: 1e8e6c93adda6a5ba905483e8182c1dd -> c480f5967894d16fe78f727f834b09ac
  custom:scripting/monoscript/fileName/SaveManager.cs: de2264e4a492adfd4c3a4c607fa8c9d4 -> 3fcb126c6a66ba31aa898dd5743caa30
  custom:scripting/monoscript/fileName/PrevCharacterBtn.cs: 8b169ad1106eaf0dbdbff832654707ff -> 82d84ae18bcec8ea0c987e0a3a9d6a13
  custom:scripting/monoscript/fileName/Popup.cs: 1c1ef9080900e5e97d1b14f0b41eadfa -> 2cc3075140bfd1e8dd79773fa10aee0b
  custom:scripting/monoscript/fileName/EditorBundleManager.cs: 25971b08130223425370a0c67fd24c1d -> dc4d9d3c0d3cadbde48071e4065b6fbb
  custom:scripting/monoscript/fileName/LoadBtn.cs: 70bafae7f72c9ee6623f2f31d0779c28 -> 2ea2705ebacd83d0846f91df66c28259
  custom:scripting/monoscript/fileName/TextureTypeMaskSelector.cs: 7ff2a9c585e0132e7eecc431d721fd4f -> c5691a283aa245253aed7fa0115457e3
  custom:scripting/monoscript/fileName/Pants.cs: 6c99c36b54f1584503cd85f530589db5 -> df098d75808a7fb623ca5598aed5b66e
  custom:scripting/monoscript/fileName/ABDataSourceProvider.cs: 4f93c6cdfbe44a00612a956e4ef9ffe7 -> d15a3b944396c4baae05b3f33e2f8331
  custom:video-decoder-ogg-theora: a1e56fd34408186e4bbccfd4996cb3dc -> 
  custom:scripting/monoscript/fileName/MeshManager.cs: 2f249bf80d6ae36c03b9409f5feb6c0d -> 80ab94735750c9af566e7e697efa30bc
  custom:scripting/monoscript/fileName/ABDataSource.cs: 41b8295d17e0ef0ed1d4f959baadf27f -> 7ceefc660d5f297abc8804d14984f27e
  custom:framework-win-MediaFoundation: 216162199b28c13a410421893ffa2e32 -> 
  custom:scripting/monoscript/fileName/NextCharacterBtn.cs: 3c5d6d5f91a48826bcb43d4ef5261f6a -> 271bcb60c5934eb6d4486f66396754c5
  custom:scripting/monoscript/fileName/AssetBundleInspectTab.cs: 945f43d3df2c8ee2453a9a63fa11274c -> 9c287edf6d1d376f12a8f96d01ec074a
  custom:scripting/monoscript/fileName/SaveListView.cs: e595613b43c00299f3513b824b0dabc3 -> 66f5588456e9744a16cd29a95c0a128e
  custom:scripting/monoscript/fileName/MeshFactory.cs: 4bbafa913eed9f0fb1b99654c8762909 -> a5c11ad228aefe2964b1b339054e39bc
  custom:scripting/monoscript/fileName/CharacterCustomizer.cs: 6b998336770e1834435505a2273ed78a -> 
  custom:scripting/monoscript/fileName/TestDatabase.cs: 23855a153a87fda770b086a78bc24d6d -> 
  custom:scripting/monoscript/fileName/AssetDatabaseABDataSource.cs: f87f54f41a9ae61d6c93a1ee4a7276fe -> a9068bde9865684c07718fa2f110ebd4
  custom:scripting/monoscript/fileName/AbstractFXMesh.cs: 2f7f8bc9d1b9e98b83ebf043ab545fae -> 355e798705134331d1b4e13fe77a1ba2
  custom:scripting/monoscript/fileName/IConfigLoader.cs: 290018350438b79782c4b9fdba32926e -> a4ccf3c5021bb9e95d5d05a0a09bf8bd
  custom:scripting/monoscript/fileName/ABModelBundleInfo.cs: 2188b089518dc510222192403494a01e -> 9fa50afaf3db0543d3d887b15c00368c
  custom:scripting/monoscript/fileName/Leg.cs: ef7b14f4330dc25387e1b59f0290d188 -> 43594c645958cd98f0dcb60d0855f6d1
  custom:scripting/monoscript/fileName/ABModelAssetInfo.cs: 30e23a9e1ca57fffc37b721992bcf1a0 -> cf869514a0bf82899ce1cda23bdb700e
  custom:scripting/monoscript/fileName/MeshTypeMaskSelector.cs: e94ba6f4a1adba4feee5fb7cc4e351fe -> ed92edda1c9655f258c64f35a85ef583
  custom:scripting/monoscript/fileName/ClearMeshBtn.cs: b14d5ced1c19826bfc491001a3f185d1 -> d990ebc2143de5948aea2a5badbfe15b
  custom:scripting/monoscript/fileName/MeshAndTextureTypeMaskSelector.cs: fdba9a050c9e3646ce8e80b7e936d037 -> 8a4bea39d5d059db9f897ddcbaaa5fb6
  custom:scripting/monoscript/fileName/FxMeshFactory.cs: c3e28ca0186ef5ee5525c8801ad21c5a -> 0c8ff1afadd69a3595c5d00772f68410
  custom:scripting/monoscript/fileName/FXTypeMaskSelector.cs: d74f6e4a0bcd101e2717459b81084106 -> 0f6cbde77ec3d316ca044b2bb5952a3c
  custom:scripting/monoscript/fileName/PlayerController.cs: 5b090d859ab09be631dc3b0f203f9571 -> d93a52a180fbbe603a59e9aa6da73c83
  custom:scripting/monoscript/fileName/BuildScript.cs: 426ea9e2914d6e2d91f1414353c5dafc -> 337dba19c2e29ee8e4980fc4e2019d2f
  custom:scripting/monoscript/fileName/ClearSkinMeshBtn.cs: 82d2655784ebc16abf5528736d619a9b -> a8f6aebd6c57b68160badb6bcb2d0ed6
  custom:scripting/monoscript/fileName/CreateCharacterWizard.cs: acfc968f24a9426403bd5add4843dcf8 -> 45f0e70a15c8659931d42d36cb8cac07
  custom:CustomObjectIndexerAttribute: 72b91833f83ae208fae7752999fa3104 -> 
  custom:scripting/monoscript/fileName/AbstractTexture.cs: 5fe6f2f7be7fb5a86569856b4345a004 -> e0980b08fec448804b26f5b6dad65dfd
  custom:scripting/monoscript/fileName/FollowCamera.cs: 2d720f10865b64f024b0e3fccdd261c7 -> 8d6eb8e229738de226ec56d9e22b6b63
  custom:scripting/monoscript/fileName/FxMeshTypeBone.cs: f85b6921dfd1e47314410f2e3b110e25 -> c7f230be3097e0ffbcff74b002f4c068
  custom:scripting/monoscript/fileName/AssetbundlesMenuItems.cs: c3bdb3cf11cdd131fd9c40f5c72fdbb7 -> bacd4da6799b9476bee68e043690ff36
  custom:scripting/monoscript/fileName/CharacterRendererUI.cs: 494bfcacef163a63e00e0a76e5490b75 -> 
  custom:scripting/monoscript/fileName/Arm.cs: 4102684b6836edb71c1e92ebf943cfad -> b923216ab6f821207b08c03afd4c6525
  custom:container-demuxer-webm: 4f35f7cbe854078d1ac9338744f61a02 -> 
  custom:scripting/monoscript/fileName/NextMeshBtn.cs: c626932f4e3ef625c1f95cbb7df53377 -> c475632899117e513eda9e15e910b76e
  custom:scripting/monoscript/fileName/FaceFeature.cs: 4fb49a14cfb347e565b8520b489cd06f -> 2d58afa4a16bca365a6beb0bf6bfaea3
  custom:scripting/monoscript/fileName/SavePrefabBtn.cs: 3a461d0b73e33e6450805a3d4c14cf7e -> fb80c3034ef9c4f90fa622ffe7f9f829
  custom:scripting/monoscript/fileName/LoaderManager.cs: 369c2be46c8c25c8c25ebdc236e1107b -> de56154becf62ebc4f0181681035238d
  custom:scripting/monoscript/fileName/SaveNameInput.cs: 38a66e5dc26bdeafde0ff106788ee663 -> aae89d2fa016e54079d9c4371e2e5f50
  custom:scripting/monoscript/fileName/Config.cs: e85a922a2347c074e5939d78a5a7a10e -> 7351639d5127e04bc4fcb4671c4a17fb
  custom:scripting/monoscript/fileName/EyeFX.cs: bb3e917396c4b9336da3800cda69d75f -> 0e9063be2785787a64aac5ac3958ba88
  custom:scripting/monoscript/fileName/CategoryPanel.cs: 2ede49e7213c224cf2b42e7bf0785af5 -> 
  custom:scripting/monoscript/fileName/JumpFallBehaviour.cs: 6e303c4d540ce7e39efab9189bb22bcd -> 71c001d1ad34a6d3b319feace6bde3ef
  custom:scripting/monoscript/fileName/PrevMeshBtn.cs: e4cc6e23cf1ae834cfc676eb293c1a5c -> b3d8856e7d265dc9c0dfa6c173a5ecfd
  custom:container-muxer-webm: aa71ff27fc2769a1b78a27578f13a17b -> 
  custom:scripting/monoscript/fileName/ClearTextureBtn.cs: 4f31783abce9af1d7ec4839287fef475 -> e3b2bcf1edcb5118f2edfda92d79dc01
  custom:scripting/monoscript/fileName/Shoes.cs: 066ec4aa35b5452249c3208e4decccac -> a3171f40fe6c3d65d3385917721d6b32
  custom:video-decoder-webm-vp8: 9c59270c3fd7afecdb556c50c9e8de78 -> 
  custom:scripting/monoscript/fileName/ConfigManager.cs: ecadd354c11a441a4c89b5fd7a9f00e6 -> caea2b28af0ab9e40fec80621d2354a1
  custom:scripting/monoscript/fileName/ClearFXBtn.cs: 9a39f15de353636ac82e469249897f2d -> 7bb97525152b99fa74400a29eaa13dea
  custom:scripting/monoscript/fileName/ClosePopup.cs: b8d454205b2ceefe37b5fd3a66ce3f21 -> 55d4b78c13dd76e50d9c188109fdf0bb
  custom:SearchIndexIgnoredProperties: e643bd26f0fe6173181afceb89e7c659 -> 
  custom:scripting/monoscript/fileName/Belt.cs: 57f9cd2ecc900069b427149243ef3bc5 -> 49eb07e37613e7bc3cd2ca1c5688a06b
  custom:AudioImporter_EditorPlatform: d09bf68614088b80899f8185d706f6e7 -> 
  custom:scripting/monoscript/fileName/AssetBundleLoadOperation.cs: 6671757952e868610efe84deb7d10911 -> 5e23b7cfd6b1aefafff250cf74ef9147
  custom:scripting/monoscript/fileName/PrevSkinMeshBtn.cs: 4b975732b197cfed11faf978a39a86d9 -> 949d41495696a789e910ed4bddee68c8
  custom:scripting/monoscript/fileName/RandomBtn.cs: 09358cb3d53669a5fb3911b12bed41f9 -> 851c8dec69594280621f9ae4205a836d
  custom:scripting/monoscript/fileName/Beard.cs: fcba2011bd59aa862783e312bcb3f1ed -> 25619eaf3bae2cd2a4b58a1e35f6de63
  custom:scripting/monoscript/fileName/EnumFlagAttribute.cs: 74d0d26091c169f8de5e9bf42af43876 -> 955415b54787984cbbb8aa271c5326e3
  custom:scripting/monoscript/fileName/LaunchAssetBundleServer.cs: fde14ca75a313e949066fe5170090bd6 -> 43db2fb10887bbfb076c6767daba67bd
  custom:scripting/monoscript/fileName/TextureManager.cs: e8b62e3c8c466c37ed390308c47b609f -> aaabee5faa243fca33eb568630ae6e8e
  custom:scripting/monoscript/fileName/RobeShort.cs: 98a985110c88276dffccdebb9b45a97a -> 3c6d536f5d6b37080b8a61040ec81de3
  custom:scripting/monoscript/fileName/AssetBundleRecord.cs: 5e3e2662beb76f92f544ca3a6af0a002 -> 5a3119d6abe586168b6fe06c7e98c69c
  custom:scripting/monoscript/fileName/TogglePopup.cs: e3546a95722da3ab7907a444f1349cba -> 1d986db86e682e16edccd0653eb2aad7
  custom:scripting/monoscript/fileName/ITextureLoader.cs: fb942611a67ee29c2d3906a7f2b2ca06 -> 5adc935e3b3fb7761c6d5c127df50233
  custom:scripting/monoscript/fileName/SaveBtn.cs: 3dfbd63f5b032b539a11095805980518 -> 62cda288bb207ed68b5083d6b77f7471
  custom:scripting/monoscript/fileName/NextSkinMeshBtn.cs: 7bde284a6144f85f7d24cd53fe360afe -> c82eddd7edff4db94905f44ef59144c1
  custom:scripting/monoscript/fileName/Head.cs: ef8602f0e05bb6f56d36072970253a56 -> 6728c540b9905eb1de06718fa4aae534
  custom:scripting/monoscript/fileName/NextFXBtn.cs: ec23ffa473c712e78d6eb18c4ae448be -> 7e2755ad9a90b6ecb18961111ed6b016
  custom:scripting/monoscript/fileName/AssetBundleBrowserMain.cs: adf460d08e5161db4df4e9efbad520b6 -> d6cbb84444c9fdda30a8092bb0794cf7
  custom:scripting/monoscript/fileName/JSONMap.cs: 0cc7c12ea7048b3ee204a6864ec14612 -> f72d2edab136c1eb89bac454d589dbd3
  custom:scripting/monoscript/fileName/AssetBundleManageTab.cs: cd787c8175c6b452036330db58559128 -> 31b1d66e60f6e821749b4e2c88c32cdd
  custom:scripting/monoscript/fileName/Torso.cs: 69b7e0d6a62aacc036b1886a4ba2587b -> 54ee6015ea03462115d4c3153edbdf8c
  custom:scripting/monoscript/fileName/AssetBundleBuildTab.cs: e4d3d716146519b1f52f6c0fe7ec5a47 -> c4f1a336c5910d1832fd9e6c972559ad
  custom:scripting/monoscript/fileName/Hair.cs: 1f4e341ec44f1e9a43da832f30eda5e7 -> a794926f97f7a5e9c465865fe7af5e1b
  custom:scripting/monoscript/fileName/AbstractMesh.cs: f416745403975ff81463073698d6e017 -> 8184b2a66042d8caaccbbd20ed31dc56
  custom:scripting/monoscript/fileName/NextTextureBtn.cs: d5a300ee8993aada97b6138db78b58aa -> 68286e9f0e1d42eee9d43ba74e34330f
  custom:scripting/monoscript/fileName/Gloves.cs: 21fa036484600f2d249c1ff665501393 -> 28f9e2f54620c042ed9595f00f2065dc
  custom:scripting/monoscript/fileName/AssetBundleManager.cs: 0e168d48c6d3576e59f6c42f92fecd60 -> c15faaf8b529192dbe9aec9afe4991fd
  custom:scripting/monoscript/fileName/RobeLong.cs: 1a7163e76453fecee35478b548086606 -> f4a05f13d9e9427f236c1f1234a17722
  custom:scripting/monoscript/fileName/InspectTreeView.cs: 4d03769e654689089e5185b09bfc6882 -> 260e1db8105b149fed2e7856746dbf0f
  custom:scripting/monoscript/fileName/MeshLoader.cs: 0b10154577fb1ae0dd2e8310eae4ddf4 -> 514b5b4b4814025e9f754ee22115b972
  custom:scripting/monoscript/fileName/PrevFXBtn.cs: 9adcb6db2d84b99fc2ba85718ff2705c -> d82c337bfc40d281d6f7be6c53a9171d
  custom:scripting/monoscript/fileName/ABModel.cs: d4f2ea81e354d5c73ab4578ede6b09b2 -> efbeff1b31df600fad6d5bea582c7fba
  custom:video-encoder-webm-vp8: eb34c28f22e8b96e1ab97ce403110664 -> 
  custom:scripting/monoscript/fileName/TextureLoader.cs: ef2efb353191380796da06838f0ca27c -> 32fee57eede5dc7675a4e8e137c57785
  custom:scripting/monoscript/fileName/Cloak.cs: 83fee273266203de062b641017c68a04 -> a5348ad8315a274870ac1256b416f4df
  custom:audio-decoder-ogg-vorbis: bf7c407c2cedff20999df2af8eb42d56 -> 
  custom:scripting/monoscript/fileName/Eyebrow.cs: a80914df48c7002be677c64522cce038 -> 60a10d1886232f9d6b3fd8be0c11fca9
  custom:scripting/monoscript/fileName/MeshUVManager.cs: 3a3d4245c35b74c0afddd620ce689573 -> fa1c5e2aa443e2c89e2f51af239fa10f
  custom:scripting/monoscript/fileName/MessageList.cs: 6b608508dbf342db2b025fa4e75150ed -> e187436fd3600e1e0afecc6a8da1f18c
  custom:scripting/monoscript/fileName/ClearMeshColorBtn.cs: 0007c8d870af1fc291acf8c091e58855 -> 45fdc58f7fbca9a24d836bd66f751d53
  custom:scripting/monoscript/fileName/MessageSystem.cs: e1fba72936ec77bbbc283ee14a4e5ac9 -> c1467679f7f8f7989b7c591fe16f095b
  custom:scripting/monoscript/fileName/Helper.cs: c607632c58e5a7e90f5ab372e55f1b53 -> 42ad14543d1a843693f11a1cb7823bdc
  custom:scripting/monoscript/fileName/TorsoAdd.cs: de2919cda7445d192f99b708ac4f8f98 -> 6a719884572b7c749207c858146f4e3c
  custom:scripting/monoscript/fileName/EnumFlagDrawer.cs: 41a8255d04f81b6824e2eb405c56f882 -> 5c63d0c0059ff695bd0ee486d1e93bdc
  custom:scripting/monoscript/fileName/Utility.cs: 28500e0d15bd811ed13877f72f01a728 -> bc7c77987476d2cc716aa6822231009e
  custom:scripting/monoscript/fileName/NextColorBtn.cs: 3c291ea58299c895d1e49ee9d26926c4 -> 3628818366004c784ce7c532472e0770
  custom:scripting/monoscript/fileName/BeltAdd.cs: cb7f04a49673453c6e59d8a19fc25506 -> 23c8e20e1dd3c9ed150a971c41b0440b
  custom:scripting/monoscript/fileName/Skin.cs: b53e0e70cea1e5a2051dbeb2d303d7bf -> fa5b8fbc5e21205ad140661bb8d1d29a
  custom:scripting/monoscript/fileName/PrevMeshColorBtn.cs: 6e7146d83f859cab20d94f99a895303c -> eb2dbdc18e08517d5e99c78a100e7907
  custom:audio-encoder-webm-vorbis: bf7c407c2cedff20999df2af8eb42d56 -> 
  custom:scripting/monoscript/fileName/Helm.cs: c26d56b2bba9bcb0ed144e3501bc4050 -> 015c5ef11547d2a56ec06cbf9181e054
  custom:scripting/monoscript/fileName/Shoulder.cs: cd26873c046cfe405838db4b32b97d24 -> cbc35143cbffbdb744890d07b8670e7e
  custom:scripting/monoscript/fileName/IMeshLoader.cs: 9ae204479feb9db18b224953da5838fd -> 103d9667209b427a4c68ea28303f3cd3
  custom:scripting/monoscript/fileName/AssetListTree.cs: 255920d2dc3ac581fe65ea217df17385 -> 95ef94b9b5c1fc8c166d91a2229d1537
  custom:scripting/monoscript/fileName/MeshTexture.cs: e035409d8c1a139d8e58746d92de0530 -> 1c4c6300614cc8e271b614963931701e
  custom:scripting/monoscript/fileName/AssetBundleTree.cs: db18b513ade8dfdb586627b6c32bbf86 -> 5c86cf837bb6943c3398dc49a567b80f
  custom:scripting/precompiled-assembly-types:Assembly-CSharp: bd61ef89dd052a62cb180bc111b9f981 -> 2a57b7d9ba6c891b20990c959df4dfe7
  custom:scripting/monoscript/fileName/SpriteProcessor.cs: ecdbdd0dbf42b62f38de6c8096601c0d -> b47784218d8c2d820a413741c1f25a1f
  custom:scripting/monoscript/fileName/NextMeshColorBtn.cs: f15a2f312aac46efa390132e8e876a6a -> 3fefab99c46d758ed0e047f19be1644f
  custom:scripting/monoscript/fileName/ClearAllBtn.cs: 6b6df7aa9e75a6cecf2976db793db6eb -> bcba9c9686446fb7cf756301ebf868ec
  custom:scripting/monoscript/fileName/PlayerMoveController.cs: a4e66a81bcb2d723b3fb87dd004c6314 -> cc068b745400ee66c75378bcb7b27fdb
  custom:scripting/monoscript/fileName/ConfigLoader.cs: 62e091607cdc915ce80d4a253b61a2e7 -> db4bab6728472d9dedc7dfcc22e69d2d
  custom:scripting/monoscript/fileName/SaveItem.cs: 9fe0db1767d984560e8ce3cdb5cdd4f1 -> d881a933ade13ea32bf025db14797336
  custom:scripting/monoscript/fileName/SaveData.cs: cb74f51d5ddf1e3c0494034ad7572a91 -> b41c91a98201f94a04946b0cf063c975
  custom:scripting/monoscript/fileName/PrevColorBtn.cs: 745000830732e20a24b2b0544e8a21f7 -> e1d2791f9dd94cc4e35385ca804752d8
========================================================================
Received Import Request.
  Time since last request: 12.573885 seconds.
  path: Assets/EditorPersonajes/Scripts/CharacterRendererUI.cs
  artifactKey: Guid(f3616522f264272478acb3b3af3e7162) Importer(815301076,1909f56bfc062723c751e8b465ee728b)
Start importing Assets/EditorPersonajes/Scripts/CharacterRendererUI.cs using Guid(f3616522f264272478acb3b3af3e7162) Importer(815301076,1909f56bfc062723c751e8b465ee728b) [PhysX] Initialized MultithreadedTaskDispatcher with 12 workers.
 -> (artifact id: 'e9fd9bad5a4350920aa77f0f0e8e61a1') in 0.004558 seconds
Number of updated asset objects reloaded before import = 0
Number of asset objects unloaded after import = 0
========================================================================
Received Import Request.
  Time since last request: 1.934659 seconds.
  path: Assets/EditorPersonajes/Scripts/CharacterRendererUI.cs
  artifactKey: Guid(f3616522f264272478acb3b3af3e7162) Importer(815301076,1909f56bfc062723c751e8b465ee728b)
Start importing Assets/EditorPersonajes/Scripts/CharacterRendererUI.cs using Guid(f3616522f264272478acb3b3af3e7162) Importer(815301076,1909f56bfc062723c751e8b465ee728b) [PhysX] Initialized MultithreadedTaskDispatcher with 12 workers.
 -> (artifact id: '74df5e754232248bf9fbafb6bd7815ce') in 0.001067 seconds
Number of updated asset objects reloaded before import = 0
Number of asset objects unloaded after import = 0
========================================================================
Received Prepare
Caller must complete domain reload
Begin MonoManager ReloadAssembly
- Loaded All Assemblies, in  0.810 seconds
Native extension for WindowsStandalone target not found
Native extension for Android target not found
Mono: successfully reloaded assembly
- Finished resetting the current domain, in  1.565 seconds
Domain Reload Profiling: 2371ms
	BeginReloadAssembly (253ms)
		ExecutionOrderSort (0ms)
		DisableScriptedObjects (7ms)
		BackupInstance (0ms)
		ReleaseScriptingObjects (0ms)
		CreateAndSetChildDomain (61ms)
	RebuildCommonClasses (38ms)
	RebuildNativeTypeToScriptingClass (9ms)
	initialDomainReloadingComplete (43ms)
	LoadAllAssembliesAndSetupDomain (462ms)
		LoadAssemblies (523ms)
		RebuildTransferFunctionScriptingTraits (0ms)
		AnalyzeDomain (75ms)
			TypeCache.Refresh (26ms)
				TypeCache.ScanAssembly (5ms)
			ScanForSourceGeneratedMonoScriptInfo (27ms)
			ResolveRequiredComponents (16ms)
	FinalizeReload (1565ms)
		ReleaseScriptCaches (0ms)
		RebuildScriptCaches (0ms)
		SetupLoadedEditorAssemblies (568ms)
			LogAssemblyErrors (0ms)
			InitializePlatformSupportModulesInManaged (22ms)
			SetLoadedEditorAssemblies (5ms)
			RefreshPlugins (0ms)
			BeforeProcessingInitializeOnLoad (112ms)
			ProcessInitializeOnLoadAttributes (333ms)
			ProcessInitializeOnLoadMethodAttributes (84ms)
			AfterProcessingInitializeOnLoad (11ms)
			EditorAssembliesLoaded (0ms)
		ExecutionOrderSort2 (0ms)
		AwakeInstancesAfterBackupRestoration (19ms)
WARNING: Shader Unsupported: 'Toon/Basic Outline' - All subshaders removed
WARNING: Shader Did you use #pragma only_renderers and omit this platform?
WARNING: Shader If subshaders removal was intentional, you may have forgotten turning Fallback off?
WARNING: Shader Unsupported: 'Toon/Basic Outline' - All subshaders removed
WARNING: Shader Did you use #pragma only_renderers and omit this platform?
WARNING: Shader If subshaders removal was intentional, you may have forgotten turning Fallback off?
WARNING: Shader Unsupported: 'Toon/Lit Outline' - All subshaders removed
WARNING: Shader Did you use #pragma only_renderers and omit this platform?
WARNING: Shader If subshaders removal was intentional, you may have forgotten turning Fallback off?
WARNING: Shader Unsupported: 'Toon/Lit Outline' - All subshaders removed
WARNING: Shader Did you use #pragma only_renderers and omit this platform?
WARNING: Shader If subshaders removal was intentional, you may have forgotten turning Fallback off?
Refreshing native plugins compatible for Editor in 11.21 ms, found 4 plugins.
Preloading 0 native plugins for Editor in 0.00 ms.
Unloading 5364 Unused Serialized files (Serialized files now loaded: 0)
Unloading 24 unused Assets / (0.6 MB). Loaded Objects now: 6076.
Memory consumption went from 191.1 MB to 190.5 MB.
Total: 6.613600 ms (FindLiveObjects: 1.097500 ms CreateObjectMapping: 0.728500 ms MarkObjects: 3.652700 ms  DeleteObjects: 1.132300 ms)

Prepare: number of updated asset objects reloaded= 0
AssetImportParameters requested are different than current active one (requested -> active):
  custom:scripting/monoscript/fileName/MeshTypeBone.cs: f2929f2b8ecce3a651b0fd3ffe111924 -> 843ff81fb2c811dcac98decd349efe80
  custom:scripting/monoscript/fileName/ShaderSelector.cs: 685bc00da5c5122ea4d91cfb7c33d4ce -> 521612be2626bcd49281fc726d73115d
  custom:scripting/monoscript/fileName/Hand.cs: 5052127099e76a39f6f2b58ea1ef5c1e -> 192355eabc8b0bb90d2503d57cbc29e1
  custom:scripting/monoscript/fileName/TextureFactory.cs: cee276c059ba8c5d89b2dce85c58444e -> 9b0e0386d21b5055c4b652bc661be2ca
  custom:scripting/monoscript/fileName/ExecuteInternalMono.cs: 3e44be6fc6d7f25500f51fef3364e783 -> c1dae4aa6cbf1512716dd7e8414f8006
  custom:scripting/monoscript/fileName/BundleDetailList.cs: 49a12b558eca8c309cefc20f79be4f08 -> 7b03139c488749eda460103673d30967
  custom:scripting/monoscript/fileName/ChangeSkinMeshBtn.cs: 5c6d8ac28a61c97b01d08415ec68b892 -> 58cbf8e281a1824de7ac09fd6ead4741
  custom:container-demuxer-ogg: 62fdf1f143b41e24485cea50d1cbac27 -> 
  custom:scripting/monoscript/fileName/InspectSingleBundle.cs: c4ddaa812469395f667f8059fbbafbb2 -> ff6bcd7c39743f835ec77986ad4e4842
  custom:scripting/monoscript/fileName/TorsoFX.cs: 8364f33fdfe728687ae399ca95227afe -> 5e6b4d93b934706642170673ecf5c3cb
  custom:scripting/monoscript/fileName/Scar.cs: a42aaa0f7421fdbac285e770432737fe -> 93cf6a2332a708e947886120175eb79a
  custom:scripting/monoscript/fileName/Eye.cs: afd6b945d219259bc28efd165ef781f4 -> 698a2a7ea54ef8de083e5f76c9b8d930
  custom:scripting/monoscript/fileName/PrevTextureBtn.cs: ca06f7a8c9b0f19ce544f3b94a1420fa -> 764f96572b39e13aca5f7f18826c47b4
  custom:scripting/monoscript/fileName/ClearColorBtn.cs: 1e8e6c93adda6a5ba905483e8182c1dd -> c480f5967894d16fe78f727f834b09ac
  custom:scripting/monoscript/fileName/SaveManager.cs: de2264e4a492adfd4c3a4c607fa8c9d4 -> 3fcb126c6a66ba31aa898dd5743caa30
  custom:scripting/monoscript/fileName/PrevCharacterBtn.cs: 8b169ad1106eaf0dbdbff832654707ff -> 82d84ae18bcec8ea0c987e0a3a9d6a13
  custom:scripting/monoscript/fileName/Popup.cs: 1c1ef9080900e5e97d1b14f0b41eadfa -> 2cc3075140bfd1e8dd79773fa10aee0b
  custom:scripting/monoscript/fileName/EditorBundleManager.cs: 25971b08130223425370a0c67fd24c1d -> dc4d9d3c0d3cadbde48071e4065b6fbb
  custom:scripting/monoscript/fileName/LoadBtn.cs: 70bafae7f72c9ee6623f2f31d0779c28 -> 2ea2705ebacd83d0846f91df66c28259
  custom:scripting/monoscript/fileName/TextureTypeMaskSelector.cs: 7ff2a9c585e0132e7eecc431d721fd4f -> c5691a283aa245253aed7fa0115457e3
  custom:scripting/monoscript/fileName/Pants.cs: 6c99c36b54f1584503cd85f530589db5 -> df098d75808a7fb623ca5598aed5b66e
  custom:scripting/monoscript/fileName/ABDataSourceProvider.cs: 4f93c6cdfbe44a00612a956e4ef9ffe7 -> d15a3b944396c4baae05b3f33e2f8331
  custom:video-decoder-ogg-theora: a1e56fd34408186e4bbccfd4996cb3dc -> 
  custom:scripting/monoscript/fileName/MeshManager.cs: 2f249bf80d6ae36c03b9409f5feb6c0d -> 80ab94735750c9af566e7e697efa30bc
  custom:scripting/monoscript/fileName/ABDataSource.cs: 41b8295d17e0ef0ed1d4f959baadf27f -> 7ceefc660d5f297abc8804d14984f27e
  custom:framework-win-MediaFoundation: 216162199b28c13a410421893ffa2e32 -> 
  custom:scripting/monoscript/fileName/NextCharacterBtn.cs: 3c5d6d5f91a48826bcb43d4ef5261f6a -> 271bcb60c5934eb6d4486f66396754c5
  custom:scripting/monoscript/fileName/AssetBundleInspectTab.cs: 945f43d3df2c8ee2453a9a63fa11274c -> 9c287edf6d1d376f12a8f96d01ec074a
  custom:scripting/monoscript/fileName/SaveListView.cs: e595613b43c00299f3513b824b0dabc3 -> 66f5588456e9744a16cd29a95c0a128e
  custom:scripting/monoscript/fileName/MeshFactory.cs: 4bbafa913eed9f0fb1b99654c8762909 -> a5c11ad228aefe2964b1b339054e39bc
  custom:scripting/monoscript/fileName/CharacterCustomizer.cs: 6b998336770e1834435505a2273ed78a -> 
  custom:scripting/monoscript/fileName/TestDatabase.cs: 23855a153a87fda770b086a78bc24d6d -> 
  custom:scripting/monoscript/fileName/AssetDatabaseABDataSource.cs: f87f54f41a9ae61d6c93a1ee4a7276fe -> a9068bde9865684c07718fa2f110ebd4
  custom:scripting/monoscript/fileName/AbstractFXMesh.cs: 2f7f8bc9d1b9e98b83ebf043ab545fae -> 355e798705134331d1b4e13fe77a1ba2
  custom:scripting/monoscript/fileName/IConfigLoader.cs: 290018350438b79782c4b9fdba32926e -> a4ccf3c5021bb9e95d5d05a0a09bf8bd
  custom:scripting/monoscript/fileName/ABModelBundleInfo.cs: 2188b089518dc510222192403494a01e -> 9fa50afaf3db0543d3d887b15c00368c
  custom:scripting/monoscript/fileName/Leg.cs: ef7b14f4330dc25387e1b59f0290d188 -> 43594c645958cd98f0dcb60d0855f6d1
  custom:scripting/monoscript/fileName/ABModelAssetInfo.cs: 30e23a9e1ca57fffc37b721992bcf1a0 -> cf869514a0bf82899ce1cda23bdb700e
  custom:scripting/monoscript/fileName/MeshTypeMaskSelector.cs: e94ba6f4a1adba4feee5fb7cc4e351fe -> ed92edda1c9655f258c64f35a85ef583
  custom:scripting/monoscript/fileName/ClearMeshBtn.cs: b14d5ced1c19826bfc491001a3f185d1 -> d990ebc2143de5948aea2a5badbfe15b
  custom:scripting/monoscript/fileName/MeshAndTextureTypeMaskSelector.cs: fdba9a050c9e3646ce8e80b7e936d037 -> 8a4bea39d5d059db9f897ddcbaaa5fb6
  custom:scripting/monoscript/fileName/FxMeshFactory.cs: c3e28ca0186ef5ee5525c8801ad21c5a -> 0c8ff1afadd69a3595c5d00772f68410
  custom:scripting/monoscript/fileName/FXTypeMaskSelector.cs: d74f6e4a0bcd101e2717459b81084106 -> 0f6cbde77ec3d316ca044b2bb5952a3c
  custom:scripting/monoscript/fileName/PlayerController.cs: 5b090d859ab09be631dc3b0f203f9571 -> d93a52a180fbbe603a59e9aa6da73c83
  custom:scripting/monoscript/fileName/BuildScript.cs: 426ea9e2914d6e2d91f1414353c5dafc -> 337dba19c2e29ee8e4980fc4e2019d2f
  custom:scripting/monoscript/fileName/ClearSkinMeshBtn.cs: 82d2655784ebc16abf5528736d619a9b -> a8f6aebd6c57b68160badb6bcb2d0ed6
  custom:scripting/monoscript/fileName/CreateCharacterWizard.cs: acfc968f24a9426403bd5add4843dcf8 -> 45f0e70a15c8659931d42d36cb8cac07
  custom:CustomObjectIndexerAttribute: 72b91833f83ae208fae7752999fa3104 -> 
  custom:scripting/monoscript/fileName/AbstractTexture.cs: 5fe6f2f7be7fb5a86569856b4345a004 -> e0980b08fec448804b26f5b6dad65dfd
  custom:scripting/monoscript/fileName/FollowCamera.cs: 2d720f10865b64f024b0e3fccdd261c7 -> 8d6eb8e229738de226ec56d9e22b6b63
  custom:scripting/monoscript/fileName/FxMeshTypeBone.cs: f85b6921dfd1e47314410f2e3b110e25 -> c7f230be3097e0ffbcff74b002f4c068
  custom:scripting/monoscript/fileName/AssetbundlesMenuItems.cs: c3bdb3cf11cdd131fd9c40f5c72fdbb7 -> bacd4da6799b9476bee68e043690ff36
  custom:scripting/monoscript/fileName/CharacterRendererUI.cs: 494bfcacef163a63e00e0a76e5490b75 -> 
  custom:scripting/monoscript/fileName/Arm.cs: 4102684b6836edb71c1e92ebf943cfad -> b923216ab6f821207b08c03afd4c6525
  custom:container-demuxer-webm: 4f35f7cbe854078d1ac9338744f61a02 -> 
  custom:scripting/monoscript/fileName/NextMeshBtn.cs: c626932f4e3ef625c1f95cbb7df53377 -> c475632899117e513eda9e15e910b76e
  custom:scripting/monoscript/fileName/FaceFeature.cs: 4fb49a14cfb347e565b8520b489cd06f -> 2d58afa4a16bca365a6beb0bf6bfaea3
  custom:scripting/monoscript/fileName/SavePrefabBtn.cs: 3a461d0b73e33e6450805a3d4c14cf7e -> fb80c3034ef9c4f90fa622ffe7f9f829
  custom:scripting/monoscript/fileName/LoaderManager.cs: 369c2be46c8c25c8c25ebdc236e1107b -> de56154becf62ebc4f0181681035238d
  custom:scripting/monoscript/fileName/SaveNameInput.cs: 38a66e5dc26bdeafde0ff106788ee663 -> aae89d2fa016e54079d9c4371e2e5f50
  custom:scripting/monoscript/fileName/Config.cs: e85a922a2347c074e5939d78a5a7a10e -> 7351639d5127e04bc4fcb4671c4a17fb
  custom:scripting/monoscript/fileName/EyeFX.cs: bb3e917396c4b9336da3800cda69d75f -> 0e9063be2785787a64aac5ac3958ba88
  custom:scripting/monoscript/fileName/CategoryPanel.cs: 2ede49e7213c224cf2b42e7bf0785af5 -> 
  custom:scripting/monoscript/fileName/JumpFallBehaviour.cs: 6e303c4d540ce7e39efab9189bb22bcd -> 71c001d1ad34a6d3b319feace6bde3ef
  custom:scripting/monoscript/fileName/PrevMeshBtn.cs: e4cc6e23cf1ae834cfc676eb293c1a5c -> b3d8856e7d265dc9c0dfa6c173a5ecfd
  custom:container-muxer-webm: aa71ff27fc2769a1b78a27578f13a17b -> 
  custom:scripting/monoscript/fileName/ClearTextureBtn.cs: 4f31783abce9af1d7ec4839287fef475 -> e3b2bcf1edcb5118f2edfda92d79dc01
  custom:scripting/monoscript/fileName/Shoes.cs: 066ec4aa35b5452249c3208e4decccac -> a3171f40fe6c3d65d3385917721d6b32
  custom:video-decoder-webm-vp8: 9c59270c3fd7afecdb556c50c9e8de78 -> 
  custom:scripting/monoscript/fileName/ConfigManager.cs: ecadd354c11a441a4c89b5fd7a9f00e6 -> caea2b28af0ab9e40fec80621d2354a1
  custom:scripting/monoscript/fileName/ClearFXBtn.cs: 9a39f15de353636ac82e469249897f2d -> 7bb97525152b99fa74400a29eaa13dea
  custom:scripting/monoscript/fileName/ClosePopup.cs: b8d454205b2ceefe37b5fd3a66ce3f21 -> 55d4b78c13dd76e50d9c188109fdf0bb
  custom:SearchIndexIgnoredProperties: e643bd26f0fe6173181afceb89e7c659 -> 
  custom:scripting/monoscript/fileName/Belt.cs: 57f9cd2ecc900069b427149243ef3bc5 -> 49eb07e37613e7bc3cd2ca1c5688a06b
  custom:AudioImporter_EditorPlatform: d09bf68614088b80899f8185d706f6e7 -> 
  custom:scripting/monoscript/fileName/AssetBundleLoadOperation.cs: 6671757952e868610efe84deb7d10911 -> 5e23b7cfd6b1aefafff250cf74ef9147
  custom:scripting/monoscript/fileName/PrevSkinMeshBtn.cs: 4b975732b197cfed11faf978a39a86d9 -> 949d41495696a789e910ed4bddee68c8
  custom:scripting/monoscript/fileName/RandomBtn.cs: 09358cb3d53669a5fb3911b12bed41f9 -> 851c8dec69594280621f9ae4205a836d
  custom:scripting/monoscript/fileName/Beard.cs: fcba2011bd59aa862783e312bcb3f1ed -> 25619eaf3bae2cd2a4b58a1e35f6de63
  custom:scripting/monoscript/fileName/EnumFlagAttribute.cs: 74d0d26091c169f8de5e9bf42af43876 -> 955415b54787984cbbb8aa271c5326e3
  custom:scripting/monoscript/fileName/LaunchAssetBundleServer.cs: fde14ca75a313e949066fe5170090bd6 -> 43db2fb10887bbfb076c6767daba67bd
  custom:scripting/monoscript/fileName/TextureManager.cs: e8b62e3c8c466c37ed390308c47b609f -> aaabee5faa243fca33eb568630ae6e8e
  custom:scripting/monoscript/fileName/RobeShort.cs: 98a985110c88276dffccdebb9b45a97a -> 3c6d536f5d6b37080b8a61040ec81de3
  custom:scripting/monoscript/fileName/AssetBundleRecord.cs: 5e3e2662beb76f92f544ca3a6af0a002 -> 5a3119d6abe586168b6fe06c7e98c69c
  custom:scripting/monoscript/fileName/TogglePopup.cs: e3546a95722da3ab7907a444f1349cba -> 1d986db86e682e16edccd0653eb2aad7
  custom:scripting/monoscript/fileName/ITextureLoader.cs: fb942611a67ee29c2d3906a7f2b2ca06 -> 5adc935e3b3fb7761c6d5c127df50233
  custom:scripting/monoscript/fileName/SaveBtn.cs: 3dfbd63f5b032b539a11095805980518 -> 62cda288bb207ed68b5083d6b77f7471
  custom:scripting/monoscript/fileName/NextSkinMeshBtn.cs: 7bde284a6144f85f7d24cd53fe360afe -> c82eddd7edff4db94905f44ef59144c1
  custom:scripting/monoscript/fileName/Head.cs: ef8602f0e05bb6f56d36072970253a56 -> 6728c540b9905eb1de06718fa4aae534
  custom:scripting/monoscript/fileName/NextFXBtn.cs: ec23ffa473c712e78d6eb18c4ae448be -> 7e2755ad9a90b6ecb18961111ed6b016
  custom:scripting/monoscript/fileName/AssetBundleBrowserMain.cs: adf460d08e5161db4df4e9efbad520b6 -> d6cbb84444c9fdda30a8092bb0794cf7
  custom:scripting/monoscript/fileName/JSONMap.cs: 0cc7c12ea7048b3ee204a6864ec14612 -> f72d2edab136c1eb89bac454d589dbd3
  custom:scripting/monoscript/fileName/AssetBundleManageTab.cs: cd787c8175c6b452036330db58559128 -> 31b1d66e60f6e821749b4e2c88c32cdd
  custom:scripting/monoscript/fileName/Torso.cs: 69b7e0d6a62aacc036b1886a4ba2587b -> 54ee6015ea03462115d4c3153edbdf8c
  custom:scripting/monoscript/fileName/AssetBundleBuildTab.cs: e4d3d716146519b1f52f6c0fe7ec5a47 -> c4f1a336c5910d1832fd9e6c972559ad
  custom:scripting/monoscript/fileName/Hair.cs: 1f4e341ec44f1e9a43da832f30eda5e7 -> a794926f97f7a5e9c465865fe7af5e1b
  custom:scripting/monoscript/fileName/AbstractMesh.cs: f416745403975ff81463073698d6e017 -> 8184b2a66042d8caaccbbd20ed31dc56
  custom:scripting/monoscript/fileName/NextTextureBtn.cs: d5a300ee8993aada97b6138db78b58aa -> 68286e9f0e1d42eee9d43ba74e34330f
  custom:scripting/monoscript/fileName/Gloves.cs: 21fa036484600f2d249c1ff665501393 -> 28f9e2f54620c042ed9595f00f2065dc
  custom:scripting/monoscript/fileName/AssetBundleManager.cs: 0e168d48c6d3576e59f6c42f92fecd60 -> c15faaf8b529192dbe9aec9afe4991fd
  custom:scripting/monoscript/fileName/RobeLong.cs: 1a7163e76453fecee35478b548086606 -> f4a05f13d9e9427f236c1f1234a17722
  custom:scripting/monoscript/fileName/InspectTreeView.cs: 4d03769e654689089e5185b09bfc6882 -> 260e1db8105b149fed2e7856746dbf0f
  custom:scripting/monoscript/fileName/MeshLoader.cs: 0b10154577fb1ae0dd2e8310eae4ddf4 -> 514b5b4b4814025e9f754ee22115b972
  custom:scripting/monoscript/fileName/PrevFXBtn.cs: 9adcb6db2d84b99fc2ba85718ff2705c -> d82c337bfc40d281d6f7be6c53a9171d
  custom:scripting/monoscript/fileName/ABModel.cs: d4f2ea81e354d5c73ab4578ede6b09b2 -> efbeff1b31df600fad6d5bea582c7fba
  custom:video-encoder-webm-vp8: eb34c28f22e8b96e1ab97ce403110664 -> 
  custom:scripting/monoscript/fileName/TextureLoader.cs: ef2efb353191380796da06838f0ca27c -> 32fee57eede5dc7675a4e8e137c57785
  custom:scripting/monoscript/fileName/Cloak.cs: 83fee273266203de062b641017c68a04 -> a5348ad8315a274870ac1256b416f4df
  custom:audio-decoder-ogg-vorbis: bf7c407c2cedff20999df2af8eb42d56 -> 
  custom:scripting/monoscript/fileName/Eyebrow.cs: a80914df48c7002be677c64522cce038 -> 60a10d1886232f9d6b3fd8be0c11fca9
  custom:scripting/monoscript/fileName/MeshUVManager.cs: 3a3d4245c35b74c0afddd620ce689573 -> fa1c5e2aa443e2c89e2f51af239fa10f
  custom:scripting/monoscript/fileName/MessageList.cs: 6b608508dbf342db2b025fa4e75150ed -> e187436fd3600e1e0afecc6a8da1f18c
  custom:scripting/monoscript/fileName/ClearMeshColorBtn.cs: 0007c8d870af1fc291acf8c091e58855 -> 45fdc58f7fbca9a24d836bd66f751d53
  custom:scripting/monoscript/fileName/MessageSystem.cs: e1fba72936ec77bbbc283ee14a4e5ac9 -> c1467679f7f8f7989b7c591fe16f095b
  custom:scripting/monoscript/fileName/Helper.cs: c607632c58e5a7e90f5ab372e55f1b53 -> 42ad14543d1a843693f11a1cb7823bdc
  custom:scripting/monoscript/fileName/TorsoAdd.cs: de2919cda7445d192f99b708ac4f8f98 -> 6a719884572b7c749207c858146f4e3c
  custom:scripting/monoscript/fileName/EnumFlagDrawer.cs: 41a8255d04f81b6824e2eb405c56f882 -> 5c63d0c0059ff695bd0ee486d1e93bdc
  custom:scripting/monoscript/fileName/Utility.cs: 28500e0d15bd811ed13877f72f01a728 -> bc7c77987476d2cc716aa6822231009e
  custom:scripting/monoscript/fileName/NextColorBtn.cs: 3c291ea58299c895d1e49ee9d26926c4 -> 3628818366004c784ce7c532472e0770
  custom:scripting/monoscript/fileName/BeltAdd.cs: cb7f04a49673453c6e59d8a19fc25506 -> 23c8e20e1dd3c9ed150a971c41b0440b
  custom:scripting/monoscript/fileName/Skin.cs: b53e0e70cea1e5a2051dbeb2d303d7bf -> fa5b8fbc5e21205ad140661bb8d1d29a
  custom:scripting/monoscript/fileName/PrevMeshColorBtn.cs: 6e7146d83f859cab20d94f99a895303c -> eb2dbdc18e08517d5e99c78a100e7907
  custom:audio-encoder-webm-vorbis: bf7c407c2cedff20999df2af8eb42d56 -> 
  custom:scripting/monoscript/fileName/Helm.cs: c26d56b2bba9bcb0ed144e3501bc4050 -> 015c5ef11547d2a56ec06cbf9181e054
  custom:scripting/monoscript/fileName/Shoulder.cs: cd26873c046cfe405838db4b32b97d24 -> cbc35143cbffbdb744890d07b8670e7e
  custom:scripting/monoscript/fileName/IMeshLoader.cs: 9ae204479feb9db18b224953da5838fd -> 103d9667209b427a4c68ea28303f3cd3
  custom:scripting/monoscript/fileName/AssetListTree.cs: 255920d2dc3ac581fe65ea217df17385 -> 95ef94b9b5c1fc8c166d91a2229d1537
  custom:scripting/monoscript/fileName/MeshTexture.cs: e035409d8c1a139d8e58746d92de0530 -> 1c4c6300614cc8e271b614963931701e
  custom:scripting/monoscript/fileName/AssetBundleTree.cs: db18b513ade8dfdb586627b6c32bbf86 -> 5c86cf837bb6943c3398dc49a567b80f
  custom:scripting/precompiled-assembly-types:Assembly-CSharp: bd61ef89dd052a62cb180bc111b9f981 -> 2a57b7d9ba6c891b20990c959df4dfe7
  custom:scripting/monoscript/fileName/SpriteProcessor.cs: ecdbdd0dbf42b62f38de6c8096601c0d -> b47784218d8c2d820a413741c1f25a1f
  custom:scripting/monoscript/fileName/NextMeshColorBtn.cs: f15a2f312aac46efa390132e8e876a6a -> 3fefab99c46d758ed0e047f19be1644f
  custom:scripting/monoscript/fileName/ClearAllBtn.cs: 6b6df7aa9e75a6cecf2976db793db6eb -> bcba9c9686446fb7cf756301ebf868ec
  custom:scripting/monoscript/fileName/PlayerMoveController.cs: a4e66a81bcb2d723b3fb87dd004c6314 -> cc068b745400ee66c75378bcb7b27fdb
  custom:scripting/monoscript/fileName/ConfigLoader.cs: 62e091607cdc915ce80d4a253b61a2e7 -> db4bab6728472d9dedc7dfcc22e69d2d
  custom:scripting/monoscript/fileName/SaveItem.cs: 9fe0db1767d984560e8ce3cdb5cdd4f1 -> d881a933ade13ea32bf025db14797336
  custom:scripting/monoscript/fileName/SaveData.cs: cb74f51d5ddf1e3c0494034ad7572a91 -> b41c91a98201f94a04946b0cf063c975
  custom:scripting/monoscript/fileName/PrevColorBtn.cs: 745000830732e20a24b2b0544e8a21f7 -> e1d2791f9dd94cc4e35385ca804752d8
========================================================================
Received Import Request.
  Time since last request: 57.957004 seconds.
  path: Assets/EditorPersonajes/Prefabs/CharacterPreviewUI.prefab
  artifactKey: Guid(e6f42146896d3ac49a1701cec73d0bbd) Importer(815301076,1909f56bfc062723c751e8b465ee728b)
Start importing Assets/EditorPersonajes/Prefabs/CharacterPreviewUI.prefab using Guid(e6f42146896d3ac49a1701cec73d0bbd) Importer(815301076,1909f56bfc062723c751e8b465ee728b) [PhysX] Initialized MultithreadedTaskDispatcher with 12 workers.
 -> (artifact id: '85a07b1d19b6dd56439c552667c1ded5') in 0.067265 seconds
Number of updated asset objects reloaded before import = 0
Number of asset objects unloaded after import = 34
========================================================================
Received Prepare
Caller must complete domain reload
Begin MonoManager ReloadAssembly
- Loaded All Assemblies, in  0.780 seconds
Native extension for WindowsStandalone target not found
Native extension for Android target not found
Mono: successfully reloaded assembly
- Finished resetting the current domain, in  1.711 seconds
Domain Reload Profiling: 2487ms
	BeginReloadAssembly (219ms)
		ExecutionOrderSort (0ms)
		DisableScriptedObjects (6ms)
		BackupInstance (0ms)
		ReleaseScriptingObjects (0ms)
		CreateAndSetChildDomain (54ms)
	RebuildCommonClasses (36ms)
	RebuildNativeTypeToScriptingClass (9ms)
	initialDomainReloadingComplete (48ms)
	LoadAllAssembliesAndSetupDomain (462ms)
		LoadAssemblies (512ms)
		RebuildTransferFunctionScriptingTraits (0ms)
		AnalyzeDomain (68ms)
			TypeCache.Refresh (21ms)
				TypeCache.ScanAssembly (4ms)
			ScanForSourceGeneratedMonoScriptInfo (27ms)
			ResolveRequiredComponents (14ms)
	FinalizeReload (1711ms)
		ReleaseScriptCaches (0ms)
		RebuildScriptCaches (0ms)
		SetupLoadedEditorAssemblies (573ms)
			LogAssemblyErrors (0ms)
			InitializePlatformSupportModulesInManaged (21ms)
			SetLoadedEditorAssemblies (7ms)
			RefreshPlugins (0ms)
			BeforeProcessingInitializeOnLoad (109ms)
			ProcessInitializeOnLoadAttributes (308ms)
			ProcessInitializeOnLoadMethodAttributes (119ms)
			AfterProcessingInitializeOnLoad (11ms)
			EditorAssembliesLoaded (0ms)
		ExecutionOrderSort2 (0ms)
		AwakeInstancesAfterBackupRestoration (17ms)
WARNING: Shader Unsupported: 'Toon/Basic Outline' - All subshaders removed
WARNING: Shader Did you use #pragma only_renderers and omit this platform?
WARNING: Shader If subshaders removal was intentional, you may have forgotten turning Fallback off?
WARNING: Shader Unsupported: 'Toon/Basic Outline' - All subshaders removed
WARNING: Shader Did you use #pragma only_renderers and omit this platform?
WARNING: Shader If subshaders removal was intentional, you may have forgotten turning Fallback off?
WARNING: Shader Unsupported: 'Toon/Lit Outline' - All subshaders removed
WARNING: Shader Did you use #pragma only_renderers and omit this platform?
WARNING: Shader If subshaders removal was intentional, you may have forgotten turning Fallback off?
WARNING: Shader Unsupported: 'Toon/Lit Outline' - All subshaders removed
WARNING: Shader Did you use #pragma only_renderers and omit this platform?
WARNING: Shader If subshaders removal was intentional, you may have forgotten turning Fallback off?
Refreshing native plugins compatible for Editor in 7.64 ms, found 4 plugins.
Preloading 0 native plugins for Editor in 0.00 ms.
Unloading 5364 Unused Serialized files (Serialized files now loaded: 0)
Unloading 24 unused Assets / (0.6 MB). Loaded Objects now: 6081.
Memory consumption went from 191.0 MB to 190.4 MB.
Total: 4.287200 ms (FindLiveObjects: 0.700400 ms CreateObjectMapping: 0.412900 ms MarkObjects: 2.814300 ms  DeleteObjects: 0.357400 ms)

Prepare: number of updated asset objects reloaded= 0
AssetImportParameters requested are different than current active one (requested -> active):
  custom:scripting/monoscript/fileName/MeshTypeBone.cs: f2929f2b8ecce3a651b0fd3ffe111924 -> 843ff81fb2c811dcac98decd349efe80
  custom:scripting/monoscript/fileName/ShaderSelector.cs: 685bc00da5c5122ea4d91cfb7c33d4ce -> 521612be2626bcd49281fc726d73115d
  custom:scripting/monoscript/fileName/Hand.cs: 5052127099e76a39f6f2b58ea1ef5c1e -> 192355eabc8b0bb90d2503d57cbc29e1
  custom:scripting/monoscript/fileName/TextureFactory.cs: cee276c059ba8c5d89b2dce85c58444e -> 9b0e0386d21b5055c4b652bc661be2ca
  custom:scripting/monoscript/fileName/ExecuteInternalMono.cs: 3e44be6fc6d7f25500f51fef3364e783 -> c1dae4aa6cbf1512716dd7e8414f8006
  custom:scripting/monoscript/fileName/BundleDetailList.cs: 49a12b558eca8c309cefc20f79be4f08 -> 7b03139c488749eda460103673d30967
  custom:scripting/monoscript/fileName/ChangeSkinMeshBtn.cs: 5c6d8ac28a61c97b01d08415ec68b892 -> 58cbf8e281a1824de7ac09fd6ead4741
  custom:container-demuxer-ogg: 62fdf1f143b41e24485cea50d1cbac27 -> 
  custom:scripting/monoscript/fileName/InspectSingleBundle.cs: c4ddaa812469395f667f8059fbbafbb2 -> ff6bcd7c39743f835ec77986ad4e4842
  custom:scripting/monoscript/fileName/TorsoFX.cs: 8364f33fdfe728687ae399ca95227afe -> 5e6b4d93b934706642170673ecf5c3cb
  custom:scripting/monoscript/fileName/Scar.cs: a42aaa0f7421fdbac285e770432737fe -> 93cf6a2332a708e947886120175eb79a
  custom:scripting/monoscript/fileName/Eye.cs: afd6b945d219259bc28efd165ef781f4 -> 698a2a7ea54ef8de083e5f76c9b8d930
  custom:scripting/monoscript/fileName/PrevTextureBtn.cs: ca06f7a8c9b0f19ce544f3b94a1420fa -> 764f96572b39e13aca5f7f18826c47b4
  custom:scripting/monoscript/fileName/ClearColorBtn.cs: 1e8e6c93adda6a5ba905483e8182c1dd -> c480f5967894d16fe78f727f834b09ac
  custom:scripting/monoscript/fileName/SaveManager.cs: de2264e4a492adfd4c3a4c607fa8c9d4 -> 3fcb126c6a66ba31aa898dd5743caa30
  custom:scripting/monoscript/fileName/PrevCharacterBtn.cs: 8b169ad1106eaf0dbdbff832654707ff -> 82d84ae18bcec8ea0c987e0a3a9d6a13
  custom:scripting/monoscript/fileName/Popup.cs: 1c1ef9080900e5e97d1b14f0b41eadfa -> 2cc3075140bfd1e8dd79773fa10aee0b
  custom:scripting/monoscript/fileName/EditorBundleManager.cs: 25971b08130223425370a0c67fd24c1d -> dc4d9d3c0d3cadbde48071e4065b6fbb
  custom:scripting/monoscript/fileName/LoadBtn.cs: 70bafae7f72c9ee6623f2f31d0779c28 -> 2ea2705ebacd83d0846f91df66c28259
  custom:scripting/monoscript/fileName/TextureTypeMaskSelector.cs: 7ff2a9c585e0132e7eecc431d721fd4f -> c5691a283aa245253aed7fa0115457e3
  custom:scripting/monoscript/fileName/Pants.cs: 6c99c36b54f1584503cd85f530589db5 -> df098d75808a7fb623ca5598aed5b66e
  custom:scripting/monoscript/fileName/ABDataSourceProvider.cs: 4f93c6cdfbe44a00612a956e4ef9ffe7 -> d15a3b944396c4baae05b3f33e2f8331
  custom:video-decoder-ogg-theora: a1e56fd34408186e4bbccfd4996cb3dc -> 
  custom:scripting/monoscript/fileName/MeshManager.cs: 2f249bf80d6ae36c03b9409f5feb6c0d -> 80ab94735750c9af566e7e697efa30bc
  custom:scripting/monoscript/fileName/ABDataSource.cs: 41b8295d17e0ef0ed1d4f959baadf27f -> 7ceefc660d5f297abc8804d14984f27e
  custom:framework-win-MediaFoundation: 216162199b28c13a410421893ffa2e32 -> 
  custom:scripting/monoscript/fileName/NextCharacterBtn.cs: 3c5d6d5f91a48826bcb43d4ef5261f6a -> 271bcb60c5934eb6d4486f66396754c5
  custom:scripting/monoscript/fileName/AssetBundleInspectTab.cs: 945f43d3df2c8ee2453a9a63fa11274c -> 9c287edf6d1d376f12a8f96d01ec074a
  custom:scripting/monoscript/fileName/SaveListView.cs: e595613b43c00299f3513b824b0dabc3 -> 66f5588456e9744a16cd29a95c0a128e
  custom:scripting/monoscript/fileName/MeshFactory.cs: 4bbafa913eed9f0fb1b99654c8762909 -> a5c11ad228aefe2964b1b339054e39bc
  custom:scripting/monoscript/fileName/CharacterCustomizer.cs: 6b998336770e1834435505a2273ed78a -> 
  custom:scripting/monoscript/fileName/TestDatabase.cs: 23855a153a87fda770b086a78bc24d6d -> 
  custom:scripting/monoscript/fileName/AssetDatabaseABDataSource.cs: f87f54f41a9ae61d6c93a1ee4a7276fe -> a9068bde9865684c07718fa2f110ebd4
  custom:scripting/monoscript/fileName/AbstractFXMesh.cs: 2f7f8bc9d1b9e98b83ebf043ab545fae -> 355e798705134331d1b4e13fe77a1ba2
  custom:scripting/monoscript/fileName/IConfigLoader.cs: 290018350438b79782c4b9fdba32926e -> a4ccf3c5021bb9e95d5d05a0a09bf8bd
  custom:scripting/monoscript/fileName/ABModelBundleInfo.cs: 2188b089518dc510222192403494a01e -> 9fa50afaf3db0543d3d887b15c00368c
  custom:scripting/monoscript/fileName/Leg.cs: ef7b14f4330dc25387e1b59f0290d188 -> 43594c645958cd98f0dcb60d0855f6d1
  custom:scripting/monoscript/fileName/ABModelAssetInfo.cs: 30e23a9e1ca57fffc37b721992bcf1a0 -> cf869514a0bf82899ce1cda23bdb700e
  custom:scripting/monoscript/fileName/MeshTypeMaskSelector.cs: e94ba6f4a1adba4feee5fb7cc4e351fe -> ed92edda1c9655f258c64f35a85ef583
  custom:scripting/monoscript/fileName/ClearMeshBtn.cs: b14d5ced1c19826bfc491001a3f185d1 -> d990ebc2143de5948aea2a5badbfe15b
  custom:scripting/monoscript/fileName/MeshAndTextureTypeMaskSelector.cs: fdba9a050c9e3646ce8e80b7e936d037 -> 8a4bea39d5d059db9f897ddcbaaa5fb6
  custom:scripting/monoscript/fileName/FxMeshFactory.cs: c3e28ca0186ef5ee5525c8801ad21c5a -> 0c8ff1afadd69a3595c5d00772f68410
  custom:scripting/monoscript/fileName/FXTypeMaskSelector.cs: d74f6e4a0bcd101e2717459b81084106 -> 0f6cbde77ec3d316ca044b2bb5952a3c
  custom:scripting/monoscript/fileName/PlayerController.cs: 5b090d859ab09be631dc3b0f203f9571 -> d93a52a180fbbe603a59e9aa6da73c83
  custom:scripting/monoscript/fileName/BuildScript.cs: 426ea9e2914d6e2d91f1414353c5dafc -> 337dba19c2e29ee8e4980fc4e2019d2f
  custom:scripting/monoscript/fileName/ClearSkinMeshBtn.cs: 82d2655784ebc16abf5528736d619a9b -> a8f6aebd6c57b68160badb6bcb2d0ed6
  custom:scripting/monoscript/fileName/CreateCharacterWizard.cs: acfc968f24a9426403bd5add4843dcf8 -> 45f0e70a15c8659931d42d36cb8cac07
  custom:CustomObjectIndexerAttribute: 72b91833f83ae208fae7752999fa3104 -> 
  custom:scripting/monoscript/fileName/AbstractTexture.cs: 5fe6f2f7be7fb5a86569856b4345a004 -> e0980b08fec448804b26f5b6dad65dfd
  custom:scripting/monoscript/fileName/FollowCamera.cs: 2d720f10865b64f024b0e3fccdd261c7 -> 8d6eb8e229738de226ec56d9e22b6b63
  custom:scripting/monoscript/fileName/FxMeshTypeBone.cs: f85b6921dfd1e47314410f2e3b110e25 -> c7f230be3097e0ffbcff74b002f4c068
  custom:scripting/monoscript/fileName/AssetbundlesMenuItems.cs: c3bdb3cf11cdd131fd9c40f5c72fdbb7 -> bacd4da6799b9476bee68e043690ff36
  custom:scripting/monoscript/fileName/CharacterRendererUI.cs: 494bfcacef163a63e00e0a76e5490b75 -> 
  custom:scripting/monoscript/fileName/Arm.cs: 4102684b6836edb71c1e92ebf943cfad -> b923216ab6f821207b08c03afd4c6525
  custom:container-demuxer-webm: 4f35f7cbe854078d1ac9338744f61a02 -> 
  custom:scripting/monoscript/fileName/NextMeshBtn.cs: c626932f4e3ef625c1f95cbb7df53377 -> c475632899117e513eda9e15e910b76e
  custom:scripting/monoscript/fileName/FaceFeature.cs: 4fb49a14cfb347e565b8520b489cd06f -> 2d58afa4a16bca365a6beb0bf6bfaea3
  custom:scripting/monoscript/fileName/SavePrefabBtn.cs: 3a461d0b73e33e6450805a3d4c14cf7e -> fb80c3034ef9c4f90fa622ffe7f9f829
  custom:scripting/monoscript/fileName/LoaderManager.cs: 369c2be46c8c25c8c25ebdc236e1107b -> de56154becf62ebc4f0181681035238d
  custom:scripting/monoscript/fileName/SaveNameInput.cs: 38a66e5dc26bdeafde0ff106788ee663 -> aae89d2fa016e54079d9c4371e2e5f50
  custom:scripting/monoscript/fileName/Config.cs: e85a922a2347c074e5939d78a5a7a10e -> 7351639d5127e04bc4fcb4671c4a17fb
  custom:scripting/monoscript/fileName/EyeFX.cs: bb3e917396c4b9336da3800cda69d75f -> 0e9063be2785787a64aac5ac3958ba88
  custom:scripting/monoscript/fileName/CategoryPanel.cs: 2ede49e7213c224cf2b42e7bf0785af5 -> 
  custom:scripting/monoscript/fileName/JumpFallBehaviour.cs: 6e303c4d540ce7e39efab9189bb22bcd -> 71c001d1ad34a6d3b319feace6bde3ef
  custom:scripting/monoscript/fileName/PrevMeshBtn.cs: e4cc6e23cf1ae834cfc676eb293c1a5c -> b3d8856e7d265dc9c0dfa6c173a5ecfd
  custom:container-muxer-webm: aa71ff27fc2769a1b78a27578f13a17b -> 
  custom:scripting/monoscript/fileName/ClearTextureBtn.cs: 4f31783abce9af1d7ec4839287fef475 -> e3b2bcf1edcb5118f2edfda92d79dc01
  custom:scripting/monoscript/fileName/Shoes.cs: 066ec4aa35b5452249c3208e4decccac -> a3171f40fe6c3d65d3385917721d6b32
  custom:video-decoder-webm-vp8: 9c59270c3fd7afecdb556c50c9e8de78 -> 
  custom:scripting/monoscript/fileName/ConfigManager.cs: ecadd354c11a441a4c89b5fd7a9f00e6 -> caea2b28af0ab9e40fec80621d2354a1
  custom:scripting/monoscript/fileName/ClearFXBtn.cs: 9a39f15de353636ac82e469249897f2d -> 7bb97525152b99fa74400a29eaa13dea
  custom:scripting/monoscript/fileName/ClosePopup.cs: b8d454205b2ceefe37b5fd3a66ce3f21 -> 55d4b78c13dd76e50d9c188109fdf0bb
  custom:SearchIndexIgnoredProperties: e643bd26f0fe6173181afceb89e7c659 -> 
  custom:scripting/monoscript/fileName/Belt.cs: 57f9cd2ecc900069b427149243ef3bc5 -> 49eb07e37613e7bc3cd2ca1c5688a06b
  custom:AudioImporter_EditorPlatform: d09bf68614088b80899f8185d706f6e7 -> 
  custom:scripting/monoscript/fileName/AssetBundleLoadOperation.cs: 6671757952e868610efe84deb7d10911 -> 5e23b7cfd6b1aefafff250cf74ef9147
  custom:scripting/monoscript/fileName/PrevSkinMeshBtn.cs: 4b975732b197cfed11faf978a39a86d9 -> 949d41495696a789e910ed4bddee68c8
  custom:scripting/monoscript/fileName/RandomBtn.cs: 09358cb3d53669a5fb3911b12bed41f9 -> 851c8dec69594280621f9ae4205a836d
  custom:scripting/monoscript/fileName/Beard.cs: fcba2011bd59aa862783e312bcb3f1ed -> 25619eaf3bae2cd2a4b58a1e35f6de63
  custom:scripting/monoscript/fileName/EnumFlagAttribute.cs: 74d0d26091c169f8de5e9bf42af43876 -> 955415b54787984cbbb8aa271c5326e3
  custom:scripting/monoscript/fileName/LaunchAssetBundleServer.cs: fde14ca75a313e949066fe5170090bd6 -> 43db2fb10887bbfb076c6767daba67bd
  custom:scripting/monoscript/fileName/TextureManager.cs: e8b62e3c8c466c37ed390308c47b609f -> aaabee5faa243fca33eb568630ae6e8e
  custom:scripting/monoscript/fileName/RobeShort.cs: 98a985110c88276dffccdebb9b45a97a -> 3c6d536f5d6b37080b8a61040ec81de3
  custom:scripting/monoscript/fileName/AssetBundleRecord.cs: 5e3e2662beb76f92f544ca3a6af0a002 -> 5a3119d6abe586168b6fe06c7e98c69c
  custom:scripting/monoscript/fileName/TogglePopup.cs: e3546a95722da3ab7907a444f1349cba -> 1d986db86e682e16edccd0653eb2aad7
  custom:scripting/monoscript/fileName/ITextureLoader.cs: fb942611a67ee29c2d3906a7f2b2ca06 -> 5adc935e3b3fb7761c6d5c127df50233
  custom:scripting/monoscript/fileName/SaveBtn.cs: 3dfbd63f5b032b539a11095805980518 -> 62cda288bb207ed68b5083d6b77f7471
  custom:scripting/monoscript/fileName/NextSkinMeshBtn.cs: 7bde284a6144f85f7d24cd53fe360afe -> c82eddd7edff4db94905f44ef59144c1
  custom:scripting/monoscript/fileName/Head.cs: ef8602f0e05bb6f56d36072970253a56 -> 6728c540b9905eb1de06718fa4aae534
  custom:scripting/monoscript/fileName/NextFXBtn.cs: ec23ffa473c712e78d6eb18c4ae448be -> 7e2755ad9a90b6ecb18961111ed6b016
  custom:scripting/monoscript/fileName/AssetBundleBrowserMain.cs: adf460d08e5161db4df4e9efbad520b6 -> d6cbb84444c9fdda30a8092bb0794cf7
  custom:scripting/monoscript/fileName/JSONMap.cs: 0cc7c12ea7048b3ee204a6864ec14612 -> f72d2edab136c1eb89bac454d589dbd3
  custom:scripting/monoscript/fileName/AssetBundleManageTab.cs: cd787c8175c6b452036330db58559128 -> 31b1d66e60f6e821749b4e2c88c32cdd
  custom:scripting/monoscript/fileName/Torso.cs: 69b7e0d6a62aacc036b1886a4ba2587b -> 54ee6015ea03462115d4c3153edbdf8c
  custom:scripting/monoscript/fileName/AssetBundleBuildTab.cs: e4d3d716146519b1f52f6c0fe7ec5a47 -> c4f1a336c5910d1832fd9e6c972559ad
  custom:scripting/monoscript/fileName/Hair.cs: 1f4e341ec44f1e9a43da832f30eda5e7 -> a794926f97f7a5e9c465865fe7af5e1b
  custom:scripting/monoscript/fileName/AbstractMesh.cs: f416745403975ff81463073698d6e017 -> 8184b2a66042d8caaccbbd20ed31dc56
  custom:scripting/monoscript/fileName/NextTextureBtn.cs: d5a300ee8993aada97b6138db78b58aa -> 68286e9f0e1d42eee9d43ba74e34330f
  custom:scripting/monoscript/fileName/Gloves.cs: 21fa036484600f2d249c1ff665501393 -> 28f9e2f54620c042ed9595f00f2065dc
  custom:scripting/monoscript/fileName/AssetBundleManager.cs: 0e168d48c6d3576e59f6c42f92fecd60 -> c15faaf8b529192dbe9aec9afe4991fd
  custom:scripting/monoscript/fileName/RobeLong.cs: 1a7163e76453fecee35478b548086606 -> f4a05f13d9e9427f236c1f1234a17722
  custom:scripting/monoscript/fileName/InspectTreeView.cs: 4d03769e654689089e5185b09bfc6882 -> 260e1db8105b149fed2e7856746dbf0f
  custom:scripting/monoscript/fileName/MeshLoader.cs: 0b10154577fb1ae0dd2e8310eae4ddf4 -> 514b5b4b4814025e9f754ee22115b972
  custom:scripting/monoscript/fileName/PrevFXBtn.cs: 9adcb6db2d84b99fc2ba85718ff2705c -> d82c337bfc40d281d6f7be6c53a9171d
  custom:scripting/monoscript/fileName/ABModel.cs: d4f2ea81e354d5c73ab4578ede6b09b2 -> efbeff1b31df600fad6d5bea582c7fba
  custom:video-encoder-webm-vp8: eb34c28f22e8b96e1ab97ce403110664 -> 
  custom:scripting/monoscript/fileName/TextureLoader.cs: ef2efb353191380796da06838f0ca27c -> 32fee57eede5dc7675a4e8e137c57785
  custom:scripting/monoscript/fileName/Cloak.cs: 83fee273266203de062b641017c68a04 -> a5348ad8315a274870ac1256b416f4df
  custom:audio-decoder-ogg-vorbis: bf7c407c2cedff20999df2af8eb42d56 -> 
  custom:scripting/monoscript/fileName/Eyebrow.cs: a80914df48c7002be677c64522cce038 -> 60a10d1886232f9d6b3fd8be0c11fca9
  custom:scripting/monoscript/fileName/MeshUVManager.cs: 3a3d4245c35b74c0afddd620ce689573 -> fa1c5e2aa443e2c89e2f51af239fa10f
  custom:scripting/monoscript/fileName/MessageList.cs: 6b608508dbf342db2b025fa4e75150ed -> e187436fd3600e1e0afecc6a8da1f18c
  custom:scripting/monoscript/fileName/ClearMeshColorBtn.cs: 0007c8d870af1fc291acf8c091e58855 -> 45fdc58f7fbca9a24d836bd66f751d53
  custom:scripting/monoscript/fileName/MessageSystem.cs: e1fba72936ec77bbbc283ee14a4e5ac9 -> c1467679f7f8f7989b7c591fe16f095b
  custom:scripting/monoscript/fileName/Helper.cs: c607632c58e5a7e90f5ab372e55f1b53 -> 42ad14543d1a843693f11a1cb7823bdc
  custom:scripting/monoscript/fileName/TorsoAdd.cs: de2919cda7445d192f99b708ac4f8f98 -> 6a719884572b7c749207c858146f4e3c
  custom:scripting/monoscript/fileName/EnumFlagDrawer.cs: 41a8255d04f81b6824e2eb405c56f882 -> 5c63d0c0059ff695bd0ee486d1e93bdc
  custom:scripting/monoscript/fileName/Utility.cs: 28500e0d15bd811ed13877f72f01a728 -> bc7c77987476d2cc716aa6822231009e
  custom:scripting/monoscript/fileName/NextColorBtn.cs: 3c291ea58299c895d1e49ee9d26926c4 -> 3628818366004c784ce7c532472e0770
  custom:scripting/monoscript/fileName/BeltAdd.cs: cb7f04a49673453c6e59d8a19fc25506 -> 23c8e20e1dd3c9ed150a971c41b0440b
  custom:scripting/monoscript/fileName/Skin.cs: b53e0e70cea1e5a2051dbeb2d303d7bf -> fa5b8fbc5e21205ad140661bb8d1d29a
  custom:scripting/monoscript/fileName/PrevMeshColorBtn.cs: 6e7146d83f859cab20d94f99a895303c -> eb2dbdc18e08517d5e99c78a100e7907
  custom:audio-encoder-webm-vorbis: bf7c407c2cedff20999df2af8eb42d56 -> 
  custom:scripting/monoscript/fileName/Helm.cs: c26d56b2bba9bcb0ed144e3501bc4050 -> 015c5ef11547d2a56ec06cbf9181e054
  custom:scripting/monoscript/fileName/Shoulder.cs: cd26873c046cfe405838db4b32b97d24 -> cbc35143cbffbdb744890d07b8670e7e
  custom:scripting/monoscript/fileName/IMeshLoader.cs: 9ae204479feb9db18b224953da5838fd -> 103d9667209b427a4c68ea28303f3cd3
  custom:scripting/monoscript/fileName/AssetListTree.cs: 255920d2dc3ac581fe65ea217df17385 -> 95ef94b9b5c1fc8c166d91a2229d1537
  custom:scripting/monoscript/fileName/MeshTexture.cs: e035409d8c1a139d8e58746d92de0530 -> 1c4c6300614cc8e271b614963931701e
  custom:scripting/monoscript/fileName/AssetBundleTree.cs: db18b513ade8dfdb586627b6c32bbf86 -> 5c86cf837bb6943c3398dc49a567b80f
  custom:scripting/precompiled-assembly-types:Assembly-CSharp: bd61ef89dd052a62cb180bc111b9f981 -> 2a57b7d9ba6c891b20990c959df4dfe7
  custom:scripting/monoscript/fileName/SpriteProcessor.cs: ecdbdd0dbf42b62f38de6c8096601c0d -> b47784218d8c2d820a413741c1f25a1f
  custom:scripting/monoscript/fileName/NextMeshColorBtn.cs: f15a2f312aac46efa390132e8e876a6a -> 3fefab99c46d758ed0e047f19be1644f
  custom:scripting/monoscript/fileName/ClearAllBtn.cs: 6b6df7aa9e75a6cecf2976db793db6eb -> bcba9c9686446fb7cf756301ebf868ec
  custom:scripting/monoscript/fileName/PlayerMoveController.cs: a4e66a81bcb2d723b3fb87dd004c6314 -> cc068b745400ee66c75378bcb7b27fdb
  custom:scripting/monoscript/fileName/ConfigLoader.cs: 62e091607cdc915ce80d4a253b61a2e7 -> db4bab6728472d9dedc7dfcc22e69d2d
  custom:scripting/monoscript/fileName/SaveItem.cs: 9fe0db1767d984560e8ce3cdb5cdd4f1 -> d881a933ade13ea32bf025db14797336
  custom:scripting/monoscript/fileName/SaveData.cs: cb74f51d5ddf1e3c0494034ad7572a91 -> b41c91a98201f94a04946b0cf063c975
  custom:scripting/monoscript/fileName/PrevColorBtn.cs: 745000830732e20a24b2b0544e8a21f7 -> e1d2791f9dd94cc4e35385ca804752d8
========================================================================
Received Prepare
Caller must complete domain reload
Begin MonoManager ReloadAssembly
- Loaded All Assemblies, in  0.739 seconds
Native extension for WindowsStandalone target not found
Native extension for Android target not found
Mono: successfully reloaded assembly
- Finished resetting the current domain, in  1.747 seconds
Domain Reload Profiling: 2482ms
	BeginReloadAssembly (233ms)
		ExecutionOrderSort (0ms)
		DisableScriptedObjects (4ms)
		BackupInstance (0ms)
		ReleaseScriptingObjects (0ms)
		CreateAndSetChildDomain (55ms)
	RebuildCommonClasses (37ms)
	RebuildNativeTypeToScriptingClass (9ms)
	initialDomainReloadingComplete (40ms)
	LoadAllAssembliesAndSetupDomain (415ms)
		LoadAssemblies (514ms)
		RebuildTransferFunctionScriptingTraits (0ms)
		AnalyzeDomain (39ms)
			TypeCache.Refresh (13ms)
				TypeCache.ScanAssembly (0ms)
			ScanForSourceGeneratedMonoScriptInfo (0ms)
			ResolveRequiredComponents (21ms)
	FinalizeReload (1748ms)
		ReleaseScriptCaches (0ms)
		RebuildScriptCaches (0ms)
		SetupLoadedEditorAssemblies (631ms)
			LogAssemblyErrors (0ms)
			InitializePlatformSupportModulesInManaged (27ms)
			SetLoadedEditorAssemblies (5ms)
			RefreshPlugins (0ms)
			BeforeProcessingInitializeOnLoad (108ms)
			ProcessInitializeOnLoadAttributes (388ms)
			ProcessInitializeOnLoadMethodAttributes (89ms)
			AfterProcessingInitializeOnLoad (14ms)
			EditorAssembliesLoaded (0ms)
		ExecutionOrderSort2 (0ms)
		AwakeInstancesAfterBackupRestoration (25ms)
WARNING: Shader Unsupported: 'Toon/Basic Outline' - All subshaders removed
WARNING: Shader Did you use #pragma only_renderers and omit this platform?
WARNING: Shader If subshaders removal was intentional, you may have forgotten turning Fallback off?
WARNING: Shader Unsupported: 'Toon/Basic Outline' - All subshaders removed
WARNING: Shader Did you use #pragma only_renderers and omit this platform?
WARNING: Shader If subshaders removal was intentional, you may have forgotten turning Fallback off?
WARNING: Shader Unsupported: 'Toon/Lit Outline' - All subshaders removed
WARNING: Shader Did you use #pragma only_renderers and omit this platform?
WARNING: Shader If subshaders removal was intentional, you may have forgotten turning Fallback off?
WARNING: Shader Unsupported: 'Toon/Lit Outline' - All subshaders removed
WARNING: Shader Did you use #pragma only_renderers and omit this platform?
WARNING: Shader If subshaders removal was intentional, you may have forgotten turning Fallback off?
Refreshing native plugins compatible for Editor in 9.91 ms, found 4 plugins.
Preloading 0 native plugins for Editor in 0.00 ms.
Unloading 5364 Unused Serialized files (Serialized files now loaded: 0)
Unloading 24 unused Assets / (0.6 MB). Loaded Objects now: 6086.
Memory consumption went from 191.1 MB to 190.5 MB.
Total: 8.379800 ms (FindLiveObjects: 0.633500 ms CreateObjectMapping: 0.715400 ms MarkObjects: 6.454300 ms  DeleteObjects: 0.574900 ms)

Prepare: number of updated asset objects reloaded= 0
AssetImportParameters requested are different than current active one (requested -> active):
  custom:scripting/monoscript/fileName/MeshTypeBone.cs: f2929f2b8ecce3a651b0fd3ffe111924 -> 843ff81fb2c811dcac98decd349efe80
  custom:scripting/monoscript/fileName/ShaderSelector.cs: 685bc00da5c5122ea4d91cfb7c33d4ce -> 521612be2626bcd49281fc726d73115d
  custom:scripting/monoscript/fileName/Hand.cs: 5052127099e76a39f6f2b58ea1ef5c1e -> 192355eabc8b0bb90d2503d57cbc29e1
  custom:scripting/monoscript/fileName/TextureFactory.cs: cee276c059ba8c5d89b2dce85c58444e -> 9b0e0386d21b5055c4b652bc661be2ca
  custom:scripting/monoscript/fileName/ExecuteInternalMono.cs: 3e44be6fc6d7f25500f51fef3364e783 -> c1dae4aa6cbf1512716dd7e8414f8006
  custom:scripting/monoscript/fileName/BundleDetailList.cs: 49a12b558eca8c309cefc20f79be4f08 -> 7b03139c488749eda460103673d30967
  custom:scripting/monoscript/fileName/ChangeSkinMeshBtn.cs: 5c6d8ac28a61c97b01d08415ec68b892 -> 58cbf8e281a1824de7ac09fd6ead4741
  custom:container-demuxer-ogg: 62fdf1f143b41e24485cea50d1cbac27 -> 
  custom:scripting/monoscript/fileName/InspectSingleBundle.cs: c4ddaa812469395f667f8059fbbafbb2 -> ff6bcd7c39743f835ec77986ad4e4842
  custom:scripting/monoscript/fileName/TorsoFX.cs: 8364f33fdfe728687ae399ca95227afe -> 5e6b4d93b934706642170673ecf5c3cb
  custom:scripting/monoscript/fileName/Scar.cs: a42aaa0f7421fdbac285e770432737fe -> 93cf6a2332a708e947886120175eb79a
  custom:scripting/monoscript/fileName/Eye.cs: afd6b945d219259bc28efd165ef781f4 -> 698a2a7ea54ef8de083e5f76c9b8d930
  custom:scripting/monoscript/fileName/PrevTextureBtn.cs: ca06f7a8c9b0f19ce544f3b94a1420fa -> 764f96572b39e13aca5f7f18826c47b4
  custom:scripting/monoscript/fileName/ClearColorBtn.cs: 1e8e6c93adda6a5ba905483e8182c1dd -> c480f5967894d16fe78f727f834b09ac
  custom:scripting/monoscript/fileName/SaveManager.cs: de2264e4a492adfd4c3a4c607fa8c9d4 -> 3fcb126c6a66ba31aa898dd5743caa30
  custom:scripting/monoscript/fileName/PrevCharacterBtn.cs: 8b169ad1106eaf0dbdbff832654707ff -> 82d84ae18bcec8ea0c987e0a3a9d6a13
  custom:scripting/monoscript/fileName/Popup.cs: 1c1ef9080900e5e97d1b14f0b41eadfa -> 2cc3075140bfd1e8dd79773fa10aee0b
  custom:scripting/monoscript/fileName/EditorBundleManager.cs: 25971b08130223425370a0c67fd24c1d -> dc4d9d3c0d3cadbde48071e4065b6fbb
  custom:scripting/monoscript/fileName/LoadBtn.cs: 70bafae7f72c9ee6623f2f31d0779c28 -> 2ea2705ebacd83d0846f91df66c28259
  custom:scripting/monoscript/fileName/TextureTypeMaskSelector.cs: 7ff2a9c585e0132e7eecc431d721fd4f -> c5691a283aa245253aed7fa0115457e3
  custom:scripting/monoscript/fileName/Pants.cs: 6c99c36b54f1584503cd85f530589db5 -> df098d75808a7fb623ca5598aed5b66e
  custom:scripting/monoscript/fileName/ABDataSourceProvider.cs: 4f93c6cdfbe44a00612a956e4ef9ffe7 -> d15a3b944396c4baae05b3f33e2f8331
  custom:video-decoder-ogg-theora: a1e56fd34408186e4bbccfd4996cb3dc -> 
  custom:scripting/monoscript/fileName/MeshManager.cs: 2f249bf80d6ae36c03b9409f5feb6c0d -> 80ab94735750c9af566e7e697efa30bc
  custom:scripting/monoscript/fileName/ABDataSource.cs: 41b8295d17e0ef0ed1d4f959baadf27f -> 7ceefc660d5f297abc8804d14984f27e
  custom:framework-win-MediaFoundation: 216162199b28c13a410421893ffa2e32 -> 
  custom:scripting/monoscript/fileName/NextCharacterBtn.cs: 3c5d6d5f91a48826bcb43d4ef5261f6a -> 271bcb60c5934eb6d4486f66396754c5
  custom:scripting/monoscript/fileName/AssetBundleInspectTab.cs: 945f43d3df2c8ee2453a9a63fa11274c -> 9c287edf6d1d376f12a8f96d01ec074a
  custom:scripting/monoscript/fileName/SaveListView.cs: e595613b43c00299f3513b824b0dabc3 -> 66f5588456e9744a16cd29a95c0a128e
  custom:scripting/monoscript/fileName/MeshFactory.cs: 4bbafa913eed9f0fb1b99654c8762909 -> a5c11ad228aefe2964b1b339054e39bc
  custom:scripting/monoscript/fileName/CharacterCustomizer.cs: 6b998336770e1834435505a2273ed78a -> 
  custom:scripting/monoscript/fileName/TestDatabase.cs: 23855a153a87fda770b086a78bc24d6d -> 
  custom:scripting/monoscript/fileName/AssetDatabaseABDataSource.cs: f87f54f41a9ae61d6c93a1ee4a7276fe -> a9068bde9865684c07718fa2f110ebd4
  custom:scripting/monoscript/fileName/AbstractFXMesh.cs: 2f7f8bc9d1b9e98b83ebf043ab545fae -> 355e798705134331d1b4e13fe77a1ba2
  custom:scripting/monoscript/fileName/IConfigLoader.cs: 290018350438b79782c4b9fdba32926e -> a4ccf3c5021bb9e95d5d05a0a09bf8bd
  custom:scripting/monoscript/fileName/ABModelBundleInfo.cs: 2188b089518dc510222192403494a01e -> 9fa50afaf3db0543d3d887b15c00368c
  custom:scripting/monoscript/fileName/Leg.cs: ef7b14f4330dc25387e1b59f0290d188 -> 43594c645958cd98f0dcb60d0855f6d1
  custom:scripting/monoscript/fileName/ABModelAssetInfo.cs: 30e23a9e1ca57fffc37b721992bcf1a0 -> cf869514a0bf82899ce1cda23bdb700e
  custom:scripting/monoscript/fileName/MeshTypeMaskSelector.cs: e94ba6f4a1adba4feee5fb7cc4e351fe -> ed92edda1c9655f258c64f35a85ef583
  custom:scripting/monoscript/fileName/ClearMeshBtn.cs: b14d5ced1c19826bfc491001a3f185d1 -> d990ebc2143de5948aea2a5badbfe15b
  custom:scripting/monoscript/fileName/MeshAndTextureTypeMaskSelector.cs: fdba9a050c9e3646ce8e80b7e936d037 -> 8a4bea39d5d059db9f897ddcbaaa5fb6
  custom:scripting/monoscript/fileName/FxMeshFactory.cs: c3e28ca0186ef5ee5525c8801ad21c5a -> 0c8ff1afadd69a3595c5d00772f68410
  custom:scripting/monoscript/fileName/FXTypeMaskSelector.cs: d74f6e4a0bcd101e2717459b81084106 -> 0f6cbde77ec3d316ca044b2bb5952a3c
  custom:scripting/monoscript/fileName/PlayerController.cs: 5b090d859ab09be631dc3b0f203f9571 -> d93a52a180fbbe603a59e9aa6da73c83
  custom:scripting/monoscript/fileName/BuildScript.cs: 426ea9e2914d6e2d91f1414353c5dafc -> 337dba19c2e29ee8e4980fc4e2019d2f
  custom:scripting/monoscript/fileName/ClearSkinMeshBtn.cs: 82d2655784ebc16abf5528736d619a9b -> a8f6aebd6c57b68160badb6bcb2d0ed6
  custom:scripting/monoscript/fileName/CreateCharacterWizard.cs: acfc968f24a9426403bd5add4843dcf8 -> 45f0e70a15c8659931d42d36cb8cac07
  custom:CustomObjectIndexerAttribute: 72b91833f83ae208fae7752999fa3104 -> 
  custom:scripting/monoscript/fileName/AbstractTexture.cs: 5fe6f2f7be7fb5a86569856b4345a004 -> e0980b08fec448804b26f5b6dad65dfd
  custom:scripting/monoscript/fileName/FollowCamera.cs: 2d720f10865b64f024b0e3fccdd261c7 -> 8d6eb8e229738de226ec56d9e22b6b63
  custom:scripting/monoscript/fileName/FxMeshTypeBone.cs: f85b6921dfd1e47314410f2e3b110e25 -> c7f230be3097e0ffbcff74b002f4c068
  custom:scripting/monoscript/fileName/AssetbundlesMenuItems.cs: c3bdb3cf11cdd131fd9c40f5c72fdbb7 -> bacd4da6799b9476bee68e043690ff36
  custom:scripting/monoscript/fileName/CharacterRendererUI.cs: 494bfcacef163a63e00e0a76e5490b75 -> 
  custom:scripting/monoscript/fileName/Arm.cs: 4102684b6836edb71c1e92ebf943cfad -> b923216ab6f821207b08c03afd4c6525
  custom:container-demuxer-webm: 4f35f7cbe854078d1ac9338744f61a02 -> 
  custom:scripting/monoscript/fileName/NextMeshBtn.cs: c626932f4e3ef625c1f95cbb7df53377 -> c475632899117e513eda9e15e910b76e
  custom:scripting/monoscript/fileName/FaceFeature.cs: 4fb49a14cfb347e565b8520b489cd06f -> 2d58afa4a16bca365a6beb0bf6bfaea3
  custom:scripting/monoscript/fileName/SavePrefabBtn.cs: 3a461d0b73e33e6450805a3d4c14cf7e -> fb80c3034ef9c4f90fa622ffe7f9f829
  custom:scripting/monoscript/fileName/LoaderManager.cs: 369c2be46c8c25c8c25ebdc236e1107b -> de56154becf62ebc4f0181681035238d
  custom:scripting/monoscript/fileName/SaveNameInput.cs: 38a66e5dc26bdeafde0ff106788ee663 -> aae89d2fa016e54079d9c4371e2e5f50
  custom:scripting/monoscript/fileName/Config.cs: e85a922a2347c074e5939d78a5a7a10e -> 7351639d5127e04bc4fcb4671c4a17fb
  custom:scripting/monoscript/fileName/EyeFX.cs: bb3e917396c4b9336da3800cda69d75f -> 0e9063be2785787a64aac5ac3958ba88
  custom:scripting/monoscript/fileName/CategoryPanel.cs: 2ede49e7213c224cf2b42e7bf0785af5 -> 
  custom:scripting/monoscript/fileName/JumpFallBehaviour.cs: 6e303c4d540ce7e39efab9189bb22bcd -> 71c001d1ad34a6d3b319feace6bde3ef
  custom:scripting/monoscript/fileName/PrevMeshBtn.cs: e4cc6e23cf1ae834cfc676eb293c1a5c -> b3d8856e7d265dc9c0dfa6c173a5ecfd
  custom:container-muxer-webm: aa71ff27fc2769a1b78a27578f13a17b -> 
  custom:scripting/monoscript/fileName/ClearTextureBtn.cs: 4f31783abce9af1d7ec4839287fef475 -> e3b2bcf1edcb5118f2edfda92d79dc01
  custom:scripting/monoscript/fileName/Shoes.cs: 066ec4aa35b5452249c3208e4decccac -> a3171f40fe6c3d65d3385917721d6b32
  custom:video-decoder-webm-vp8: 9c59270c3fd7afecdb556c50c9e8de78 -> 
  custom:scripting/monoscript/fileName/ConfigManager.cs: ecadd354c11a441a4c89b5fd7a9f00e6 -> caea2b28af0ab9e40fec80621d2354a1
  custom:scripting/monoscript/fileName/ClearFXBtn.cs: 9a39f15de353636ac82e469249897f2d -> 7bb97525152b99fa74400a29eaa13dea
  custom:scripting/monoscript/fileName/ClosePopup.cs: b8d454205b2ceefe37b5fd3a66ce3f21 -> 55d4b78c13dd76e50d9c188109fdf0bb
  custom:SearchIndexIgnoredProperties: e643bd26f0fe6173181afceb89e7c659 -> 
  custom:scripting/monoscript/fileName/Belt.cs: 57f9cd2ecc900069b427149243ef3bc5 -> 49eb07e37613e7bc3cd2ca1c5688a06b
  custom:AudioImporter_EditorPlatform: d09bf68614088b80899f8185d706f6e7 -> 
  custom:scripting/monoscript/fileName/AssetBundleLoadOperation.cs: 6671757952e868610efe84deb7d10911 -> 5e23b7cfd6b1aefafff250cf74ef9147
  custom:scripting/monoscript/fileName/PrevSkinMeshBtn.cs: 4b975732b197cfed11faf978a39a86d9 -> 949d41495696a789e910ed4bddee68c8
  custom:scripting/monoscript/fileName/RandomBtn.cs: 09358cb3d53669a5fb3911b12bed41f9 -> 851c8dec69594280621f9ae4205a836d
  custom:scripting/monoscript/fileName/Beard.cs: fcba2011bd59aa862783e312bcb3f1ed -> 25619eaf3bae2cd2a4b58a1e35f6de63
  custom:scripting/monoscript/fileName/EnumFlagAttribute.cs: 74d0d26091c169f8de5e9bf42af43876 -> 955415b54787984cbbb8aa271c5326e3
  custom:scripting/monoscript/fileName/LaunchAssetBundleServer.cs: fde14ca75a313e949066fe5170090bd6 -> 43db2fb10887bbfb076c6767daba67bd
  custom:scripting/monoscript/fileName/TextureManager.cs: e8b62e3c8c466c37ed390308c47b609f -> aaabee5faa243fca33eb568630ae6e8e
  custom:scripting/monoscript/fileName/RobeShort.cs: 98a985110c88276dffccdebb9b45a97a -> 3c6d536f5d6b37080b8a61040ec81de3
  custom:scripting/monoscript/fileName/AssetBundleRecord.cs: 5e3e2662beb76f92f544ca3a6af0a002 -> 5a3119d6abe586168b6fe06c7e98c69c
  custom:scripting/monoscript/fileName/TogglePopup.cs: e3546a95722da3ab7907a444f1349cba -> 1d986db86e682e16edccd0653eb2aad7
  custom:scripting/monoscript/fileName/ITextureLoader.cs: fb942611a67ee29c2d3906a7f2b2ca06 -> 5adc935e3b3fb7761c6d5c127df50233
  custom:scripting/monoscript/fileName/SaveBtn.cs: 3dfbd63f5b032b539a11095805980518 -> 62cda288bb207ed68b5083d6b77f7471
  custom:scripting/monoscript/fileName/NextSkinMeshBtn.cs: 7bde284a6144f85f7d24cd53fe360afe -> c82eddd7edff4db94905f44ef59144c1
  custom:scripting/monoscript/fileName/Head.cs: ef8602f0e05bb6f56d36072970253a56 -> 6728c540b9905eb1de06718fa4aae534
  custom:scripting/monoscript/fileName/NextFXBtn.cs: ec23ffa473c712e78d6eb18c4ae448be -> 7e2755ad9a90b6ecb18961111ed6b016
  custom:scripting/monoscript/fileName/AssetBundleBrowserMain.cs: adf460d08e5161db4df4e9efbad520b6 -> d6cbb84444c9fdda30a8092bb0794cf7
  custom:scripting/monoscript/fileName/JSONMap.cs: 0cc7c12ea7048b3ee204a6864ec14612 -> f72d2edab136c1eb89bac454d589dbd3
  custom:scripting/monoscript/fileName/AssetBundleManageTab.cs: cd787c8175c6b452036330db58559128 -> 31b1d66e60f6e821749b4e2c88c32cdd
  custom:scripting/monoscript/fileName/Torso.cs: 69b7e0d6a62aacc036b1886a4ba2587b -> 54ee6015ea03462115d4c3153edbdf8c
  custom:scripting/monoscript/fileName/AssetBundleBuildTab.cs: e4d3d716146519b1f52f6c0fe7ec5a47 -> c4f1a336c5910d1832fd9e6c972559ad
  custom:scripting/monoscript/fileName/Hair.cs: 1f4e341ec44f1e9a43da832f30eda5e7 -> a794926f97f7a5e9c465865fe7af5e1b
  custom:scripting/monoscript/fileName/AbstractMesh.cs: f416745403975ff81463073698d6e017 -> 8184b2a66042d8caaccbbd20ed31dc56
  custom:scripting/monoscript/fileName/NextTextureBtn.cs: d5a300ee8993aada97b6138db78b58aa -> 68286e9f0e1d42eee9d43ba74e34330f
  custom:scripting/monoscript/fileName/Gloves.cs: 21fa036484600f2d249c1ff665501393 -> 28f9e2f54620c042ed9595f00f2065dc
  custom:scripting/monoscript/fileName/AssetBundleManager.cs: 0e168d48c6d3576e59f6c42f92fecd60 -> c15faaf8b529192dbe9aec9afe4991fd
  custom:scripting/monoscript/fileName/RobeLong.cs: 1a7163e76453fecee35478b548086606 -> f4a05f13d9e9427f236c1f1234a17722
  custom:scripting/monoscript/fileName/InspectTreeView.cs: 4d03769e654689089e5185b09bfc6882 -> 260e1db8105b149fed2e7856746dbf0f
  custom:scripting/monoscript/fileName/MeshLoader.cs: 0b10154577fb1ae0dd2e8310eae4ddf4 -> 514b5b4b4814025e9f754ee22115b972
  custom:scripting/monoscript/fileName/PrevFXBtn.cs: 9adcb6db2d84b99fc2ba85718ff2705c -> d82c337bfc40d281d6f7be6c53a9171d
  custom:scripting/monoscript/fileName/ABModel.cs: d4f2ea81e354d5c73ab4578ede6b09b2 -> efbeff1b31df600fad6d5bea582c7fba
  custom:video-encoder-webm-vp8: eb34c28f22e8b96e1ab97ce403110664 -> 
  custom:scripting/monoscript/fileName/TextureLoader.cs: ef2efb353191380796da06838f0ca27c -> 32fee57eede5dc7675a4e8e137c57785
  custom:scripting/monoscript/fileName/Cloak.cs: 83fee273266203de062b641017c68a04 -> a5348ad8315a274870ac1256b416f4df
  custom:audio-decoder-ogg-vorbis: bf7c407c2cedff20999df2af8eb42d56 -> 
  custom:scripting/monoscript/fileName/Eyebrow.cs: a80914df48c7002be677c64522cce038 -> 60a10d1886232f9d6b3fd8be0c11fca9
  custom:scripting/monoscript/fileName/MeshUVManager.cs: 3a3d4245c35b74c0afddd620ce689573 -> fa1c5e2aa443e2c89e2f51af239fa10f
  custom:scripting/monoscript/fileName/MessageList.cs: 6b608508dbf342db2b025fa4e75150ed -> e187436fd3600e1e0afecc6a8da1f18c
  custom:scripting/monoscript/fileName/ClearMeshColorBtn.cs: 0007c8d870af1fc291acf8c091e58855 -> 45fdc58f7fbca9a24d836bd66f751d53
  custom:scripting/monoscript/fileName/MessageSystem.cs: e1fba72936ec77bbbc283ee14a4e5ac9 -> c1467679f7f8f7989b7c591fe16f095b
  custom:scripting/monoscript/fileName/Helper.cs: c607632c58e5a7e90f5ab372e55f1b53 -> 42ad14543d1a843693f11a1cb7823bdc
  custom:scripting/monoscript/fileName/TorsoAdd.cs: de2919cda7445d192f99b708ac4f8f98 -> 6a719884572b7c749207c858146f4e3c
  custom:scripting/monoscript/fileName/EnumFlagDrawer.cs: 41a8255d04f81b6824e2eb405c56f882 -> 5c63d0c0059ff695bd0ee486d1e93bdc
  custom:scripting/monoscript/fileName/Utility.cs: 28500e0d15bd811ed13877f72f01a728 -> bc7c77987476d2cc716aa6822231009e
  custom:scripting/monoscript/fileName/NextColorBtn.cs: 3c291ea58299c895d1e49ee9d26926c4 -> 3628818366004c784ce7c532472e0770
  custom:scripting/monoscript/fileName/BeltAdd.cs: cb7f04a49673453c6e59d8a19fc25506 -> 23c8e20e1dd3c9ed150a971c41b0440b
  custom:scripting/monoscript/fileName/Skin.cs: b53e0e70cea1e5a2051dbeb2d303d7bf -> fa5b8fbc5e21205ad140661bb8d1d29a
  custom:scripting/monoscript/fileName/PrevMeshColorBtn.cs: 6e7146d83f859cab20d94f99a895303c -> eb2dbdc18e08517d5e99c78a100e7907
  custom:audio-encoder-webm-vorbis: bf7c407c2cedff20999df2af8eb42d56 -> 
  custom:scripting/monoscript/fileName/Helm.cs: c26d56b2bba9bcb0ed144e3501bc4050 -> 015c5ef11547d2a56ec06cbf9181e054
  custom:scripting/monoscript/fileName/Shoulder.cs: cd26873c046cfe405838db4b32b97d24 -> cbc35143cbffbdb744890d07b8670e7e
  custom:scripting/monoscript/fileName/IMeshLoader.cs: 9ae204479feb9db18b224953da5838fd -> 103d9667209b427a4c68ea28303f3cd3
  custom:scripting/monoscript/fileName/AssetListTree.cs: 255920d2dc3ac581fe65ea217df17385 -> 95ef94b9b5c1fc8c166d91a2229d1537
  custom:scripting/monoscript/fileName/MeshTexture.cs: e035409d8c1a139d8e58746d92de0530 -> 1c4c6300614cc8e271b614963931701e
  custom:scripting/monoscript/fileName/AssetBundleTree.cs: db18b513ade8dfdb586627b6c32bbf86 -> 5c86cf837bb6943c3398dc49a567b80f
  custom:scripting/precompiled-assembly-types:Assembly-CSharp: bd61ef89dd052a62cb180bc111b9f981 -> 2a57b7d9ba6c891b20990c959df4dfe7
  custom:scripting/monoscript/fileName/SpriteProcessor.cs: ecdbdd0dbf42b62f38de6c8096601c0d -> b47784218d8c2d820a413741c1f25a1f
  custom:scripting/monoscript/fileName/NextMeshColorBtn.cs: f15a2f312aac46efa390132e8e876a6a -> 3fefab99c46d758ed0e047f19be1644f
  custom:scripting/monoscript/fileName/ClearAllBtn.cs: 6b6df7aa9e75a6cecf2976db793db6eb -> bcba9c9686446fb7cf756301ebf868ec
  custom:scripting/monoscript/fileName/PlayerMoveController.cs: a4e66a81bcb2d723b3fb87dd004c6314 -> cc068b745400ee66c75378bcb7b27fdb
  custom:scripting/monoscript/fileName/ConfigLoader.cs: 62e091607cdc915ce80d4a253b61a2e7 -> db4bab6728472d9dedc7dfcc22e69d2d
  custom:scripting/monoscript/fileName/SaveItem.cs: 9fe0db1767d984560e8ce3cdb5cdd4f1 -> d881a933ade13ea32bf025db14797336
  custom:scripting/monoscript/fileName/SaveData.cs: cb74f51d5ddf1e3c0494034ad7572a91 -> b41c91a98201f94a04946b0cf063c975
  custom:scripting/monoscript/fileName/PrevColorBtn.cs: 745000830732e20a24b2b0544e8a21f7 -> e1d2791f9dd94cc4e35385ca804752d8
========================================================================
Received Prepare
Caller must complete domain reload
Begin MonoManager ReloadAssembly
- Loaded All Assemblies, in  0.798 seconds
Native extension for WindowsStandalone target not found
Native extension for Android target not found
Mono: successfully reloaded assembly
- Finished resetting the current domain, in  1.690 seconds
Domain Reload Profiling: 2484ms
	BeginReloadAssembly (211ms)
		ExecutionOrderSort (0ms)
		DisableScriptedObjects (4ms)
		BackupInstance (0ms)
		ReleaseScriptingObjects (0ms)
		CreateAndSetChildDomain (53ms)
	RebuildCommonClasses (33ms)
	RebuildNativeTypeToScriptingClass (9ms)
	initialDomainReloadingComplete (40ms)
	LoadAllAssembliesAndSetupDomain (500ms)
		LoadAssemblies (579ms)
		RebuildTransferFunctionScriptingTraits (0ms)
		AnalyzeDomain (35ms)
			TypeCache.Refresh (15ms)
				TypeCache.ScanAssembly (0ms)
			ScanForSourceGeneratedMonoScriptInfo (0ms)
			ResolveRequiredComponents (15ms)
	FinalizeReload (1691ms)
		ReleaseScriptCaches (0ms)
		RebuildScriptCaches (0ms)
		SetupLoadedEditorAssemblies (622ms)
			LogAssemblyErrors (0ms)
			InitializePlatformSupportModulesInManaged (31ms)
			SetLoadedEditorAssemblies (8ms)
			RefreshPlugins (0ms)
			BeforeProcessingInitializeOnLoad (117ms)
			ProcessInitializeOnLoadAttributes (371ms)
			ProcessInitializeOnLoadMethodAttributes (83ms)
			AfterProcessingInitializeOnLoad (12ms)
			EditorAssembliesLoaded (0ms)
		ExecutionOrderSort2 (0ms)
		AwakeInstancesAfterBackupRestoration (17ms)
WARNING: Shader Unsupported: 'Toon/Basic Outline' - All subshaders removed
WARNING: Shader Did you use #pragma only_renderers and omit this platform?
WARNING: Shader If subshaders removal was intentional, you may have forgotten turning Fallback off?
WARNING: Shader Unsupported: 'Toon/Basic Outline' - All subshaders removed
WARNING: Shader Did you use #pragma only_renderers and omit this platform?
WARNING: Shader If subshaders removal was intentional, you may have forgotten turning Fallback off?
WARNING: Shader Unsupported: 'Toon/Lit Outline' - All subshaders removed
WARNING: Shader Did you use #pragma only_renderers and omit this platform?
WARNING: Shader If subshaders removal was intentional, you may have forgotten turning Fallback off?
WARNING: Shader Unsupported: 'Toon/Lit Outline' - All subshaders removed
WARNING: Shader Did you use #pragma only_renderers and omit this platform?
WARNING: Shader If subshaders removal was intentional, you may have forgotten turning Fallback off?
Refreshing native plugins compatible for Editor in 9.28 ms, found 4 plugins.
Preloading 0 native plugins for Editor in 0.00 ms.
Unloading 5364 Unused Serialized files (Serialized files now loaded: 0)
Unloading 24 unused Assets / (0.6 MB). Loaded Objects now: 6091.
Memory consumption went from 191.1 MB to 190.5 MB.
Total: 5.137500 ms (FindLiveObjects: 0.581700 ms CreateObjectMapping: 0.458200 ms MarkObjects: 3.467400 ms  DeleteObjects: 0.627800 ms)

Prepare: number of updated asset objects reloaded= 0
AssetImportParameters requested are different than current active one (requested -> active):
  custom:scripting/monoscript/fileName/MeshTypeBone.cs: f2929f2b8ecce3a651b0fd3ffe111924 -> 843ff81fb2c811dcac98decd349efe80
  custom:scripting/monoscript/fileName/ShaderSelector.cs: 685bc00da5c5122ea4d91cfb7c33d4ce -> 521612be2626bcd49281fc726d73115d
  custom:scripting/monoscript/fileName/Hand.cs: 5052127099e76a39f6f2b58ea1ef5c1e -> 192355eabc8b0bb90d2503d57cbc29e1
  custom:scripting/monoscript/fileName/TextureFactory.cs: cee276c059ba8c5d89b2dce85c58444e -> 9b0e0386d21b5055c4b652bc661be2ca
  custom:scripting/monoscript/fileName/ExecuteInternalMono.cs: 3e44be6fc6d7f25500f51fef3364e783 -> c1dae4aa6cbf1512716dd7e8414f8006
  custom:scripting/monoscript/fileName/BundleDetailList.cs: 49a12b558eca8c309cefc20f79be4f08 -> 7b03139c488749eda460103673d30967
  custom:scripting/monoscript/fileName/ChangeSkinMeshBtn.cs: 5c6d8ac28a61c97b01d08415ec68b892 -> 58cbf8e281a1824de7ac09fd6ead4741
  custom:container-demuxer-ogg: 62fdf1f143b41e24485cea50d1cbac27 -> 
  custom:scripting/monoscript/fileName/InspectSingleBundle.cs: c4ddaa812469395f667f8059fbbafbb2 -> ff6bcd7c39743f835ec77986ad4e4842
  custom:scripting/monoscript/fileName/TorsoFX.cs: 8364f33fdfe728687ae399ca95227afe -> 5e6b4d93b934706642170673ecf5c3cb
  custom:scripting/monoscript/fileName/Scar.cs: a42aaa0f7421fdbac285e770432737fe -> 93cf6a2332a708e947886120175eb79a
  custom:scripting/monoscript/fileName/Eye.cs: afd6b945d219259bc28efd165ef781f4 -> 698a2a7ea54ef8de083e5f76c9b8d930
  custom:scripting/monoscript/fileName/PrevTextureBtn.cs: ca06f7a8c9b0f19ce544f3b94a1420fa -> 764f96572b39e13aca5f7f18826c47b4
  custom:scripting/monoscript/fileName/ClearColorBtn.cs: 1e8e6c93adda6a5ba905483e8182c1dd -> c480f5967894d16fe78f727f834b09ac
  custom:scripting/monoscript/fileName/SaveManager.cs: de2264e4a492adfd4c3a4c607fa8c9d4 -> 3fcb126c6a66ba31aa898dd5743caa30
  custom:scripting/monoscript/fileName/PrevCharacterBtn.cs: 8b169ad1106eaf0dbdbff832654707ff -> 82d84ae18bcec8ea0c987e0a3a9d6a13
  custom:scripting/monoscript/fileName/Popup.cs: 1c1ef9080900e5e97d1b14f0b41eadfa -> 2cc3075140bfd1e8dd79773fa10aee0b
  custom:scripting/monoscript/fileName/EditorBundleManager.cs: 25971b08130223425370a0c67fd24c1d -> dc4d9d3c0d3cadbde48071e4065b6fbb
  custom:scripting/monoscript/fileName/LoadBtn.cs: 70bafae7f72c9ee6623f2f31d0779c28 -> 2ea2705ebacd83d0846f91df66c28259
  custom:scripting/monoscript/fileName/TextureTypeMaskSelector.cs: 7ff2a9c585e0132e7eecc431d721fd4f -> c5691a283aa245253aed7fa0115457e3
  custom:scripting/monoscript/fileName/Pants.cs: 6c99c36b54f1584503cd85f530589db5 -> df098d75808a7fb623ca5598aed5b66e
  custom:scripting/monoscript/fileName/ABDataSourceProvider.cs: 4f93c6cdfbe44a00612a956e4ef9ffe7 -> d15a3b944396c4baae05b3f33e2f8331
  custom:video-decoder-ogg-theora: a1e56fd34408186e4bbccfd4996cb3dc -> 
  custom:scripting/monoscript/fileName/MeshManager.cs: 2f249bf80d6ae36c03b9409f5feb6c0d -> 80ab94735750c9af566e7e697efa30bc
  custom:scripting/monoscript/fileName/ABDataSource.cs: 41b8295d17e0ef0ed1d4f959baadf27f -> 7ceefc660d5f297abc8804d14984f27e
  custom:framework-win-MediaFoundation: 216162199b28c13a410421893ffa2e32 -> 
  custom:scripting/monoscript/fileName/NextCharacterBtn.cs: 3c5d6d5f91a48826bcb43d4ef5261f6a -> 271bcb60c5934eb6d4486f66396754c5
  custom:scripting/monoscript/fileName/AssetBundleInspectTab.cs: 945f43d3df2c8ee2453a9a63fa11274c -> 9c287edf6d1d376f12a8f96d01ec074a
  custom:scripting/monoscript/fileName/SaveListView.cs: e595613b43c00299f3513b824b0dabc3 -> 66f5588456e9744a16cd29a95c0a128e
  custom:scripting/monoscript/fileName/MeshFactory.cs: 4bbafa913eed9f0fb1b99654c8762909 -> a5c11ad228aefe2964b1b339054e39bc
  custom:scripting/monoscript/fileName/CharacterCustomizer.cs: 6b998336770e1834435505a2273ed78a -> 
  custom:scripting/monoscript/fileName/TestDatabase.cs: 23855a153a87fda770b086a78bc24d6d -> 
  custom:scripting/monoscript/fileName/AssetDatabaseABDataSource.cs: f87f54f41a9ae61d6c93a1ee4a7276fe -> a9068bde9865684c07718fa2f110ebd4
  custom:scripting/monoscript/fileName/AbstractFXMesh.cs: 2f7f8bc9d1b9e98b83ebf043ab545fae -> 355e798705134331d1b4e13fe77a1ba2
  custom:scripting/monoscript/fileName/IConfigLoader.cs: 290018350438b79782c4b9fdba32926e -> a4ccf3c5021bb9e95d5d05a0a09bf8bd
  custom:scripting/monoscript/fileName/ABModelBundleInfo.cs: 2188b089518dc510222192403494a01e -> 9fa50afaf3db0543d3d887b15c00368c
  custom:scripting/monoscript/fileName/Leg.cs: ef7b14f4330dc25387e1b59f0290d188 -> 43594c645958cd98f0dcb60d0855f6d1
  custom:scripting/monoscript/fileName/ABModelAssetInfo.cs: 30e23a9e1ca57fffc37b721992bcf1a0 -> cf869514a0bf82899ce1cda23bdb700e
  custom:scripting/monoscript/fileName/MeshTypeMaskSelector.cs: e94ba6f4a1adba4feee5fb7cc4e351fe -> ed92edda1c9655f258c64f35a85ef583
  custom:scripting/monoscript/fileName/ClearMeshBtn.cs: b14d5ced1c19826bfc491001a3f185d1 -> d990ebc2143de5948aea2a5badbfe15b
  custom:scripting/monoscript/fileName/MeshAndTextureTypeMaskSelector.cs: fdba9a050c9e3646ce8e80b7e936d037 -> 8a4bea39d5d059db9f897ddcbaaa5fb6
  custom:scripting/monoscript/fileName/FxMeshFactory.cs: c3e28ca0186ef5ee5525c8801ad21c5a -> 0c8ff1afadd69a3595c5d00772f68410
  custom:scripting/monoscript/fileName/FXTypeMaskSelector.cs: d74f6e4a0bcd101e2717459b81084106 -> 0f6cbde77ec3d316ca044b2bb5952a3c
  custom:scripting/monoscript/fileName/PlayerController.cs: 5b090d859ab09be631dc3b0f203f9571 -> d93a52a180fbbe603a59e9aa6da73c83
  custom:scripting/monoscript/fileName/BuildScript.cs: 426ea9e2914d6e2d91f1414353c5dafc -> 337dba19c2e29ee8e4980fc4e2019d2f
  custom:scripting/monoscript/fileName/ClearSkinMeshBtn.cs: 82d2655784ebc16abf5528736d619a9b -> a8f6aebd6c57b68160badb6bcb2d0ed6
  custom:scripting/monoscript/fileName/CreateCharacterWizard.cs: acfc968f24a9426403bd5add4843dcf8 -> 45f0e70a15c8659931d42d36cb8cac07
  custom:CustomObjectIndexerAttribute: 72b91833f83ae208fae7752999fa3104 -> 
  custom:scripting/monoscript/fileName/AbstractTexture.cs: 5fe6f2f7be7fb5a86569856b4345a004 -> e0980b08fec448804b26f5b6dad65dfd
  custom:scripting/monoscript/fileName/FollowCamera.cs: 2d720f10865b64f024b0e3fccdd261c7 -> 8d6eb8e229738de226ec56d9e22b6b63
  custom:scripting/monoscript/fileName/FxMeshTypeBone.cs: f85b6921dfd1e47314410f2e3b110e25 -> c7f230be3097e0ffbcff74b002f4c068
  custom:scripting/monoscript/fileName/AssetbundlesMenuItems.cs: c3bdb3cf11cdd131fd9c40f5c72fdbb7 -> bacd4da6799b9476bee68e043690ff36
  custom:scripting/monoscript/fileName/CharacterRendererUI.cs: 494bfcacef163a63e00e0a76e5490b75 -> 
  custom:scripting/monoscript/fileName/Arm.cs: 4102684b6836edb71c1e92ebf943cfad -> b923216ab6f821207b08c03afd4c6525
  custom:container-demuxer-webm: 4f35f7cbe854078d1ac9338744f61a02 -> 
  custom:scripting/monoscript/fileName/NextMeshBtn.cs: c626932f4e3ef625c1f95cbb7df53377 -> c475632899117e513eda9e15e910b76e
  custom:scripting/monoscript/fileName/FaceFeature.cs: 4fb49a14cfb347e565b8520b489cd06f -> 2d58afa4a16bca365a6beb0bf6bfaea3
  custom:scripting/monoscript/fileName/SavePrefabBtn.cs: 3a461d0b73e33e6450805a3d4c14cf7e -> fb80c3034ef9c4f90fa622ffe7f9f829
  custom:scripting/monoscript/fileName/LoaderManager.cs: 369c2be46c8c25c8c25ebdc236e1107b -> de56154becf62ebc4f0181681035238d
  custom:scripting/monoscript/fileName/SaveNameInput.cs: 38a66e5dc26bdeafde0ff106788ee663 -> aae89d2fa016e54079d9c4371e2e5f50
  custom:scripting/monoscript/fileName/Config.cs: e85a922a2347c074e5939d78a5a7a10e -> 7351639d5127e04bc4fcb4671c4a17fb
  custom:scripting/monoscript/fileName/EyeFX.cs: bb3e917396c4b9336da3800cda69d75f -> 0e9063be2785787a64aac5ac3958ba88
  custom:scripting/monoscript/fileName/CategoryPanel.cs: 2ede49e7213c224cf2b42e7bf0785af5 -> 
  custom:scripting/monoscript/fileName/JumpFallBehaviour.cs: 6e303c4d540ce7e39efab9189bb22bcd -> 71c001d1ad34a6d3b319feace6bde3ef
  custom:scripting/monoscript/fileName/PrevMeshBtn.cs: e4cc6e23cf1ae834cfc676eb293c1a5c -> b3d8856e7d265dc9c0dfa6c173a5ecfd
  custom:container-muxer-webm: aa71ff27fc2769a1b78a27578f13a17b -> 
  custom:scripting/monoscript/fileName/ClearTextureBtn.cs: 4f31783abce9af1d7ec4839287fef475 -> e3b2bcf1edcb5118f2edfda92d79dc01
  custom:scripting/monoscript/fileName/Shoes.cs: 066ec4aa35b5452249c3208e4decccac -> a3171f40fe6c3d65d3385917721d6b32
  custom:video-decoder-webm-vp8: 9c59270c3fd7afecdb556c50c9e8de78 -> 
  custom:scripting/monoscript/fileName/ConfigManager.cs: ecadd354c11a441a4c89b5fd7a9f00e6 -> caea2b28af0ab9e40fec80621d2354a1
  custom:scripting/monoscript/fileName/ClearFXBtn.cs: 9a39f15de353636ac82e469249897f2d -> 7bb97525152b99fa74400a29eaa13dea
  custom:scripting/monoscript/fileName/ClosePopup.cs: b8d454205b2ceefe37b5fd3a66ce3f21 -> 55d4b78c13dd76e50d9c188109fdf0bb
  custom:SearchIndexIgnoredProperties: e643bd26f0fe6173181afceb89e7c659 -> 
  custom:scripting/monoscript/fileName/Belt.cs: 57f9cd2ecc900069b427149243ef3bc5 -> 49eb07e37613e7bc3cd2ca1c5688a06b
  custom:AudioImporter_EditorPlatform: d09bf68614088b80899f8185d706f6e7 -> 
  custom:scripting/monoscript/fileName/AssetBundleLoadOperation.cs: 6671757952e868610efe84deb7d10911 -> 5e23b7cfd6b1aefafff250cf74ef9147
  custom:scripting/monoscript/fileName/PrevSkinMeshBtn.cs: 4b975732b197cfed11faf978a39a86d9 -> 949d41495696a789e910ed4bddee68c8
  custom:scripting/monoscript/fileName/RandomBtn.cs: 09358cb3d53669a5fb3911b12bed41f9 -> 851c8dec69594280621f9ae4205a836d
  custom:scripting/monoscript/fileName/Beard.cs: fcba2011bd59aa862783e312bcb3f1ed -> 25619eaf3bae2cd2a4b58a1e35f6de63
  custom:scripting/monoscript/fileName/EnumFlagAttribute.cs: 74d0d26091c169f8de5e9bf42af43876 -> 955415b54787984cbbb8aa271c5326e3
  custom:scripting/monoscript/fileName/LaunchAssetBundleServer.cs: fde14ca75a313e949066fe5170090bd6 -> 43db2fb10887bbfb076c6767daba67bd
  custom:scripting/monoscript/fileName/TextureManager.cs: e8b62e3c8c466c37ed390308c47b609f -> aaabee5faa243fca33eb568630ae6e8e
  custom:scripting/monoscript/fileName/RobeShort.cs: 98a985110c88276dffccdebb9b45a97a -> 3c6d536f5d6b37080b8a61040ec81de3
  custom:scripting/monoscript/fileName/AssetBundleRecord.cs: 5e3e2662beb76f92f544ca3a6af0a002 -> 5a3119d6abe586168b6fe06c7e98c69c
  custom:scripting/monoscript/fileName/TogglePopup.cs: e3546a95722da3ab7907a444f1349cba -> 1d986db86e682e16edccd0653eb2aad7
  custom:scripting/monoscript/fileName/ITextureLoader.cs: fb942611a67ee29c2d3906a7f2b2ca06 -> 5adc935e3b3fb7761c6d5c127df50233
  custom:scripting/monoscript/fileName/SaveBtn.cs: 3dfbd63f5b032b539a11095805980518 -> 62cda288bb207ed68b5083d6b77f7471
  custom:scripting/monoscript/fileName/NextSkinMeshBtn.cs: 7bde284a6144f85f7d24cd53fe360afe -> c82eddd7edff4db94905f44ef59144c1
  custom:scripting/monoscript/fileName/Head.cs: ef8602f0e05bb6f56d36072970253a56 -> 6728c540b9905eb1de06718fa4aae534
  custom:scripting/monoscript/fileName/NextFXBtn.cs: ec23ffa473c712e78d6eb18c4ae448be -> 7e2755ad9a90b6ecb18961111ed6b016
  custom:scripting/monoscript/fileName/AssetBundleBrowserMain.cs: adf460d08e5161db4df4e9efbad520b6 -> d6cbb84444c9fdda30a8092bb0794cf7
  custom:scripting/monoscript/fileName/JSONMap.cs: 0cc7c12ea7048b3ee204a6864ec14612 -> f72d2edab136c1eb89bac454d589dbd3
  custom:scripting/monoscript/fileName/AssetBundleManageTab.cs: cd787c8175c6b452036330db58559128 -> 31b1d66e60f6e821749b4e2c88c32cdd
  custom:scripting/monoscript/fileName/Torso.cs: 69b7e0d6a62aacc036b1886a4ba2587b -> 54ee6015ea03462115d4c3153edbdf8c
  custom:scripting/monoscript/fileName/AssetBundleBuildTab.cs: e4d3d716146519b1f52f6c0fe7ec5a47 -> c4f1a336c5910d1832fd9e6c972559ad
  custom:scripting/monoscript/fileName/Hair.cs: 1f4e341ec44f1e9a43da832f30eda5e7 -> a794926f97f7a5e9c465865fe7af5e1b
  custom:scripting/monoscript/fileName/AbstractMesh.cs: f416745403975ff81463073698d6e017 -> 8184b2a66042d8caaccbbd20ed31dc56
  custom:scripting/monoscript/fileName/NextTextureBtn.cs: d5a300ee8993aada97b6138db78b58aa -> 68286e9f0e1d42eee9d43ba74e34330f
  custom:scripting/monoscript/fileName/Gloves.cs: 21fa036484600f2d249c1ff665501393 -> 28f9e2f54620c042ed9595f00f2065dc
  custom:scripting/monoscript/fileName/AssetBundleManager.cs: 0e168d48c6d3576e59f6c42f92fecd60 -> c15faaf8b529192dbe9aec9afe4991fd
  custom:scripting/monoscript/fileName/RobeLong.cs: 1a7163e76453fecee35478b548086606 -> f4a05f13d9e9427f236c1f1234a17722
  custom:scripting/monoscript/fileName/InspectTreeView.cs: 4d03769e654689089e5185b09bfc6882 -> 260e1db8105b149fed2e7856746dbf0f
  custom:scripting/monoscript/fileName/MeshLoader.cs: 0b10154577fb1ae0dd2e8310eae4ddf4 -> 514b5b4b4814025e9f754ee22115b972
  custom:scripting/monoscript/fileName/PrevFXBtn.cs: 9adcb6db2d84b99fc2ba85718ff2705c -> d82c337bfc40d281d6f7be6c53a9171d
  custom:scripting/monoscript/fileName/ABModel.cs: d4f2ea81e354d5c73ab4578ede6b09b2 -> efbeff1b31df600fad6d5bea582c7fba
  custom:video-encoder-webm-vp8: eb34c28f22e8b96e1ab97ce403110664 -> 
  custom:scripting/monoscript/fileName/TextureLoader.cs: ef2efb353191380796da06838f0ca27c -> 32fee57eede5dc7675a4e8e137c57785
  custom:scripting/monoscript/fileName/Cloak.cs: 83fee273266203de062b641017c68a04 -> a5348ad8315a274870ac1256b416f4df
  custom:audio-decoder-ogg-vorbis: bf7c407c2cedff20999df2af8eb42d56 -> 
  custom:scripting/monoscript/fileName/Eyebrow.cs: a80914df48c7002be677c64522cce038 -> 60a10d1886232f9d6b3fd8be0c11fca9
  custom:scripting/monoscript/fileName/MeshUVManager.cs: 3a3d4245c35b74c0afddd620ce689573 -> fa1c5e2aa443e2c89e2f51af239fa10f
  custom:scripting/monoscript/fileName/MessageList.cs: 6b608508dbf342db2b025fa4e75150ed -> e187436fd3600e1e0afecc6a8da1f18c
  custom:scripting/monoscript/fileName/ClearMeshColorBtn.cs: 0007c8d870af1fc291acf8c091e58855 -> 45fdc58f7fbca9a24d836bd66f751d53
  custom:scripting/monoscript/fileName/MessageSystem.cs: e1fba72936ec77bbbc283ee14a4e5ac9 -> c1467679f7f8f7989b7c591fe16f095b
  custom:scripting/monoscript/fileName/Helper.cs: c607632c58e5a7e90f5ab372e55f1b53 -> 42ad14543d1a843693f11a1cb7823bdc
  custom:scripting/monoscript/fileName/TorsoAdd.cs: de2919cda7445d192f99b708ac4f8f98 -> 6a719884572b7c749207c858146f4e3c
  custom:scripting/monoscript/fileName/EnumFlagDrawer.cs: 41a8255d04f81b6824e2eb405c56f882 -> 5c63d0c0059ff695bd0ee486d1e93bdc
  custom:scripting/monoscript/fileName/Utility.cs: 28500e0d15bd811ed13877f72f01a728 -> bc7c77987476d2cc716aa6822231009e
  custom:scripting/monoscript/fileName/NextColorBtn.cs: 3c291ea58299c895d1e49ee9d26926c4 -> 3628818366004c784ce7c532472e0770
  custom:scripting/monoscript/fileName/BeltAdd.cs: cb7f04a49673453c6e59d8a19fc25506 -> 23c8e20e1dd3c9ed150a971c41b0440b
  custom:scripting/monoscript/fileName/Skin.cs: b53e0e70cea1e5a2051dbeb2d303d7bf -> fa5b8fbc5e21205ad140661bb8d1d29a
  custom:scripting/monoscript/fileName/PrevMeshColorBtn.cs: 6e7146d83f859cab20d94f99a895303c -> eb2dbdc18e08517d5e99c78a100e7907
  custom:audio-encoder-webm-vorbis: bf7c407c2cedff20999df2af8eb42d56 -> 
  custom:scripting/monoscript/fileName/Helm.cs: c26d56b2bba9bcb0ed144e3501bc4050 -> 015c5ef11547d2a56ec06cbf9181e054
  custom:scripting/monoscript/fileName/Shoulder.cs: cd26873c046cfe405838db4b32b97d24 -> cbc35143cbffbdb744890d07b8670e7e
  custom:scripting/monoscript/fileName/IMeshLoader.cs: 9ae204479feb9db18b224953da5838fd -> 103d9667209b427a4c68ea28303f3cd3
  custom:scripting/monoscript/fileName/AssetListTree.cs: 255920d2dc3ac581fe65ea217df17385 -> 95ef94b9b5c1fc8c166d91a2229d1537
  custom:scripting/monoscript/fileName/MeshTexture.cs: e035409d8c1a139d8e58746d92de0530 -> 1c4c6300614cc8e271b614963931701e
  custom:scripting/monoscript/fileName/AssetBundleTree.cs: db18b513ade8dfdb586627b6c32bbf86 -> 5c86cf837bb6943c3398dc49a567b80f
  custom:scripting/precompiled-assembly-types:Assembly-CSharp: bd61ef89dd052a62cb180bc111b9f981 -> 2a57b7d9ba6c891b20990c959df4dfe7
  custom:scripting/monoscript/fileName/SpriteProcessor.cs: ecdbdd0dbf42b62f38de6c8096601c0d -> b47784218d8c2d820a413741c1f25a1f
  custom:scripting/monoscript/fileName/NextMeshColorBtn.cs: f15a2f312aac46efa390132e8e876a6a -> 3fefab99c46d758ed0e047f19be1644f
  custom:scripting/monoscript/fileName/ClearAllBtn.cs: 6b6df7aa9e75a6cecf2976db793db6eb -> bcba9c9686446fb7cf756301ebf868ec
  custom:scripting/monoscript/fileName/PlayerMoveController.cs: a4e66a81bcb2d723b3fb87dd004c6314 -> cc068b745400ee66c75378bcb7b27fdb
  custom:scripting/monoscript/fileName/ConfigLoader.cs: 62e091607cdc915ce80d4a253b61a2e7 -> db4bab6728472d9dedc7dfcc22e69d2d
  custom:scripting/monoscript/fileName/SaveItem.cs: 9fe0db1767d984560e8ce3cdb5cdd4f1 -> d881a933ade13ea32bf025db14797336
  custom:scripting/monoscript/fileName/SaveData.cs: cb74f51d5ddf1e3c0494034ad7572a91 -> b41c91a98201f94a04946b0cf063c975
  custom:scripting/monoscript/fileName/PrevColorBtn.cs: 745000830732e20a24b2b0544e8a21f7 -> e1d2791f9dd94cc4e35385ca804752d8
========================================================================
Received Prepare
Caller must complete domain reload
Begin MonoManager ReloadAssembly
- Loaded All Assemblies, in  0.748 seconds
Native extension for WindowsStandalone target not found
Native extension for Android target not found
Mono: successfully reloaded assembly
- Finished resetting the current domain, in  1.727 seconds
Domain Reload Profiling: 2470ms
	BeginReloadAssembly (203ms)
		ExecutionOrderSort (0ms)
		DisableScriptedObjects (5ms)
		BackupInstance (0ms)
		ReleaseScriptingObjects (0ms)
		CreateAndSetChildDomain (46ms)
	RebuildCommonClasses (35ms)
	RebuildNativeTypeToScriptingClass (10ms)
	initialDomainReloadingComplete (46ms)
	LoadAllAssembliesAndSetupDomain (449ms)
		LoadAssemblies (533ms)
		RebuildTransferFunctionScriptingTraits (0ms)
		AnalyzeDomain (34ms)
			TypeCache.Refresh (12ms)
				TypeCache.ScanAssembly (0ms)
			ScanForSourceGeneratedMonoScriptInfo (0ms)
			ResolveRequiredComponents (15ms)
	FinalizeReload (1728ms)
		ReleaseScriptCaches (0ms)
		RebuildScriptCaches (0ms)
		SetupLoadedEditorAssemblies (664ms)
			LogAssemblyErrors (0ms)
			InitializePlatformSupportModulesInManaged (28ms)
			SetLoadedEditorAssemblies (5ms)
			RefreshPlugins (0ms)
			BeforeProcessingInitializeOnLoad (117ms)
			ProcessInitializeOnLoadAttributes (408ms)
			ProcessInitializeOnLoadMethodAttributes (92ms)
			AfterProcessingInitializeOnLoad (13ms)
			EditorAssembliesLoaded (0ms)
		ExecutionOrderSort2 (0ms)
		AwakeInstancesAfterBackupRestoration (18ms)
WARNING: Shader Unsupported: 'Toon/Basic Outline' - All subshaders removed
WARNING: Shader Did you use #pragma only_renderers and omit this platform?
WARNING: Shader If subshaders removal was intentional, you may have forgotten turning Fallback off?
WARNING: Shader Unsupported: 'Toon/Basic Outline' - All subshaders removed
WARNING: Shader Did you use #pragma only_renderers and omit this platform?
WARNING: Shader If subshaders removal was intentional, you may have forgotten turning Fallback off?
WARNING: Shader Unsupported: 'Toon/Lit Outline' - All subshaders removed
WARNING: Shader Did you use #pragma only_renderers and omit this platform?
WARNING: Shader If subshaders removal was intentional, you may have forgotten turning Fallback off?
WARNING: Shader Unsupported: 'Toon/Lit Outline' - All subshaders removed
WARNING: Shader Did you use #pragma only_renderers and omit this platform?
WARNING: Shader If subshaders removal was intentional, you may have forgotten turning Fallback off?
Refreshing native plugins compatible for Editor in 9.64 ms, found 4 plugins.
Preloading 0 native plugins for Editor in 0.00 ms.
Unloading 5364 Unused Serialized files (Serialized files now loaded: 0)
Unloading 24 unused Assets / (0.7 MB). Loaded Objects now: 6096.
Memory consumption went from 191.2 MB to 190.5 MB.
Total: 5.782100 ms (FindLiveObjects: 0.514800 ms CreateObjectMapping: 0.474000 ms MarkObjects: 4.081800 ms  DeleteObjects: 0.710200 ms)

Prepare: number of updated asset objects reloaded= 0
AssetImportParameters requested are different than current active one (requested -> active):
  custom:scripting/monoscript/fileName/MeshTypeBone.cs: f2929f2b8ecce3a651b0fd3ffe111924 -> 843ff81fb2c811dcac98decd349efe80
  custom:scripting/monoscript/fileName/ShaderSelector.cs: 685bc00da5c5122ea4d91cfb7c33d4ce -> 521612be2626bcd49281fc726d73115d
  custom:scripting/monoscript/fileName/Hand.cs: 5052127099e76a39f6f2b58ea1ef5c1e -> 192355eabc8b0bb90d2503d57cbc29e1
  custom:scripting/monoscript/fileName/TextureFactory.cs: cee276c059ba8c5d89b2dce85c58444e -> 9b0e0386d21b5055c4b652bc661be2ca
  custom:scripting/monoscript/fileName/ExecuteInternalMono.cs: 3e44be6fc6d7f25500f51fef3364e783 -> c1dae4aa6cbf1512716dd7e8414f8006
  custom:scripting/monoscript/fileName/BundleDetailList.cs: 49a12b558eca8c309cefc20f79be4f08 -> 7b03139c488749eda460103673d30967
  custom:scripting/monoscript/fileName/ChangeSkinMeshBtn.cs: 5c6d8ac28a61c97b01d08415ec68b892 -> 58cbf8e281a1824de7ac09fd6ead4741
  custom:container-demuxer-ogg: 62fdf1f143b41e24485cea50d1cbac27 -> 
  custom:scripting/monoscript/fileName/InspectSingleBundle.cs: c4ddaa812469395f667f8059fbbafbb2 -> ff6bcd7c39743f835ec77986ad4e4842
  custom:scripting/monoscript/fileName/TorsoFX.cs: 8364f33fdfe728687ae399ca95227afe -> 5e6b4d93b934706642170673ecf5c3cb
  custom:scripting/monoscript/fileName/Scar.cs: a42aaa0f7421fdbac285e770432737fe -> 93cf6a2332a708e947886120175eb79a
  custom:scripting/monoscript/fileName/Eye.cs: afd6b945d219259bc28efd165ef781f4 -> 698a2a7ea54ef8de083e5f76c9b8d930
  custom:scripting/monoscript/fileName/PrevTextureBtn.cs: ca06f7a8c9b0f19ce544f3b94a1420fa -> 764f96572b39e13aca5f7f18826c47b4
  custom:scripting/monoscript/fileName/ClearColorBtn.cs: 1e8e6c93adda6a5ba905483e8182c1dd -> c480f5967894d16fe78f727f834b09ac
  custom:scripting/monoscript/fileName/SaveManager.cs: de2264e4a492adfd4c3a4c607fa8c9d4 -> 3fcb126c6a66ba31aa898dd5743caa30
  custom:scripting/monoscript/fileName/PrevCharacterBtn.cs: 8b169ad1106eaf0dbdbff832654707ff -> 82d84ae18bcec8ea0c987e0a3a9d6a13
  custom:scripting/monoscript/fileName/Popup.cs: 1c1ef9080900e5e97d1b14f0b41eadfa -> 2cc3075140bfd1e8dd79773fa10aee0b
  custom:scripting/monoscript/fileName/EditorBundleManager.cs: 25971b08130223425370a0c67fd24c1d -> dc4d9d3c0d3cadbde48071e4065b6fbb
  custom:scripting/monoscript/fileName/LoadBtn.cs: 70bafae7f72c9ee6623f2f31d0779c28 -> 2ea2705ebacd83d0846f91df66c28259
  custom:scripting/monoscript/fileName/TextureTypeMaskSelector.cs: 7ff2a9c585e0132e7eecc431d721fd4f -> c5691a283aa245253aed7fa0115457e3
  custom:scripting/monoscript/fileName/Pants.cs: 6c99c36b54f1584503cd85f530589db5 -> df098d75808a7fb623ca5598aed5b66e
  custom:scripting/monoscript/fileName/ABDataSourceProvider.cs: 4f93c6cdfbe44a00612a956e4ef9ffe7 -> d15a3b944396c4baae05b3f33e2f8331
  custom:video-decoder-ogg-theora: a1e56fd34408186e4bbccfd4996cb3dc -> 
  custom:scripting/monoscript/fileName/MeshManager.cs: 2f249bf80d6ae36c03b9409f5feb6c0d -> 80ab94735750c9af566e7e697efa30bc
  custom:scripting/monoscript/fileName/ABDataSource.cs: 41b8295d17e0ef0ed1d4f959baadf27f -> 7ceefc660d5f297abc8804d14984f27e
  custom:framework-win-MediaFoundation: 216162199b28c13a410421893ffa2e32 -> 
  custom:scripting/monoscript/fileName/NextCharacterBtn.cs: 3c5d6d5f91a48826bcb43d4ef5261f6a -> 271bcb60c5934eb6d4486f66396754c5
  custom:scripting/monoscript/fileName/AssetBundleInspectTab.cs: 945f43d3df2c8ee2453a9a63fa11274c -> 9c287edf6d1d376f12a8f96d01ec074a
  custom:scripting/monoscript/fileName/SaveListView.cs: e595613b43c00299f3513b824b0dabc3 -> 66f5588456e9744a16cd29a95c0a128e
  custom:scripting/monoscript/fileName/MeshFactory.cs: 4bbafa913eed9f0fb1b99654c8762909 -> a5c11ad228aefe2964b1b339054e39bc
  custom:scripting/monoscript/fileName/CharacterCustomizer.cs: 6b998336770e1834435505a2273ed78a -> 
  custom:scripting/monoscript/fileName/TestDatabase.cs: 23855a153a87fda770b086a78bc24d6d -> 
  custom:scripting/monoscript/fileName/AssetDatabaseABDataSource.cs: f87f54f41a9ae61d6c93a1ee4a7276fe -> a9068bde9865684c07718fa2f110ebd4
  custom:scripting/monoscript/fileName/AbstractFXMesh.cs: 2f7f8bc9d1b9e98b83ebf043ab545fae -> 355e798705134331d1b4e13fe77a1ba2
  custom:scripting/monoscript/fileName/IConfigLoader.cs: 290018350438b79782c4b9fdba32926e -> a4ccf3c5021bb9e95d5d05a0a09bf8bd
  custom:scripting/monoscript/fileName/ABModelBundleInfo.cs: 2188b089518dc510222192403494a01e -> 9fa50afaf3db0543d3d887b15c00368c
  custom:scripting/monoscript/fileName/Leg.cs: ef7b14f4330dc25387e1b59f0290d188 -> 43594c645958cd98f0dcb60d0855f6d1
  custom:scripting/monoscript/fileName/ABModelAssetInfo.cs: 30e23a9e1ca57fffc37b721992bcf1a0 -> cf869514a0bf82899ce1cda23bdb700e
  custom:scripting/monoscript/fileName/MeshTypeMaskSelector.cs: e94ba6f4a1adba4feee5fb7cc4e351fe -> ed92edda1c9655f258c64f35a85ef583
  custom:scripting/monoscript/fileName/ClearMeshBtn.cs: b14d5ced1c19826bfc491001a3f185d1 -> d990ebc2143de5948aea2a5badbfe15b
  custom:scripting/monoscript/fileName/MeshAndTextureTypeMaskSelector.cs: fdba9a050c9e3646ce8e80b7e936d037 -> 8a4bea39d5d059db9f897ddcbaaa5fb6
  custom:scripting/monoscript/fileName/FxMeshFactory.cs: c3e28ca0186ef5ee5525c8801ad21c5a -> 0c8ff1afadd69a3595c5d00772f68410
  custom:scripting/monoscript/fileName/FXTypeMaskSelector.cs: d74f6e4a0bcd101e2717459b81084106 -> 0f6cbde77ec3d316ca044b2bb5952a3c
  custom:scripting/monoscript/fileName/PlayerController.cs: 5b090d859ab09be631dc3b0f203f9571 -> d93a52a180fbbe603a59e9aa6da73c83
  custom:scripting/monoscript/fileName/BuildScript.cs: 426ea9e2914d6e2d91f1414353c5dafc -> 337dba19c2e29ee8e4980fc4e2019d2f
  custom:scripting/monoscript/fileName/ClearSkinMeshBtn.cs: 82d2655784ebc16abf5528736d619a9b -> a8f6aebd6c57b68160badb6bcb2d0ed6
  custom:scripting/monoscript/fileName/CreateCharacterWizard.cs: acfc968f24a9426403bd5add4843dcf8 -> 45f0e70a15c8659931d42d36cb8cac07
  custom:CustomObjectIndexerAttribute: 72b91833f83ae208fae7752999fa3104 -> 
  custom:scripting/monoscript/fileName/AbstractTexture.cs: 5fe6f2f7be7fb5a86569856b4345a004 -> e0980b08fec448804b26f5b6dad65dfd
  custom:scripting/monoscript/fileName/FollowCamera.cs: 2d720f10865b64f024b0e3fccdd261c7 -> 8d6eb8e229738de226ec56d9e22b6b63
  custom:scripting/monoscript/fileName/FxMeshTypeBone.cs: f85b6921dfd1e47314410f2e3b110e25 -> c7f230be3097e0ffbcff74b002f4c068
  custom:scripting/monoscript/fileName/AssetbundlesMenuItems.cs: c3bdb3cf11cdd131fd9c40f5c72fdbb7 -> bacd4da6799b9476bee68e043690ff36
  custom:scripting/monoscript/fileName/CharacterRendererUI.cs: 494bfcacef163a63e00e0a76e5490b75 -> 
  custom:scripting/monoscript/fileName/Arm.cs: 4102684b6836edb71c1e92ebf943cfad -> b923216ab6f821207b08c03afd4c6525
  custom:container-demuxer-webm: 4f35f7cbe854078d1ac9338744f61a02 -> 
  custom:scripting/monoscript/fileName/NextMeshBtn.cs: c626932f4e3ef625c1f95cbb7df53377 -> c475632899117e513eda9e15e910b76e
  custom:scripting/monoscript/fileName/FaceFeature.cs: 4fb49a14cfb347e565b8520b489cd06f -> 2d58afa4a16bca365a6beb0bf6bfaea3
  custom:scripting/monoscript/fileName/SavePrefabBtn.cs: 3a461d0b73e33e6450805a3d4c14cf7e -> fb80c3034ef9c4f90fa622ffe7f9f829
  custom:scripting/monoscript/fileName/LoaderManager.cs: 369c2be46c8c25c8c25ebdc236e1107b -> de56154becf62ebc4f0181681035238d
  custom:scripting/monoscript/fileName/SaveNameInput.cs: 38a66e5dc26bdeafde0ff106788ee663 -> aae89d2fa016e54079d9c4371e2e5f50
  custom:scripting/monoscript/fileName/Config.cs: e85a922a2347c074e5939d78a5a7a10e -> 7351639d5127e04bc4fcb4671c4a17fb
  custom:scripting/monoscript/fileName/EyeFX.cs: bb3e917396c4b9336da3800cda69d75f -> 0e9063be2785787a64aac5ac3958ba88
  custom:scripting/monoscript/fileName/CategoryPanel.cs: 2ede49e7213c224cf2b42e7bf0785af5 -> 
  custom:scripting/monoscript/fileName/JumpFallBehaviour.cs: 6e303c4d540ce7e39efab9189bb22bcd -> 71c001d1ad34a6d3b319feace6bde3ef
  custom:scripting/monoscript/fileName/PrevMeshBtn.cs: e4cc6e23cf1ae834cfc676eb293c1a5c -> b3d8856e7d265dc9c0dfa6c173a5ecfd
  custom:container-muxer-webm: aa71ff27fc2769a1b78a27578f13a17b -> 
  custom:scripting/monoscript/fileName/ClearTextureBtn.cs: 4f31783abce9af1d7ec4839287fef475 -> e3b2bcf1edcb5118f2edfda92d79dc01
  custom:scripting/monoscript/fileName/Shoes.cs: 066ec4aa35b5452249c3208e4decccac -> a3171f40fe6c3d65d3385917721d6b32
  custom:video-decoder-webm-vp8: 9c59270c3fd7afecdb556c50c9e8de78 -> 
  custom:scripting/monoscript/fileName/ConfigManager.cs: ecadd354c11a441a4c89b5fd7a9f00e6 -> caea2b28af0ab9e40fec80621d2354a1
  custom:scripting/monoscript/fileName/ClearFXBtn.cs: 9a39f15de353636ac82e469249897f2d -> 7bb97525152b99fa74400a29eaa13dea
  custom:scripting/monoscript/fileName/ClosePopup.cs: b8d454205b2ceefe37b5fd3a66ce3f21 -> 55d4b78c13dd76e50d9c188109fdf0bb
  custom:SearchIndexIgnoredProperties: e643bd26f0fe6173181afceb89e7c659 -> 
  custom:scripting/monoscript/fileName/Belt.cs: 57f9cd2ecc900069b427149243ef3bc5 -> 49eb07e37613e7bc3cd2ca1c5688a06b
  custom:AudioImporter_EditorPlatform: d09bf68614088b80899f8185d706f6e7 -> 
  custom:scripting/monoscript/fileName/AssetBundleLoadOperation.cs: 6671757952e868610efe84deb7d10911 -> 5e23b7cfd6b1aefafff250cf74ef9147
  custom:scripting/monoscript/fileName/PrevSkinMeshBtn.cs: 4b975732b197cfed11faf978a39a86d9 -> 949d41495696a789e910ed4bddee68c8
  custom:scripting/monoscript/fileName/RandomBtn.cs: 09358cb3d53669a5fb3911b12bed41f9 -> 851c8dec69594280621f9ae4205a836d
  custom:scripting/monoscript/fileName/Beard.cs: fcba2011bd59aa862783e312bcb3f1ed -> 25619eaf3bae2cd2a4b58a1e35f6de63
  custom:scripting/monoscript/fileName/EnumFlagAttribute.cs: 74d0d26091c169f8de5e9bf42af43876 -> 955415b54787984cbbb8aa271c5326e3
  custom:scripting/monoscript/fileName/LaunchAssetBundleServer.cs: fde14ca75a313e949066fe5170090bd6 -> 43db2fb10887bbfb076c6767daba67bd
  custom:scripting/monoscript/fileName/TextureManager.cs: e8b62e3c8c466c37ed390308c47b609f -> aaabee5faa243fca33eb568630ae6e8e
  custom:scripting/monoscript/fileName/RobeShort.cs: 98a985110c88276dffccdebb9b45a97a -> 3c6d536f5d6b37080b8a61040ec81de3
  custom:scripting/monoscript/fileName/AssetBundleRecord.cs: 5e3e2662beb76f92f544ca3a6af0a002 -> 5a3119d6abe586168b6fe06c7e98c69c
  custom:scripting/monoscript/fileName/TogglePopup.cs: e3546a95722da3ab7907a444f1349cba -> 1d986db86e682e16edccd0653eb2aad7
  custom:scripting/monoscript/fileName/ITextureLoader.cs: fb942611a67ee29c2d3906a7f2b2ca06 -> 5adc935e3b3fb7761c6d5c127df50233
  custom:scripting/monoscript/fileName/SaveBtn.cs: 3dfbd63f5b032b539a11095805980518 -> 62cda288bb207ed68b5083d6b77f7471
  custom:scripting/monoscript/fileName/NextSkinMeshBtn.cs: 7bde284a6144f85f7d24cd53fe360afe -> c82eddd7edff4db94905f44ef59144c1
  custom:scripting/monoscript/fileName/Head.cs: ef8602f0e05bb6f56d36072970253a56 -> 6728c540b9905eb1de06718fa4aae534
  custom:scripting/monoscript/fileName/NextFXBtn.cs: ec23ffa473c712e78d6eb18c4ae448be -> 7e2755ad9a90b6ecb18961111ed6b016
  custom:scripting/monoscript/fileName/AssetBundleBrowserMain.cs: adf460d08e5161db4df4e9efbad520b6 -> d6cbb84444c9fdda30a8092bb0794cf7
  custom:scripting/monoscript/fileName/JSONMap.cs: 0cc7c12ea7048b3ee204a6864ec14612 -> f72d2edab136c1eb89bac454d589dbd3
  custom:scripting/monoscript/fileName/AssetBundleManageTab.cs: cd787c8175c6b452036330db58559128 -> 31b1d66e60f6e821749b4e2c88c32cdd
  custom:scripting/monoscript/fileName/Torso.cs: 69b7e0d6a62aacc036b1886a4ba2587b -> 54ee6015ea03462115d4c3153edbdf8c
  custom:scripting/monoscript/fileName/AssetBundleBuildTab.cs: e4d3d716146519b1f52f6c0fe7ec5a47 -> c4f1a336c5910d1832fd9e6c972559ad
  custom:scripting/monoscript/fileName/Hair.cs: 1f4e341ec44f1e9a43da832f30eda5e7 -> a794926f97f7a5e9c465865fe7af5e1b
  custom:scripting/monoscript/fileName/AbstractMesh.cs: f416745403975ff81463073698d6e017 -> 8184b2a66042d8caaccbbd20ed31dc56
  custom:scripting/monoscript/fileName/NextTextureBtn.cs: d5a300ee8993aada97b6138db78b58aa -> 68286e9f0e1d42eee9d43ba74e34330f
  custom:scripting/monoscript/fileName/Gloves.cs: 21fa036484600f2d249c1ff665501393 -> 28f9e2f54620c042ed9595f00f2065dc
  custom:scripting/monoscript/fileName/AssetBundleManager.cs: 0e168d48c6d3576e59f6c42f92fecd60 -> c15faaf8b529192dbe9aec9afe4991fd
  custom:scripting/monoscript/fileName/RobeLong.cs: 1a7163e76453fecee35478b548086606 -> f4a05f13d9e9427f236c1f1234a17722
  custom:scripting/monoscript/fileName/InspectTreeView.cs: 4d03769e654689089e5185b09bfc6882 -> 260e1db8105b149fed2e7856746dbf0f
  custom:scripting/monoscript/fileName/MeshLoader.cs: 0b10154577fb1ae0dd2e8310eae4ddf4 -> 514b5b4b4814025e9f754ee22115b972
  custom:scripting/monoscript/fileName/PrevFXBtn.cs: 9adcb6db2d84b99fc2ba85718ff2705c -> d82c337bfc40d281d6f7be6c53a9171d
  custom:scripting/monoscript/fileName/ABModel.cs: d4f2ea81e354d5c73ab4578ede6b09b2 -> efbeff1b31df600fad6d5bea582c7fba
  custom:video-encoder-webm-vp8: eb34c28f22e8b96e1ab97ce403110664 -> 
  custom:scripting/monoscript/fileName/TextureLoader.cs: ef2efb353191380796da06838f0ca27c -> 32fee57eede5dc7675a4e8e137c57785
  custom:scripting/monoscript/fileName/Cloak.cs: 83fee273266203de062b641017c68a04 -> a5348ad8315a274870ac1256b416f4df
  custom:audio-decoder-ogg-vorbis: bf7c407c2cedff20999df2af8eb42d56 -> 
  custom:scripting/monoscript/fileName/Eyebrow.cs: a80914df48c7002be677c64522cce038 -> 60a10d1886232f9d6b3fd8be0c11fca9
  custom:scripting/monoscript/fileName/MeshUVManager.cs: 3a3d4245c35b74c0afddd620ce689573 -> fa1c5e2aa443e2c89e2f51af239fa10f
  custom:scripting/monoscript/fileName/MessageList.cs: 6b608508dbf342db2b025fa4e75150ed -> e187436fd3600e1e0afecc6a8da1f18c
  custom:scripting/monoscript/fileName/ClearMeshColorBtn.cs: 0007c8d870af1fc291acf8c091e58855 -> 45fdc58f7fbca9a24d836bd66f751d53
  custom:scripting/monoscript/fileName/MessageSystem.cs: e1fba72936ec77bbbc283ee14a4e5ac9 -> c1467679f7f8f7989b7c591fe16f095b
  custom:scripting/monoscript/fileName/Helper.cs: c607632c58e5a7e90f5ab372e55f1b53 -> 42ad14543d1a843693f11a1cb7823bdc
  custom:scripting/monoscript/fileName/TorsoAdd.cs: de2919cda7445d192f99b708ac4f8f98 -> 6a719884572b7c749207c858146f4e3c
  custom:scripting/monoscript/fileName/EnumFlagDrawer.cs: 41a8255d04f81b6824e2eb405c56f882 -> 5c63d0c0059ff695bd0ee486d1e93bdc
  custom:scripting/monoscript/fileName/Utility.cs: 28500e0d15bd811ed13877f72f01a728 -> bc7c77987476d2cc716aa6822231009e
  custom:scripting/monoscript/fileName/NextColorBtn.cs: 3c291ea58299c895d1e49ee9d26926c4 -> 3628818366004c784ce7c532472e0770
  custom:scripting/monoscript/fileName/BeltAdd.cs: cb7f04a49673453c6e59d8a19fc25506 -> 23c8e20e1dd3c9ed150a971c41b0440b
  custom:scripting/monoscript/fileName/Skin.cs: b53e0e70cea1e5a2051dbeb2d303d7bf -> fa5b8fbc5e21205ad140661bb8d1d29a
  custom:scripting/monoscript/fileName/PrevMeshColorBtn.cs: 6e7146d83f859cab20d94f99a895303c -> eb2dbdc18e08517d5e99c78a100e7907
  custom:audio-encoder-webm-vorbis: bf7c407c2cedff20999df2af8eb42d56 -> 
  custom:scripting/monoscript/fileName/Helm.cs: c26d56b2bba9bcb0ed144e3501bc4050 -> 015c5ef11547d2a56ec06cbf9181e054
  custom:scripting/monoscript/fileName/Shoulder.cs: cd26873c046cfe405838db4b32b97d24 -> cbc35143cbffbdb744890d07b8670e7e
  custom:scripting/monoscript/fileName/IMeshLoader.cs: 9ae204479feb9db18b224953da5838fd -> 103d9667209b427a4c68ea28303f3cd3
  custom:scripting/monoscript/fileName/AssetListTree.cs: 255920d2dc3ac581fe65ea217df17385 -> 95ef94b9b5c1fc8c166d91a2229d1537
  custom:scripting/monoscript/fileName/MeshTexture.cs: e035409d8c1a139d8e58746d92de0530 -> 1c4c6300614cc8e271b614963931701e
  custom:scripting/monoscript/fileName/AssetBundleTree.cs: db18b513ade8dfdb586627b6c32bbf86 -> 5c86cf837bb6943c3398dc49a567b80f
  custom:scripting/precompiled-assembly-types:Assembly-CSharp: bd61ef89dd052a62cb180bc111b9f981 -> 2a57b7d9ba6c891b20990c959df4dfe7
  custom:scripting/monoscript/fileName/SpriteProcessor.cs: ecdbdd0dbf42b62f38de6c8096601c0d -> b47784218d8c2d820a413741c1f25a1f
  custom:scripting/monoscript/fileName/NextMeshColorBtn.cs: f15a2f312aac46efa390132e8e876a6a -> 3fefab99c46d758ed0e047f19be1644f
  custom:scripting/monoscript/fileName/ClearAllBtn.cs: 6b6df7aa9e75a6cecf2976db793db6eb -> bcba9c9686446fb7cf756301ebf868ec
  custom:scripting/monoscript/fileName/PlayerMoveController.cs: a4e66a81bcb2d723b3fb87dd004c6314 -> cc068b745400ee66c75378bcb7b27fdb
  custom:scripting/monoscript/fileName/ConfigLoader.cs: 62e091607cdc915ce80d4a253b61a2e7 -> db4bab6728472d9dedc7dfcc22e69d2d
  custom:scripting/monoscript/fileName/SaveItem.cs: 9fe0db1767d984560e8ce3cdb5cdd4f1 -> d881a933ade13ea32bf025db14797336
  custom:scripting/monoscript/fileName/SaveData.cs: cb74f51d5ddf1e3c0494034ad7572a91 -> b41c91a98201f94a04946b0cf063c975
  custom:scripting/monoscript/fileName/PrevColorBtn.cs: 745000830732e20a24b2b0544e8a21f7 -> e1d2791f9dd94cc4e35385ca804752d8
========================================================================
Received Prepare
Caller must complete domain reload
Begin MonoManager ReloadAssembly
- Loaded All Assemblies, in  0.761 seconds
Native extension for WindowsStandalone target not found
Native extension for Android target not found
Mono: successfully reloaded assembly
- Finished resetting the current domain, in  1.617 seconds
Domain Reload Profiling: 2374ms
	BeginReloadAssembly (213ms)
		ExecutionOrderSort (0ms)
		DisableScriptedObjects (7ms)
		BackupInstance (0ms)
		ReleaseScriptingObjects (0ms)
		CreateAndSetChildDomain (46ms)
	RebuildCommonClasses (36ms)
	RebuildNativeTypeToScriptingClass (9ms)
	initialDomainReloadingComplete (43ms)
	LoadAllAssembliesAndSetupDomain (454ms)
		LoadAssemblies (542ms)
		RebuildTransferFunctionScriptingTraits (0ms)
		AnalyzeDomain (39ms)
			TypeCache.Refresh (18ms)
				TypeCache.ScanAssembly (0ms)
			ScanForSourceGeneratedMonoScriptInfo (0ms)
			ResolveRequiredComponents (18ms)
	FinalizeReload (1618ms)
		ReleaseScriptCaches (0ms)
		RebuildScriptCaches (0ms)
		SetupLoadedEditorAssemblies (531ms)
			LogAssemblyErrors (0ms)
			InitializePlatformSupportModulesInManaged (21ms)
			SetLoadedEditorAssemblies (7ms)
			RefreshPlugins (0ms)
			BeforeProcessingInitializeOnLoad (112ms)
			ProcessInitializeOnLoadAttributes (311ms)
			ProcessInitializeOnLoadMethodAttributes (69ms)
			AfterProcessingInitializeOnLoad (11ms)
			EditorAssembliesLoaded (0ms)
		ExecutionOrderSort2 (0ms)
		AwakeInstancesAfterBackupRestoration (17ms)
WARNING: Shader Unsupported: 'Toon/Basic Outline' - All subshaders removed
WARNING: Shader Did you use #pragma only_renderers and omit this platform?
WARNING: Shader If subshaders removal was intentional, you may have forgotten turning Fallback off?
WARNING: Shader Unsupported: 'Toon/Basic Outline' - All subshaders removed
WARNING: Shader Did you use #pragma only_renderers and omit this platform?
WARNING: Shader If subshaders removal was intentional, you may have forgotten turning Fallback off?
WARNING: Shader Unsupported: 'Toon/Lit Outline' - All subshaders removed
WARNING: Shader Did you use #pragma only_renderers and omit this platform?
WARNING: Shader If subshaders removal was intentional, you may have forgotten turning Fallback off?
WARNING: Shader Unsupported: 'Toon/Lit Outline' - All subshaders removed
WARNING: Shader Did you use #pragma only_renderers and omit this platform?
WARNING: Shader If subshaders removal was intentional, you may have forgotten turning Fallback off?
Refreshing native plugins compatible for Editor in 6.90 ms, found 4 plugins.
Preloading 0 native plugins for Editor in 0.00 ms.
Unloading 5364 Unused Serialized files (Serialized files now loaded: 0)
Unloading 24 unused Assets / (0.6 MB). Loaded Objects now: 6101.
Memory consumption went from 191.1 MB to 190.5 MB.
Total: 7.112800 ms (FindLiveObjects: 0.780100 ms CreateObjectMapping: 1.133200 ms MarkObjects: 4.790200 ms  DeleteObjects: 0.407800 ms)

Prepare: number of updated asset objects reloaded= 0
AssetImportParameters requested are different than current active one (requested -> active):
  custom:scripting/monoscript/fileName/MeshTypeBone.cs: f2929f2b8ecce3a651b0fd3ffe111924 -> 843ff81fb2c811dcac98decd349efe80
  custom:scripting/monoscript/fileName/ShaderSelector.cs: 685bc00da5c5122ea4d91cfb7c33d4ce -> 521612be2626bcd49281fc726d73115d
  custom:scripting/monoscript/fileName/Hand.cs: 5052127099e76a39f6f2b58ea1ef5c1e -> 192355eabc8b0bb90d2503d57cbc29e1
  custom:scripting/monoscript/fileName/TextureFactory.cs: cee276c059ba8c5d89b2dce85c58444e -> 9b0e0386d21b5055c4b652bc661be2ca
  custom:scripting/monoscript/fileName/ExecuteInternalMono.cs: 3e44be6fc6d7f25500f51fef3364e783 -> c1dae4aa6cbf1512716dd7e8414f8006
  custom:scripting/monoscript/fileName/BundleDetailList.cs: 49a12b558eca8c309cefc20f79be4f08 -> 7b03139c488749eda460103673d30967
  custom:scripting/monoscript/fileName/ChangeSkinMeshBtn.cs: 5c6d8ac28a61c97b01d08415ec68b892 -> 58cbf8e281a1824de7ac09fd6ead4741
  custom:container-demuxer-ogg: 62fdf1f143b41e24485cea50d1cbac27 -> 
  custom:scripting/monoscript/fileName/InspectSingleBundle.cs: c4ddaa812469395f667f8059fbbafbb2 -> ff6bcd7c39743f835ec77986ad4e4842
  custom:scripting/monoscript/fileName/TorsoFX.cs: 8364f33fdfe728687ae399ca95227afe -> 5e6b4d93b934706642170673ecf5c3cb
  custom:scripting/monoscript/fileName/Scar.cs: a42aaa0f7421fdbac285e770432737fe -> 93cf6a2332a708e947886120175eb79a
  custom:scripting/monoscript/fileName/Eye.cs: afd6b945d219259bc28efd165ef781f4 -> 698a2a7ea54ef8de083e5f76c9b8d930
  custom:scripting/monoscript/fileName/PrevTextureBtn.cs: ca06f7a8c9b0f19ce544f3b94a1420fa -> 764f96572b39e13aca5f7f18826c47b4
  custom:scripting/monoscript/fileName/ClearColorBtn.cs: 1e8e6c93adda6a5ba905483e8182c1dd -> c480f5967894d16fe78f727f834b09ac
  custom:scripting/monoscript/fileName/SaveManager.cs: de2264e4a492adfd4c3a4c607fa8c9d4 -> 3fcb126c6a66ba31aa898dd5743caa30
  custom:scripting/monoscript/fileName/PrevCharacterBtn.cs: 8b169ad1106eaf0dbdbff832654707ff -> 82d84ae18bcec8ea0c987e0a3a9d6a13
  custom:scripting/monoscript/fileName/Popup.cs: 1c1ef9080900e5e97d1b14f0b41eadfa -> 2cc3075140bfd1e8dd79773fa10aee0b
  custom:scripting/monoscript/fileName/EditorBundleManager.cs: 25971b08130223425370a0c67fd24c1d -> dc4d9d3c0d3cadbde48071e4065b6fbb
  custom:scripting/monoscript/fileName/LoadBtn.cs: 70bafae7f72c9ee6623f2f31d0779c28 -> 2ea2705ebacd83d0846f91df66c28259
  custom:scripting/monoscript/fileName/TextureTypeMaskSelector.cs: 7ff2a9c585e0132e7eecc431d721fd4f -> c5691a283aa245253aed7fa0115457e3
  custom:scripting/monoscript/fileName/Pants.cs: 6c99c36b54f1584503cd85f530589db5 -> df098d75808a7fb623ca5598aed5b66e
  custom:scripting/monoscript/fileName/ABDataSourceProvider.cs: 4f93c6cdfbe44a00612a956e4ef9ffe7 -> d15a3b944396c4baae05b3f33e2f8331
  custom:video-decoder-ogg-theora: a1e56fd34408186e4bbccfd4996cb3dc -> 
  custom:scripting/monoscript/fileName/MeshManager.cs: 2f249bf80d6ae36c03b9409f5feb6c0d -> 80ab94735750c9af566e7e697efa30bc
  custom:scripting/monoscript/fileName/ABDataSource.cs: 41b8295d17e0ef0ed1d4f959baadf27f -> 7ceefc660d5f297abc8804d14984f27e
  custom:framework-win-MediaFoundation: 216162199b28c13a410421893ffa2e32 -> 
  custom:scripting/monoscript/fileName/NextCharacterBtn.cs: 3c5d6d5f91a48826bcb43d4ef5261f6a -> 271bcb60c5934eb6d4486f66396754c5
  custom:scripting/monoscript/fileName/AssetBundleInspectTab.cs: 945f43d3df2c8ee2453a9a63fa11274c -> 9c287edf6d1d376f12a8f96d01ec074a
  custom:scripting/monoscript/fileName/SaveListView.cs: e595613b43c00299f3513b824b0dabc3 -> 66f5588456e9744a16cd29a95c0a128e
  custom:scripting/monoscript/fileName/MeshFactory.cs: 4bbafa913eed9f0fb1b99654c8762909 -> a5c11ad228aefe2964b1b339054e39bc
  custom:scripting/monoscript/fileName/CharacterCustomizer.cs: 6b998336770e1834435505a2273ed78a -> 
  custom:scripting/monoscript/fileName/TestDatabase.cs: 23855a153a87fda770b086a78bc24d6d -> 
  custom:scripting/monoscript/fileName/AssetDatabaseABDataSource.cs: f87f54f41a9ae61d6c93a1ee4a7276fe -> a9068bde9865684c07718fa2f110ebd4
  custom:scripting/monoscript/fileName/AbstractFXMesh.cs: 2f7f8bc9d1b9e98b83ebf043ab545fae -> 355e798705134331d1b4e13fe77a1ba2
  custom:scripting/monoscript/fileName/IConfigLoader.cs: 290018350438b79782c4b9fdba32926e -> a4ccf3c5021bb9e95d5d05a0a09bf8bd
  custom:scripting/monoscript/fileName/ABModelBundleInfo.cs: 2188b089518dc510222192403494a01e -> 9fa50afaf3db0543d3d887b15c00368c
  custom:scripting/monoscript/fileName/Leg.cs: ef7b14f4330dc25387e1b59f0290d188 -> 43594c645958cd98f0dcb60d0855f6d1
  custom:scripting/monoscript/fileName/ABModelAssetInfo.cs: 30e23a9e1ca57fffc37b721992bcf1a0 -> cf869514a0bf82899ce1cda23bdb700e
  custom:scripting/monoscript/fileName/MeshTypeMaskSelector.cs: e94ba6f4a1adba4feee5fb7cc4e351fe -> ed92edda1c9655f258c64f35a85ef583
  custom:scripting/monoscript/fileName/ClearMeshBtn.cs: b14d5ced1c19826bfc491001a3f185d1 -> d990ebc2143de5948aea2a5badbfe15b
  custom:scripting/monoscript/fileName/MeshAndTextureTypeMaskSelector.cs: fdba9a050c9e3646ce8e80b7e936d037 -> 8a4bea39d5d059db9f897ddcbaaa5fb6
  custom:scripting/monoscript/fileName/FxMeshFactory.cs: c3e28ca0186ef5ee5525c8801ad21c5a -> 0c8ff1afadd69a3595c5d00772f68410
  custom:scripting/monoscript/fileName/FXTypeMaskSelector.cs: d74f6e4a0bcd101e2717459b81084106 -> 0f6cbde77ec3d316ca044b2bb5952a3c
  custom:scripting/monoscript/fileName/PlayerController.cs: 5b090d859ab09be631dc3b0f203f9571 -> d93a52a180fbbe603a59e9aa6da73c83
  custom:scripting/monoscript/fileName/BuildScript.cs: 426ea9e2914d6e2d91f1414353c5dafc -> 337dba19c2e29ee8e4980fc4e2019d2f
  custom:scripting/monoscript/fileName/ClearSkinMeshBtn.cs: 82d2655784ebc16abf5528736d619a9b -> a8f6aebd6c57b68160badb6bcb2d0ed6
  custom:scripting/monoscript/fileName/CreateCharacterWizard.cs: acfc968f24a9426403bd5add4843dcf8 -> 45f0e70a15c8659931d42d36cb8cac07
  custom:CustomObjectIndexerAttribute: 72b91833f83ae208fae7752999fa3104 -> 
  custom:scripting/monoscript/fileName/AbstractTexture.cs: 5fe6f2f7be7fb5a86569856b4345a004 -> e0980b08fec448804b26f5b6dad65dfd
  custom:scripting/monoscript/fileName/FollowCamera.cs: 2d720f10865b64f024b0e3fccdd261c7 -> 8d6eb8e229738de226ec56d9e22b6b63
  custom:scripting/monoscript/fileName/FxMeshTypeBone.cs: f85b6921dfd1e47314410f2e3b110e25 -> c7f230be3097e0ffbcff74b002f4c068
  custom:scripting/monoscript/fileName/AssetbundlesMenuItems.cs: c3bdb3cf11cdd131fd9c40f5c72fdbb7 -> bacd4da6799b9476bee68e043690ff36
  custom:scripting/monoscript/fileName/CharacterRendererUI.cs: 494bfcacef163a63e00e0a76e5490b75 -> 
  custom:scripting/monoscript/fileName/Arm.cs: 4102684b6836edb71c1e92ebf943cfad -> b923216ab6f821207b08c03afd4c6525
  custom:container-demuxer-webm: 4f35f7cbe854078d1ac9338744f61a02 -> 
  custom:scripting/monoscript/fileName/NextMeshBtn.cs: c626932f4e3ef625c1f95cbb7df53377 -> c475632899117e513eda9e15e910b76e
  custom:scripting/monoscript/fileName/FaceFeature.cs: 4fb49a14cfb347e565b8520b489cd06f -> 2d58afa4a16bca365a6beb0bf6bfaea3
  custom:scripting/monoscript/fileName/SavePrefabBtn.cs: 3a461d0b73e33e6450805a3d4c14cf7e -> fb80c3034ef9c4f90fa622ffe7f9f829
  custom:scripting/monoscript/fileName/LoaderManager.cs: 369c2be46c8c25c8c25ebdc236e1107b -> de56154becf62ebc4f0181681035238d
  custom:scripting/monoscript/fileName/SaveNameInput.cs: 38a66e5dc26bdeafde0ff106788ee663 -> aae89d2fa016e54079d9c4371e2e5f50
  custom:scripting/monoscript/fileName/Config.cs: e85a922a2347c074e5939d78a5a7a10e -> 7351639d5127e04bc4fcb4671c4a17fb
  custom:scripting/monoscript/fileName/EyeFX.cs: bb3e917396c4b9336da3800cda69d75f -> 0e9063be2785787a64aac5ac3958ba88
  custom:scripting/monoscript/fileName/CategoryPanel.cs: 2ede49e7213c224cf2b42e7bf0785af5 -> 
  custom:scripting/monoscript/fileName/JumpFallBehaviour.cs: 6e303c4d540ce7e39efab9189bb22bcd -> 71c001d1ad34a6d3b319feace6bde3ef
  custom:scripting/monoscript/fileName/PrevMeshBtn.cs: e4cc6e23cf1ae834cfc676eb293c1a5c -> b3d8856e7d265dc9c0dfa6c173a5ecfd
  custom:container-muxer-webm: aa71ff27fc2769a1b78a27578f13a17b -> 
  custom:scripting/monoscript/fileName/ClearTextureBtn.cs: 4f31783abce9af1d7ec4839287fef475 -> e3b2bcf1edcb5118f2edfda92d79dc01
  custom:scripting/monoscript/fileName/Shoes.cs: 066ec4aa35b5452249c3208e4decccac -> a3171f40fe6c3d65d3385917721d6b32
  custom:video-decoder-webm-vp8: 9c59270c3fd7afecdb556c50c9e8de78 -> 
  custom:scripting/monoscript/fileName/ConfigManager.cs: ecadd354c11a441a4c89b5fd7a9f00e6 -> caea2b28af0ab9e40fec80621d2354a1
  custom:scripting/monoscript/fileName/ClearFXBtn.cs: 9a39f15de353636ac82e469249897f2d -> 7bb97525152b99fa74400a29eaa13dea
  custom:scripting/monoscript/fileName/ClosePopup.cs: b8d454205b2ceefe37b5fd3a66ce3f21 -> 55d4b78c13dd76e50d9c188109fdf0bb
  custom:SearchIndexIgnoredProperties: e643bd26f0fe6173181afceb89e7c659 -> 
  custom:scripting/monoscript/fileName/Belt.cs: 57f9cd2ecc900069b427149243ef3bc5 -> 49eb07e37613e7bc3cd2ca1c5688a06b
  custom:AudioImporter_EditorPlatform: d09bf68614088b80899f8185d706f6e7 -> 
  custom:scripting/monoscript/fileName/AssetBundleLoadOperation.cs: 6671757952e868610efe84deb7d10911 -> 5e23b7cfd6b1aefafff250cf74ef9147
  custom:scripting/monoscript/fileName/PrevSkinMeshBtn.cs: 4b975732b197cfed11faf978a39a86d9 -> 949d41495696a789e910ed4bddee68c8
  custom:scripting/monoscript/fileName/RandomBtn.cs: 09358cb3d53669a5fb3911b12bed41f9 -> 851c8dec69594280621f9ae4205a836d
  custom:scripting/monoscript/fileName/Beard.cs: fcba2011bd59aa862783e312bcb3f1ed -> 25619eaf3bae2cd2a4b58a1e35f6de63
  custom:scripting/monoscript/fileName/EnumFlagAttribute.cs: 74d0d26091c169f8de5e9bf42af43876 -> 955415b54787984cbbb8aa271c5326e3
  custom:scripting/monoscript/fileName/LaunchAssetBundleServer.cs: fde14ca75a313e949066fe5170090bd6 -> 43db2fb10887bbfb076c6767daba67bd
  custom:scripting/monoscript/fileName/TextureManager.cs: e8b62e3c8c466c37ed390308c47b609f -> aaabee5faa243fca33eb568630ae6e8e
  custom:scripting/monoscript/fileName/RobeShort.cs: 98a985110c88276dffccdebb9b45a97a -> 3c6d536f5d6b37080b8a61040ec81de3
  custom:scripting/monoscript/fileName/AssetBundleRecord.cs: 5e3e2662beb76f92f544ca3a6af0a002 -> 5a3119d6abe586168b6fe06c7e98c69c
  custom:scripting/monoscript/fileName/TogglePopup.cs: e3546a95722da3ab7907a444f1349cba -> 1d986db86e682e16edccd0653eb2aad7
  custom:scripting/monoscript/fileName/ITextureLoader.cs: fb942611a67ee29c2d3906a7f2b2ca06 -> 5adc935e3b3fb7761c6d5c127df50233
  custom:scripting/monoscript/fileName/SaveBtn.cs: 3dfbd63f5b032b539a11095805980518 -> 62cda288bb207ed68b5083d6b77f7471
  custom:scripting/monoscript/fileName/NextSkinMeshBtn.cs: 7bde284a6144f85f7d24cd53fe360afe -> c82eddd7edff4db94905f44ef59144c1
  custom:scripting/monoscript/fileName/Head.cs: ef8602f0e05bb6f56d36072970253a56 -> 6728c540b9905eb1de06718fa4aae534
  custom:scripting/monoscript/fileName/NextFXBtn.cs: ec23ffa473c712e78d6eb18c4ae448be -> 7e2755ad9a90b6ecb18961111ed6b016
  custom:scripting/monoscript/fileName/AssetBundleBrowserMain.cs: adf460d08e5161db4df4e9efbad520b6 -> d6cbb84444c9fdda30a8092bb0794cf7
  custom:scripting/monoscript/fileName/JSONMap.cs: 0cc7c12ea7048b3ee204a6864ec14612 -> f72d2edab136c1eb89bac454d589dbd3
  custom:scripting/monoscript/fileName/AssetBundleManageTab.cs: cd787c8175c6b452036330db58559128 -> 31b1d66e60f6e821749b4e2c88c32cdd
  custom:scripting/monoscript/fileName/Torso.cs: 69b7e0d6a62aacc036b1886a4ba2587b -> 54ee6015ea03462115d4c3153edbdf8c
  custom:scripting/monoscript/fileName/AssetBundleBuildTab.cs: e4d3d716146519b1f52f6c0fe7ec5a47 -> c4f1a336c5910d1832fd9e6c972559ad
  custom:scripting/monoscript/fileName/Hair.cs: 1f4e341ec44f1e9a43da832f30eda5e7 -> a794926f97f7a5e9c465865fe7af5e1b
  custom:scripting/monoscript/fileName/AbstractMesh.cs: f416745403975ff81463073698d6e017 -> 8184b2a66042d8caaccbbd20ed31dc56
  custom:scripting/monoscript/fileName/NextTextureBtn.cs: d5a300ee8993aada97b6138db78b58aa -> 68286e9f0e1d42eee9d43ba74e34330f
  custom:scripting/monoscript/fileName/Gloves.cs: 21fa036484600f2d249c1ff665501393 -> 28f9e2f54620c042ed9595f00f2065dc
  custom:scripting/monoscript/fileName/AssetBundleManager.cs: 0e168d48c6d3576e59f6c42f92fecd60 -> c15faaf8b529192dbe9aec9afe4991fd
  custom:scripting/monoscript/fileName/RobeLong.cs: 1a7163e76453fecee35478b548086606 -> f4a05f13d9e9427f236c1f1234a17722
  custom:scripting/monoscript/fileName/InspectTreeView.cs: 4d03769e654689089e5185b09bfc6882 -> 260e1db8105b149fed2e7856746dbf0f
  custom:scripting/monoscript/fileName/MeshLoader.cs: 0b10154577fb1ae0dd2e8310eae4ddf4 -> 514b5b4b4814025e9f754ee22115b972
  custom:scripting/monoscript/fileName/PrevFXBtn.cs: 9adcb6db2d84b99fc2ba85718ff2705c -> d82c337bfc40d281d6f7be6c53a9171d
  custom:scripting/monoscript/fileName/ABModel.cs: d4f2ea81e354d5c73ab4578ede6b09b2 -> efbeff1b31df600fad6d5bea582c7fba
  custom:video-encoder-webm-vp8: eb34c28f22e8b96e1ab97ce403110664 -> 
  custom:scripting/monoscript/fileName/TextureLoader.cs: ef2efb353191380796da06838f0ca27c -> 32fee57eede5dc7675a4e8e137c57785
  custom:scripting/monoscript/fileName/Cloak.cs: 83fee273266203de062b641017c68a04 -> a5348ad8315a274870ac1256b416f4df
  custom:audio-decoder-ogg-vorbis: bf7c407c2cedff20999df2af8eb42d56 -> 
  custom:scripting/monoscript/fileName/Eyebrow.cs: a80914df48c7002be677c64522cce038 -> 60a10d1886232f9d6b3fd8be0c11fca9
  custom:scripting/monoscript/fileName/MeshUVManager.cs: 3a3d4245c35b74c0afddd620ce689573 -> fa1c5e2aa443e2c89e2f51af239fa10f
  custom:scripting/monoscript/fileName/MessageList.cs: 6b608508dbf342db2b025fa4e75150ed -> e187436fd3600e1e0afecc6a8da1f18c
  custom:scripting/monoscript/fileName/ClearMeshColorBtn.cs: 0007c8d870af1fc291acf8c091e58855 -> 45fdc58f7fbca9a24d836bd66f751d53
  custom:scripting/monoscript/fileName/MessageSystem.cs: e1fba72936ec77bbbc283ee14a4e5ac9 -> c1467679f7f8f7989b7c591fe16f095b
  custom:scripting/monoscript/fileName/Helper.cs: c607632c58e5a7e90f5ab372e55f1b53 -> 42ad14543d1a843693f11a1cb7823bdc
  custom:scripting/monoscript/fileName/TorsoAdd.cs: de2919cda7445d192f99b708ac4f8f98 -> 6a719884572b7c749207c858146f4e3c
  custom:scripting/monoscript/fileName/EnumFlagDrawer.cs: 41a8255d04f81b6824e2eb405c56f882 -> 5c63d0c0059ff695bd0ee486d1e93bdc
  custom:scripting/monoscript/fileName/Utility.cs: 28500e0d15bd811ed13877f72f01a728 -> bc7c77987476d2cc716aa6822231009e
  custom:scripting/monoscript/fileName/NextColorBtn.cs: 3c291ea58299c895d1e49ee9d26926c4 -> 3628818366004c784ce7c532472e0770
  custom:scripting/monoscript/fileName/BeltAdd.cs: cb7f04a49673453c6e59d8a19fc25506 -> 23c8e20e1dd3c9ed150a971c41b0440b
  custom:scripting/monoscript/fileName/Skin.cs: b53e0e70cea1e5a2051dbeb2d303d7bf -> fa5b8fbc5e21205ad140661bb8d1d29a
  custom:scripting/monoscript/fileName/PrevMeshColorBtn.cs: 6e7146d83f859cab20d94f99a895303c -> eb2dbdc18e08517d5e99c78a100e7907
  custom:audio-encoder-webm-vorbis: bf7c407c2cedff20999df2af8eb42d56 -> 
  custom:scripting/monoscript/fileName/Helm.cs: c26d56b2bba9bcb0ed144e3501bc4050 -> 015c5ef11547d2a56ec06cbf9181e054
  custom:scripting/monoscript/fileName/Shoulder.cs: cd26873c046cfe405838db4b32b97d24 -> cbc35143cbffbdb744890d07b8670e7e
  custom:scripting/monoscript/fileName/IMeshLoader.cs: 9ae204479feb9db18b224953da5838fd -> 103d9667209b427a4c68ea28303f3cd3
  custom:scripting/monoscript/fileName/AssetListTree.cs: 255920d2dc3ac581fe65ea217df17385 -> 95ef94b9b5c1fc8c166d91a2229d1537
  custom:scripting/monoscript/fileName/MeshTexture.cs: e035409d8c1a139d8e58746d92de0530 -> 1c4c6300614cc8e271b614963931701e
  custom:scripting/monoscript/fileName/AssetBundleTree.cs: db18b513ade8dfdb586627b6c32bbf86 -> 5c86cf837bb6943c3398dc49a567b80f
  custom:scripting/precompiled-assembly-types:Assembly-CSharp: bd61ef89dd052a62cb180bc111b9f981 -> 2a57b7d9ba6c891b20990c959df4dfe7
  custom:scripting/monoscript/fileName/SpriteProcessor.cs: ecdbdd0dbf42b62f38de6c8096601c0d -> b47784218d8c2d820a413741c1f25a1f
  custom:scripting/monoscript/fileName/NextMeshColorBtn.cs: f15a2f312aac46efa390132e8e876a6a -> 3fefab99c46d758ed0e047f19be1644f
  custom:scripting/monoscript/fileName/ClearAllBtn.cs: 6b6df7aa9e75a6cecf2976db793db6eb -> bcba9c9686446fb7cf756301ebf868ec
  custom:scripting/monoscript/fileName/PlayerMoveController.cs: a4e66a81bcb2d723b3fb87dd004c6314 -> cc068b745400ee66c75378bcb7b27fdb
  custom:scripting/monoscript/fileName/ConfigLoader.cs: 62e091607cdc915ce80d4a253b61a2e7 -> db4bab6728472d9dedc7dfcc22e69d2d
  custom:scripting/monoscript/fileName/SaveItem.cs: 9fe0db1767d984560e8ce3cdb5cdd4f1 -> d881a933ade13ea32bf025db14797336
  custom:scripting/monoscript/fileName/SaveData.cs: cb74f51d5ddf1e3c0494034ad7572a91 -> b41c91a98201f94a04946b0cf063c975
  custom:scripting/monoscript/fileName/PrevColorBtn.cs: 745000830732e20a24b2b0544e8a21f7 -> e1d2791f9dd94cc4e35385ca804752d8
========================================================================
Received Prepare
Caller must complete domain reload
Begin MonoManager ReloadAssembly
- Loaded All Assemblies, in  0.964 seconds
Native extension for WindowsStandalone target not found
Native extension for Android target not found
Mono: successfully reloaded assembly
- Finished resetting the current domain, in  1.546 seconds
Domain Reload Profiling: 2504ms
	BeginReloadAssembly (236ms)
		ExecutionOrderSort (0ms)
		DisableScriptedObjects (5ms)
		BackupInstance (0ms)
		ReleaseScriptingObjects (0ms)
		CreateAndSetChildDomain (57ms)
	RebuildCommonClasses (46ms)
	RebuildNativeTypeToScriptingClass (11ms)
	initialDomainReloadingComplete (53ms)
	LoadAllAssembliesAndSetupDomain (611ms)
		LoadAssemblies (651ms)
		RebuildTransferFunctionScriptingTraits (0ms)
		AnalyzeDomain (99ms)
			TypeCache.Refresh (33ms)
				TypeCache.ScanAssembly (9ms)
			ScanForSourceGeneratedMonoScriptInfo (44ms)
			ResolveRequiredComponents (18ms)
	FinalizeReload (1547ms)
		ReleaseScriptCaches (0ms)
		RebuildScriptCaches (0ms)
		SetupLoadedEditorAssemblies (560ms)
			LogAssemblyErrors (0ms)
			InitializePlatformSupportModulesInManaged (20ms)
			SetLoadedEditorAssemblies (5ms)
			RefreshPlugins (0ms)
			BeforeProcessingInitializeOnLoad (97ms)
			ProcessInitializeOnLoadAttributes (340ms)
			ProcessInitializeOnLoadMethodAttributes (87ms)
			AfterProcessingInitializeOnLoad (11ms)
			EditorAssembliesLoaded (0ms)
		ExecutionOrderSort2 (0ms)
		AwakeInstancesAfterBackupRestoration (21ms)
WARNING: Shader Unsupported: 'Toon/Basic Outline' - All subshaders removed
WARNING: Shader Did you use #pragma only_renderers and omit this platform?
WARNING: Shader If subshaders removal was intentional, you may have forgotten turning Fallback off?
WARNING: Shader Unsupported: 'Toon/Basic Outline' - All subshaders removed
WARNING: Shader Did you use #pragma only_renderers and omit this platform?
WARNING: Shader If subshaders removal was intentional, you may have forgotten turning Fallback off?
WARNING: Shader Unsupported: 'Toon/Lit Outline' - All subshaders removed
WARNING: Shader Did you use #pragma only_renderers and omit this platform?
WARNING: Shader If subshaders removal was intentional, you may have forgotten turning Fallback off?
WARNING: Shader Unsupported: 'Toon/Lit Outline' - All subshaders removed
WARNING: Shader Did you use #pragma only_renderers and omit this platform?
WARNING: Shader If subshaders removal was intentional, you may have forgotten turning Fallback off?
Refreshing native plugins compatible for Editor in 7.23 ms, found 4 plugins.
Preloading 0 native plugins for Editor in 0.00 ms.
Unloading 5364 Unused Serialized files (Serialized files now loaded: 0)
Unloading 24 unused Assets / (0.6 MB). Loaded Objects now: 6106.
Memory consumption went from 191.1 MB to 190.4 MB.
Total: 5.072800 ms (FindLiveObjects: 0.556500 ms CreateObjectMapping: 0.551900 ms MarkObjects: 3.506200 ms  DeleteObjects: 0.457300 ms)

Prepare: number of updated asset objects reloaded= 0
AssetImportParameters requested are different than current active one (requested -> active):
  custom:scripting/monoscript/fileName/MeshTypeBone.cs: f2929f2b8ecce3a651b0fd3ffe111924 -> 843ff81fb2c811dcac98decd349efe80
  custom:scripting/monoscript/fileName/ShaderSelector.cs: 685bc00da5c5122ea4d91cfb7c33d4ce -> 521612be2626bcd49281fc726d73115d
  custom:scripting/monoscript/fileName/Hand.cs: 5052127099e76a39f6f2b58ea1ef5c1e -> 192355eabc8b0bb90d2503d57cbc29e1
  custom:scripting/monoscript/fileName/TextureFactory.cs: cee276c059ba8c5d89b2dce85c58444e -> 9b0e0386d21b5055c4b652bc661be2ca
  custom:scripting/monoscript/fileName/ExecuteInternalMono.cs: 3e44be6fc6d7f25500f51fef3364e783 -> c1dae4aa6cbf1512716dd7e8414f8006
  custom:scripting/monoscript/fileName/BundleDetailList.cs: 49a12b558eca8c309cefc20f79be4f08 -> 7b03139c488749eda460103673d30967
  custom:scripting/monoscript/fileName/ChangeSkinMeshBtn.cs: 5c6d8ac28a61c97b01d08415ec68b892 -> 58cbf8e281a1824de7ac09fd6ead4741
  custom:container-demuxer-ogg: 62fdf1f143b41e24485cea50d1cbac27 -> 
  custom:scripting/monoscript/fileName/InspectSingleBundle.cs: c4ddaa812469395f667f8059fbbafbb2 -> ff6bcd7c39743f835ec77986ad4e4842
  custom:scripting/monoscript/fileName/TorsoFX.cs: 8364f33fdfe728687ae399ca95227afe -> 5e6b4d93b934706642170673ecf5c3cb
  custom:scripting/monoscript/fileName/Scar.cs: a42aaa0f7421fdbac285e770432737fe -> 93cf6a2332a708e947886120175eb79a
  custom:scripting/monoscript/fileName/Eye.cs: afd6b945d219259bc28efd165ef781f4 -> 698a2a7ea54ef8de083e5f76c9b8d930
  custom:scripting/monoscript/fileName/PrevTextureBtn.cs: ca06f7a8c9b0f19ce544f3b94a1420fa -> 764f96572b39e13aca5f7f18826c47b4
  custom:scripting/monoscript/fileName/ClearColorBtn.cs: 1e8e6c93adda6a5ba905483e8182c1dd -> c480f5967894d16fe78f727f834b09ac
  custom:scripting/monoscript/fileName/SaveManager.cs: de2264e4a492adfd4c3a4c607fa8c9d4 -> 3fcb126c6a66ba31aa898dd5743caa30
  custom:scripting/monoscript/fileName/PrevCharacterBtn.cs: 8b169ad1106eaf0dbdbff832654707ff -> 82d84ae18bcec8ea0c987e0a3a9d6a13
  custom:scripting/monoscript/fileName/Popup.cs: 1c1ef9080900e5e97d1b14f0b41eadfa -> 2cc3075140bfd1e8dd79773fa10aee0b
  custom:scripting/monoscript/fileName/EditorBundleManager.cs: 25971b08130223425370a0c67fd24c1d -> dc4d9d3c0d3cadbde48071e4065b6fbb
  custom:scripting/monoscript/fileName/LoadBtn.cs: 70bafae7f72c9ee6623f2f31d0779c28 -> 2ea2705ebacd83d0846f91df66c28259
  custom:scripting/monoscript/fileName/TextureTypeMaskSelector.cs: 7ff2a9c585e0132e7eecc431d721fd4f -> c5691a283aa245253aed7fa0115457e3
  custom:scripting/monoscript/fileName/Pants.cs: 6c99c36b54f1584503cd85f530589db5 -> df098d75808a7fb623ca5598aed5b66e
  custom:scripting/monoscript/fileName/ABDataSourceProvider.cs: 4f93c6cdfbe44a00612a956e4ef9ffe7 -> d15a3b944396c4baae05b3f33e2f8331
  custom:video-decoder-ogg-theora: a1e56fd34408186e4bbccfd4996cb3dc -> 
  custom:scripting/monoscript/fileName/MeshManager.cs: 2f249bf80d6ae36c03b9409f5feb6c0d -> 80ab94735750c9af566e7e697efa30bc
  custom:scripting/monoscript/fileName/ABDataSource.cs: 41b8295d17e0ef0ed1d4f959baadf27f -> 7ceefc660d5f297abc8804d14984f27e
  custom:framework-win-MediaFoundation: 216162199b28c13a410421893ffa2e32 -> 
  custom:scripting/monoscript/fileName/NextCharacterBtn.cs: 3c5d6d5f91a48826bcb43d4ef5261f6a -> 271bcb60c5934eb6d4486f66396754c5
  custom:scripting/monoscript/fileName/AssetBundleInspectTab.cs: 945f43d3df2c8ee2453a9a63fa11274c -> 9c287edf6d1d376f12a8f96d01ec074a
  custom:scripting/monoscript/fileName/SaveListView.cs: e595613b43c00299f3513b824b0dabc3 -> 66f5588456e9744a16cd29a95c0a128e
  custom:scripting/monoscript/fileName/MeshFactory.cs: 4bbafa913eed9f0fb1b99654c8762909 -> a5c11ad228aefe2964b1b339054e39bc
  custom:scripting/monoscript/fileName/CharacterCustomizer.cs: 6b998336770e1834435505a2273ed78a -> 
  custom:scripting/monoscript/fileName/TestDatabase.cs: 23855a153a87fda770b086a78bc24d6d -> 
  custom:scripting/monoscript/fileName/AssetDatabaseABDataSource.cs: f87f54f41a9ae61d6c93a1ee4a7276fe -> a9068bde9865684c07718fa2f110ebd4
  custom:scripting/monoscript/fileName/AbstractFXMesh.cs: 2f7f8bc9d1b9e98b83ebf043ab545fae -> 355e798705134331d1b4e13fe77a1ba2
  custom:scripting/monoscript/fileName/IConfigLoader.cs: 290018350438b79782c4b9fdba32926e -> a4ccf3c5021bb9e95d5d05a0a09bf8bd
  custom:scripting/monoscript/fileName/ABModelBundleInfo.cs: 2188b089518dc510222192403494a01e -> 9fa50afaf3db0543d3d887b15c00368c
  custom:scripting/monoscript/fileName/Leg.cs: ef7b14f4330dc25387e1b59f0290d188 -> 43594c645958cd98f0dcb60d0855f6d1
  custom:scripting/monoscript/fileName/ABModelAssetInfo.cs: 30e23a9e1ca57fffc37b721992bcf1a0 -> cf869514a0bf82899ce1cda23bdb700e
  custom:scripting/monoscript/fileName/MeshTypeMaskSelector.cs: e94ba6f4a1adba4feee5fb7cc4e351fe -> ed92edda1c9655f258c64f35a85ef583
  custom:scripting/monoscript/fileName/ClearMeshBtn.cs: b14d5ced1c19826bfc491001a3f185d1 -> d990ebc2143de5948aea2a5badbfe15b
  custom:scripting/monoscript/fileName/MeshAndTextureTypeMaskSelector.cs: fdba9a050c9e3646ce8e80b7e936d037 -> 8a4bea39d5d059db9f897ddcbaaa5fb6
  custom:scripting/monoscript/fileName/FxMeshFactory.cs: c3e28ca0186ef5ee5525c8801ad21c5a -> 0c8ff1afadd69a3595c5d00772f68410
  custom:scripting/monoscript/fileName/FXTypeMaskSelector.cs: d74f6e4a0bcd101e2717459b81084106 -> 0f6cbde77ec3d316ca044b2bb5952a3c
  custom:scripting/monoscript/fileName/PlayerController.cs: 5b090d859ab09be631dc3b0f203f9571 -> d93a52a180fbbe603a59e9aa6da73c83
  custom:scripting/monoscript/fileName/BuildScript.cs: 426ea9e2914d6e2d91f1414353c5dafc -> 337dba19c2e29ee8e4980fc4e2019d2f
  custom:scripting/monoscript/fileName/ClearSkinMeshBtn.cs: 82d2655784ebc16abf5528736d619a9b -> a8f6aebd6c57b68160badb6bcb2d0ed6
  custom:scripting/monoscript/fileName/CreateCharacterWizard.cs: acfc968f24a9426403bd5add4843dcf8 -> 45f0e70a15c8659931d42d36cb8cac07
  custom:CustomObjectIndexerAttribute: 72b91833f83ae208fae7752999fa3104 -> 
  custom:scripting/monoscript/fileName/AbstractTexture.cs: 5fe6f2f7be7fb5a86569856b4345a004 -> e0980b08fec448804b26f5b6dad65dfd
  custom:scripting/monoscript/fileName/FollowCamera.cs: 2d720f10865b64f024b0e3fccdd261c7 -> 8d6eb8e229738de226ec56d9e22b6b63
  custom:scripting/monoscript/fileName/FxMeshTypeBone.cs: f85b6921dfd1e47314410f2e3b110e25 -> c7f230be3097e0ffbcff74b002f4c068
  custom:scripting/monoscript/fileName/AssetbundlesMenuItems.cs: c3bdb3cf11cdd131fd9c40f5c72fdbb7 -> bacd4da6799b9476bee68e043690ff36
  custom:scripting/monoscript/fileName/CharacterRendererUI.cs: 494bfcacef163a63e00e0a76e5490b75 -> 
  custom:scripting/monoscript/fileName/Arm.cs: 4102684b6836edb71c1e92ebf943cfad -> b923216ab6f821207b08c03afd4c6525
  custom:container-demuxer-webm: 4f35f7cbe854078d1ac9338744f61a02 -> 
  custom:scripting/monoscript/fileName/NextMeshBtn.cs: c626932f4e3ef625c1f95cbb7df53377 -> c475632899117e513eda9e15e910b76e
  custom:scripting/monoscript/fileName/FaceFeature.cs: 4fb49a14cfb347e565b8520b489cd06f -> 2d58afa4a16bca365a6beb0bf6bfaea3
  custom:scripting/monoscript/fileName/SavePrefabBtn.cs: 3a461d0b73e33e6450805a3d4c14cf7e -> fb80c3034ef9c4f90fa622ffe7f9f829
  custom:scripting/monoscript/fileName/LoaderManager.cs: 369c2be46c8c25c8c25ebdc236e1107b -> de56154becf62ebc4f0181681035238d
  custom:scripting/monoscript/fileName/SaveNameInput.cs: 38a66e5dc26bdeafde0ff106788ee663 -> aae89d2fa016e54079d9c4371e2e5f50
  custom:scripting/monoscript/fileName/Config.cs: e85a922a2347c074e5939d78a5a7a10e -> 7351639d5127e04bc4fcb4671c4a17fb
  custom:scripting/monoscript/fileName/EyeFX.cs: bb3e917396c4b9336da3800cda69d75f -> 0e9063be2785787a64aac5ac3958ba88
  custom:scripting/monoscript/fileName/CategoryPanel.cs: 2ede49e7213c224cf2b42e7bf0785af5 -> 
  custom:scripting/monoscript/fileName/JumpFallBehaviour.cs: 6e303c4d540ce7e39efab9189bb22bcd -> 71c001d1ad34a6d3b319feace6bde3ef
  custom:scripting/monoscript/fileName/PrevMeshBtn.cs: e4cc6e23cf1ae834cfc676eb293c1a5c -> b3d8856e7d265dc9c0dfa6c173a5ecfd
  custom:container-muxer-webm: aa71ff27fc2769a1b78a27578f13a17b -> 
  custom:scripting/monoscript/fileName/ClearTextureBtn.cs: 4f31783abce9af1d7ec4839287fef475 -> e3b2bcf1edcb5118f2edfda92d79dc01
  custom:scripting/monoscript/fileName/Shoes.cs: 066ec4aa35b5452249c3208e4decccac -> a3171f40fe6c3d65d3385917721d6b32
  custom:video-decoder-webm-vp8: 9c59270c3fd7afecdb556c50c9e8de78 -> 
  custom:scripting/monoscript/fileName/ConfigManager.cs: ecadd354c11a441a4c89b5fd7a9f00e6 -> caea2b28af0ab9e40fec80621d2354a1
  custom:scripting/monoscript/fileName/ClearFXBtn.cs: 9a39f15de353636ac82e469249897f2d -> 7bb97525152b99fa74400a29eaa13dea
  custom:scripting/monoscript/fileName/ClosePopup.cs: b8d454205b2ceefe37b5fd3a66ce3f21 -> 55d4b78c13dd76e50d9c188109fdf0bb
  custom:SearchIndexIgnoredProperties: e643bd26f0fe6173181afceb89e7c659 -> 
  custom:scripting/monoscript/fileName/Belt.cs: 57f9cd2ecc900069b427149243ef3bc5 -> 49eb07e37613e7bc3cd2ca1c5688a06b
  custom:AudioImporter_EditorPlatform: d09bf68614088b80899f8185d706f6e7 -> 
  custom:scripting/monoscript/fileName/AssetBundleLoadOperation.cs: 6671757952e868610efe84deb7d10911 -> 5e23b7cfd6b1aefafff250cf74ef9147
  custom:scripting/monoscript/fileName/PrevSkinMeshBtn.cs: 4b975732b197cfed11faf978a39a86d9 -> 949d41495696a789e910ed4bddee68c8
  custom:scripting/monoscript/fileName/RandomBtn.cs: 09358cb3d53669a5fb3911b12bed41f9 -> 851c8dec69594280621f9ae4205a836d
  custom:scripting/monoscript/fileName/Beard.cs: fcba2011bd59aa862783e312bcb3f1ed -> 25619eaf3bae2cd2a4b58a1e35f6de63
  custom:scripting/monoscript/fileName/EnumFlagAttribute.cs: 74d0d26091c169f8de5e9bf42af43876 -> 955415b54787984cbbb8aa271c5326e3
  custom:scripting/monoscript/fileName/LaunchAssetBundleServer.cs: fde14ca75a313e949066fe5170090bd6 -> 43db2fb10887bbfb076c6767daba67bd
  custom:scripting/monoscript/fileName/TextureManager.cs: e8b62e3c8c466c37ed390308c47b609f -> aaabee5faa243fca33eb568630ae6e8e
  custom:scripting/monoscript/fileName/RobeShort.cs: 98a985110c88276dffccdebb9b45a97a -> 3c6d536f5d6b37080b8a61040ec81de3
  custom:scripting/monoscript/fileName/AssetBundleRecord.cs: 5e3e2662beb76f92f544ca3a6af0a002 -> 5a3119d6abe586168b6fe06c7e98c69c
  custom:scripting/monoscript/fileName/TogglePopup.cs: e3546a95722da3ab7907a444f1349cba -> 1d986db86e682e16edccd0653eb2aad7
  custom:scripting/monoscript/fileName/ITextureLoader.cs: fb942611a67ee29c2d3906a7f2b2ca06 -> 5adc935e3b3fb7761c6d5c127df50233
  custom:scripting/monoscript/fileName/SaveBtn.cs: 3dfbd63f5b032b539a11095805980518 -> 62cda288bb207ed68b5083d6b77f7471
  custom:scripting/monoscript/fileName/NextSkinMeshBtn.cs: 7bde284a6144f85f7d24cd53fe360afe -> c82eddd7edff4db94905f44ef59144c1
  custom:scripting/monoscript/fileName/Head.cs: ef8602f0e05bb6f56d36072970253a56 -> 6728c540b9905eb1de06718fa4aae534
  custom:scripting/monoscript/fileName/NextFXBtn.cs: ec23ffa473c712e78d6eb18c4ae448be -> 7e2755ad9a90b6ecb18961111ed6b016
  custom:scripting/monoscript/fileName/AssetBundleBrowserMain.cs: adf460d08e5161db4df4e9efbad520b6 -> d6cbb84444c9fdda30a8092bb0794cf7
  custom:scripting/monoscript/fileName/JSONMap.cs: 0cc7c12ea7048b3ee204a6864ec14612 -> f72d2edab136c1eb89bac454d589dbd3
  custom:scripting/monoscript/fileName/AssetBundleManageTab.cs: cd787c8175c6b452036330db58559128 -> 31b1d66e60f6e821749b4e2c88c32cdd
  custom:scripting/monoscript/fileName/Torso.cs: 69b7e0d6a62aacc036b1886a4ba2587b -> 54ee6015ea03462115d4c3153edbdf8c
  custom:scripting/monoscript/fileName/AssetBundleBuildTab.cs: e4d3d716146519b1f52f6c0fe7ec5a47 -> c4f1a336c5910d1832fd9e6c972559ad
  custom:scripting/monoscript/fileName/Hair.cs: 1f4e341ec44f1e9a43da832f30eda5e7 -> a794926f97f7a5e9c465865fe7af5e1b
  custom:scripting/monoscript/fileName/AbstractMesh.cs: f416745403975ff81463073698d6e017 -> 8184b2a66042d8caaccbbd20ed31dc56
  custom:scripting/monoscript/fileName/NextTextureBtn.cs: d5a300ee8993aada97b6138db78b58aa -> 68286e9f0e1d42eee9d43ba74e34330f
  custom:scripting/monoscript/fileName/Gloves.cs: 21fa036484600f2d249c1ff665501393 -> 28f9e2f54620c042ed9595f00f2065dc
  custom:scripting/monoscript/fileName/AssetBundleManager.cs: 0e168d48c6d3576e59f6c42f92fecd60 -> c15faaf8b529192dbe9aec9afe4991fd
  custom:scripting/monoscript/fileName/RobeLong.cs: 1a7163e76453fecee35478b548086606 -> f4a05f13d9e9427f236c1f1234a17722
  custom:scripting/monoscript/fileName/InspectTreeView.cs: 4d03769e654689089e5185b09bfc6882 -> 260e1db8105b149fed2e7856746dbf0f
  custom:scripting/monoscript/fileName/MeshLoader.cs: 0b10154577fb1ae0dd2e8310eae4ddf4 -> 514b5b4b4814025e9f754ee22115b972
  custom:scripting/monoscript/fileName/PrevFXBtn.cs: 9adcb6db2d84b99fc2ba85718ff2705c -> d82c337bfc40d281d6f7be6c53a9171d
  custom:scripting/monoscript/fileName/ABModel.cs: d4f2ea81e354d5c73ab4578ede6b09b2 -> efbeff1b31df600fad6d5bea582c7fba
  custom:video-encoder-webm-vp8: eb34c28f22e8b96e1ab97ce403110664 -> 
  custom:scripting/monoscript/fileName/TextureLoader.cs: ef2efb353191380796da06838f0ca27c -> 32fee57eede5dc7675a4e8e137c57785
  custom:scripting/monoscript/fileName/Cloak.cs: 83fee273266203de062b641017c68a04 -> a5348ad8315a274870ac1256b416f4df
  custom:audio-decoder-ogg-vorbis: bf7c407c2cedff20999df2af8eb42d56 -> 
  custom:scripting/monoscript/fileName/Eyebrow.cs: a80914df48c7002be677c64522cce038 -> 60a10d1886232f9d6b3fd8be0c11fca9
  custom:scripting/monoscript/fileName/MeshUVManager.cs: 3a3d4245c35b74c0afddd620ce689573 -> fa1c5e2aa443e2c89e2f51af239fa10f
  custom:scripting/monoscript/fileName/MessageList.cs: 6b608508dbf342db2b025fa4e75150ed -> e187436fd3600e1e0afecc6a8da1f18c
  custom:scripting/monoscript/fileName/ClearMeshColorBtn.cs: 0007c8d870af1fc291acf8c091e58855 -> 45fdc58f7fbca9a24d836bd66f751d53
  custom:scripting/monoscript/fileName/MessageSystem.cs: e1fba72936ec77bbbc283ee14a4e5ac9 -> c1467679f7f8f7989b7c591fe16f095b
  custom:scripting/monoscript/fileName/Helper.cs: c607632c58e5a7e90f5ab372e55f1b53 -> 42ad14543d1a843693f11a1cb7823bdc
  custom:scripting/monoscript/fileName/TorsoAdd.cs: de2919cda7445d192f99b708ac4f8f98 -> 6a719884572b7c749207c858146f4e3c
  custom:scripting/monoscript/fileName/EnumFlagDrawer.cs: 41a8255d04f81b6824e2eb405c56f882 -> 5c63d0c0059ff695bd0ee486d1e93bdc
  custom:scripting/monoscript/fileName/Utility.cs: 28500e0d15bd811ed13877f72f01a728 -> bc7c77987476d2cc716aa6822231009e
  custom:scripting/monoscript/fileName/NextColorBtn.cs: 3c291ea58299c895d1e49ee9d26926c4 -> 3628818366004c784ce7c532472e0770
  custom:scripting/monoscript/fileName/BeltAdd.cs: cb7f04a49673453c6e59d8a19fc25506 -> 23c8e20e1dd3c9ed150a971c41b0440b
  custom:scripting/monoscript/fileName/Skin.cs: b53e0e70cea1e5a2051dbeb2d303d7bf -> fa5b8fbc5e21205ad140661bb8d1d29a
  custom:scripting/monoscript/fileName/PrevMeshColorBtn.cs: 6e7146d83f859cab20d94f99a895303c -> eb2dbdc18e08517d5e99c78a100e7907
  custom:audio-encoder-webm-vorbis: bf7c407c2cedff20999df2af8eb42d56 -> 
  custom:scripting/monoscript/fileName/Helm.cs: c26d56b2bba9bcb0ed144e3501bc4050 -> 015c5ef11547d2a56ec06cbf9181e054
  custom:scripting/monoscript/fileName/Shoulder.cs: cd26873c046cfe405838db4b32b97d24 -> cbc35143cbffbdb744890d07b8670e7e
  custom:scripting/monoscript/fileName/IMeshLoader.cs: 9ae204479feb9db18b224953da5838fd -> 103d9667209b427a4c68ea28303f3cd3
  custom:scripting/monoscript/fileName/AssetListTree.cs: 255920d2dc3ac581fe65ea217df17385 -> 95ef94b9b5c1fc8c166d91a2229d1537
  custom:scripting/monoscript/fileName/MeshTexture.cs: e035409d8c1a139d8e58746d92de0530 -> 1c4c6300614cc8e271b614963931701e
  custom:scripting/monoscript/fileName/AssetBundleTree.cs: db18b513ade8dfdb586627b6c32bbf86 -> 5c86cf837bb6943c3398dc49a567b80f
  custom:scripting/precompiled-assembly-types:Assembly-CSharp: bd61ef89dd052a62cb180bc111b9f981 -> 2a57b7d9ba6c891b20990c959df4dfe7
  custom:scripting/monoscript/fileName/SpriteProcessor.cs: ecdbdd0dbf42b62f38de6c8096601c0d -> b47784218d8c2d820a413741c1f25a1f
  custom:scripting/monoscript/fileName/NextMeshColorBtn.cs: f15a2f312aac46efa390132e8e876a6a -> 3fefab99c46d758ed0e047f19be1644f
  custom:scripting/monoscript/fileName/ClearAllBtn.cs: 6b6df7aa9e75a6cecf2976db793db6eb -> bcba9c9686446fb7cf756301ebf868ec
  custom:scripting/monoscript/fileName/PlayerMoveController.cs: a4e66a81bcb2d723b3fb87dd004c6314 -> cc068b745400ee66c75378bcb7b27fdb
  custom:scripting/monoscript/fileName/ConfigLoader.cs: 62e091607cdc915ce80d4a253b61a2e7 -> db4bab6728472d9dedc7dfcc22e69d2d
  custom:scripting/monoscript/fileName/SaveItem.cs: 9fe0db1767d984560e8ce3cdb5cdd4f1 -> d881a933ade13ea32bf025db14797336
  custom:scripting/monoscript/fileName/SaveData.cs: cb74f51d5ddf1e3c0494034ad7572a91 -> b41c91a98201f94a04946b0cf063c975
  custom:scripting/monoscript/fileName/PrevColorBtn.cs: 745000830732e20a24b2b0544e8a21f7 -> e1d2791f9dd94cc4e35385ca804752d8
========================================================================
Received Prepare
Caller must complete domain reload
Begin MonoManager ReloadAssembly
- Loaded All Assemblies, in  0.808 seconds
Native extension for WindowsStandalone target not found
Native extension for Android target not found
Mono: successfully reloaded assembly
- Finished resetting the current domain, in  1.626 seconds
Domain Reload Profiling: 2429ms
	BeginReloadAssembly (217ms)
		ExecutionOrderSort (0ms)
		DisableScriptedObjects (5ms)
		BackupInstance (0ms)
		ReleaseScriptingObjects (0ms)
		CreateAndSetChildDomain (51ms)
	RebuildCommonClasses (36ms)
	RebuildNativeTypeToScriptingClass (11ms)
	initialDomainReloadingComplete (44ms)
	LoadAllAssembliesAndSetupDomain (495ms)
		LoadAssemblies (529ms)
		RebuildTransferFunctionScriptingTraits (0ms)
		AnalyzeDomain (88ms)
			TypeCache.Refresh (25ms)
				TypeCache.ScanAssembly (5ms)
			ScanForSourceGeneratedMonoScriptInfo (37ms)
			ResolveRequiredComponents (21ms)
	FinalizeReload (1627ms)
		ReleaseScriptCaches (0ms)
		RebuildScriptCaches (0ms)
		SetupLoadedEditorAssemblies (519ms)
			LogAssemblyErrors (0ms)
			InitializePlatformSupportModulesInManaged (21ms)
			SetLoadedEditorAssemblies (6ms)
			RefreshPlugins (0ms)
			BeforeProcessingInitializeOnLoad (100ms)
			ProcessInitializeOnLoadAttributes (309ms)
			ProcessInitializeOnLoadMethodAttributes (70ms)
			AfterProcessingInitializeOnLoad (10ms)
			EditorAssembliesLoaded (0ms)
		ExecutionOrderSort2 (0ms)
		AwakeInstancesAfterBackupRestoration (19ms)
WARNING: Shader Unsupported: 'Toon/Basic Outline' - All subshaders removed
WARNING: Shader Did you use #pragma only_renderers and omit this platform?
WARNING: Shader If subshaders removal was intentional, you may have forgotten turning Fallback off?
WARNING: Shader Unsupported: 'Toon/Basic Outline' - All subshaders removed
WARNING: Shader Did you use #pragma only_renderers and omit this platform?
WARNING: Shader If subshaders removal was intentional, you may have forgotten turning Fallback off?
WARNING: Shader Unsupported: 'Toon/Lit Outline' - All subshaders removed
WARNING: Shader Did you use #pragma only_renderers and omit this platform?
WARNING: Shader If subshaders removal was intentional, you may have forgotten turning Fallback off?
WARNING: Shader Unsupported: 'Toon/Lit Outline' - All subshaders removed
WARNING: Shader Did you use #pragma only_renderers and omit this platform?
WARNING: Shader If subshaders removal was intentional, you may have forgotten turning Fallback off?
Refreshing native plugins compatible for Editor in 7.25 ms, found 4 plugins.
Preloading 0 native plugins for Editor in 0.00 ms.
Unloading 5364 Unused Serialized files (Serialized files now loaded: 0)
Unloading 24 unused Assets / (0.6 MB). Loaded Objects now: 6111.
Memory consumption went from 191.1 MB to 190.5 MB.
Total: 6.826900 ms (FindLiveObjects: 0.732500 ms CreateObjectMapping: 1.041600 ms MarkObjects: 4.616100 ms  DeleteObjects: 0.434500 ms)

Prepare: number of updated asset objects reloaded= 0
AssetImportParameters requested are different than current active one (requested -> active):
  custom:scripting/monoscript/fileName/MeshTypeBone.cs: f2929f2b8ecce3a651b0fd3ffe111924 -> 843ff81fb2c811dcac98decd349efe80
  custom:scripting/monoscript/fileName/ShaderSelector.cs: 685bc00da5c5122ea4d91cfb7c33d4ce -> 521612be2626bcd49281fc726d73115d
  custom:scripting/monoscript/fileName/Hand.cs: 5052127099e76a39f6f2b58ea1ef5c1e -> 192355eabc8b0bb90d2503d57cbc29e1
  custom:scripting/monoscript/fileName/TextureFactory.cs: cee276c059ba8c5d89b2dce85c58444e -> 9b0e0386d21b5055c4b652bc661be2ca
  custom:scripting/monoscript/fileName/ExecuteInternalMono.cs: 3e44be6fc6d7f25500f51fef3364e783 -> c1dae4aa6cbf1512716dd7e8414f8006
  custom:scripting/monoscript/fileName/BundleDetailList.cs: 49a12b558eca8c309cefc20f79be4f08 -> 7b03139c488749eda460103673d30967
  custom:scripting/monoscript/fileName/ChangeSkinMeshBtn.cs: 5c6d8ac28a61c97b01d08415ec68b892 -> 58cbf8e281a1824de7ac09fd6ead4741
  custom:container-demuxer-ogg: 62fdf1f143b41e24485cea50d1cbac27 -> 
  custom:scripting/monoscript/fileName/InspectSingleBundle.cs: c4ddaa812469395f667f8059fbbafbb2 -> ff6bcd7c39743f835ec77986ad4e4842
  custom:scripting/monoscript/fileName/TorsoFX.cs: 8364f33fdfe728687ae399ca95227afe -> 5e6b4d93b934706642170673ecf5c3cb
  custom:scripting/monoscript/fileName/Scar.cs: a42aaa0f7421fdbac285e770432737fe -> 93cf6a2332a708e947886120175eb79a
  custom:scripting/monoscript/fileName/Eye.cs: afd6b945d219259bc28efd165ef781f4 -> 698a2a7ea54ef8de083e5f76c9b8d930
  custom:scripting/monoscript/fileName/PrevTextureBtn.cs: ca06f7a8c9b0f19ce544f3b94a1420fa -> 764f96572b39e13aca5f7f18826c47b4
  custom:scripting/monoscript/fileName/ClearColorBtn.cs: 1e8e6c93adda6a5ba905483e8182c1dd -> c480f5967894d16fe78f727f834b09ac
  custom:scripting/monoscript/fileName/SaveManager.cs: de2264e4a492adfd4c3a4c607fa8c9d4 -> 3fcb126c6a66ba31aa898dd5743caa30
  custom:scripting/monoscript/fileName/PrevCharacterBtn.cs: 8b169ad1106eaf0dbdbff832654707ff -> 82d84ae18bcec8ea0c987e0a3a9d6a13
  custom:scripting/monoscript/fileName/Popup.cs: 1c1ef9080900e5e97d1b14f0b41eadfa -> 2cc3075140bfd1e8dd79773fa10aee0b
  custom:scripting/monoscript/fileName/EditorBundleManager.cs: 25971b08130223425370a0c67fd24c1d -> dc4d9d3c0d3cadbde48071e4065b6fbb
  custom:scripting/monoscript/fileName/LoadBtn.cs: 70bafae7f72c9ee6623f2f31d0779c28 -> 2ea2705ebacd83d0846f91df66c28259
  custom:scripting/monoscript/fileName/TextureTypeMaskSelector.cs: 7ff2a9c585e0132e7eecc431d721fd4f -> c5691a283aa245253aed7fa0115457e3
  custom:scripting/monoscript/fileName/Pants.cs: 6c99c36b54f1584503cd85f530589db5 -> df098d75808a7fb623ca5598aed5b66e
  custom:scripting/monoscript/fileName/ABDataSourceProvider.cs: 4f93c6cdfbe44a00612a956e4ef9ffe7 -> d15a3b944396c4baae05b3f33e2f8331
  custom:video-decoder-ogg-theora: a1e56fd34408186e4bbccfd4996cb3dc -> 
  custom:scripting/monoscript/fileName/MeshManager.cs: 2f249bf80d6ae36c03b9409f5feb6c0d -> 80ab94735750c9af566e7e697efa30bc
  custom:scripting/monoscript/fileName/ABDataSource.cs: 41b8295d17e0ef0ed1d4f959baadf27f -> 7ceefc660d5f297abc8804d14984f27e
  custom:framework-win-MediaFoundation: 216162199b28c13a410421893ffa2e32 -> 
  custom:scripting/monoscript/fileName/NextCharacterBtn.cs: 3c5d6d5f91a48826bcb43d4ef5261f6a -> 271bcb60c5934eb6d4486f66396754c5
  custom:scripting/monoscript/fileName/AssetBundleInspectTab.cs: 945f43d3df2c8ee2453a9a63fa11274c -> 9c287edf6d1d376f12a8f96d01ec074a
  custom:scripting/monoscript/fileName/SaveListView.cs: e595613b43c00299f3513b824b0dabc3 -> 66f5588456e9744a16cd29a95c0a128e
  custom:scripting/monoscript/fileName/MeshFactory.cs: 4bbafa913eed9f0fb1b99654c8762909 -> a5c11ad228aefe2964b1b339054e39bc
  custom:scripting/monoscript/fileName/CharacterCustomizer.cs: 6b998336770e1834435505a2273ed78a -> 
  custom:scripting/monoscript/fileName/TestDatabase.cs: 23855a153a87fda770b086a78bc24d6d -> 
  custom:scripting/monoscript/fileName/AssetDatabaseABDataSource.cs: f87f54f41a9ae61d6c93a1ee4a7276fe -> a9068bde9865684c07718fa2f110ebd4
  custom:scripting/monoscript/fileName/AbstractFXMesh.cs: 2f7f8bc9d1b9e98b83ebf043ab545fae -> 355e798705134331d1b4e13fe77a1ba2
  custom:scripting/monoscript/fileName/IConfigLoader.cs: 290018350438b79782c4b9fdba32926e -> a4ccf3c5021bb9e95d5d05a0a09bf8bd
  custom:scripting/monoscript/fileName/ABModelBundleInfo.cs: 2188b089518dc510222192403494a01e -> 9fa50afaf3db0543d3d887b15c00368c
  custom:scripting/monoscript/fileName/Leg.cs: ef7b14f4330dc25387e1b59f0290d188 -> 43594c645958cd98f0dcb60d0855f6d1
  custom:scripting/monoscript/fileName/ABModelAssetInfo.cs: 30e23a9e1ca57fffc37b721992bcf1a0 -> cf869514a0bf82899ce1cda23bdb700e
  custom:scripting/monoscript/fileName/MeshTypeMaskSelector.cs: e94ba6f4a1adba4feee5fb7cc4e351fe -> ed92edda1c9655f258c64f35a85ef583
  custom:scripting/monoscript/fileName/ClearMeshBtn.cs: b14d5ced1c19826bfc491001a3f185d1 -> d990ebc2143de5948aea2a5badbfe15b
  custom:scripting/monoscript/fileName/MeshAndTextureTypeMaskSelector.cs: fdba9a050c9e3646ce8e80b7e936d037 -> 8a4bea39d5d059db9f897ddcbaaa5fb6
  custom:scripting/monoscript/fileName/FxMeshFactory.cs: c3e28ca0186ef5ee5525c8801ad21c5a -> 0c8ff1afadd69a3595c5d00772f68410
  custom:scripting/monoscript/fileName/FXTypeMaskSelector.cs: d74f6e4a0bcd101e2717459b81084106 -> 0f6cbde77ec3d316ca044b2bb5952a3c
  custom:scripting/monoscript/fileName/PlayerController.cs: 5b090d859ab09be631dc3b0f203f9571 -> d93a52a180fbbe603a59e9aa6da73c83
  custom:scripting/monoscript/fileName/BuildScript.cs: 426ea9e2914d6e2d91f1414353c5dafc -> 337dba19c2e29ee8e4980fc4e2019d2f
  custom:scripting/monoscript/fileName/ClearSkinMeshBtn.cs: 82d2655784ebc16abf5528736d619a9b -> a8f6aebd6c57b68160badb6bcb2d0ed6
  custom:scripting/monoscript/fileName/CreateCharacterWizard.cs: acfc968f24a9426403bd5add4843dcf8 -> 45f0e70a15c8659931d42d36cb8cac07
  custom:CustomObjectIndexerAttribute: 72b91833f83ae208fae7752999fa3104 -> 
  custom:scripting/monoscript/fileName/AbstractTexture.cs: 5fe6f2f7be7fb5a86569856b4345a004 -> e0980b08fec448804b26f5b6dad65dfd
  custom:scripting/monoscript/fileName/FollowCamera.cs: 2d720f10865b64f024b0e3fccdd261c7 -> 8d6eb8e229738de226ec56d9e22b6b63
  custom:scripting/monoscript/fileName/FxMeshTypeBone.cs: f85b6921dfd1e47314410f2e3b110e25 -> c7f230be3097e0ffbcff74b002f4c068
  custom:scripting/monoscript/fileName/AssetbundlesMenuItems.cs: c3bdb3cf11cdd131fd9c40f5c72fdbb7 -> bacd4da6799b9476bee68e043690ff36
  custom:scripting/monoscript/fileName/CharacterRendererUI.cs: 494bfcacef163a63e00e0a76e5490b75 -> 
  custom:scripting/monoscript/fileName/Arm.cs: 4102684b6836edb71c1e92ebf943cfad -> b923216ab6f821207b08c03afd4c6525
  custom:container-demuxer-webm: 4f35f7cbe854078d1ac9338744f61a02 -> 
  custom:scripting/monoscript/fileName/NextMeshBtn.cs: c626932f4e3ef625c1f95cbb7df53377 -> c475632899117e513eda9e15e910b76e
  custom:scripting/monoscript/fileName/FaceFeature.cs: 4fb49a14cfb347e565b8520b489cd06f -> 2d58afa4a16bca365a6beb0bf6bfaea3
  custom:scripting/monoscript/fileName/SavePrefabBtn.cs: 3a461d0b73e33e6450805a3d4c14cf7e -> fb80c3034ef9c4f90fa622ffe7f9f829
  custom:scripting/monoscript/fileName/LoaderManager.cs: 369c2be46c8c25c8c25ebdc236e1107b -> de56154becf62ebc4f0181681035238d
  custom:scripting/monoscript/fileName/SaveNameInput.cs: 38a66e5dc26bdeafde0ff106788ee663 -> aae89d2fa016e54079d9c4371e2e5f50
  custom:scripting/monoscript/fileName/Config.cs: e85a922a2347c074e5939d78a5a7a10e -> 7351639d5127e04bc4fcb4671c4a17fb
  custom:scripting/monoscript/fileName/EyeFX.cs: bb3e917396c4b9336da3800cda69d75f -> 0e9063be2785787a64aac5ac3958ba88
  custom:scripting/monoscript/fileName/CategoryPanel.cs: 2ede49e7213c224cf2b42e7bf0785af5 -> 
  custom:scripting/monoscript/fileName/JumpFallBehaviour.cs: 6e303c4d540ce7e39efab9189bb22bcd -> 71c001d1ad34a6d3b319feace6bde3ef
  custom:scripting/monoscript/fileName/PrevMeshBtn.cs: e4cc6e23cf1ae834cfc676eb293c1a5c -> b3d8856e7d265dc9c0dfa6c173a5ecfd
  custom:container-muxer-webm: aa71ff27fc2769a1b78a27578f13a17b -> 
  custom:scripting/monoscript/fileName/ClearTextureBtn.cs: 4f31783abce9af1d7ec4839287fef475 -> e3b2bcf1edcb5118f2edfda92d79dc01
  custom:scripting/monoscript/fileName/Shoes.cs: 066ec4aa35b5452249c3208e4decccac -> a3171f40fe6c3d65d3385917721d6b32
  custom:video-decoder-webm-vp8: 9c59270c3fd7afecdb556c50c9e8de78 -> 
  custom:scripting/monoscript/fileName/ConfigManager.cs: ecadd354c11a441a4c89b5fd7a9f00e6 -> caea2b28af0ab9e40fec80621d2354a1
  custom:scripting/monoscript/fileName/ClearFXBtn.cs: 9a39f15de353636ac82e469249897f2d -> 7bb97525152b99fa74400a29eaa13dea
  custom:scripting/monoscript/fileName/ClosePopup.cs: b8d454205b2ceefe37b5fd3a66ce3f21 -> 55d4b78c13dd76e50d9c188109fdf0bb
  custom:SearchIndexIgnoredProperties: e643bd26f0fe6173181afceb89e7c659 -> 
  custom:scripting/monoscript/fileName/Belt.cs: 57f9cd2ecc900069b427149243ef3bc5 -> 49eb07e37613e7bc3cd2ca1c5688a06b
  custom:AudioImporter_EditorPlatform: d09bf68614088b80899f8185d706f6e7 -> 
  custom:scripting/monoscript/fileName/AssetBundleLoadOperation.cs: 6671757952e868610efe84deb7d10911 -> 5e23b7cfd6b1aefafff250cf74ef9147
  custom:scripting/monoscript/fileName/PrevSkinMeshBtn.cs: 4b975732b197cfed11faf978a39a86d9 -> 949d41495696a789e910ed4bddee68c8
  custom:scripting/monoscript/fileName/RandomBtn.cs: 09358cb3d53669a5fb3911b12bed41f9 -> 851c8dec69594280621f9ae4205a836d
  custom:scripting/monoscript/fileName/Beard.cs: fcba2011bd59aa862783e312bcb3f1ed -> 25619eaf3bae2cd2a4b58a1e35f6de63
  custom:scripting/monoscript/fileName/EnumFlagAttribute.cs: 74d0d26091c169f8de5e9bf42af43876 -> 955415b54787984cbbb8aa271c5326e3
  custom:scripting/monoscript/fileName/LaunchAssetBundleServer.cs: fde14ca75a313e949066fe5170090bd6 -> 43db2fb10887bbfb076c6767daba67bd
  custom:scripting/monoscript/fileName/TextureManager.cs: e8b62e3c8c466c37ed390308c47b609f -> aaabee5faa243fca33eb568630ae6e8e
  custom:scripting/monoscript/fileName/RobeShort.cs: 98a985110c88276dffccdebb9b45a97a -> 3c6d536f5d6b37080b8a61040ec81de3
  custom:scripting/monoscript/fileName/AssetBundleRecord.cs: 5e3e2662beb76f92f544ca3a6af0a002 -> 5a3119d6abe586168b6fe06c7e98c69c
  custom:scripting/monoscript/fileName/TogglePopup.cs: e3546a95722da3ab7907a444f1349cba -> 1d986db86e682e16edccd0653eb2aad7
  custom:scripting/monoscript/fileName/ITextureLoader.cs: fb942611a67ee29c2d3906a7f2b2ca06 -> 5adc935e3b3fb7761c6d5c127df50233
  custom:scripting/monoscript/fileName/SaveBtn.cs: 3dfbd63f5b032b539a11095805980518 -> 62cda288bb207ed68b5083d6b77f7471
  custom:scripting/monoscript/fileName/NextSkinMeshBtn.cs: 7bde284a6144f85f7d24cd53fe360afe -> c82eddd7edff4db94905f44ef59144c1
  custom:scripting/monoscript/fileName/Head.cs: ef8602f0e05bb6f56d36072970253a56 -> 6728c540b9905eb1de06718fa4aae534
  custom:scripting/monoscript/fileName/NextFXBtn.cs: ec23ffa473c712e78d6eb18c4ae448be -> 7e2755ad9a90b6ecb18961111ed6b016
  custom:scripting/monoscript/fileName/AssetBundleBrowserMain.cs: adf460d08e5161db4df4e9efbad520b6 -> d6cbb84444c9fdda30a8092bb0794cf7
  custom:scripting/monoscript/fileName/JSONMap.cs: 0cc7c12ea7048b3ee204a6864ec14612 -> f72d2edab136c1eb89bac454d589dbd3
  custom:scripting/monoscript/fileName/AssetBundleManageTab.cs: cd787c8175c6b452036330db58559128 -> 31b1d66e60f6e821749b4e2c88c32cdd
  custom:scripting/monoscript/fileName/Torso.cs: 69b7e0d6a62aacc036b1886a4ba2587b -> 54ee6015ea03462115d4c3153edbdf8c
  custom:scripting/monoscript/fileName/AssetBundleBuildTab.cs: e4d3d716146519b1f52f6c0fe7ec5a47 -> c4f1a336c5910d1832fd9e6c972559ad
  custom:scripting/monoscript/fileName/Hair.cs: 1f4e341ec44f1e9a43da832f30eda5e7 -> a794926f97f7a5e9c465865fe7af5e1b
  custom:scripting/monoscript/fileName/AbstractMesh.cs: f416745403975ff81463073698d6e017 -> 8184b2a66042d8caaccbbd20ed31dc56
  custom:scripting/monoscript/fileName/NextTextureBtn.cs: d5a300ee8993aada97b6138db78b58aa -> 68286e9f0e1d42eee9d43ba74e34330f
  custom:scripting/monoscript/fileName/Gloves.cs: 21fa036484600f2d249c1ff665501393 -> 28f9e2f54620c042ed9595f00f2065dc
  custom:scripting/monoscript/fileName/AssetBundleManager.cs: 0e168d48c6d3576e59f6c42f92fecd60 -> c15faaf8b529192dbe9aec9afe4991fd
  custom:scripting/monoscript/fileName/RobeLong.cs: 1a7163e76453fecee35478b548086606 -> f4a05f13d9e9427f236c1f1234a17722
  custom:scripting/monoscript/fileName/InspectTreeView.cs: 4d03769e654689089e5185b09bfc6882 -> 260e1db8105b149fed2e7856746dbf0f
  custom:scripting/monoscript/fileName/MeshLoader.cs: 0b10154577fb1ae0dd2e8310eae4ddf4 -> 514b5b4b4814025e9f754ee22115b972
  custom:scripting/monoscript/fileName/PrevFXBtn.cs: 9adcb6db2d84b99fc2ba85718ff2705c -> d82c337bfc40d281d6f7be6c53a9171d
  custom:scripting/monoscript/fileName/ABModel.cs: d4f2ea81e354d5c73ab4578ede6b09b2 -> efbeff1b31df600fad6d5bea582c7fba
  custom:video-encoder-webm-vp8: eb34c28f22e8b96e1ab97ce403110664 -> 
  custom:scripting/monoscript/fileName/TextureLoader.cs: ef2efb353191380796da06838f0ca27c -> 32fee57eede5dc7675a4e8e137c57785
  custom:scripting/monoscript/fileName/Cloak.cs: 83fee273266203de062b641017c68a04 -> a5348ad8315a274870ac1256b416f4df
  custom:audio-decoder-ogg-vorbis: bf7c407c2cedff20999df2af8eb42d56 -> 
  custom:scripting/monoscript/fileName/Eyebrow.cs: a80914df48c7002be677c64522cce038 -> 60a10d1886232f9d6b3fd8be0c11fca9
  custom:scripting/monoscript/fileName/MeshUVManager.cs: 3a3d4245c35b74c0afddd620ce689573 -> fa1c5e2aa443e2c89e2f51af239fa10f
  custom:scripting/monoscript/fileName/MessageList.cs: 6b608508dbf342db2b025fa4e75150ed -> e187436fd3600e1e0afecc6a8da1f18c
  custom:scripting/monoscript/fileName/ClearMeshColorBtn.cs: 0007c8d870af1fc291acf8c091e58855 -> 45fdc58f7fbca9a24d836bd66f751d53
  custom:scripting/monoscript/fileName/MessageSystem.cs: e1fba72936ec77bbbc283ee14a4e5ac9 -> c1467679f7f8f7989b7c591fe16f095b
  custom:scripting/monoscript/fileName/Helper.cs: c607632c58e5a7e90f5ab372e55f1b53 -> 42ad14543d1a843693f11a1cb7823bdc
  custom:scripting/monoscript/fileName/TorsoAdd.cs: de2919cda7445d192f99b708ac4f8f98 -> 6a719884572b7c749207c858146f4e3c
  custom:scripting/monoscript/fileName/EnumFlagDrawer.cs: 41a8255d04f81b6824e2eb405c56f882 -> 5c63d0c0059ff695bd0ee486d1e93bdc
  custom:scripting/monoscript/fileName/Utility.cs: 28500e0d15bd811ed13877f72f01a728 -> bc7c77987476d2cc716aa6822231009e
  custom:scripting/monoscript/fileName/NextColorBtn.cs: 3c291ea58299c895d1e49ee9d26926c4 -> 3628818366004c784ce7c532472e0770
  custom:scripting/monoscript/fileName/BeltAdd.cs: cb7f04a49673453c6e59d8a19fc25506 -> 23c8e20e1dd3c9ed150a971c41b0440b
  custom:scripting/monoscript/fileName/Skin.cs: b53e0e70cea1e5a2051dbeb2d303d7bf -> fa5b8fbc5e21205ad140661bb8d1d29a
  custom:scripting/monoscript/fileName/PrevMeshColorBtn.cs: 6e7146d83f859cab20d94f99a895303c -> eb2dbdc18e08517d5e99c78a100e7907
  custom:audio-encoder-webm-vorbis: bf7c407c2cedff20999df2af8eb42d56 -> 
  custom:scripting/monoscript/fileName/Helm.cs: c26d56b2bba9bcb0ed144e3501bc4050 -> 015c5ef11547d2a56ec06cbf9181e054
  custom:scripting/monoscript/fileName/Shoulder.cs: cd26873c046cfe405838db4b32b97d24 -> cbc35143cbffbdb744890d07b8670e7e
  custom:scripting/monoscript/fileName/IMeshLoader.cs: 9ae204479feb9db18b224953da5838fd -> 103d9667209b427a4c68ea28303f3cd3
  custom:scripting/monoscript/fileName/AssetListTree.cs: 255920d2dc3ac581fe65ea217df17385 -> 95ef94b9b5c1fc8c166d91a2229d1537
  custom:scripting/monoscript/fileName/MeshTexture.cs: e035409d8c1a139d8e58746d92de0530 -> 1c4c6300614cc8e271b614963931701e
  custom:scripting/monoscript/fileName/AssetBundleTree.cs: db18b513ade8dfdb586627b6c32bbf86 -> 5c86cf837bb6943c3398dc49a567b80f
  custom:scripting/precompiled-assembly-types:Assembly-CSharp: bd61ef89dd052a62cb180bc111b9f981 -> 2a57b7d9ba6c891b20990c959df4dfe7
  custom:scripting/monoscript/fileName/SpriteProcessor.cs: ecdbdd0dbf42b62f38de6c8096601c0d -> b47784218d8c2d820a413741c1f25a1f
  custom:scripting/monoscript/fileName/NextMeshColorBtn.cs: f15a2f312aac46efa390132e8e876a6a -> 3fefab99c46d758ed0e047f19be1644f
  custom:scripting/monoscript/fileName/ClearAllBtn.cs: 6b6df7aa9e75a6cecf2976db793db6eb -> bcba9c9686446fb7cf756301ebf868ec
  custom:scripting/monoscript/fileName/PlayerMoveController.cs: a4e66a81bcb2d723b3fb87dd004c6314 -> cc068b745400ee66c75378bcb7b27fdb
  custom:scripting/monoscript/fileName/ConfigLoader.cs: 62e091607cdc915ce80d4a253b61a2e7 -> db4bab6728472d9dedc7dfcc22e69d2d
  custom:scripting/monoscript/fileName/SaveItem.cs: 9fe0db1767d984560e8ce3cdb5cdd4f1 -> d881a933ade13ea32bf025db14797336
  custom:scripting/monoscript/fileName/SaveData.cs: cb74f51d5ddf1e3c0494034ad7572a91 -> b41c91a98201f94a04946b0cf063c975
  custom:scripting/monoscript/fileName/PrevColorBtn.cs: 745000830732e20a24b2b0544e8a21f7 -> e1d2791f9dd94cc4e35385ca804752d8
========================================================================
Received Prepare
Caller must complete domain reload
Begin MonoManager ReloadAssembly
- Loaded All Assemblies, in  0.740 seconds
Native extension for WindowsStandalone target not found
Native extension for Android target not found
Mono: successfully reloaded assembly
- Finished resetting the current domain, in  1.784 seconds
Domain Reload Profiling: 2518ms
	BeginReloadAssembly (204ms)
		ExecutionOrderSort (0ms)
		DisableScriptedObjects (4ms)
		BackupInstance (0ms)
		ReleaseScriptingObjects (0ms)
		CreateAndSetChildDomain (48ms)
	RebuildCommonClasses (39ms)
	RebuildNativeTypeToScriptingClass (9ms)
	initialDomainReloadingComplete (41ms)
	LoadAllAssembliesAndSetupDomain (441ms)
		LoadAssemblies (526ms)
		RebuildTransferFunctionScriptingTraits (0ms)
		AnalyzeDomain (30ms)
			TypeCache.Refresh (10ms)
				TypeCache.ScanAssembly (0ms)
			ScanForSourceGeneratedMonoScriptInfo (0ms)
			ResolveRequiredComponents (15ms)
	FinalizeReload (1784ms)
		ReleaseScriptCaches (0ms)
		RebuildScriptCaches (0ms)
		SetupLoadedEditorAssemblies (653ms)
			LogAssemblyErrors (0ms)
			InitializePlatformSupportModulesInManaged (26ms)
			SetLoadedEditorAssemblies (5ms)
			RefreshPlugins (0ms)
			BeforeProcessingInitializeOnLoad (115ms)
			ProcessInitializeOnLoadAttributes (396ms)
			ProcessInitializeOnLoadMethodAttributes (99ms)
			AfterProcessingInitializeOnLoad (12ms)
			EditorAssembliesLoaded (0ms)
		ExecutionOrderSort2 (0ms)
		AwakeInstancesAfterBackupRestoration (21ms)
WARNING: Shader Unsupported: 'Toon/Basic Outline' - All subshaders removed
WARNING: Shader Did you use #pragma only_renderers and omit this platform?
WARNING: Shader If subshaders removal was intentional, you may have forgotten turning Fallback off?
WARNING: Shader Unsupported: 'Toon/Basic Outline' - All subshaders removed
WARNING: Shader Did you use #pragma only_renderers and omit this platform?
WARNING: Shader If subshaders removal was intentional, you may have forgotten turning Fallback off?
WARNING: Shader Unsupported: 'Toon/Lit Outline' - All subshaders removed
WARNING: Shader Did you use #pragma only_renderers and omit this platform?
WARNING: Shader If subshaders removal was intentional, you may have forgotten turning Fallback off?
WARNING: Shader Unsupported: 'Toon/Lit Outline' - All subshaders removed
WARNING: Shader Did you use #pragma only_renderers and omit this platform?
WARNING: Shader If subshaders removal was intentional, you may have forgotten turning Fallback off?
Refreshing native plugins compatible for Editor in 9.44 ms, found 4 plugins.
Preloading 0 native plugins for Editor in 0.00 ms.
Unloading 5364 Unused Serialized files (Serialized files now loaded: 0)
Unloading 24 unused Assets / (0.6 MB). Loaded Objects now: 6116.
Memory consumption went from 191.1 MB to 190.5 MB.
Total: 5.233200 ms (FindLiveObjects: 0.805400 ms CreateObjectMapping: 0.498300 ms MarkObjects: 3.446900 ms  DeleteObjects: 0.463000 ms)

Prepare: number of updated asset objects reloaded= 0
AssetImportParameters requested are different than current active one (requested -> active):
  custom:scripting/monoscript/fileName/MeshTypeBone.cs: f2929f2b8ecce3a651b0fd3ffe111924 -> 843ff81fb2c811dcac98decd349efe80
  custom:scripting/monoscript/fileName/ShaderSelector.cs: 685bc00da5c5122ea4d91cfb7c33d4ce -> 521612be2626bcd49281fc726d73115d
  custom:scripting/monoscript/fileName/Hand.cs: 5052127099e76a39f6f2b58ea1ef5c1e -> 192355eabc8b0bb90d2503d57cbc29e1
  custom:scripting/monoscript/fileName/TextureFactory.cs: cee276c059ba8c5d89b2dce85c58444e -> 9b0e0386d21b5055c4b652bc661be2ca
  custom:scripting/monoscript/fileName/ExecuteInternalMono.cs: 3e44be6fc6d7f25500f51fef3364e783 -> c1dae4aa6cbf1512716dd7e8414f8006
  custom:scripting/monoscript/fileName/BundleDetailList.cs: 49a12b558eca8c309cefc20f79be4f08 -> 7b03139c488749eda460103673d30967
  custom:scripting/monoscript/fileName/ChangeSkinMeshBtn.cs: 5c6d8ac28a61c97b01d08415ec68b892 -> 58cbf8e281a1824de7ac09fd6ead4741
  custom:container-demuxer-ogg: 62fdf1f143b41e24485cea50d1cbac27 -> 
  custom:scripting/monoscript/fileName/InspectSingleBundle.cs: c4ddaa812469395f667f8059fbbafbb2 -> ff6bcd7c39743f835ec77986ad4e4842
  custom:scripting/monoscript/fileName/TorsoFX.cs: 8364f33fdfe728687ae399ca95227afe -> 5e6b4d93b934706642170673ecf5c3cb
  custom:scripting/monoscript/fileName/Scar.cs: a42aaa0f7421fdbac285e770432737fe -> 93cf6a2332a708e947886120175eb79a
  custom:scripting/monoscript/fileName/Eye.cs: afd6b945d219259bc28efd165ef781f4 -> 698a2a7ea54ef8de083e5f76c9b8d930
  custom:scripting/monoscript/fileName/PrevTextureBtn.cs: ca06f7a8c9b0f19ce544f3b94a1420fa -> 764f96572b39e13aca5f7f18826c47b4
  custom:scripting/monoscript/fileName/ClearColorBtn.cs: 1e8e6c93adda6a5ba905483e8182c1dd -> c480f5967894d16fe78f727f834b09ac
  custom:scripting/monoscript/fileName/SaveManager.cs: de2264e4a492adfd4c3a4c607fa8c9d4 -> 3fcb126c6a66ba31aa898dd5743caa30
  custom:scripting/monoscript/fileName/PrevCharacterBtn.cs: 8b169ad1106eaf0dbdbff832654707ff -> 82d84ae18bcec8ea0c987e0a3a9d6a13
  custom:scripting/monoscript/fileName/Popup.cs: 1c1ef9080900e5e97d1b14f0b41eadfa -> 2cc3075140bfd1e8dd79773fa10aee0b
  custom:scripting/monoscript/fileName/EditorBundleManager.cs: 25971b08130223425370a0c67fd24c1d -> dc4d9d3c0d3cadbde48071e4065b6fbb
  custom:scripting/monoscript/fileName/LoadBtn.cs: 70bafae7f72c9ee6623f2f31d0779c28 -> 2ea2705ebacd83d0846f91df66c28259
  custom:scripting/monoscript/fileName/TextureTypeMaskSelector.cs: 7ff2a9c585e0132e7eecc431d721fd4f -> c5691a283aa245253aed7fa0115457e3
  custom:scripting/monoscript/fileName/Pants.cs: 6c99c36b54f1584503cd85f530589db5 -> df098d75808a7fb623ca5598aed5b66e
  custom:scripting/monoscript/fileName/ABDataSourceProvider.cs: 4f93c6cdfbe44a00612a956e4ef9ffe7 -> d15a3b944396c4baae05b3f33e2f8331
  custom:video-decoder-ogg-theora: a1e56fd34408186e4bbccfd4996cb3dc -> 
  custom:scripting/monoscript/fileName/MeshManager.cs: 2f249bf80d6ae36c03b9409f5feb6c0d -> 80ab94735750c9af566e7e697efa30bc
  custom:scripting/monoscript/fileName/ABDataSource.cs: 41b8295d17e0ef0ed1d4f959baadf27f -> 7ceefc660d5f297abc8804d14984f27e
  custom:framework-win-MediaFoundation: 216162199b28c13a410421893ffa2e32 -> 
  custom:scripting/monoscript/fileName/NextCharacterBtn.cs: 3c5d6d5f91a48826bcb43d4ef5261f6a -> 271bcb60c5934eb6d4486f66396754c5
  custom:scripting/monoscript/fileName/AssetBundleInspectTab.cs: 945f43d3df2c8ee2453a9a63fa11274c -> 9c287edf6d1d376f12a8f96d01ec074a
  custom:scripting/monoscript/fileName/SaveListView.cs: e595613b43c00299f3513b824b0dabc3 -> 66f5588456e9744a16cd29a95c0a128e
  custom:scripting/monoscript/fileName/MeshFactory.cs: 4bbafa913eed9f0fb1b99654c8762909 -> a5c11ad228aefe2964b1b339054e39bc
  custom:scripting/monoscript/fileName/CharacterCustomizer.cs: 6b998336770e1834435505a2273ed78a -> 
  custom:scripting/monoscript/fileName/TestDatabase.cs: 23855a153a87fda770b086a78bc24d6d -> 
  custom:scripting/monoscript/fileName/AssetDatabaseABDataSource.cs: f87f54f41a9ae61d6c93a1ee4a7276fe -> a9068bde9865684c07718fa2f110ebd4
  custom:scripting/monoscript/fileName/AbstractFXMesh.cs: 2f7f8bc9d1b9e98b83ebf043ab545fae -> 355e798705134331d1b4e13fe77a1ba2
  custom:scripting/monoscript/fileName/IConfigLoader.cs: 290018350438b79782c4b9fdba32926e -> a4ccf3c5021bb9e95d5d05a0a09bf8bd
  custom:scripting/monoscript/fileName/ABModelBundleInfo.cs: 2188b089518dc510222192403494a01e -> 9fa50afaf3db0543d3d887b15c00368c
  custom:scripting/monoscript/fileName/Leg.cs: ef7b14f4330dc25387e1b59f0290d188 -> 43594c645958cd98f0dcb60d0855f6d1
  custom:scripting/monoscript/fileName/ABModelAssetInfo.cs: 30e23a9e1ca57fffc37b721992bcf1a0 -> cf869514a0bf82899ce1cda23bdb700e
  custom:scripting/monoscript/fileName/MeshTypeMaskSelector.cs: e94ba6f4a1adba4feee5fb7cc4e351fe -> ed92edda1c9655f258c64f35a85ef583
  custom:scripting/monoscript/fileName/ClearMeshBtn.cs: b14d5ced1c19826bfc491001a3f185d1 -> d990ebc2143de5948aea2a5badbfe15b
  custom:scripting/monoscript/fileName/MeshAndTextureTypeMaskSelector.cs: fdba9a050c9e3646ce8e80b7e936d037 -> 8a4bea39d5d059db9f897ddcbaaa5fb6
  custom:scripting/monoscript/fileName/FxMeshFactory.cs: c3e28ca0186ef5ee5525c8801ad21c5a -> 0c8ff1afadd69a3595c5d00772f68410
  custom:scripting/monoscript/fileName/FXTypeMaskSelector.cs: d74f6e4a0bcd101e2717459b81084106 -> 0f6cbde77ec3d316ca044b2bb5952a3c
  custom:scripting/monoscript/fileName/PlayerController.cs: 5b090d859ab09be631dc3b0f203f9571 -> d93a52a180fbbe603a59e9aa6da73c83
  custom:scripting/monoscript/fileName/BuildScript.cs: 426ea9e2914d6e2d91f1414353c5dafc -> 337dba19c2e29ee8e4980fc4e2019d2f
  custom:scripting/monoscript/fileName/ClearSkinMeshBtn.cs: 82d2655784ebc16abf5528736d619a9b -> a8f6aebd6c57b68160badb6bcb2d0ed6
  custom:scripting/monoscript/fileName/CreateCharacterWizard.cs: acfc968f24a9426403bd5add4843dcf8 -> 45f0e70a15c8659931d42d36cb8cac07
  custom:CustomObjectIndexerAttribute: 72b91833f83ae208fae7752999fa3104 -> 
  custom:scripting/monoscript/fileName/AbstractTexture.cs: 5fe6f2f7be7fb5a86569856b4345a004 -> e0980b08fec448804b26f5b6dad65dfd
  custom:scripting/monoscript/fileName/FollowCamera.cs: 2d720f10865b64f024b0e3fccdd261c7 -> 8d6eb8e229738de226ec56d9e22b6b63
  custom:scripting/monoscript/fileName/FxMeshTypeBone.cs: f85b6921dfd1e47314410f2e3b110e25 -> c7f230be3097e0ffbcff74b002f4c068
  custom:scripting/monoscript/fileName/AssetbundlesMenuItems.cs: c3bdb3cf11cdd131fd9c40f5c72fdbb7 -> bacd4da6799b9476bee68e043690ff36
  custom:scripting/monoscript/fileName/CharacterRendererUI.cs: 494bfcacef163a63e00e0a76e5490b75 -> 
  custom:scripting/monoscript/fileName/Arm.cs: 4102684b6836edb71c1e92ebf943cfad -> b923216ab6f821207b08c03afd4c6525
  custom:container-demuxer-webm: 4f35f7cbe854078d1ac9338744f61a02 -> 
  custom:scripting/monoscript/fileName/NextMeshBtn.cs: c626932f4e3ef625c1f95cbb7df53377 -> c475632899117e513eda9e15e910b76e
  custom:scripting/monoscript/fileName/FaceFeature.cs: 4fb49a14cfb347e565b8520b489cd06f -> 2d58afa4a16bca365a6beb0bf6bfaea3
  custom:scripting/monoscript/fileName/SavePrefabBtn.cs: 3a461d0b73e33e6450805a3d4c14cf7e -> fb80c3034ef9c4f90fa622ffe7f9f829
  custom:scripting/monoscript/fileName/LoaderManager.cs: 369c2be46c8c25c8c25ebdc236e1107b -> de56154becf62ebc4f0181681035238d
  custom:scripting/monoscript/fileName/SaveNameInput.cs: 38a66e5dc26bdeafde0ff106788ee663 -> aae89d2fa016e54079d9c4371e2e5f50
  custom:scripting/monoscript/fileName/Config.cs: e85a922a2347c074e5939d78a5a7a10e -> 7351639d5127e04bc4fcb4671c4a17fb
  custom:scripting/monoscript/fileName/EyeFX.cs: bb3e917396c4b9336da3800cda69d75f -> 0e9063be2785787a64aac5ac3958ba88
  custom:scripting/monoscript/fileName/CategoryPanel.cs: 2ede49e7213c224cf2b42e7bf0785af5 -> 
  custom:scripting/monoscript/fileName/JumpFallBehaviour.cs: 6e303c4d540ce7e39efab9189bb22bcd -> 71c001d1ad34a6d3b319feace6bde3ef
  custom:scripting/monoscript/fileName/PrevMeshBtn.cs: e4cc6e23cf1ae834cfc676eb293c1a5c -> b3d8856e7d265dc9c0dfa6c173a5ecfd
  custom:container-muxer-webm: aa71ff27fc2769a1b78a27578f13a17b -> 
  custom:scripting/monoscript/fileName/ClearTextureBtn.cs: 4f31783abce9af1d7ec4839287fef475 -> e3b2bcf1edcb5118f2edfda92d79dc01
  custom:scripting/monoscript/fileName/Shoes.cs: 066ec4aa35b5452249c3208e4decccac -> a3171f40fe6c3d65d3385917721d6b32
  custom:video-decoder-webm-vp8: 9c59270c3fd7afecdb556c50c9e8de78 -> 
  custom:scripting/monoscript/fileName/ConfigManager.cs: ecadd354c11a441a4c89b5fd7a9f00e6 -> caea2b28af0ab9e40fec80621d2354a1
  custom:scripting/monoscript/fileName/ClearFXBtn.cs: 9a39f15de353636ac82e469249897f2d -> 7bb97525152b99fa74400a29eaa13dea
  custom:scripting/monoscript/fileName/ClosePopup.cs: b8d454205b2ceefe37b5fd3a66ce3f21 -> 55d4b78c13dd76e50d9c188109fdf0bb
  custom:SearchIndexIgnoredProperties: e643bd26f0fe6173181afceb89e7c659 -> 
  custom:scripting/monoscript/fileName/Belt.cs: 57f9cd2ecc900069b427149243ef3bc5 -> 49eb07e37613e7bc3cd2ca1c5688a06b
  custom:AudioImporter_EditorPlatform: d09bf68614088b80899f8185d706f6e7 -> 
  custom:scripting/monoscript/fileName/AssetBundleLoadOperation.cs: 6671757952e868610efe84deb7d10911 -> 5e23b7cfd6b1aefafff250cf74ef9147
  custom:scripting/monoscript/fileName/PrevSkinMeshBtn.cs: 4b975732b197cfed11faf978a39a86d9 -> 949d41495696a789e910ed4bddee68c8
  custom:scripting/monoscript/fileName/RandomBtn.cs: 09358cb3d53669a5fb3911b12bed41f9 -> 851c8dec69594280621f9ae4205a836d
  custom:scripting/monoscript/fileName/Beard.cs: fcba2011bd59aa862783e312bcb3f1ed -> 25619eaf3bae2cd2a4b58a1e35f6de63
  custom:scripting/monoscript/fileName/EnumFlagAttribute.cs: 74d0d26091c169f8de5e9bf42af43876 -> 955415b54787984cbbb8aa271c5326e3
  custom:scripting/monoscript/fileName/LaunchAssetBundleServer.cs: fde14ca75a313e949066fe5170090bd6 -> 43db2fb10887bbfb076c6767daba67bd
  custom:scripting/monoscript/fileName/TextureManager.cs: e8b62e3c8c466c37ed390308c47b609f -> aaabee5faa243fca33eb568630ae6e8e
  custom:scripting/monoscript/fileName/RobeShort.cs: 98a985110c88276dffccdebb9b45a97a -> 3c6d536f5d6b37080b8a61040ec81de3
  custom:scripting/monoscript/fileName/AssetBundleRecord.cs: 5e3e2662beb76f92f544ca3a6af0a002 -> 5a3119d6abe586168b6fe06c7e98c69c
  custom:scripting/monoscript/fileName/TogglePopup.cs: e3546a95722da3ab7907a444f1349cba -> 1d986db86e682e16edccd0653eb2aad7
  custom:scripting/monoscript/fileName/ITextureLoader.cs: fb942611a67ee29c2d3906a7f2b2ca06 -> 5adc935e3b3fb7761c6d5c127df50233
  custom:scripting/monoscript/fileName/SaveBtn.cs: 3dfbd63f5b032b539a11095805980518 -> 62cda288bb207ed68b5083d6b77f7471
  custom:scripting/monoscript/fileName/NextSkinMeshBtn.cs: 7bde284a6144f85f7d24cd53fe360afe -> c82eddd7edff4db94905f44ef59144c1
  custom:scripting/monoscript/fileName/Head.cs: ef8602f0e05bb6f56d36072970253a56 -> 6728c540b9905eb1de06718fa4aae534
  custom:scripting/monoscript/fileName/NextFXBtn.cs: ec23ffa473c712e78d6eb18c4ae448be -> 7e2755ad9a90b6ecb18961111ed6b016
  custom:scripting/monoscript/fileName/AssetBundleBrowserMain.cs: adf460d08e5161db4df4e9efbad520b6 -> d6cbb84444c9fdda30a8092bb0794cf7
  custom:scripting/monoscript/fileName/JSONMap.cs: 0cc7c12ea7048b3ee204a6864ec14612 -> f72d2edab136c1eb89bac454d589dbd3
  custom:scripting/monoscript/fileName/AssetBundleManageTab.cs: cd787c8175c6b452036330db58559128 -> 31b1d66e60f6e821749b4e2c88c32cdd
  custom:scripting/monoscript/fileName/Torso.cs: 69b7e0d6a62aacc036b1886a4ba2587b -> 54ee6015ea03462115d4c3153edbdf8c
  custom:scripting/monoscript/fileName/AssetBundleBuildTab.cs: e4d3d716146519b1f52f6c0fe7ec5a47 -> c4f1a336c5910d1832fd9e6c972559ad
  custom:scripting/monoscript/fileName/Hair.cs: 1f4e341ec44f1e9a43da832f30eda5e7 -> a794926f97f7a5e9c465865fe7af5e1b
  custom:scripting/monoscript/fileName/AbstractMesh.cs: f416745403975ff81463073698d6e017 -> 8184b2a66042d8caaccbbd20ed31dc56
  custom:scripting/monoscript/fileName/NextTextureBtn.cs: d5a300ee8993aada97b6138db78b58aa -> 68286e9f0e1d42eee9d43ba74e34330f
  custom:scripting/monoscript/fileName/Gloves.cs: 21fa036484600f2d249c1ff665501393 -> 28f9e2f54620c042ed9595f00f2065dc
  custom:scripting/monoscript/fileName/AssetBundleManager.cs: 0e168d48c6d3576e59f6c42f92fecd60 -> c15faaf8b529192dbe9aec9afe4991fd
  custom:scripting/monoscript/fileName/RobeLong.cs: 1a7163e76453fecee35478b548086606 -> f4a05f13d9e9427f236c1f1234a17722
  custom:scripting/monoscript/fileName/InspectTreeView.cs: 4d03769e654689089e5185b09bfc6882 -> 260e1db8105b149fed2e7856746dbf0f
  custom:scripting/monoscript/fileName/MeshLoader.cs: 0b10154577fb1ae0dd2e8310eae4ddf4 -> 514b5b4b4814025e9f754ee22115b972
  custom:scripting/monoscript/fileName/PrevFXBtn.cs: 9adcb6db2d84b99fc2ba85718ff2705c -> d82c337bfc40d281d6f7be6c53a9171d
  custom:scripting/monoscript/fileName/ABModel.cs: d4f2ea81e354d5c73ab4578ede6b09b2 -> efbeff1b31df600fad6d5bea582c7fba
  custom:video-encoder-webm-vp8: eb34c28f22e8b96e1ab97ce403110664 -> 
  custom:scripting/monoscript/fileName/TextureLoader.cs: ef2efb353191380796da06838f0ca27c -> 32fee57eede5dc7675a4e8e137c57785
  custom:scripting/monoscript/fileName/Cloak.cs: 83fee273266203de062b641017c68a04 -> a5348ad8315a274870ac1256b416f4df
  custom:audio-decoder-ogg-vorbis: bf7c407c2cedff20999df2af8eb42d56 -> 
  custom:scripting/monoscript/fileName/Eyebrow.cs: a80914df48c7002be677c64522cce038 -> 60a10d1886232f9d6b3fd8be0c11fca9
  custom:scripting/monoscript/fileName/MeshUVManager.cs: 3a3d4245c35b74c0afddd620ce689573 -> fa1c5e2aa443e2c89e2f51af239fa10f
  custom:scripting/monoscript/fileName/MessageList.cs: 6b608508dbf342db2b025fa4e75150ed -> e187436fd3600e1e0afecc6a8da1f18c
  custom:scripting/monoscript/fileName/ClearMeshColorBtn.cs: 0007c8d870af1fc291acf8c091e58855 -> 45fdc58f7fbca9a24d836bd66f751d53
  custom:scripting/monoscript/fileName/MessageSystem.cs: e1fba72936ec77bbbc283ee14a4e5ac9 -> c1467679f7f8f7989b7c591fe16f095b
  custom:scripting/monoscript/fileName/Helper.cs: c607632c58e5a7e90f5ab372e55f1b53 -> 42ad14543d1a843693f11a1cb7823bdc
  custom:scripting/monoscript/fileName/TorsoAdd.cs: de2919cda7445d192f99b708ac4f8f98 -> 6a719884572b7c749207c858146f4e3c
  custom:scripting/monoscript/fileName/EnumFlagDrawer.cs: 41a8255d04f81b6824e2eb405c56f882 -> 5c63d0c0059ff695bd0ee486d1e93bdc
  custom:scripting/monoscript/fileName/Utility.cs: 28500e0d15bd811ed13877f72f01a728 -> bc7c77987476d2cc716aa6822231009e
  custom:scripting/monoscript/fileName/NextColorBtn.cs: 3c291ea58299c895d1e49ee9d26926c4 -> 3628818366004c784ce7c532472e0770
  custom:scripting/monoscript/fileName/BeltAdd.cs: cb7f04a49673453c6e59d8a19fc25506 -> 23c8e20e1dd3c9ed150a971c41b0440b
  custom:scripting/monoscript/fileName/Skin.cs: b53e0e70cea1e5a2051dbeb2d303d7bf -> fa5b8fbc5e21205ad140661bb8d1d29a
  custom:scripting/monoscript/fileName/PrevMeshColorBtn.cs: 6e7146d83f859cab20d94f99a895303c -> eb2dbdc18e08517d5e99c78a100e7907
  custom:audio-encoder-webm-vorbis: bf7c407c2cedff20999df2af8eb42d56 -> 
  custom:scripting/monoscript/fileName/Helm.cs: c26d56b2bba9bcb0ed144e3501bc4050 -> 015c5ef11547d2a56ec06cbf9181e054
  custom:scripting/monoscript/fileName/Shoulder.cs: cd26873c046cfe405838db4b32b97d24 -> cbc35143cbffbdb744890d07b8670e7e
  custom:scripting/monoscript/fileName/IMeshLoader.cs: 9ae204479feb9db18b224953da5838fd -> 103d9667209b427a4c68ea28303f3cd3
  custom:scripting/monoscript/fileName/AssetListTree.cs: 255920d2dc3ac581fe65ea217df17385 -> 95ef94b9b5c1fc8c166d91a2229d1537
  custom:scripting/monoscript/fileName/MeshTexture.cs: e035409d8c1a139d8e58746d92de0530 -> 1c4c6300614cc8e271b614963931701e
  custom:scripting/monoscript/fileName/AssetBundleTree.cs: db18b513ade8dfdb586627b6c32bbf86 -> 5c86cf837bb6943c3398dc49a567b80f
  custom:scripting/precompiled-assembly-types:Assembly-CSharp: bd61ef89dd052a62cb180bc111b9f981 -> 2a57b7d9ba6c891b20990c959df4dfe7
  custom:scripting/monoscript/fileName/SpriteProcessor.cs: ecdbdd0dbf42b62f38de6c8096601c0d -> b47784218d8c2d820a413741c1f25a1f
  custom:scripting/monoscript/fileName/NextMeshColorBtn.cs: f15a2f312aac46efa390132e8e876a6a -> 3fefab99c46d758ed0e047f19be1644f
  custom:scripting/monoscript/fileName/ClearAllBtn.cs: 6b6df7aa9e75a6cecf2976db793db6eb -> bcba9c9686446fb7cf756301ebf868ec
  custom:scripting/monoscript/fileName/PlayerMoveController.cs: a4e66a81bcb2d723b3fb87dd004c6314 -> cc068b745400ee66c75378bcb7b27fdb
  custom:scripting/monoscript/fileName/ConfigLoader.cs: 62e091607cdc915ce80d4a253b61a2e7 -> db4bab6728472d9dedc7dfcc22e69d2d
  custom:scripting/monoscript/fileName/SaveItem.cs: 9fe0db1767d984560e8ce3cdb5cdd4f1 -> d881a933ade13ea32bf025db14797336
  custom:scripting/monoscript/fileName/SaveData.cs: cb74f51d5ddf1e3c0494034ad7572a91 -> b41c91a98201f94a04946b0cf063c975
  custom:scripting/monoscript/fileName/PrevColorBtn.cs: 745000830732e20a24b2b0544e8a21f7 -> e1d2791f9dd94cc4e35385ca804752d8
========================================================================
Received Prepare
Caller must complete domain reload
Begin MonoManager ReloadAssembly
- Loaded All Assemblies, in  0.752 seconds
Native extension for WindowsStandalone target not found
Native extension for Android target not found
Mono: successfully reloaded assembly
- Finished resetting the current domain, in  1.792 seconds
Domain Reload Profiling: 2540ms
	BeginReloadAssembly (217ms)
		ExecutionOrderSort (0ms)
		DisableScriptedObjects (6ms)
		BackupInstance (0ms)
		ReleaseScriptingObjects (0ms)
		CreateAndSetChildDomain (51ms)
	RebuildCommonClasses (43ms)
	RebuildNativeTypeToScriptingClass (9ms)
	initialDomainReloadingComplete (39ms)
	LoadAllAssembliesAndSetupDomain (438ms)
		LoadAssemblies (524ms)
		RebuildTransferFunctionScriptingTraits (0ms)
		AnalyzeDomain (34ms)
			TypeCache.Refresh (15ms)
				TypeCache.ScanAssembly (0ms)
			ScanForSourceGeneratedMonoScriptInfo (0ms)
			ResolveRequiredComponents (14ms)
	FinalizeReload (1793ms)
		ReleaseScriptCaches (0ms)
		RebuildScriptCaches (0ms)
		SetupLoadedEditorAssemblies (646ms)
			LogAssemblyErrors (0ms)
			InitializePlatformSupportModulesInManaged (25ms)
			SetLoadedEditorAssemblies (6ms)
			RefreshPlugins (0ms)
			BeforeProcessingInitializeOnLoad (121ms)
			ProcessInitializeOnLoadAttributes (390ms)
			ProcessInitializeOnLoadMethodAttributes (91ms)
			AfterProcessingInitializeOnLoad (12ms)
			EditorAssembliesLoaded (0ms)
		ExecutionOrderSort2 (0ms)
		AwakeInstancesAfterBackupRestoration (27ms)
WARNING: Shader Unsupported: 'Toon/Basic Outline' - All subshaders removed
WARNING: Shader Did you use #pragma only_renderers and omit this platform?
WARNING: Shader If subshaders removal was intentional, you may have forgotten turning Fallback off?
WARNING: Shader Unsupported: 'Toon/Basic Outline' - All subshaders removed
WARNING: Shader Did you use #pragma only_renderers and omit this platform?
WARNING: Shader If subshaders removal was intentional, you may have forgotten turning Fallback off?
WARNING: Shader Unsupported: 'Toon/Lit Outline' - All subshaders removed
WARNING: Shader Did you use #pragma only_renderers and omit this platform?
WARNING: Shader If subshaders removal was intentional, you may have forgotten turning Fallback off?
WARNING: Shader Unsupported: 'Toon/Lit Outline' - All subshaders removed
WARNING: Shader Did you use #pragma only_renderers and omit this platform?
WARNING: Shader If subshaders removal was intentional, you may have forgotten turning Fallback off?
Refreshing native plugins compatible for Editor in 10.01 ms, found 4 plugins.
Preloading 0 native plugins for Editor in 0.00 ms.
Unloading 5364 Unused Serialized files (Serialized files now loaded: 0)
Unloading 24 unused Assets / (0.6 MB). Loaded Objects now: 6121.
Memory consumption went from 191.1 MB to 190.5 MB.
Total: 6.925400 ms (FindLiveObjects: 1.122600 ms CreateObjectMapping: 1.223800 ms MarkObjects: 3.992000 ms  DeleteObjects: 0.585200 ms)

Prepare: number of updated asset objects reloaded= 0
AssetImportParameters requested are different than current active one (requested -> active):
  custom:scripting/monoscript/fileName/MeshTypeBone.cs: f2929f2b8ecce3a651b0fd3ffe111924 -> 843ff81fb2c811dcac98decd349efe80
  custom:scripting/monoscript/fileName/ShaderSelector.cs: 685bc00da5c5122ea4d91cfb7c33d4ce -> 521612be2626bcd49281fc726d73115d
  custom:scripting/monoscript/fileName/Hand.cs: 5052127099e76a39f6f2b58ea1ef5c1e -> 192355eabc8b0bb90d2503d57cbc29e1
  custom:scripting/monoscript/fileName/TextureFactory.cs: cee276c059ba8c5d89b2dce85c58444e -> 9b0e0386d21b5055c4b652bc661be2ca
  custom:scripting/monoscript/fileName/ExecuteInternalMono.cs: 3e44be6fc6d7f25500f51fef3364e783 -> c1dae4aa6cbf1512716dd7e8414f8006
  custom:scripting/monoscript/fileName/BundleDetailList.cs: 49a12b558eca8c309cefc20f79be4f08 -> 7b03139c488749eda460103673d30967
  custom:scripting/monoscript/fileName/ChangeSkinMeshBtn.cs: 5c6d8ac28a61c97b01d08415ec68b892 -> 58cbf8e281a1824de7ac09fd6ead4741
  custom:container-demuxer-ogg: 62fdf1f143b41e24485cea50d1cbac27 -> 
  custom:scripting/monoscript/fileName/InspectSingleBundle.cs: c4ddaa812469395f667f8059fbbafbb2 -> ff6bcd7c39743f835ec77986ad4e4842
  custom:scripting/monoscript/fileName/TorsoFX.cs: 8364f33fdfe728687ae399ca95227afe -> 5e6b4d93b934706642170673ecf5c3cb
  custom:scripting/monoscript/fileName/Scar.cs: a42aaa0f7421fdbac285e770432737fe -> 93cf6a2332a708e947886120175eb79a
  custom:scripting/monoscript/fileName/Eye.cs: afd6b945d219259bc28efd165ef781f4 -> 698a2a7ea54ef8de083e5f76c9b8d930
  custom:scripting/monoscript/fileName/PrevTextureBtn.cs: ca06f7a8c9b0f19ce544f3b94a1420fa -> 764f96572b39e13aca5f7f18826c47b4
  custom:scripting/monoscript/fileName/ClearColorBtn.cs: 1e8e6c93adda6a5ba905483e8182c1dd -> c480f5967894d16fe78f727f834b09ac
  custom:scripting/monoscript/fileName/SaveManager.cs: de2264e4a492adfd4c3a4c607fa8c9d4 -> 3fcb126c6a66ba31aa898dd5743caa30
  custom:scripting/monoscript/fileName/PrevCharacterBtn.cs: 8b169ad1106eaf0dbdbff832654707ff -> 82d84ae18bcec8ea0c987e0a3a9d6a13
  custom:scripting/monoscript/fileName/Popup.cs: 1c1ef9080900e5e97d1b14f0b41eadfa -> 2cc3075140bfd1e8dd79773fa10aee0b
  custom:scripting/monoscript/fileName/EditorBundleManager.cs: 25971b08130223425370a0c67fd24c1d -> dc4d9d3c0d3cadbde48071e4065b6fbb
  custom:scripting/monoscript/fileName/LoadBtn.cs: 70bafae7f72c9ee6623f2f31d0779c28 -> 2ea2705ebacd83d0846f91df66c28259
  custom:scripting/monoscript/fileName/TextureTypeMaskSelector.cs: 7ff2a9c585e0132e7eecc431d721fd4f -> c5691a283aa245253aed7fa0115457e3
  custom:scripting/monoscript/fileName/Pants.cs: 6c99c36b54f1584503cd85f530589db5 -> df098d75808a7fb623ca5598aed5b66e
  custom:scripting/monoscript/fileName/ABDataSourceProvider.cs: 4f93c6cdfbe44a00612a956e4ef9ffe7 -> d15a3b944396c4baae05b3f33e2f8331
  custom:video-decoder-ogg-theora: a1e56fd34408186e4bbccfd4996cb3dc -> 
  custom:scripting/monoscript/fileName/MeshManager.cs: 2f249bf80d6ae36c03b9409f5feb6c0d -> 80ab94735750c9af566e7e697efa30bc
  custom:scripting/monoscript/fileName/ABDataSource.cs: 41b8295d17e0ef0ed1d4f959baadf27f -> 7ceefc660d5f297abc8804d14984f27e
  custom:framework-win-MediaFoundation: 216162199b28c13a410421893ffa2e32 -> 
  custom:scripting/monoscript/fileName/NextCharacterBtn.cs: 3c5d6d5f91a48826bcb43d4ef5261f6a -> 271bcb60c5934eb6d4486f66396754c5
  custom:scripting/monoscript/fileName/AssetBundleInspectTab.cs: 945f43d3df2c8ee2453a9a63fa11274c -> 9c287edf6d1d376f12a8f96d01ec074a
  custom:scripting/monoscript/fileName/SaveListView.cs: e595613b43c00299f3513b824b0dabc3 -> 66f5588456e9744a16cd29a95c0a128e
  custom:scripting/monoscript/fileName/MeshFactory.cs: 4bbafa913eed9f0fb1b99654c8762909 -> a5c11ad228aefe2964b1b339054e39bc
  custom:scripting/monoscript/fileName/CharacterCustomizer.cs: 6b998336770e1834435505a2273ed78a -> 
  custom:scripting/monoscript/fileName/TestDatabase.cs: 23855a153a87fda770b086a78bc24d6d -> 
  custom:scripting/monoscript/fileName/AssetDatabaseABDataSource.cs: f87f54f41a9ae61d6c93a1ee4a7276fe -> a9068bde9865684c07718fa2f110ebd4
  custom:scripting/monoscript/fileName/AbstractFXMesh.cs: 2f7f8bc9d1b9e98b83ebf043ab545fae -> 355e798705134331d1b4e13fe77a1ba2
  custom:scripting/monoscript/fileName/IConfigLoader.cs: 290018350438b79782c4b9fdba32926e -> a4ccf3c5021bb9e95d5d05a0a09bf8bd
  custom:scripting/monoscript/fileName/ABModelBundleInfo.cs: 2188b089518dc510222192403494a01e -> 9fa50afaf3db0543d3d887b15c00368c
  custom:scripting/monoscript/fileName/Leg.cs: ef7b14f4330dc25387e1b59f0290d188 -> 43594c645958cd98f0dcb60d0855f6d1
  custom:scripting/monoscript/fileName/ABModelAssetInfo.cs: 30e23a9e1ca57fffc37b721992bcf1a0 -> cf869514a0bf82899ce1cda23bdb700e
  custom:scripting/monoscript/fileName/MeshTypeMaskSelector.cs: e94ba6f4a1adba4feee5fb7cc4e351fe -> ed92edda1c9655f258c64f35a85ef583
  custom:scripting/monoscript/fileName/ClearMeshBtn.cs: b14d5ced1c19826bfc491001a3f185d1 -> d990ebc2143de5948aea2a5badbfe15b
  custom:scripting/monoscript/fileName/MeshAndTextureTypeMaskSelector.cs: fdba9a050c9e3646ce8e80b7e936d037 -> 8a4bea39d5d059db9f897ddcbaaa5fb6
  custom:scripting/monoscript/fileName/FxMeshFactory.cs: c3e28ca0186ef5ee5525c8801ad21c5a -> 0c8ff1afadd69a3595c5d00772f68410
  custom:scripting/monoscript/fileName/FXTypeMaskSelector.cs: d74f6e4a0bcd101e2717459b81084106 -> 0f6cbde77ec3d316ca044b2bb5952a3c
  custom:scripting/monoscript/fileName/PlayerController.cs: 5b090d859ab09be631dc3b0f203f9571 -> d93a52a180fbbe603a59e9aa6da73c83
  custom:scripting/monoscript/fileName/BuildScript.cs: 426ea9e2914d6e2d91f1414353c5dafc -> 337dba19c2e29ee8e4980fc4e2019d2f
  custom:scripting/monoscript/fileName/ClearSkinMeshBtn.cs: 82d2655784ebc16abf5528736d619a9b -> a8f6aebd6c57b68160badb6bcb2d0ed6
  custom:scripting/monoscript/fileName/CreateCharacterWizard.cs: acfc968f24a9426403bd5add4843dcf8 -> 45f0e70a15c8659931d42d36cb8cac07
  custom:CustomObjectIndexerAttribute: 72b91833f83ae208fae7752999fa3104 -> 
  custom:scripting/monoscript/fileName/AbstractTexture.cs: 5fe6f2f7be7fb5a86569856b4345a004 -> e0980b08fec448804b26f5b6dad65dfd
  custom:scripting/monoscript/fileName/FollowCamera.cs: 2d720f10865b64f024b0e3fccdd261c7 -> 8d6eb8e229738de226ec56d9e22b6b63
  custom:scripting/monoscript/fileName/FxMeshTypeBone.cs: f85b6921dfd1e47314410f2e3b110e25 -> c7f230be3097e0ffbcff74b002f4c068
  custom:scripting/monoscript/fileName/AssetbundlesMenuItems.cs: c3bdb3cf11cdd131fd9c40f5c72fdbb7 -> bacd4da6799b9476bee68e043690ff36
  custom:scripting/monoscript/fileName/CharacterRendererUI.cs: 494bfcacef163a63e00e0a76e5490b75 -> 
  custom:scripting/monoscript/fileName/Arm.cs: 4102684b6836edb71c1e92ebf943cfad -> b923216ab6f821207b08c03afd4c6525
  custom:container-demuxer-webm: 4f35f7cbe854078d1ac9338744f61a02 -> 
  custom:scripting/monoscript/fileName/NextMeshBtn.cs: c626932f4e3ef625c1f95cbb7df53377 -> c475632899117e513eda9e15e910b76e
  custom:scripting/monoscript/fileName/FaceFeature.cs: 4fb49a14cfb347e565b8520b489cd06f -> 2d58afa4a16bca365a6beb0bf6bfaea3
  custom:scripting/monoscript/fileName/SavePrefabBtn.cs: 3a461d0b73e33e6450805a3d4c14cf7e -> fb80c3034ef9c4f90fa622ffe7f9f829
  custom:scripting/monoscript/fileName/LoaderManager.cs: 369c2be46c8c25c8c25ebdc236e1107b -> de56154becf62ebc4f0181681035238d
  custom:scripting/monoscript/fileName/SaveNameInput.cs: 38a66e5dc26bdeafde0ff106788ee663 -> aae89d2fa016e54079d9c4371e2e5f50
  custom:scripting/monoscript/fileName/Config.cs: e85a922a2347c074e5939d78a5a7a10e -> 7351639d5127e04bc4fcb4671c4a17fb
  custom:scripting/monoscript/fileName/EyeFX.cs: bb3e917396c4b9336da3800cda69d75f -> 0e9063be2785787a64aac5ac3958ba88
  custom:scripting/monoscript/fileName/CategoryPanel.cs: 2ede49e7213c224cf2b42e7bf0785af5 -> 
  custom:scripting/monoscript/fileName/JumpFallBehaviour.cs: 6e303c4d540ce7e39efab9189bb22bcd -> 71c001d1ad34a6d3b319feace6bde3ef
  custom:scripting/monoscript/fileName/PrevMeshBtn.cs: e4cc6e23cf1ae834cfc676eb293c1a5c -> b3d8856e7d265dc9c0dfa6c173a5ecfd
  custom:container-muxer-webm: aa71ff27fc2769a1b78a27578f13a17b -> 
  custom:scripting/monoscript/fileName/ClearTextureBtn.cs: 4f31783abce9af1d7ec4839287fef475 -> e3b2bcf1edcb5118f2edfda92d79dc01
  custom:scripting/monoscript/fileName/Shoes.cs: 066ec4aa35b5452249c3208e4decccac -> a3171f40fe6c3d65d3385917721d6b32
  custom:video-decoder-webm-vp8: 9c59270c3fd7afecdb556c50c9e8de78 -> 
  custom:scripting/monoscript/fileName/ConfigManager.cs: ecadd354c11a441a4c89b5fd7a9f00e6 -> caea2b28af0ab9e40fec80621d2354a1
  custom:scripting/monoscript/fileName/ClearFXBtn.cs: 9a39f15de353636ac82e469249897f2d -> 7bb97525152b99fa74400a29eaa13dea
  custom:scripting/monoscript/fileName/ClosePopup.cs: b8d454205b2ceefe37b5fd3a66ce3f21 -> 55d4b78c13dd76e50d9c188109fdf0bb
  custom:SearchIndexIgnoredProperties: e643bd26f0fe6173181afceb89e7c659 -> 
  custom:scripting/monoscript/fileName/Belt.cs: 57f9cd2ecc900069b427149243ef3bc5 -> 49eb07e37613e7bc3cd2ca1c5688a06b
  custom:AudioImporter_EditorPlatform: d09bf68614088b80899f8185d706f6e7 -> 
  custom:scripting/monoscript/fileName/AssetBundleLoadOperation.cs: 6671757952e868610efe84deb7d10911 -> 5e23b7cfd6b1aefafff250cf74ef9147
  custom:scripting/monoscript/fileName/PrevSkinMeshBtn.cs: 4b975732b197cfed11faf978a39a86d9 -> 949d41495696a789e910ed4bddee68c8
  custom:scripting/monoscript/fileName/RandomBtn.cs: 09358cb3d53669a5fb3911b12bed41f9 -> 851c8dec69594280621f9ae4205a836d
  custom:scripting/monoscript/fileName/Beard.cs: fcba2011bd59aa862783e312bcb3f1ed -> 25619eaf3bae2cd2a4b58a1e35f6de63
  custom:scripting/monoscript/fileName/EnumFlagAttribute.cs: 74d0d26091c169f8de5e9bf42af43876 -> 955415b54787984cbbb8aa271c5326e3
  custom:scripting/monoscript/fileName/LaunchAssetBundleServer.cs: fde14ca75a313e949066fe5170090bd6 -> 43db2fb10887bbfb076c6767daba67bd
  custom:scripting/monoscript/fileName/TextureManager.cs: e8b62e3c8c466c37ed390308c47b609f -> aaabee5faa243fca33eb568630ae6e8e
  custom:scripting/monoscript/fileName/RobeShort.cs: 98a985110c88276dffccdebb9b45a97a -> 3c6d536f5d6b37080b8a61040ec81de3
  custom:scripting/monoscript/fileName/AssetBundleRecord.cs: 5e3e2662beb76f92f544ca3a6af0a002 -> 5a3119d6abe586168b6fe06c7e98c69c
  custom:scripting/monoscript/fileName/TogglePopup.cs: e3546a95722da3ab7907a444f1349cba -> 1d986db86e682e16edccd0653eb2aad7
  custom:scripting/monoscript/fileName/ITextureLoader.cs: fb942611a67ee29c2d3906a7f2b2ca06 -> 5adc935e3b3fb7761c6d5c127df50233
  custom:scripting/monoscript/fileName/SaveBtn.cs: 3dfbd63f5b032b539a11095805980518 -> 62cda288bb207ed68b5083d6b77f7471
  custom:scripting/monoscript/fileName/NextSkinMeshBtn.cs: 7bde284a6144f85f7d24cd53fe360afe -> c82eddd7edff4db94905f44ef59144c1
  custom:scripting/monoscript/fileName/Head.cs: ef8602f0e05bb6f56d36072970253a56 -> 6728c540b9905eb1de06718fa4aae534
  custom:scripting/monoscript/fileName/NextFXBtn.cs: ec23ffa473c712e78d6eb18c4ae448be -> 7e2755ad9a90b6ecb18961111ed6b016
  custom:scripting/monoscript/fileName/AssetBundleBrowserMain.cs: adf460d08e5161db4df4e9efbad520b6 -> d6cbb84444c9fdda30a8092bb0794cf7
  custom:scripting/monoscript/fileName/JSONMap.cs: 0cc7c12ea7048b3ee204a6864ec14612 -> f72d2edab136c1eb89bac454d589dbd3
  custom:scripting/monoscript/fileName/AssetBundleManageTab.cs: cd787c8175c6b452036330db58559128 -> 31b1d66e60f6e821749b4e2c88c32cdd
  custom:scripting/monoscript/fileName/Torso.cs: 69b7e0d6a62aacc036b1886a4ba2587b -> 54ee6015ea03462115d4c3153edbdf8c
  custom:scripting/monoscript/fileName/AssetBundleBuildTab.cs: e4d3d716146519b1f52f6c0fe7ec5a47 -> c4f1a336c5910d1832fd9e6c972559ad
  custom:scripting/monoscript/fileName/Hair.cs: 1f4e341ec44f1e9a43da832f30eda5e7 -> a794926f97f7a5e9c465865fe7af5e1b
  custom:scripting/monoscript/fileName/AbstractMesh.cs: f416745403975ff81463073698d6e017 -> 8184b2a66042d8caaccbbd20ed31dc56
  custom:scripting/monoscript/fileName/NextTextureBtn.cs: d5a300ee8993aada97b6138db78b58aa -> 68286e9f0e1d42eee9d43ba74e34330f
  custom:scripting/monoscript/fileName/Gloves.cs: 21fa036484600f2d249c1ff665501393 -> 28f9e2f54620c042ed9595f00f2065dc
  custom:scripting/monoscript/fileName/AssetBundleManager.cs: 0e168d48c6d3576e59f6c42f92fecd60 -> c15faaf8b529192dbe9aec9afe4991fd
  custom:scripting/monoscript/fileName/RobeLong.cs: 1a7163e76453fecee35478b548086606 -> f4a05f13d9e9427f236c1f1234a17722
  custom:scripting/monoscript/fileName/InspectTreeView.cs: 4d03769e654689089e5185b09bfc6882 -> 260e1db8105b149fed2e7856746dbf0f
  custom:scripting/monoscript/fileName/MeshLoader.cs: 0b10154577fb1ae0dd2e8310eae4ddf4 -> 514b5b4b4814025e9f754ee22115b972
  custom:scripting/monoscript/fileName/PrevFXBtn.cs: 9adcb6db2d84b99fc2ba85718ff2705c -> d82c337bfc40d281d6f7be6c53a9171d
  custom:scripting/monoscript/fileName/ABModel.cs: d4f2ea81e354d5c73ab4578ede6b09b2 -> efbeff1b31df600fad6d5bea582c7fba
  custom:video-encoder-webm-vp8: eb34c28f22e8b96e1ab97ce403110664 -> 
  custom:scripting/monoscript/fileName/TextureLoader.cs: ef2efb353191380796da06838f0ca27c -> 32fee57eede5dc7675a4e8e137c57785
  custom:scripting/monoscript/fileName/Cloak.cs: 83fee273266203de062b641017c68a04 -> a5348ad8315a274870ac1256b416f4df
  custom:audio-decoder-ogg-vorbis: bf7c407c2cedff20999df2af8eb42d56 -> 
  custom:scripting/monoscript/fileName/Eyebrow.cs: a80914df48c7002be677c64522cce038 -> 60a10d1886232f9d6b3fd8be0c11fca9
  custom:scripting/monoscript/fileName/MeshUVManager.cs: 3a3d4245c35b74c0afddd620ce689573 -> fa1c5e2aa443e2c89e2f51af239fa10f
  custom:scripting/monoscript/fileName/MessageList.cs: 6b608508dbf342db2b025fa4e75150ed -> e187436fd3600e1e0afecc6a8da1f18c
  custom:scripting/monoscript/fileName/ClearMeshColorBtn.cs: 0007c8d870af1fc291acf8c091e58855 -> 45fdc58f7fbca9a24d836bd66f751d53
  custom:scripting/monoscript/fileName/MessageSystem.cs: e1fba72936ec77bbbc283ee14a4e5ac9 -> c1467679f7f8f7989b7c591fe16f095b
  custom:scripting/monoscript/fileName/Helper.cs: c607632c58e5a7e90f5ab372e55f1b53 -> 42ad14543d1a843693f11a1cb7823bdc
  custom:scripting/monoscript/fileName/TorsoAdd.cs: de2919cda7445d192f99b708ac4f8f98 -> 6a719884572b7c749207c858146f4e3c
  custom:scripting/monoscript/fileName/EnumFlagDrawer.cs: 41a8255d04f81b6824e2eb405c56f882 -> 5c63d0c0059ff695bd0ee486d1e93bdc
  custom:scripting/monoscript/fileName/Utility.cs: 28500e0d15bd811ed13877f72f01a728 -> bc7c77987476d2cc716aa6822231009e
  custom:scripting/monoscript/fileName/NextColorBtn.cs: 3c291ea58299c895d1e49ee9d26926c4 -> 3628818366004c784ce7c532472e0770
  custom:scripting/monoscript/fileName/BeltAdd.cs: cb7f04a49673453c6e59d8a19fc25506 -> 23c8e20e1dd3c9ed150a971c41b0440b
  custom:scripting/monoscript/fileName/Skin.cs: b53e0e70cea1e5a2051dbeb2d303d7bf -> fa5b8fbc5e21205ad140661bb8d1d29a
  custom:scripting/monoscript/fileName/PrevMeshColorBtn.cs: 6e7146d83f859cab20d94f99a895303c -> eb2dbdc18e08517d5e99c78a100e7907
  custom:audio-encoder-webm-vorbis: bf7c407c2cedff20999df2af8eb42d56 -> 
  custom:scripting/monoscript/fileName/Helm.cs: c26d56b2bba9bcb0ed144e3501bc4050 -> 015c5ef11547d2a56ec06cbf9181e054
  custom:scripting/monoscript/fileName/Shoulder.cs: cd26873c046cfe405838db4b32b97d24 -> cbc35143cbffbdb744890d07b8670e7e
  custom:scripting/monoscript/fileName/IMeshLoader.cs: 9ae204479feb9db18b224953da5838fd -> 103d9667209b427a4c68ea28303f3cd3
  custom:scripting/monoscript/fileName/AssetListTree.cs: 255920d2dc3ac581fe65ea217df17385 -> 95ef94b9b5c1fc8c166d91a2229d1537
  custom:scripting/monoscript/fileName/MeshTexture.cs: e035409d8c1a139d8e58746d92de0530 -> 1c4c6300614cc8e271b614963931701e
  custom:scripting/monoscript/fileName/AssetBundleTree.cs: db18b513ade8dfdb586627b6c32bbf86 -> 5c86cf837bb6943c3398dc49a567b80f
  custom:scripting/precompiled-assembly-types:Assembly-CSharp: bd61ef89dd052a62cb180bc111b9f981 -> 2a57b7d9ba6c891b20990c959df4dfe7
  custom:scripting/monoscript/fileName/SpriteProcessor.cs: ecdbdd0dbf42b62f38de6c8096601c0d -> b47784218d8c2d820a413741c1f25a1f
  custom:scripting/monoscript/fileName/NextMeshColorBtn.cs: f15a2f312aac46efa390132e8e876a6a -> 3fefab99c46d758ed0e047f19be1644f
  custom:scripting/monoscript/fileName/ClearAllBtn.cs: 6b6df7aa9e75a6cecf2976db793db6eb -> bcba9c9686446fb7cf756301ebf868ec
  custom:scripting/monoscript/fileName/PlayerMoveController.cs: a4e66a81bcb2d723b3fb87dd004c6314 -> cc068b745400ee66c75378bcb7b27fdb
  custom:scripting/monoscript/fileName/ConfigLoader.cs: 62e091607cdc915ce80d4a253b61a2e7 -> db4bab6728472d9dedc7dfcc22e69d2d
  custom:scripting/monoscript/fileName/SaveItem.cs: 9fe0db1767d984560e8ce3cdb5cdd4f1 -> d881a933ade13ea32bf025db14797336
  custom:scripting/monoscript/fileName/SaveData.cs: cb74f51d5ddf1e3c0494034ad7572a91 -> b41c91a98201f94a04946b0cf063c975
  custom:scripting/monoscript/fileName/PrevColorBtn.cs: 745000830732e20a24b2b0544e8a21f7 -> e1d2791f9dd94cc4e35385ca804752d8
========================================================================
Received Prepare
Caller must complete domain reload
Begin MonoManager ReloadAssembly
- Loaded All Assemblies, in  0.846 seconds
Native extension for WindowsStandalone target not found
Native extension for Android target not found
Mono: successfully reloaded assembly
- Finished resetting the current domain, in  1.569 seconds
Domain Reload Profiling: 2411ms
	BeginReloadAssembly (219ms)
		ExecutionOrderSort (0ms)
		DisableScriptedObjects (5ms)
		BackupInstance (0ms)
		ReleaseScriptingObjects (0ms)
		CreateAndSetChildDomain (52ms)
	RebuildCommonClasses (39ms)
	RebuildNativeTypeToScriptingClass (10ms)
	initialDomainReloadingComplete (38ms)
	LoadAllAssembliesAndSetupDomain (536ms)
		LoadAssemblies (574ms)
		RebuildTransferFunctionScriptingTraits (0ms)
		AnalyzeDomain (85ms)
			TypeCache.Refresh (24ms)
				TypeCache.ScanAssembly (3ms)
			ScanForSourceGeneratedMonoScriptInfo (36ms)
			ResolveRequiredComponents (19ms)
	FinalizeReload (1570ms)
		ReleaseScriptCaches (0ms)
		RebuildScriptCaches (0ms)
		SetupLoadedEditorAssemblies (527ms)
			LogAssemblyErrors (0ms)
			InitializePlatformSupportModulesInManaged (32ms)
			SetLoadedEditorAssemblies (7ms)
			RefreshPlugins (0ms)
			BeforeProcessingInitializeOnLoad (99ms)
			ProcessInitializeOnLoadAttributes (303ms)
			ProcessInitializeOnLoadMethodAttributes (76ms)
			AfterProcessingInitializeOnLoad (10ms)
			EditorAssembliesLoaded (0ms)
		ExecutionOrderSort2 (0ms)
		AwakeInstancesAfterBackupRestoration (20ms)
WARNING: Shader Unsupported: 'Toon/Basic Outline' - All subshaders removed
WARNING: Shader Did you use #pragma only_renderers and omit this platform?
WARNING: Shader If subshaders removal was intentional, you may have forgotten turning Fallback off?
WARNING: Shader Unsupported: 'Toon/Basic Outline' - All subshaders removed
WARNING: Shader Did you use #pragma only_renderers and omit this platform?
WARNING: Shader If subshaders removal was intentional, you may have forgotten turning Fallback off?
WARNING: Shader Unsupported: 'Toon/Lit Outline' - All subshaders removed
WARNING: Shader Did you use #pragma only_renderers and omit this platform?
WARNING: Shader If subshaders removal was intentional, you may have forgotten turning Fallback off?
WARNING: Shader Unsupported: 'Toon/Lit Outline' - All subshaders removed
WARNING: Shader Did you use #pragma only_renderers and omit this platform?
WARNING: Shader If subshaders removal was intentional, you may have forgotten turning Fallback off?
Refreshing native plugins compatible for Editor in 7.16 ms, found 4 plugins.
Preloading 0 native plugins for Editor in 0.00 ms.
Unloading 5364 Unused Serialized files (Serialized files now loaded: 0)
Unloading 24 unused Assets / (0.6 MB). Loaded Objects now: 6126.
Memory consumption went from 191.1 MB to 190.5 MB.
Total: 5.661500 ms (FindLiveObjects: 1.306100 ms CreateObjectMapping: 0.592100 ms MarkObjects: 3.292200 ms  DeleteObjects: 0.468900 ms)

Prepare: number of updated asset objects reloaded= 0
AssetImportParameters requested are different than current active one (requested -> active):
  custom:scripting/monoscript/fileName/MeshTypeBone.cs: f2929f2b8ecce3a651b0fd3ffe111924 -> 843ff81fb2c811dcac98decd349efe80
  custom:scripting/monoscript/fileName/ShaderSelector.cs: 685bc00da5c5122ea4d91cfb7c33d4ce -> 521612be2626bcd49281fc726d73115d
  custom:scripting/monoscript/fileName/Hand.cs: 5052127099e76a39f6f2b58ea1ef5c1e -> 192355eabc8b0bb90d2503d57cbc29e1
  custom:scripting/monoscript/fileName/TextureFactory.cs: cee276c059ba8c5d89b2dce85c58444e -> 9b0e0386d21b5055c4b652bc661be2ca
  custom:scripting/monoscript/fileName/ExecuteInternalMono.cs: 3e44be6fc6d7f25500f51fef3364e783 -> c1dae4aa6cbf1512716dd7e8414f8006
  custom:scripting/monoscript/fileName/BundleDetailList.cs: 49a12b558eca8c309cefc20f79be4f08 -> 7b03139c488749eda460103673d30967
  custom:scripting/monoscript/fileName/ChangeSkinMeshBtn.cs: 5c6d8ac28a61c97b01d08415ec68b892 -> 58cbf8e281a1824de7ac09fd6ead4741
  custom:container-demuxer-ogg: 62fdf1f143b41e24485cea50d1cbac27 -> 
  custom:scripting/monoscript/fileName/InspectSingleBundle.cs: c4ddaa812469395f667f8059fbbafbb2 -> ff6bcd7c39743f835ec77986ad4e4842
  custom:scripting/monoscript/fileName/TorsoFX.cs: 8364f33fdfe728687ae399ca95227afe -> 5e6b4d93b934706642170673ecf5c3cb
  custom:scripting/monoscript/fileName/Scar.cs: a42aaa0f7421fdbac285e770432737fe -> 93cf6a2332a708e947886120175eb79a
  custom:scripting/monoscript/fileName/Eye.cs: afd6b945d219259bc28efd165ef781f4 -> 698a2a7ea54ef8de083e5f76c9b8d930
  custom:scripting/monoscript/fileName/PrevTextureBtn.cs: ca06f7a8c9b0f19ce544f3b94a1420fa -> 764f96572b39e13aca5f7f18826c47b4
  custom:scripting/monoscript/fileName/ClearColorBtn.cs: 1e8e6c93adda6a5ba905483e8182c1dd -> c480f5967894d16fe78f727f834b09ac
  custom:scripting/monoscript/fileName/SaveManager.cs: de2264e4a492adfd4c3a4c607fa8c9d4 -> 3fcb126c6a66ba31aa898dd5743caa30
  custom:scripting/monoscript/fileName/PrevCharacterBtn.cs: 8b169ad1106eaf0dbdbff832654707ff -> 82d84ae18bcec8ea0c987e0a3a9d6a13
  custom:scripting/monoscript/fileName/Popup.cs: 1c1ef9080900e5e97d1b14f0b41eadfa -> 2cc3075140bfd1e8dd79773fa10aee0b
  custom:scripting/monoscript/fileName/EditorBundleManager.cs: 25971b08130223425370a0c67fd24c1d -> dc4d9d3c0d3cadbde48071e4065b6fbb
  custom:scripting/monoscript/fileName/LoadBtn.cs: 70bafae7f72c9ee6623f2f31d0779c28 -> 2ea2705ebacd83d0846f91df66c28259
  custom:scripting/monoscript/fileName/TextureTypeMaskSelector.cs: 7ff2a9c585e0132e7eecc431d721fd4f -> c5691a283aa245253aed7fa0115457e3
  custom:scripting/monoscript/fileName/Pants.cs: 6c99c36b54f1584503cd85f530589db5 -> df098d75808a7fb623ca5598aed5b66e
  custom:scripting/monoscript/fileName/ABDataSourceProvider.cs: 4f93c6cdfbe44a00612a956e4ef9ffe7 -> d15a3b944396c4baae05b3f33e2f8331
  custom:video-decoder-ogg-theora: a1e56fd34408186e4bbccfd4996cb3dc -> 
  custom:scripting/monoscript/fileName/MeshManager.cs: 2f249bf80d6ae36c03b9409f5feb6c0d -> 80ab94735750c9af566e7e697efa30bc
  custom:scripting/monoscript/fileName/ABDataSource.cs: 41b8295d17e0ef0ed1d4f959baadf27f -> 7ceefc660d5f297abc8804d14984f27e
  custom:framework-win-MediaFoundation: 216162199b28c13a410421893ffa2e32 -> 
  custom:scripting/monoscript/fileName/NextCharacterBtn.cs: 3c5d6d5f91a48826bcb43d4ef5261f6a -> 271bcb60c5934eb6d4486f66396754c5
  custom:scripting/monoscript/fileName/AssetBundleInspectTab.cs: 945f43d3df2c8ee2453a9a63fa11274c -> 9c287edf6d1d376f12a8f96d01ec074a
  custom:scripting/monoscript/fileName/SaveListView.cs: e595613b43c00299f3513b824b0dabc3 -> 66f5588456e9744a16cd29a95c0a128e
  custom:scripting/monoscript/fileName/MeshFactory.cs: 4bbafa913eed9f0fb1b99654c8762909 -> a5c11ad228aefe2964b1b339054e39bc
  custom:scripting/monoscript/fileName/CharacterCustomizer.cs: 6b998336770e1834435505a2273ed78a -> 
  custom:scripting/monoscript/fileName/TestDatabase.cs: 23855a153a87fda770b086a78bc24d6d -> 
  custom:scripting/monoscript/fileName/AssetDatabaseABDataSource.cs: f87f54f41a9ae61d6c93a1ee4a7276fe -> a9068bde9865684c07718fa2f110ebd4
  custom:scripting/monoscript/fileName/AbstractFXMesh.cs: 2f7f8bc9d1b9e98b83ebf043ab545fae -> 355e798705134331d1b4e13fe77a1ba2
  custom:scripting/monoscript/fileName/IConfigLoader.cs: 290018350438b79782c4b9fdba32926e -> a4ccf3c5021bb9e95d5d05a0a09bf8bd
  custom:scripting/monoscript/fileName/ABModelBundleInfo.cs: 2188b089518dc510222192403494a01e -> 9fa50afaf3db0543d3d887b15c00368c
  custom:scripting/monoscript/fileName/Leg.cs: ef7b14f4330dc25387e1b59f0290d188 -> 43594c645958cd98f0dcb60d0855f6d1
  custom:scripting/monoscript/fileName/ABModelAssetInfo.cs: 30e23a9e1ca57fffc37b721992bcf1a0 -> cf869514a0bf82899ce1cda23bdb700e
  custom:scripting/monoscript/fileName/MeshTypeMaskSelector.cs: e94ba6f4a1adba4feee5fb7cc4e351fe -> ed92edda1c9655f258c64f35a85ef583
  custom:scripting/monoscript/fileName/ClearMeshBtn.cs: b14d5ced1c19826bfc491001a3f185d1 -> d990ebc2143de5948aea2a5badbfe15b
  custom:scripting/monoscript/fileName/MeshAndTextureTypeMaskSelector.cs: fdba9a050c9e3646ce8e80b7e936d037 -> 8a4bea39d5d059db9f897ddcbaaa5fb6
  custom:scripting/monoscript/fileName/FxMeshFactory.cs: c3e28ca0186ef5ee5525c8801ad21c5a -> 0c8ff1afadd69a3595c5d00772f68410
  custom:scripting/monoscript/fileName/FXTypeMaskSelector.cs: d74f6e4a0bcd101e2717459b81084106 -> 0f6cbde77ec3d316ca044b2bb5952a3c
  custom:scripting/monoscript/fileName/PlayerController.cs: 5b090d859ab09be631dc3b0f203f9571 -> d93a52a180fbbe603a59e9aa6da73c83
  custom:scripting/monoscript/fileName/BuildScript.cs: 426ea9e2914d6e2d91f1414353c5dafc -> 337dba19c2e29ee8e4980fc4e2019d2f
  custom:scripting/monoscript/fileName/ClearSkinMeshBtn.cs: 82d2655784ebc16abf5528736d619a9b -> a8f6aebd6c57b68160badb6bcb2d0ed6
  custom:scripting/monoscript/fileName/CreateCharacterWizard.cs: acfc968f24a9426403bd5add4843dcf8 -> 45f0e70a15c8659931d42d36cb8cac07
  custom:CustomObjectIndexerAttribute: 72b91833f83ae208fae7752999fa3104 -> 
  custom:scripting/monoscript/fileName/AbstractTexture.cs: 5fe6f2f7be7fb5a86569856b4345a004 -> e0980b08fec448804b26f5b6dad65dfd
  custom:scripting/monoscript/fileName/FollowCamera.cs: 2d720f10865b64f024b0e3fccdd261c7 -> 8d6eb8e229738de226ec56d9e22b6b63
  custom:scripting/monoscript/fileName/FxMeshTypeBone.cs: f85b6921dfd1e47314410f2e3b110e25 -> c7f230be3097e0ffbcff74b002f4c068
  custom:scripting/monoscript/fileName/AssetbundlesMenuItems.cs: c3bdb3cf11cdd131fd9c40f5c72fdbb7 -> bacd4da6799b9476bee68e043690ff36
  custom:scripting/monoscript/fileName/CharacterRendererUI.cs: 494bfcacef163a63e00e0a76e5490b75 -> 
  custom:scripting/monoscript/fileName/Arm.cs: 4102684b6836edb71c1e92ebf943cfad -> b923216ab6f821207b08c03afd4c6525
  custom:container-demuxer-webm: 4f35f7cbe854078d1ac9338744f61a02 -> 
  custom:scripting/monoscript/fileName/NextMeshBtn.cs: c626932f4e3ef625c1f95cbb7df53377 -> c475632899117e513eda9e15e910b76e
  custom:scripting/monoscript/fileName/FaceFeature.cs: 4fb49a14cfb347e565b8520b489cd06f -> 2d58afa4a16bca365a6beb0bf6bfaea3
  custom:scripting/monoscript/fileName/SavePrefabBtn.cs: 3a461d0b73e33e6450805a3d4c14cf7e -> fb80c3034ef9c4f90fa622ffe7f9f829
  custom:scripting/monoscript/fileName/LoaderManager.cs: 369c2be46c8c25c8c25ebdc236e1107b -> de56154becf62ebc4f0181681035238d
  custom:scripting/monoscript/fileName/SaveNameInput.cs: 38a66e5dc26bdeafde0ff106788ee663 -> aae89d2fa016e54079d9c4371e2e5f50
  custom:scripting/monoscript/fileName/Config.cs: e85a922a2347c074e5939d78a5a7a10e -> 7351639d5127e04bc4fcb4671c4a17fb
  custom:scripting/monoscript/fileName/EyeFX.cs: bb3e917396c4b9336da3800cda69d75f -> 0e9063be2785787a64aac5ac3958ba88
  custom:scripting/monoscript/fileName/CategoryPanel.cs: 2ede49e7213c224cf2b42e7bf0785af5 -> 
  custom:scripting/monoscript/fileName/JumpFallBehaviour.cs: 6e303c4d540ce7e39efab9189bb22bcd -> 71c001d1ad34a6d3b319feace6bde3ef
  custom:scripting/monoscript/fileName/PrevMeshBtn.cs: e4cc6e23cf1ae834cfc676eb293c1a5c -> b3d8856e7d265dc9c0dfa6c173a5ecfd
  custom:container-muxer-webm: aa71ff27fc2769a1b78a27578f13a17b -> 
  custom:scripting/monoscript/fileName/ClearTextureBtn.cs: 4f31783abce9af1d7ec4839287fef475 -> e3b2bcf1edcb5118f2edfda92d79dc01
  custom:scripting/monoscript/fileName/Shoes.cs: 066ec4aa35b5452249c3208e4decccac -> a3171f40fe6c3d65d3385917721d6b32
  custom:video-decoder-webm-vp8: 9c59270c3fd7afecdb556c50c9e8de78 -> 
  custom:scripting/monoscript/fileName/ConfigManager.cs: ecadd354c11a441a4c89b5fd7a9f00e6 -> caea2b28af0ab9e40fec80621d2354a1
  custom:scripting/monoscript/fileName/ClearFXBtn.cs: 9a39f15de353636ac82e469249897f2d -> 7bb97525152b99fa74400a29eaa13dea
  custom:scripting/monoscript/fileName/ClosePopup.cs: b8d454205b2ceefe37b5fd3a66ce3f21 -> 55d4b78c13dd76e50d9c188109fdf0bb
  custom:SearchIndexIgnoredProperties: e643bd26f0fe6173181afceb89e7c659 -> 
  custom:scripting/monoscript/fileName/Belt.cs: 57f9cd2ecc900069b427149243ef3bc5 -> 49eb07e37613e7bc3cd2ca1c5688a06b
  custom:AudioImporter_EditorPlatform: d09bf68614088b80899f8185d706f6e7 -> 
  custom:scripting/monoscript/fileName/AssetBundleLoadOperation.cs: 6671757952e868610efe84deb7d10911 -> 5e23b7cfd6b1aefafff250cf74ef9147
  custom:scripting/monoscript/fileName/PrevSkinMeshBtn.cs: 4b975732b197cfed11faf978a39a86d9 -> 949d41495696a789e910ed4bddee68c8
  custom:scripting/monoscript/fileName/RandomBtn.cs: 09358cb3d53669a5fb3911b12bed41f9 -> 851c8dec69594280621f9ae4205a836d
  custom:scripting/monoscript/fileName/Beard.cs: fcba2011bd59aa862783e312bcb3f1ed -> 25619eaf3bae2cd2a4b58a1e35f6de63
  custom:scripting/monoscript/fileName/EnumFlagAttribute.cs: 74d0d26091c169f8de5e9bf42af43876 -> 955415b54787984cbbb8aa271c5326e3
  custom:scripting/monoscript/fileName/LaunchAssetBundleServer.cs: fde14ca75a313e949066fe5170090bd6 -> 43db2fb10887bbfb076c6767daba67bd
  custom:scripting/monoscript/fileName/TextureManager.cs: e8b62e3c8c466c37ed390308c47b609f -> aaabee5faa243fca33eb568630ae6e8e
  custom:scripting/monoscript/fileName/RobeShort.cs: 98a985110c88276dffccdebb9b45a97a -> 3c6d536f5d6b37080b8a61040ec81de3
  custom:scripting/monoscript/fileName/AssetBundleRecord.cs: 5e3e2662beb76f92f544ca3a6af0a002 -> 5a3119d6abe586168b6fe06c7e98c69c
  custom:scripting/monoscript/fileName/TogglePopup.cs: e3546a95722da3ab7907a444f1349cba -> 1d986db86e682e16edccd0653eb2aad7
  custom:scripting/monoscript/fileName/ITextureLoader.cs: fb942611a67ee29c2d3906a7f2b2ca06 -> 5adc935e3b3fb7761c6d5c127df50233
  custom:scripting/monoscript/fileName/SaveBtn.cs: 3dfbd63f5b032b539a11095805980518 -> 62cda288bb207ed68b5083d6b77f7471
  custom:scripting/monoscript/fileName/NextSkinMeshBtn.cs: 7bde284a6144f85f7d24cd53fe360afe -> c82eddd7edff4db94905f44ef59144c1
  custom:scripting/monoscript/fileName/Head.cs: ef8602f0e05bb6f56d36072970253a56 -> 6728c540b9905eb1de06718fa4aae534
  custom:scripting/monoscript/fileName/NextFXBtn.cs: ec23ffa473c712e78d6eb18c4ae448be -> 7e2755ad9a90b6ecb18961111ed6b016
  custom:scripting/monoscript/fileName/AssetBundleBrowserMain.cs: adf460d08e5161db4df4e9efbad520b6 -> d6cbb84444c9fdda30a8092bb0794cf7
  custom:scripting/monoscript/fileName/JSONMap.cs: 0cc7c12ea7048b3ee204a6864ec14612 -> f72d2edab136c1eb89bac454d589dbd3
  custom:scripting/monoscript/fileName/AssetBundleManageTab.cs: cd787c8175c6b452036330db58559128 -> 31b1d66e60f6e821749b4e2c88c32cdd
  custom:scripting/monoscript/fileName/Torso.cs: 69b7e0d6a62aacc036b1886a4ba2587b -> 54ee6015ea03462115d4c3153edbdf8c
  custom:scripting/monoscript/fileName/AssetBundleBuildTab.cs: e4d3d716146519b1f52f6c0fe7ec5a47 -> c4f1a336c5910d1832fd9e6c972559ad
  custom:scripting/monoscript/fileName/Hair.cs: 1f4e341ec44f1e9a43da832f30eda5e7 -> a794926f97f7a5e9c465865fe7af5e1b
  custom:scripting/monoscript/fileName/AbstractMesh.cs: f416745403975ff81463073698d6e017 -> 8184b2a66042d8caaccbbd20ed31dc56
  custom:scripting/monoscript/fileName/NextTextureBtn.cs: d5a300ee8993aada97b6138db78b58aa -> 68286e9f0e1d42eee9d43ba74e34330f
  custom:scripting/monoscript/fileName/Gloves.cs: 21fa036484600f2d249c1ff665501393 -> 28f9e2f54620c042ed9595f00f2065dc
  custom:scripting/monoscript/fileName/AssetBundleManager.cs: 0e168d48c6d3576e59f6c42f92fecd60 -> c15faaf8b529192dbe9aec9afe4991fd
  custom:scripting/monoscript/fileName/RobeLong.cs: 1a7163e76453fecee35478b548086606 -> f4a05f13d9e9427f236c1f1234a17722
  custom:scripting/monoscript/fileName/InspectTreeView.cs: 4d03769e654689089e5185b09bfc6882 -> 260e1db8105b149fed2e7856746dbf0f
  custom:scripting/monoscript/fileName/MeshLoader.cs: 0b10154577fb1ae0dd2e8310eae4ddf4 -> 514b5b4b4814025e9f754ee22115b972
  custom:scripting/monoscript/fileName/PrevFXBtn.cs: 9adcb6db2d84b99fc2ba85718ff2705c -> d82c337bfc40d281d6f7be6c53a9171d
  custom:scripting/monoscript/fileName/ABModel.cs: d4f2ea81e354d5c73ab4578ede6b09b2 -> efbeff1b31df600fad6d5bea582c7fba
  custom:video-encoder-webm-vp8: eb34c28f22e8b96e1ab97ce403110664 -> 
  custom:scripting/monoscript/fileName/TextureLoader.cs: ef2efb353191380796da06838f0ca27c -> 32fee57eede5dc7675a4e8e137c57785
  custom:scripting/monoscript/fileName/Cloak.cs: 83fee273266203de062b641017c68a04 -> a5348ad8315a274870ac1256b416f4df
  custom:audio-decoder-ogg-vorbis: bf7c407c2cedff20999df2af8eb42d56 -> 
  custom:scripting/monoscript/fileName/Eyebrow.cs: a80914df48c7002be677c64522cce038 -> 60a10d1886232f9d6b3fd8be0c11fca9
  custom:scripting/monoscript/fileName/MeshUVManager.cs: 3a3d4245c35b74c0afddd620ce689573 -> fa1c5e2aa443e2c89e2f51af239fa10f
  custom:scripting/monoscript/fileName/MessageList.cs: 6b608508dbf342db2b025fa4e75150ed -> e187436fd3600e1e0afecc6a8da1f18c
  custom:scripting/monoscript/fileName/ClearMeshColorBtn.cs: 0007c8d870af1fc291acf8c091e58855 -> 45fdc58f7fbca9a24d836bd66f751d53
  custom:scripting/monoscript/fileName/MessageSystem.cs: e1fba72936ec77bbbc283ee14a4e5ac9 -> c1467679f7f8f7989b7c591fe16f095b
  custom:scripting/monoscript/fileName/Helper.cs: c607632c58e5a7e90f5ab372e55f1b53 -> 42ad14543d1a843693f11a1cb7823bdc
  custom:scripting/monoscript/fileName/TorsoAdd.cs: de2919cda7445d192f99b708ac4f8f98 -> 6a719884572b7c749207c858146f4e3c
  custom:scripting/monoscript/fileName/EnumFlagDrawer.cs: 41a8255d04f81b6824e2eb405c56f882 -> 5c63d0c0059ff695bd0ee486d1e93bdc
  custom:scripting/monoscript/fileName/Utility.cs: 28500e0d15bd811ed13877f72f01a728 -> bc7c77987476d2cc716aa6822231009e
  custom:scripting/monoscript/fileName/NextColorBtn.cs: 3c291ea58299c895d1e49ee9d26926c4 -> 3628818366004c784ce7c532472e0770
  custom:scripting/monoscript/fileName/BeltAdd.cs: cb7f04a49673453c6e59d8a19fc25506 -> 23c8e20e1dd3c9ed150a971c41b0440b
  custom:scripting/monoscript/fileName/Skin.cs: b53e0e70cea1e5a2051dbeb2d303d7bf -> fa5b8fbc5e21205ad140661bb8d1d29a
  custom:scripting/monoscript/fileName/PrevMeshColorBtn.cs: 6e7146d83f859cab20d94f99a895303c -> eb2dbdc18e08517d5e99c78a100e7907
  custom:audio-encoder-webm-vorbis: bf7c407c2cedff20999df2af8eb42d56 -> 
  custom:scripting/monoscript/fileName/Helm.cs: c26d56b2bba9bcb0ed144e3501bc4050 -> 015c5ef11547d2a56ec06cbf9181e054
  custom:scripting/monoscript/fileName/Shoulder.cs: cd26873c046cfe405838db4b32b97d24 -> cbc35143cbffbdb744890d07b8670e7e
  custom:scripting/monoscript/fileName/IMeshLoader.cs: 9ae204479feb9db18b224953da5838fd -> 103d9667209b427a4c68ea28303f3cd3
  custom:scripting/monoscript/fileName/AssetListTree.cs: 255920d2dc3ac581fe65ea217df17385 -> 95ef94b9b5c1fc8c166d91a2229d1537
  custom:scripting/monoscript/fileName/MeshTexture.cs: e035409d8c1a139d8e58746d92de0530 -> 1c4c6300614cc8e271b614963931701e
  custom:scripting/monoscript/fileName/AssetBundleTree.cs: db18b513ade8dfdb586627b6c32bbf86 -> 5c86cf837bb6943c3398dc49a567b80f
  custom:scripting/precompiled-assembly-types:Assembly-CSharp: bd61ef89dd052a62cb180bc111b9f981 -> 2a57b7d9ba6c891b20990c959df4dfe7
  custom:scripting/monoscript/fileName/SpriteProcessor.cs: ecdbdd0dbf42b62f38de6c8096601c0d -> b47784218d8c2d820a413741c1f25a1f
  custom:scripting/monoscript/fileName/NextMeshColorBtn.cs: f15a2f312aac46efa390132e8e876a6a -> 3fefab99c46d758ed0e047f19be1644f
  custom:scripting/monoscript/fileName/ClearAllBtn.cs: 6b6df7aa9e75a6cecf2976db793db6eb -> bcba9c9686446fb7cf756301ebf868ec
  custom:scripting/monoscript/fileName/PlayerMoveController.cs: a4e66a81bcb2d723b3fb87dd004c6314 -> cc068b745400ee66c75378bcb7b27fdb
  custom:scripting/monoscript/fileName/ConfigLoader.cs: 62e091607cdc915ce80d4a253b61a2e7 -> db4bab6728472d9dedc7dfcc22e69d2d
  custom:scripting/monoscript/fileName/SaveItem.cs: 9fe0db1767d984560e8ce3cdb5cdd4f1 -> d881a933ade13ea32bf025db14797336
  custom:scripting/monoscript/fileName/SaveData.cs: cb74f51d5ddf1e3c0494034ad7572a91 -> b41c91a98201f94a04946b0cf063c975
  custom:scripting/monoscript/fileName/PrevColorBtn.cs: 745000830732e20a24b2b0544e8a21f7 -> e1d2791f9dd94cc4e35385ca804752d8
========================================================================
Received Prepare
Caller must complete domain reload
Begin MonoManager ReloadAssembly
- Loaded All Assemblies, in  0.723 seconds
Native extension for WindowsStandalone target not found
Native extension for Android target not found
Mono: successfully reloaded assembly
- Finished resetting the current domain, in  1.833 seconds
Domain Reload Profiling: 2551ms
	BeginReloadAssembly (205ms)
		ExecutionOrderSort (0ms)
		DisableScriptedObjects (4ms)
		BackupInstance (0ms)
		ReleaseScriptingObjects (0ms)
		CreateAndSetChildDomain (49ms)
	RebuildCommonClasses (40ms)
	RebuildNativeTypeToScriptingClass (9ms)
	initialDomainReloadingComplete (40ms)
	LoadAllAssembliesAndSetupDomain (423ms)
		LoadAssemblies (500ms)
		RebuildTransferFunctionScriptingTraits (0ms)
		AnalyzeDomain (37ms)
			TypeCache.Refresh (16ms)
				TypeCache.ScanAssembly (0ms)
			ScanForSourceGeneratedMonoScriptInfo (0ms)
			ResolveRequiredComponents (15ms)
	FinalizeReload (1834ms)
		ReleaseScriptCaches (0ms)
		RebuildScriptCaches (0ms)
		SetupLoadedEditorAssemblies (683ms)
			LogAssemblyErrors (0ms)
			InitializePlatformSupportModulesInManaged (28ms)
			SetLoadedEditorAssemblies (8ms)
			RefreshPlugins (0ms)
			BeforeProcessingInitializeOnLoad (130ms)
			ProcessInitializeOnLoadAttributes (421ms)
			ProcessInitializeOnLoadMethodAttributes (83ms)
			AfterProcessingInitializeOnLoad (12ms)
			EditorAssembliesLoaded (0ms)
		ExecutionOrderSort2 (0ms)
		AwakeInstancesAfterBackupRestoration (20ms)
WARNING: Shader Unsupported: 'Toon/Basic Outline' - All subshaders removed
WARNING: Shader Did you use #pragma only_renderers and omit this platform?
WARNING: Shader If subshaders removal was intentional, you may have forgotten turning Fallback off?
WARNING: Shader Unsupported: 'Toon/Basic Outline' - All subshaders removed
WARNING: Shader Did you use #pragma only_renderers and omit this platform?
WARNING: Shader If subshaders removal was intentional, you may have forgotten turning Fallback off?
WARNING: Shader Unsupported: 'Toon/Lit Outline' - All subshaders removed
WARNING: Shader Did you use #pragma only_renderers and omit this platform?
WARNING: Shader If subshaders removal was intentional, you may have forgotten turning Fallback off?
WARNING: Shader Unsupported: 'Toon/Lit Outline' - All subshaders removed
WARNING: Shader Did you use #pragma only_renderers and omit this platform?
WARNING: Shader If subshaders removal was intentional, you may have forgotten turning Fallback off?
Refreshing native plugins compatible for Editor in 9.53 ms, found 4 plugins.
Preloading 0 native plugins for Editor in 0.00 ms.
Unloading 5364 Unused Serialized files (Serialized files now loaded: 0)
Unloading 24 unused Assets / (0.6 MB). Loaded Objects now: 6131.
Memory consumption went from 191.0 MB to 190.4 MB.
Total: 5.144700 ms (FindLiveObjects: 0.778900 ms CreateObjectMapping: 0.886700 ms MarkObjects: 3.037000 ms  DeleteObjects: 0.440700 ms)

Prepare: number of updated asset objects reloaded= 0
AssetImportParameters requested are different than current active one (requested -> active):
  custom:scripting/monoscript/fileName/MeshTypeBone.cs: f2929f2b8ecce3a651b0fd3ffe111924 -> 843ff81fb2c811dcac98decd349efe80
  custom:scripting/monoscript/fileName/ShaderSelector.cs: 685bc00da5c5122ea4d91cfb7c33d4ce -> 521612be2626bcd49281fc726d73115d
  custom:scripting/monoscript/fileName/Hand.cs: 5052127099e76a39f6f2b58ea1ef5c1e -> 192355eabc8b0bb90d2503d57cbc29e1
  custom:scripting/monoscript/fileName/TextureFactory.cs: cee276c059ba8c5d89b2dce85c58444e -> 9b0e0386d21b5055c4b652bc661be2ca
  custom:scripting/monoscript/fileName/ExecuteInternalMono.cs: 3e44be6fc6d7f25500f51fef3364e783 -> c1dae4aa6cbf1512716dd7e8414f8006
  custom:scripting/monoscript/fileName/BundleDetailList.cs: 49a12b558eca8c309cefc20f79be4f08 -> 7b03139c488749eda460103673d30967
  custom:scripting/monoscript/fileName/ChangeSkinMeshBtn.cs: 5c6d8ac28a61c97b01d08415ec68b892 -> 58cbf8e281a1824de7ac09fd6ead4741
  custom:container-demuxer-ogg: 62fdf1f143b41e24485cea50d1cbac27 -> 
  custom:scripting/monoscript/fileName/InspectSingleBundle.cs: c4ddaa812469395f667f8059fbbafbb2 -> ff6bcd7c39743f835ec77986ad4e4842
  custom:scripting/monoscript/fileName/TorsoFX.cs: 8364f33fdfe728687ae399ca95227afe -> 5e6b4d93b934706642170673ecf5c3cb
  custom:scripting/monoscript/fileName/Scar.cs: a42aaa0f7421fdbac285e770432737fe -> 93cf6a2332a708e947886120175eb79a
  custom:scripting/monoscript/fileName/Eye.cs: afd6b945d219259bc28efd165ef781f4 -> 698a2a7ea54ef8de083e5f76c9b8d930
  custom:scripting/monoscript/fileName/PrevTextureBtn.cs: ca06f7a8c9b0f19ce544f3b94a1420fa -> 764f96572b39e13aca5f7f18826c47b4
  custom:scripting/monoscript/fileName/ClearColorBtn.cs: 1e8e6c93adda6a5ba905483e8182c1dd -> c480f5967894d16fe78f727f834b09ac
  custom:scripting/monoscript/fileName/SaveManager.cs: de2264e4a492adfd4c3a4c607fa8c9d4 -> 3fcb126c6a66ba31aa898dd5743caa30
  custom:scripting/monoscript/fileName/PrevCharacterBtn.cs: 8b169ad1106eaf0dbdbff832654707ff -> 82d84ae18bcec8ea0c987e0a3a9d6a13
  custom:scripting/monoscript/fileName/Popup.cs: 1c1ef9080900e5e97d1b14f0b41eadfa -> 2cc3075140bfd1e8dd79773fa10aee0b
  custom:scripting/monoscript/fileName/EditorBundleManager.cs: 25971b08130223425370a0c67fd24c1d -> dc4d9d3c0d3cadbde48071e4065b6fbb
  custom:scripting/monoscript/fileName/LoadBtn.cs: 70bafae7f72c9ee6623f2f31d0779c28 -> 2ea2705ebacd83d0846f91df66c28259
  custom:scripting/monoscript/fileName/TextureTypeMaskSelector.cs: 7ff2a9c585e0132e7eecc431d721fd4f -> c5691a283aa245253aed7fa0115457e3
  custom:scripting/monoscript/fileName/Pants.cs: 6c99c36b54f1584503cd85f530589db5 -> df098d75808a7fb623ca5598aed5b66e
  custom:scripting/monoscript/fileName/ABDataSourceProvider.cs: 4f93c6cdfbe44a00612a956e4ef9ffe7 -> d15a3b944396c4baae05b3f33e2f8331
  custom:video-decoder-ogg-theora: a1e56fd34408186e4bbccfd4996cb3dc -> 
  custom:scripting/monoscript/fileName/MeshManager.cs: 2f249bf80d6ae36c03b9409f5feb6c0d -> 80ab94735750c9af566e7e697efa30bc
  custom:scripting/monoscript/fileName/ABDataSource.cs: 41b8295d17e0ef0ed1d4f959baadf27f -> 7ceefc660d5f297abc8804d14984f27e
  custom:framework-win-MediaFoundation: 216162199b28c13a410421893ffa2e32 -> 
  custom:scripting/monoscript/fileName/NextCharacterBtn.cs: 3c5d6d5f91a48826bcb43d4ef5261f6a -> 271bcb60c5934eb6d4486f66396754c5
  custom:scripting/monoscript/fileName/AssetBundleInspectTab.cs: 945f43d3df2c8ee2453a9a63fa11274c -> 9c287edf6d1d376f12a8f96d01ec074a
  custom:scripting/monoscript/fileName/SaveListView.cs: e595613b43c00299f3513b824b0dabc3 -> 66f5588456e9744a16cd29a95c0a128e
  custom:scripting/monoscript/fileName/MeshFactory.cs: 4bbafa913eed9f0fb1b99654c8762909 -> a5c11ad228aefe2964b1b339054e39bc
  custom:scripting/monoscript/fileName/CharacterCustomizer.cs: 6b998336770e1834435505a2273ed78a -> 
  custom:scripting/monoscript/fileName/TestDatabase.cs: 23855a153a87fda770b086a78bc24d6d -> 
  custom:scripting/monoscript/fileName/AssetDatabaseABDataSource.cs: f87f54f41a9ae61d6c93a1ee4a7276fe -> a9068bde9865684c07718fa2f110ebd4
  custom:scripting/monoscript/fileName/AbstractFXMesh.cs: 2f7f8bc9d1b9e98b83ebf043ab545fae -> 355e798705134331d1b4e13fe77a1ba2
  custom:scripting/monoscript/fileName/IConfigLoader.cs: 290018350438b79782c4b9fdba32926e -> a4ccf3c5021bb9e95d5d05a0a09bf8bd
  custom:scripting/monoscript/fileName/ABModelBundleInfo.cs: 2188b089518dc510222192403494a01e -> 9fa50afaf3db0543d3d887b15c00368c
  custom:scripting/monoscript/fileName/Leg.cs: ef7b14f4330dc25387e1b59f0290d188 -> 43594c645958cd98f0dcb60d0855f6d1
  custom:scripting/monoscript/fileName/ABModelAssetInfo.cs: 30e23a9e1ca57fffc37b721992bcf1a0 -> cf869514a0bf82899ce1cda23bdb700e
  custom:scripting/monoscript/fileName/MeshTypeMaskSelector.cs: e94ba6f4a1adba4feee5fb7cc4e351fe -> ed92edda1c9655f258c64f35a85ef583
  custom:scripting/monoscript/fileName/ClearMeshBtn.cs: b14d5ced1c19826bfc491001a3f185d1 -> d990ebc2143de5948aea2a5badbfe15b
  custom:scripting/monoscript/fileName/MeshAndTextureTypeMaskSelector.cs: fdba9a050c9e3646ce8e80b7e936d037 -> 8a4bea39d5d059db9f897ddcbaaa5fb6
  custom:scripting/monoscript/fileName/FxMeshFactory.cs: c3e28ca0186ef5ee5525c8801ad21c5a -> 0c8ff1afadd69a3595c5d00772f68410
  custom:scripting/monoscript/fileName/FXTypeMaskSelector.cs: d74f6e4a0bcd101e2717459b81084106 -> 0f6cbde77ec3d316ca044b2bb5952a3c
  custom:scripting/monoscript/fileName/PlayerController.cs: 5b090d859ab09be631dc3b0f203f9571 -> d93a52a180fbbe603a59e9aa6da73c83
  custom:scripting/monoscript/fileName/BuildScript.cs: 426ea9e2914d6e2d91f1414353c5dafc -> 337dba19c2e29ee8e4980fc4e2019d2f
  custom:scripting/monoscript/fileName/ClearSkinMeshBtn.cs: 82d2655784ebc16abf5528736d619a9b -> a8f6aebd6c57b68160badb6bcb2d0ed6
  custom:scripting/monoscript/fileName/CreateCharacterWizard.cs: acfc968f24a9426403bd5add4843dcf8 -> 45f0e70a15c8659931d42d36cb8cac07
  custom:CustomObjectIndexerAttribute: 72b91833f83ae208fae7752999fa3104 -> 
  custom:scripting/monoscript/fileName/AbstractTexture.cs: 5fe6f2f7be7fb5a86569856b4345a004 -> e0980b08fec448804b26f5b6dad65dfd
  custom:scripting/monoscript/fileName/FollowCamera.cs: 2d720f10865b64f024b0e3fccdd261c7 -> 8d6eb8e229738de226ec56d9e22b6b63
  custom:scripting/monoscript/fileName/FxMeshTypeBone.cs: f85b6921dfd1e47314410f2e3b110e25 -> c7f230be3097e0ffbcff74b002f4c068
  custom:scripting/monoscript/fileName/AssetbundlesMenuItems.cs: c3bdb3cf11cdd131fd9c40f5c72fdbb7 -> bacd4da6799b9476bee68e043690ff36
  custom:scripting/monoscript/fileName/CharacterRendererUI.cs: 494bfcacef163a63e00e0a76e5490b75 -> 
  custom:scripting/monoscript/fileName/Arm.cs: 4102684b6836edb71c1e92ebf943cfad -> b923216ab6f821207b08c03afd4c6525
  custom:container-demuxer-webm: 4f35f7cbe854078d1ac9338744f61a02 -> 
  custom:scripting/monoscript/fileName/NextMeshBtn.cs: c626932f4e3ef625c1f95cbb7df53377 -> c475632899117e513eda9e15e910b76e
  custom:scripting/monoscript/fileName/FaceFeature.cs: 4fb49a14cfb347e565b8520b489cd06f -> 2d58afa4a16bca365a6beb0bf6bfaea3
  custom:scripting/monoscript/fileName/SavePrefabBtn.cs: 3a461d0b73e33e6450805a3d4c14cf7e -> fb80c3034ef9c4f90fa622ffe7f9f829
  custom:scripting/monoscript/fileName/LoaderManager.cs: 369c2be46c8c25c8c25ebdc236e1107b -> de56154becf62ebc4f0181681035238d
  custom:scripting/monoscript/fileName/SaveNameInput.cs: 38a66e5dc26bdeafde0ff106788ee663 -> aae89d2fa016e54079d9c4371e2e5f50
  custom:scripting/monoscript/fileName/Config.cs: e85a922a2347c074e5939d78a5a7a10e -> 7351639d5127e04bc4fcb4671c4a17fb
  custom:scripting/monoscript/fileName/EyeFX.cs: bb3e917396c4b9336da3800cda69d75f -> 0e9063be2785787a64aac5ac3958ba88
  custom:scripting/monoscript/fileName/CategoryPanel.cs: 2ede49e7213c224cf2b42e7bf0785af5 -> 
  custom:scripting/monoscript/fileName/JumpFallBehaviour.cs: 6e303c4d540ce7e39efab9189bb22bcd -> 71c001d1ad34a6d3b319feace6bde3ef
  custom:scripting/monoscript/fileName/PrevMeshBtn.cs: e4cc6e23cf1ae834cfc676eb293c1a5c -> b3d8856e7d265dc9c0dfa6c173a5ecfd
  custom:container-muxer-webm: aa71ff27fc2769a1b78a27578f13a17b -> 
  custom:scripting/monoscript/fileName/ClearTextureBtn.cs: 4f31783abce9af1d7ec4839287fef475 -> e3b2bcf1edcb5118f2edfda92d79dc01
  custom:scripting/monoscript/fileName/Shoes.cs: 066ec4aa35b5452249c3208e4decccac -> a3171f40fe6c3d65d3385917721d6b32
  custom:video-decoder-webm-vp8: 9c59270c3fd7afecdb556c50c9e8de78 -> 
  custom:scripting/monoscript/fileName/ConfigManager.cs: ecadd354c11a441a4c89b5fd7a9f00e6 -> caea2b28af0ab9e40fec80621d2354a1
  custom:scripting/monoscript/fileName/ClearFXBtn.cs: 9a39f15de353636ac82e469249897f2d -> 7bb97525152b99fa74400a29eaa13dea
  custom:scripting/monoscript/fileName/ClosePopup.cs: b8d454205b2ceefe37b5fd3a66ce3f21 -> 55d4b78c13dd76e50d9c188109fdf0bb
  custom:SearchIndexIgnoredProperties: e643bd26f0fe6173181afceb89e7c659 -> 
  custom:scripting/monoscript/fileName/Belt.cs: 57f9cd2ecc900069b427149243ef3bc5 -> 49eb07e37613e7bc3cd2ca1c5688a06b
  custom:AudioImporter_EditorPlatform: d09bf68614088b80899f8185d706f6e7 -> 
  custom:scripting/monoscript/fileName/AssetBundleLoadOperation.cs: 6671757952e868610efe84deb7d10911 -> 5e23b7cfd6b1aefafff250cf74ef9147
  custom:scripting/monoscript/fileName/PrevSkinMeshBtn.cs: 4b975732b197cfed11faf978a39a86d9 -> 949d41495696a789e910ed4bddee68c8
  custom:scripting/monoscript/fileName/RandomBtn.cs: 09358cb3d53669a5fb3911b12bed41f9 -> 851c8dec69594280621f9ae4205a836d
  custom:scripting/monoscript/fileName/Beard.cs: fcba2011bd59aa862783e312bcb3f1ed -> 25619eaf3bae2cd2a4b58a1e35f6de63
  custom:scripting/monoscript/fileName/EnumFlagAttribute.cs: 74d0d26091c169f8de5e9bf42af43876 -> 955415b54787984cbbb8aa271c5326e3
  custom:scripting/monoscript/fileName/LaunchAssetBundleServer.cs: fde14ca75a313e949066fe5170090bd6 -> 43db2fb10887bbfb076c6767daba67bd
  custom:scripting/monoscript/fileName/TextureManager.cs: e8b62e3c8c466c37ed390308c47b609f -> aaabee5faa243fca33eb568630ae6e8e
  custom:scripting/monoscript/fileName/RobeShort.cs: 98a985110c88276dffccdebb9b45a97a -> 3c6d536f5d6b37080b8a61040ec81de3
  custom:scripting/monoscript/fileName/AssetBundleRecord.cs: 5e3e2662beb76f92f544ca3a6af0a002 -> 5a3119d6abe586168b6fe06c7e98c69c
  custom:scripting/monoscript/fileName/TogglePopup.cs: e3546a95722da3ab7907a444f1349cba -> 1d986db86e682e16edccd0653eb2aad7
  custom:scripting/monoscript/fileName/ITextureLoader.cs: fb942611a67ee29c2d3906a7f2b2ca06 -> 5adc935e3b3fb7761c6d5c127df50233
  custom:scripting/monoscript/fileName/SaveBtn.cs: 3dfbd63f5b032b539a11095805980518 -> 62cda288bb207ed68b5083d6b77f7471
  custom:scripting/monoscript/fileName/NextSkinMeshBtn.cs: 7bde284a6144f85f7d24cd53fe360afe -> c82eddd7edff4db94905f44ef59144c1
  custom:scripting/monoscript/fileName/Head.cs: ef8602f0e05bb6f56d36072970253a56 -> 6728c540b9905eb1de06718fa4aae534
  custom:scripting/monoscript/fileName/NextFXBtn.cs: ec23ffa473c712e78d6eb18c4ae448be -> 7e2755ad9a90b6ecb18961111ed6b016
  custom:scripting/monoscript/fileName/AssetBundleBrowserMain.cs: adf460d08e5161db4df4e9efbad520b6 -> d6cbb84444c9fdda30a8092bb0794cf7
  custom:scripting/monoscript/fileName/JSONMap.cs: 0cc7c12ea7048b3ee204a6864ec14612 -> f72d2edab136c1eb89bac454d589dbd3
  custom:scripting/monoscript/fileName/AssetBundleManageTab.cs: cd787c8175c6b452036330db58559128 -> 31b1d66e60f6e821749b4e2c88c32cdd
  custom:scripting/monoscript/fileName/Torso.cs: 69b7e0d6a62aacc036b1886a4ba2587b -> 54ee6015ea03462115d4c3153edbdf8c
  custom:scripting/monoscript/fileName/AssetBundleBuildTab.cs: e4d3d716146519b1f52f6c0fe7ec5a47 -> c4f1a336c5910d1832fd9e6c972559ad
  custom:scripting/monoscript/fileName/Hair.cs: 1f4e341ec44f1e9a43da832f30eda5e7 -> a794926f97f7a5e9c465865fe7af5e1b
  custom:scripting/monoscript/fileName/AbstractMesh.cs: f416745403975ff81463073698d6e017 -> 8184b2a66042d8caaccbbd20ed31dc56
  custom:scripting/monoscript/fileName/NextTextureBtn.cs: d5a300ee8993aada97b6138db78b58aa -> 68286e9f0e1d42eee9d43ba74e34330f
  custom:scripting/monoscript/fileName/Gloves.cs: 21fa036484600f2d249c1ff665501393 -> 28f9e2f54620c042ed9595f00f2065dc
  custom:scripting/monoscript/fileName/AssetBundleManager.cs: 0e168d48c6d3576e59f6c42f92fecd60 -> c15faaf8b529192dbe9aec9afe4991fd
  custom:scripting/monoscript/fileName/RobeLong.cs: 1a7163e76453fecee35478b548086606 -> f4a05f13d9e9427f236c1f1234a17722
  custom:scripting/monoscript/fileName/InspectTreeView.cs: 4d03769e654689089e5185b09bfc6882 -> 260e1db8105b149fed2e7856746dbf0f
  custom:scripting/monoscript/fileName/MeshLoader.cs: 0b10154577fb1ae0dd2e8310eae4ddf4 -> 514b5b4b4814025e9f754ee22115b972
  custom:scripting/monoscript/fileName/PrevFXBtn.cs: 9adcb6db2d84b99fc2ba85718ff2705c -> d82c337bfc40d281d6f7be6c53a9171d
  custom:scripting/monoscript/fileName/ABModel.cs: d4f2ea81e354d5c73ab4578ede6b09b2 -> efbeff1b31df600fad6d5bea582c7fba
  custom:video-encoder-webm-vp8: eb34c28f22e8b96e1ab97ce403110664 -> 
  custom:scripting/monoscript/fileName/TextureLoader.cs: ef2efb353191380796da06838f0ca27c -> 32fee57eede5dc7675a4e8e137c57785
  custom:scripting/monoscript/fileName/Cloak.cs: 83fee273266203de062b641017c68a04 -> a5348ad8315a274870ac1256b416f4df
  custom:audio-decoder-ogg-vorbis: bf7c407c2cedff20999df2af8eb42d56 -> 
  custom:scripting/monoscript/fileName/Eyebrow.cs: a80914df48c7002be677c64522cce038 -> 60a10d1886232f9d6b3fd8be0c11fca9
  custom:scripting/monoscript/fileName/MeshUVManager.cs: 3a3d4245c35b74c0afddd620ce689573 -> fa1c5e2aa443e2c89e2f51af239fa10f
  custom:scripting/monoscript/fileName/MessageList.cs: 6b608508dbf342db2b025fa4e75150ed -> e187436fd3600e1e0afecc6a8da1f18c
  custom:scripting/monoscript/fileName/ClearMeshColorBtn.cs: 0007c8d870af1fc291acf8c091e58855 -> 45fdc58f7fbca9a24d836bd66f751d53
  custom:scripting/monoscript/fileName/MessageSystem.cs: e1fba72936ec77bbbc283ee14a4e5ac9 -> c1467679f7f8f7989b7c591fe16f095b
  custom:scripting/monoscript/fileName/Helper.cs: c607632c58e5a7e90f5ab372e55f1b53 -> 42ad14543d1a843693f11a1cb7823bdc
  custom:scripting/monoscript/fileName/TorsoAdd.cs: de2919cda7445d192f99b708ac4f8f98 -> 6a719884572b7c749207c858146f4e3c
  custom:scripting/monoscript/fileName/EnumFlagDrawer.cs: 41a8255d04f81b6824e2eb405c56f882 -> 5c63d0c0059ff695bd0ee486d1e93bdc
  custom:scripting/monoscript/fileName/Utility.cs: 28500e0d15bd811ed13877f72f01a728 -> bc7c77987476d2cc716aa6822231009e
  custom:scripting/monoscript/fileName/NextColorBtn.cs: 3c291ea58299c895d1e49ee9d26926c4 -> 3628818366004c784ce7c532472e0770
  custom:scripting/monoscript/fileName/BeltAdd.cs: cb7f04a49673453c6e59d8a19fc25506 -> 23c8e20e1dd3c9ed150a971c41b0440b
  custom:scripting/monoscript/fileName/Skin.cs: b53e0e70cea1e5a2051dbeb2d303d7bf -> fa5b8fbc5e21205ad140661bb8d1d29a
  custom:scripting/monoscript/fileName/PrevMeshColorBtn.cs: 6e7146d83f859cab20d94f99a895303c -> eb2dbdc18e08517d5e99c78a100e7907
  custom:audio-encoder-webm-vorbis: bf7c407c2cedff20999df2af8eb42d56 -> 
  custom:scripting/monoscript/fileName/Helm.cs: c26d56b2bba9bcb0ed144e3501bc4050 -> 015c5ef11547d2a56ec06cbf9181e054
  custom:scripting/monoscript/fileName/Shoulder.cs: cd26873c046cfe405838db4b32b97d24 -> cbc35143cbffbdb744890d07b8670e7e
  custom:scripting/monoscript/fileName/IMeshLoader.cs: 9ae204479feb9db18b224953da5838fd -> 103d9667209b427a4c68ea28303f3cd3
  custom:scripting/monoscript/fileName/AssetListTree.cs: 255920d2dc3ac581fe65ea217df17385 -> 95ef94b9b5c1fc8c166d91a2229d1537
  custom:scripting/monoscript/fileName/MeshTexture.cs: e035409d8c1a139d8e58746d92de0530 -> 1c4c6300614cc8e271b614963931701e
  custom:scripting/monoscript/fileName/AssetBundleTree.cs: db18b513ade8dfdb586627b6c32bbf86 -> 5c86cf837bb6943c3398dc49a567b80f
  custom:scripting/precompiled-assembly-types:Assembly-CSharp: bd61ef89dd052a62cb180bc111b9f981 -> 2a57b7d9ba6c891b20990c959df4dfe7
  custom:scripting/monoscript/fileName/SpriteProcessor.cs: ecdbdd0dbf42b62f38de6c8096601c0d -> b47784218d8c2d820a413741c1f25a1f
  custom:scripting/monoscript/fileName/NextMeshColorBtn.cs: f15a2f312aac46efa390132e8e876a6a -> 3fefab99c46d758ed0e047f19be1644f
  custom:scripting/monoscript/fileName/ClearAllBtn.cs: 6b6df7aa9e75a6cecf2976db793db6eb -> bcba9c9686446fb7cf756301ebf868ec
  custom:scripting/monoscript/fileName/PlayerMoveController.cs: a4e66a81bcb2d723b3fb87dd004c6314 -> cc068b745400ee66c75378bcb7b27fdb
  custom:scripting/monoscript/fileName/ConfigLoader.cs: 62e091607cdc915ce80d4a253b61a2e7 -> db4bab6728472d9dedc7dfcc22e69d2d
  custom:scripting/monoscript/fileName/SaveItem.cs: 9fe0db1767d984560e8ce3cdb5cdd4f1 -> d881a933ade13ea32bf025db14797336
  custom:scripting/monoscript/fileName/SaveData.cs: cb74f51d5ddf1e3c0494034ad7572a91 -> b41c91a98201f94a04946b0cf063c975
  custom:scripting/monoscript/fileName/PrevColorBtn.cs: 745000830732e20a24b2b0544e8a21f7 -> e1d2791f9dd94cc4e35385ca804752d8
========================================================================
Received Prepare
Caller must complete domain reload
Begin MonoManager ReloadAssembly
- Loaded All Assemblies, in  0.760 seconds
Native extension for WindowsStandalone target not found
Native extension for Android target not found
Mono: successfully reloaded assembly
- Finished resetting the current domain, in  1.795 seconds
Domain Reload Profiling: 2547ms
	BeginReloadAssembly (201ms)
		ExecutionOrderSort (0ms)
		DisableScriptedObjects (6ms)
		BackupInstance (0ms)
		ReleaseScriptingObjects (0ms)
		CreateAndSetChildDomain (48ms)
	RebuildCommonClasses (49ms)
	RebuildNativeTypeToScriptingClass (11ms)
	initialDomainReloadingComplete (49ms)
	LoadAllAssembliesAndSetupDomain (441ms)
		LoadAssemblies (525ms)
		RebuildTransferFunctionScriptingTraits (0ms)
		AnalyzeDomain (29ms)
			TypeCache.Refresh (12ms)
				TypeCache.ScanAssembly (0ms)
			ScanForSourceGeneratedMonoScriptInfo (0ms)
			ResolveRequiredComponents (13ms)
	FinalizeReload (1795ms)
		ReleaseScriptCaches (0ms)
		RebuildScriptCaches (0ms)
		SetupLoadedEditorAssemblies (656ms)
			LogAssemblyErrors (0ms)
			InitializePlatformSupportModulesInManaged (26ms)
			SetLoadedEditorAssemblies (5ms)
			RefreshPlugins (0ms)
			BeforeProcessingInitializeOnLoad (104ms)
			ProcessInitializeOnLoadAttributes (420ms)
			ProcessInitializeOnLoadMethodAttributes (88ms)
			AfterProcessingInitializeOnLoad (12ms)
			EditorAssembliesLoaded (0ms)
		ExecutionOrderSort2 (0ms)
		AwakeInstancesAfterBackupRestoration (22ms)
WARNING: Shader Unsupported: 'Toon/Basic Outline' - All subshaders removed
WARNING: Shader Did you use #pragma only_renderers and omit this platform?
WARNING: Shader If subshaders removal was intentional, you may have forgotten turning Fallback off?
WARNING: Shader Unsupported: 'Toon/Basic Outline' - All subshaders removed
WARNING: Shader Did you use #pragma only_renderers and omit this platform?
WARNING: Shader If subshaders removal was intentional, you may have forgotten turning Fallback off?
WARNING: Shader Unsupported: 'Toon/Lit Outline' - All subshaders removed
WARNING: Shader Did you use #pragma only_renderers and omit this platform?
WARNING: Shader If subshaders removal was intentional, you may have forgotten turning Fallback off?
WARNING: Shader Unsupported: 'Toon/Lit Outline' - All subshaders removed
WARNING: Shader Did you use #pragma only_renderers and omit this platform?
WARNING: Shader If subshaders removal was intentional, you may have forgotten turning Fallback off?
Refreshing native plugins compatible for Editor in 9.12 ms, found 4 plugins.
Preloading 0 native plugins for Editor in 0.00 ms.
Unloading 5364 Unused Serialized files (Serialized files now loaded: 0)
Unloading 24 unused Assets / (0.6 MB). Loaded Objects now: 6136.
Memory consumption went from 191.1 MB to 190.5 MB.
Total: 5.669000 ms (FindLiveObjects: 0.782900 ms CreateObjectMapping: 0.711000 ms MarkObjects: 3.754400 ms  DeleteObjects: 0.417900 ms)

Prepare: number of updated asset objects reloaded= 0
AssetImportParameters requested are different than current active one (requested -> active):
  custom:scripting/monoscript/fileName/MeshTypeBone.cs: f2929f2b8ecce3a651b0fd3ffe111924 -> 843ff81fb2c811dcac98decd349efe80
  custom:scripting/monoscript/fileName/ShaderSelector.cs: 685bc00da5c5122ea4d91cfb7c33d4ce -> 521612be2626bcd49281fc726d73115d
  custom:scripting/monoscript/fileName/Hand.cs: 5052127099e76a39f6f2b58ea1ef5c1e -> 192355eabc8b0bb90d2503d57cbc29e1
  custom:scripting/monoscript/fileName/TextureFactory.cs: cee276c059ba8c5d89b2dce85c58444e -> 9b0e0386d21b5055c4b652bc661be2ca
  custom:scripting/monoscript/fileName/ExecuteInternalMono.cs: 3e44be6fc6d7f25500f51fef3364e783 -> c1dae4aa6cbf1512716dd7e8414f8006
  custom:scripting/monoscript/fileName/BundleDetailList.cs: 49a12b558eca8c309cefc20f79be4f08 -> 7b03139c488749eda460103673d30967
  custom:scripting/monoscript/fileName/ChangeSkinMeshBtn.cs: 5c6d8ac28a61c97b01d08415ec68b892 -> 58cbf8e281a1824de7ac09fd6ead4741
  custom:container-demuxer-ogg: 62fdf1f143b41e24485cea50d1cbac27 -> 
  custom:scripting/monoscript/fileName/InspectSingleBundle.cs: c4ddaa812469395f667f8059fbbafbb2 -> ff6bcd7c39743f835ec77986ad4e4842
  custom:scripting/monoscript/fileName/TorsoFX.cs: 8364f33fdfe728687ae399ca95227afe -> 5e6b4d93b934706642170673ecf5c3cb
  custom:scripting/monoscript/fileName/Scar.cs: a42aaa0f7421fdbac285e770432737fe -> 93cf6a2332a708e947886120175eb79a
  custom:scripting/monoscript/fileName/Eye.cs: afd6b945d219259bc28efd165ef781f4 -> 698a2a7ea54ef8de083e5f76c9b8d930
  custom:scripting/monoscript/fileName/PrevTextureBtn.cs: ca06f7a8c9b0f19ce544f3b94a1420fa -> 764f96572b39e13aca5f7f18826c47b4
  custom:scripting/monoscript/fileName/ClearColorBtn.cs: 1e8e6c93adda6a5ba905483e8182c1dd -> c480f5967894d16fe78f727f834b09ac
  custom:scripting/monoscript/fileName/SaveManager.cs: de2264e4a492adfd4c3a4c607fa8c9d4 -> 3fcb126c6a66ba31aa898dd5743caa30
  custom:scripting/monoscript/fileName/PrevCharacterBtn.cs: 8b169ad1106eaf0dbdbff832654707ff -> 82d84ae18bcec8ea0c987e0a3a9d6a13
  custom:scripting/monoscript/fileName/Popup.cs: 1c1ef9080900e5e97d1b14f0b41eadfa -> 2cc3075140bfd1e8dd79773fa10aee0b
  custom:scripting/monoscript/fileName/EditorBundleManager.cs: 25971b08130223425370a0c67fd24c1d -> dc4d9d3c0d3cadbde48071e4065b6fbb
  custom:scripting/monoscript/fileName/LoadBtn.cs: 70bafae7f72c9ee6623f2f31d0779c28 -> 2ea2705ebacd83d0846f91df66c28259
  custom:scripting/monoscript/fileName/TextureTypeMaskSelector.cs: 7ff2a9c585e0132e7eecc431d721fd4f -> c5691a283aa245253aed7fa0115457e3
  custom:scripting/monoscript/fileName/Pants.cs: 6c99c36b54f1584503cd85f530589db5 -> df098d75808a7fb623ca5598aed5b66e
  custom:scripting/monoscript/fileName/ABDataSourceProvider.cs: 4f93c6cdfbe44a00612a956e4ef9ffe7 -> d15a3b944396c4baae05b3f33e2f8331
  custom:video-decoder-ogg-theora: a1e56fd34408186e4bbccfd4996cb3dc -> 
  custom:scripting/monoscript/fileName/MeshManager.cs: 2f249bf80d6ae36c03b9409f5feb6c0d -> 80ab94735750c9af566e7e697efa30bc
  custom:scripting/monoscript/fileName/ABDataSource.cs: 41b8295d17e0ef0ed1d4f959baadf27f -> 7ceefc660d5f297abc8804d14984f27e
  custom:framework-win-MediaFoundation: 216162199b28c13a410421893ffa2e32 -> 
  custom:scripting/monoscript/fileName/NextCharacterBtn.cs: 3c5d6d5f91a48826bcb43d4ef5261f6a -> 271bcb60c5934eb6d4486f66396754c5
  custom:scripting/monoscript/fileName/AssetBundleInspectTab.cs: 945f43d3df2c8ee2453a9a63fa11274c -> 9c287edf6d1d376f12a8f96d01ec074a
  custom:scripting/monoscript/fileName/SaveListView.cs: e595613b43c00299f3513b824b0dabc3 -> 66f5588456e9744a16cd29a95c0a128e
  custom:scripting/monoscript/fileName/MeshFactory.cs: 4bbafa913eed9f0fb1b99654c8762909 -> a5c11ad228aefe2964b1b339054e39bc
  custom:scripting/monoscript/fileName/CharacterCustomizer.cs: 6b998336770e1834435505a2273ed78a -> 
  custom:scripting/monoscript/fileName/TestDatabase.cs: 23855a153a87fda770b086a78bc24d6d -> 
  custom:scripting/monoscript/fileName/AssetDatabaseABDataSource.cs: f87f54f41a9ae61d6c93a1ee4a7276fe -> a9068bde9865684c07718fa2f110ebd4
  custom:scripting/monoscript/fileName/AbstractFXMesh.cs: 2f7f8bc9d1b9e98b83ebf043ab545fae -> 355e798705134331d1b4e13fe77a1ba2
  custom:scripting/monoscript/fileName/IConfigLoader.cs: 290018350438b79782c4b9fdba32926e -> a4ccf3c5021bb9e95d5d05a0a09bf8bd
  custom:scripting/monoscript/fileName/ABModelBundleInfo.cs: 2188b089518dc510222192403494a01e -> 9fa50afaf3db0543d3d887b15c00368c
  custom:scripting/monoscript/fileName/Leg.cs: ef7b14f4330dc25387e1b59f0290d188 -> 43594c645958cd98f0dcb60d0855f6d1
  custom:scripting/monoscript/fileName/ABModelAssetInfo.cs: 30e23a9e1ca57fffc37b721992bcf1a0 -> cf869514a0bf82899ce1cda23bdb700e
  custom:scripting/monoscript/fileName/MeshTypeMaskSelector.cs: e94ba6f4a1adba4feee5fb7cc4e351fe -> ed92edda1c9655f258c64f35a85ef583
  custom:scripting/monoscript/fileName/ClearMeshBtn.cs: b14d5ced1c19826bfc491001a3f185d1 -> d990ebc2143de5948aea2a5badbfe15b
  custom:scripting/monoscript/fileName/MeshAndTextureTypeMaskSelector.cs: fdba9a050c9e3646ce8e80b7e936d037 -> 8a4bea39d5d059db9f897ddcbaaa5fb6
  custom:scripting/monoscript/fileName/FxMeshFactory.cs: c3e28ca0186ef5ee5525c8801ad21c5a -> 0c8ff1afadd69a3595c5d00772f68410
  custom:scripting/monoscript/fileName/FXTypeMaskSelector.cs: d74f6e4a0bcd101e2717459b81084106 -> 0f6cbde77ec3d316ca044b2bb5952a3c
  custom:scripting/monoscript/fileName/PlayerController.cs: 5b090d859ab09be631dc3b0f203f9571 -> d93a52a180fbbe603a59e9aa6da73c83
  custom:scripting/monoscript/fileName/BuildScript.cs: 426ea9e2914d6e2d91f1414353c5dafc -> 337dba19c2e29ee8e4980fc4e2019d2f
  custom:scripting/monoscript/fileName/ClearSkinMeshBtn.cs: 82d2655784ebc16abf5528736d619a9b -> a8f6aebd6c57b68160badb6bcb2d0ed6
  custom:scripting/monoscript/fileName/CreateCharacterWizard.cs: acfc968f24a9426403bd5add4843dcf8 -> 45f0e70a15c8659931d42d36cb8cac07
  custom:CustomObjectIndexerAttribute: 72b91833f83ae208fae7752999fa3104 -> 
  custom:scripting/monoscript/fileName/AbstractTexture.cs: 5fe6f2f7be7fb5a86569856b4345a004 -> e0980b08fec448804b26f5b6dad65dfd
  custom:scripting/monoscript/fileName/FollowCamera.cs: 2d720f10865b64f024b0e3fccdd261c7 -> 8d6eb8e229738de226ec56d9e22b6b63
  custom:scripting/monoscript/fileName/FxMeshTypeBone.cs: f85b6921dfd1e47314410f2e3b110e25 -> c7f230be3097e0ffbcff74b002f4c068
  custom:scripting/monoscript/fileName/AssetbundlesMenuItems.cs: c3bdb3cf11cdd131fd9c40f5c72fdbb7 -> bacd4da6799b9476bee68e043690ff36
  custom:scripting/monoscript/fileName/CharacterRendererUI.cs: 494bfcacef163a63e00e0a76e5490b75 -> 
  custom:scripting/monoscript/fileName/Arm.cs: 4102684b6836edb71c1e92ebf943cfad -> b923216ab6f821207b08c03afd4c6525
  custom:container-demuxer-webm: 4f35f7cbe854078d1ac9338744f61a02 -> 
  custom:scripting/monoscript/fileName/NextMeshBtn.cs: c626932f4e3ef625c1f95cbb7df53377 -> c475632899117e513eda9e15e910b76e
  custom:scripting/monoscript/fileName/FaceFeature.cs: 4fb49a14cfb347e565b8520b489cd06f -> 2d58afa4a16bca365a6beb0bf6bfaea3
  custom:scripting/monoscript/fileName/SavePrefabBtn.cs: 3a461d0b73e33e6450805a3d4c14cf7e -> fb80c3034ef9c4f90fa622ffe7f9f829
  custom:scripting/monoscript/fileName/LoaderManager.cs: 369c2be46c8c25c8c25ebdc236e1107b -> de56154becf62ebc4f0181681035238d
  custom:scripting/monoscript/fileName/SaveNameInput.cs: 38a66e5dc26bdeafde0ff106788ee663 -> aae89d2fa016e54079d9c4371e2e5f50
  custom:scripting/monoscript/fileName/Config.cs: e85a922a2347c074e5939d78a5a7a10e -> 7351639d5127e04bc4fcb4671c4a17fb
  custom:scripting/monoscript/fileName/EyeFX.cs: bb3e917396c4b9336da3800cda69d75f -> 0e9063be2785787a64aac5ac3958ba88
  custom:scripting/monoscript/fileName/CategoryPanel.cs: 2ede49e7213c224cf2b42e7bf0785af5 -> 
  custom:scripting/monoscript/fileName/JumpFallBehaviour.cs: 6e303c4d540ce7e39efab9189bb22bcd -> 71c001d1ad34a6d3b319feace6bde3ef
  custom:scripting/monoscript/fileName/PrevMeshBtn.cs: e4cc6e23cf1ae834cfc676eb293c1a5c -> b3d8856e7d265dc9c0dfa6c173a5ecfd
  custom:container-muxer-webm: aa71ff27fc2769a1b78a27578f13a17b -> 
  custom:scripting/monoscript/fileName/ClearTextureBtn.cs: 4f31783abce9af1d7ec4839287fef475 -> e3b2bcf1edcb5118f2edfda92d79dc01
  custom:scripting/monoscript/fileName/Shoes.cs: 066ec4aa35b5452249c3208e4decccac -> a3171f40fe6c3d65d3385917721d6b32
  custom:video-decoder-webm-vp8: 9c59270c3fd7afecdb556c50c9e8de78 -> 
  custom:scripting/monoscript/fileName/ConfigManager.cs: ecadd354c11a441a4c89b5fd7a9f00e6 -> caea2b28af0ab9e40fec80621d2354a1
  custom:scripting/monoscript/fileName/ClearFXBtn.cs: 9a39f15de353636ac82e469249897f2d -> 7bb97525152b99fa74400a29eaa13dea
  custom:scripting/monoscript/fileName/ClosePopup.cs: b8d454205b2ceefe37b5fd3a66ce3f21 -> 55d4b78c13dd76e50d9c188109fdf0bb
  custom:SearchIndexIgnoredProperties: e643bd26f0fe6173181afceb89e7c659 -> 
  custom:scripting/monoscript/fileName/Belt.cs: 57f9cd2ecc900069b427149243ef3bc5 -> 49eb07e37613e7bc3cd2ca1c5688a06b
  custom:AudioImporter_EditorPlatform: d09bf68614088b80899f8185d706f6e7 -> 
  custom:scripting/monoscript/fileName/AssetBundleLoadOperation.cs: 6671757952e868610efe84deb7d10911 -> 5e23b7cfd6b1aefafff250cf74ef9147
  custom:scripting/monoscript/fileName/PrevSkinMeshBtn.cs: 4b975732b197cfed11faf978a39a86d9 -> 949d41495696a789e910ed4bddee68c8
  custom:scripting/monoscript/fileName/RandomBtn.cs: 09358cb3d53669a5fb3911b12bed41f9 -> 851c8dec69594280621f9ae4205a836d
  custom:scripting/monoscript/fileName/Beard.cs: fcba2011bd59aa862783e312bcb3f1ed -> 25619eaf3bae2cd2a4b58a1e35f6de63
  custom:scripting/monoscript/fileName/EnumFlagAttribute.cs: 74d0d26091c169f8de5e9bf42af43876 -> 955415b54787984cbbb8aa271c5326e3
  custom:scripting/monoscript/fileName/LaunchAssetBundleServer.cs: fde14ca75a313e949066fe5170090bd6 -> 43db2fb10887bbfb076c6767daba67bd
  custom:scripting/monoscript/fileName/TextureManager.cs: e8b62e3c8c466c37ed390308c47b609f -> aaabee5faa243fca33eb568630ae6e8e
  custom:scripting/monoscript/fileName/RobeShort.cs: 98a985110c88276dffccdebb9b45a97a -> 3c6d536f5d6b37080b8a61040ec81de3
  custom:scripting/monoscript/fileName/AssetBundleRecord.cs: 5e3e2662beb76f92f544ca3a6af0a002 -> 5a3119d6abe586168b6fe06c7e98c69c
  custom:scripting/monoscript/fileName/TogglePopup.cs: e3546a95722da3ab7907a444f1349cba -> 1d986db86e682e16edccd0653eb2aad7
  custom:scripting/monoscript/fileName/ITextureLoader.cs: fb942611a67ee29c2d3906a7f2b2ca06 -> 5adc935e3b3fb7761c6d5c127df50233
  custom:scripting/monoscript/fileName/SaveBtn.cs: 3dfbd63f5b032b539a11095805980518 -> 62cda288bb207ed68b5083d6b77f7471
  custom:scripting/monoscript/fileName/NextSkinMeshBtn.cs: 7bde284a6144f85f7d24cd53fe360afe -> c82eddd7edff4db94905f44ef59144c1
  custom:scripting/monoscript/fileName/Head.cs: ef8602f0e05bb6f56d36072970253a56 -> 6728c540b9905eb1de06718fa4aae534
  custom:scripting/monoscript/fileName/NextFXBtn.cs: ec23ffa473c712e78d6eb18c4ae448be -> 7e2755ad9a90b6ecb18961111ed6b016
  custom:scripting/monoscript/fileName/AssetBundleBrowserMain.cs: adf460d08e5161db4df4e9efbad520b6 -> d6cbb84444c9fdda30a8092bb0794cf7
  custom:scripting/monoscript/fileName/JSONMap.cs: 0cc7c12ea7048b3ee204a6864ec14612 -> f72d2edab136c1eb89bac454d589dbd3
  custom:scripting/monoscript/fileName/AssetBundleManageTab.cs: cd787c8175c6b452036330db58559128 -> 31b1d66e60f6e821749b4e2c88c32cdd
  custom:scripting/monoscript/fileName/Torso.cs: 69b7e0d6a62aacc036b1886a4ba2587b -> 54ee6015ea03462115d4c3153edbdf8c
  custom:scripting/monoscript/fileName/AssetBundleBuildTab.cs: e4d3d716146519b1f52f6c0fe7ec5a47 -> c4f1a336c5910d1832fd9e6c972559ad
  custom:scripting/monoscript/fileName/Hair.cs: 1f4e341ec44f1e9a43da832f30eda5e7 -> a794926f97f7a5e9c465865fe7af5e1b
  custom:scripting/monoscript/fileName/AbstractMesh.cs: f416745403975ff81463073698d6e017 -> 8184b2a66042d8caaccbbd20ed31dc56
  custom:scripting/monoscript/fileName/NextTextureBtn.cs: d5a300ee8993aada97b6138db78b58aa -> 68286e9f0e1d42eee9d43ba74e34330f
  custom:scripting/monoscript/fileName/Gloves.cs: 21fa036484600f2d249c1ff665501393 -> 28f9e2f54620c042ed9595f00f2065dc
  custom:scripting/monoscript/fileName/AssetBundleManager.cs: 0e168d48c6d3576e59f6c42f92fecd60 -> c15faaf8b529192dbe9aec9afe4991fd
  custom:scripting/monoscript/fileName/RobeLong.cs: 1a7163e76453fecee35478b548086606 -> f4a05f13d9e9427f236c1f1234a17722
  custom:scripting/monoscript/fileName/InspectTreeView.cs: 4d03769e654689089e5185b09bfc6882 -> 260e1db8105b149fed2e7856746dbf0f
  custom:scripting/monoscript/fileName/MeshLoader.cs: 0b10154577fb1ae0dd2e8310eae4ddf4 -> 514b5b4b4814025e9f754ee22115b972
  custom:scripting/monoscript/fileName/PrevFXBtn.cs: 9adcb6db2d84b99fc2ba85718ff2705c -> d82c337bfc40d281d6f7be6c53a9171d
  custom:scripting/monoscript/fileName/ABModel.cs: d4f2ea81e354d5c73ab4578ede6b09b2 -> efbeff1b31df600fad6d5bea582c7fba
  custom:video-encoder-webm-vp8: eb34c28f22e8b96e1ab97ce403110664 -> 
  custom:scripting/monoscript/fileName/TextureLoader.cs: ef2efb353191380796da06838f0ca27c -> 32fee57eede5dc7675a4e8e137c57785
  custom:scripting/monoscript/fileName/Cloak.cs: 83fee273266203de062b641017c68a04 -> a5348ad8315a274870ac1256b416f4df
  custom:audio-decoder-ogg-vorbis: bf7c407c2cedff20999df2af8eb42d56 -> 
  custom:scripting/monoscript/fileName/Eyebrow.cs: a80914df48c7002be677c64522cce038 -> 60a10d1886232f9d6b3fd8be0c11fca9
  custom:scripting/monoscript/fileName/MeshUVManager.cs: 3a3d4245c35b74c0afddd620ce689573 -> fa1c5e2aa443e2c89e2f51af239fa10f
  custom:scripting/monoscript/fileName/MessageList.cs: 6b608508dbf342db2b025fa4e75150ed -> e187436fd3600e1e0afecc6a8da1f18c
  custom:scripting/monoscript/fileName/ClearMeshColorBtn.cs: 0007c8d870af1fc291acf8c091e58855 -> 45fdc58f7fbca9a24d836bd66f751d53
  custom:scripting/monoscript/fileName/MessageSystem.cs: e1fba72936ec77bbbc283ee14a4e5ac9 -> c1467679f7f8f7989b7c591fe16f095b
  custom:scripting/monoscript/fileName/Helper.cs: c607632c58e5a7e90f5ab372e55f1b53 -> 42ad14543d1a843693f11a1cb7823bdc
  custom:scripting/monoscript/fileName/TorsoAdd.cs: de2919cda7445d192f99b708ac4f8f98 -> 6a719884572b7c749207c858146f4e3c
  custom:scripting/monoscript/fileName/EnumFlagDrawer.cs: 41a8255d04f81b6824e2eb405c56f882 -> 5c63d0c0059ff695bd0ee486d1e93bdc
  custom:scripting/monoscript/fileName/Utility.cs: 28500e0d15bd811ed13877f72f01a728 -> bc7c77987476d2cc716aa6822231009e
  custom:scripting/monoscript/fileName/NextColorBtn.cs: 3c291ea58299c895d1e49ee9d26926c4 -> 3628818366004c784ce7c532472e0770
  custom:scripting/monoscript/fileName/BeltAdd.cs: cb7f04a49673453c6e59d8a19fc25506 -> 23c8e20e1dd3c9ed150a971c41b0440b
  custom:scripting/monoscript/fileName/Skin.cs: b53e0e70cea1e5a2051dbeb2d303d7bf -> fa5b8fbc5e21205ad140661bb8d1d29a
  custom:scripting/monoscript/fileName/PrevMeshColorBtn.cs: 6e7146d83f859cab20d94f99a895303c -> eb2dbdc18e08517d5e99c78a100e7907
  custom:audio-encoder-webm-vorbis: bf7c407c2cedff20999df2af8eb42d56 -> 
  custom:scripting/monoscript/fileName/Helm.cs: c26d56b2bba9bcb0ed144e3501bc4050 -> 015c5ef11547d2a56ec06cbf9181e054
  custom:scripting/monoscript/fileName/Shoulder.cs: cd26873c046cfe405838db4b32b97d24 -> cbc35143cbffbdb744890d07b8670e7e
  custom:scripting/monoscript/fileName/IMeshLoader.cs: 9ae204479feb9db18b224953da5838fd -> 103d9667209b427a4c68ea28303f3cd3
  custom:scripting/monoscript/fileName/AssetListTree.cs: 255920d2dc3ac581fe65ea217df17385 -> 95ef94b9b5c1fc8c166d91a2229d1537
  custom:scripting/monoscript/fileName/MeshTexture.cs: e035409d8c1a139d8e58746d92de0530 -> 1c4c6300614cc8e271b614963931701e
  custom:scripting/monoscript/fileName/AssetBundleTree.cs: db18b513ade8dfdb586627b6c32bbf86 -> 5c86cf837bb6943c3398dc49a567b80f
  custom:scripting/precompiled-assembly-types:Assembly-CSharp: bd61ef89dd052a62cb180bc111b9f981 -> 2a57b7d9ba6c891b20990c959df4dfe7
  custom:scripting/monoscript/fileName/SpriteProcessor.cs: ecdbdd0dbf42b62f38de6c8096601c0d -> b47784218d8c2d820a413741c1f25a1f
  custom:scripting/monoscript/fileName/NextMeshColorBtn.cs: f15a2f312aac46efa390132e8e876a6a -> 3fefab99c46d758ed0e047f19be1644f
  custom:scripting/monoscript/fileName/ClearAllBtn.cs: 6b6df7aa9e75a6cecf2976db793db6eb -> bcba9c9686446fb7cf756301ebf868ec
  custom:scripting/monoscript/fileName/PlayerMoveController.cs: a4e66a81bcb2d723b3fb87dd004c6314 -> cc068b745400ee66c75378bcb7b27fdb
  custom:scripting/monoscript/fileName/ConfigLoader.cs: 62e091607cdc915ce80d4a253b61a2e7 -> db4bab6728472d9dedc7dfcc22e69d2d
  custom:scripting/monoscript/fileName/SaveItem.cs: 9fe0db1767d984560e8ce3cdb5cdd4f1 -> d881a933ade13ea32bf025db14797336
  custom:scripting/monoscript/fileName/SaveData.cs: cb74f51d5ddf1e3c0494034ad7572a91 -> b41c91a98201f94a04946b0cf063c975
  custom:scripting/monoscript/fileName/PrevColorBtn.cs: 745000830732e20a24b2b0544e8a21f7 -> e1d2791f9dd94cc4e35385ca804752d8
========================================================================
Received Prepare
Caller must complete domain reload
Begin MonoManager ReloadAssembly
- Loaded All Assemblies, in  0.730 seconds
Native extension for WindowsStandalone target not found
Native extension for Android target not found
Mono: successfully reloaded assembly
- Finished resetting the current domain, in  1.747 seconds
Domain Reload Profiling: 2472ms
	BeginReloadAssembly (197ms)
		ExecutionOrderSort (0ms)
		DisableScriptedObjects (5ms)
		BackupInstance (0ms)
		ReleaseScriptingObjects (0ms)
		CreateAndSetChildDomain (47ms)
	RebuildCommonClasses (35ms)
	RebuildNativeTypeToScriptingClass (9ms)
	initialDomainReloadingComplete (43ms)
	LoadAllAssembliesAndSetupDomain (440ms)
		LoadAssemblies (520ms)
		RebuildTransferFunctionScriptingTraits (0ms)
		AnalyzeDomain (28ms)
			TypeCache.Refresh (11ms)
				TypeCache.ScanAssembly (0ms)
			ScanForSourceGeneratedMonoScriptInfo (0ms)
			ResolveRequiredComponents (12ms)
	FinalizeReload (1747ms)
		ReleaseScriptCaches (0ms)
		RebuildScriptCaches (0ms)
		SetupLoadedEditorAssemblies (650ms)
			LogAssemblyErrors (0ms)
			InitializePlatformSupportModulesInManaged (25ms)
			SetLoadedEditorAssemblies (5ms)
			RefreshPlugins (0ms)
			BeforeProcessingInitializeOnLoad (111ms)
			ProcessInitializeOnLoadAttributes (412ms)
			ProcessInitializeOnLoadMethodAttributes (85ms)
			AfterProcessingInitializeOnLoad (12ms)
			EditorAssembliesLoaded (0ms)
		ExecutionOrderSort2 (0ms)
		AwakeInstancesAfterBackupRestoration (22ms)
WARNING: Shader Unsupported: 'Toon/Basic Outline' - All subshaders removed
WARNING: Shader Did you use #pragma only_renderers and omit this platform?
WARNING: Shader If subshaders removal was intentional, you may have forgotten turning Fallback off?
WARNING: Shader Unsupported: 'Toon/Basic Outline' - All subshaders removed
WARNING: Shader Did you use #pragma only_renderers and omit this platform?
WARNING: Shader If subshaders removal was intentional, you may have forgotten turning Fallback off?
WARNING: Shader Unsupported: 'Toon/Lit Outline' - All subshaders removed
WARNING: Shader Did you use #pragma only_renderers and omit this platform?
WARNING: Shader If subshaders removal was intentional, you may have forgotten turning Fallback off?
WARNING: Shader Unsupported: 'Toon/Lit Outline' - All subshaders removed
WARNING: Shader Did you use #pragma only_renderers and omit this platform?
WARNING: Shader If subshaders removal was intentional, you may have forgotten turning Fallback off?
Refreshing native plugins compatible for Editor in 9.11 ms, found 4 plugins.
Preloading 0 native plugins for Editor in 0.00 ms.
Unloading 5364 Unused Serialized files (Serialized files now loaded: 0)
Unloading 24 unused Assets / (0.6 MB). Loaded Objects now: 6141.
Memory consumption went from 191.1 MB to 190.5 MB.
Total: 6.588600 ms (FindLiveObjects: 1.162400 ms CreateObjectMapping: 1.030800 ms MarkObjects: 3.927000 ms  DeleteObjects: 0.466900 ms)

Prepare: number of updated asset objects reloaded= 0
AssetImportParameters requested are different than current active one (requested -> active):
  custom:scripting/monoscript/fileName/MeshTypeBone.cs: f2929f2b8ecce3a651b0fd3ffe111924 -> 843ff81fb2c811dcac98decd349efe80
  custom:scripting/monoscript/fileName/ShaderSelector.cs: 685bc00da5c5122ea4d91cfb7c33d4ce -> 521612be2626bcd49281fc726d73115d
  custom:scripting/monoscript/fileName/Hand.cs: 5052127099e76a39f6f2b58ea1ef5c1e -> 192355eabc8b0bb90d2503d57cbc29e1
  custom:scripting/monoscript/fileName/TextureFactory.cs: cee276c059ba8c5d89b2dce85c58444e -> 9b0e0386d21b5055c4b652bc661be2ca
  custom:scripting/monoscript/fileName/ExecuteInternalMono.cs: 3e44be6fc6d7f25500f51fef3364e783 -> c1dae4aa6cbf1512716dd7e8414f8006
  custom:scripting/monoscript/fileName/BundleDetailList.cs: 49a12b558eca8c309cefc20f79be4f08 -> 7b03139c488749eda460103673d30967
  custom:scripting/monoscript/fileName/ChangeSkinMeshBtn.cs: 5c6d8ac28a61c97b01d08415ec68b892 -> 58cbf8e281a1824de7ac09fd6ead4741
  custom:container-demuxer-ogg: 62fdf1f143b41e24485cea50d1cbac27 -> 
  custom:scripting/monoscript/fileName/InspectSingleBundle.cs: c4ddaa812469395f667f8059fbbafbb2 -> ff6bcd7c39743f835ec77986ad4e4842
  custom:scripting/monoscript/fileName/TorsoFX.cs: 8364f33fdfe728687ae399ca95227afe -> 5e6b4d93b934706642170673ecf5c3cb
  custom:scripting/monoscript/fileName/Scar.cs: a42aaa0f7421fdbac285e770432737fe -> 93cf6a2332a708e947886120175eb79a
  custom:scripting/monoscript/fileName/Eye.cs: afd6b945d219259bc28efd165ef781f4 -> 698a2a7ea54ef8de083e5f76c9b8d930
  custom:scripting/monoscript/fileName/PrevTextureBtn.cs: ca06f7a8c9b0f19ce544f3b94a1420fa -> 764f96572b39e13aca5f7f18826c47b4
  custom:scripting/monoscript/fileName/ClearColorBtn.cs: 1e8e6c93adda6a5ba905483e8182c1dd -> c480f5967894d16fe78f727f834b09ac
  custom:scripting/monoscript/fileName/SaveManager.cs: de2264e4a492adfd4c3a4c607fa8c9d4 -> 3fcb126c6a66ba31aa898dd5743caa30
  custom:scripting/monoscript/fileName/PrevCharacterBtn.cs: 8b169ad1106eaf0dbdbff832654707ff -> 82d84ae18bcec8ea0c987e0a3a9d6a13
  custom:scripting/monoscript/fileName/Popup.cs: 1c1ef9080900e5e97d1b14f0b41eadfa -> 2cc3075140bfd1e8dd79773fa10aee0b
  custom:scripting/monoscript/fileName/EditorBundleManager.cs: 25971b08130223425370a0c67fd24c1d -> dc4d9d3c0d3cadbde48071e4065b6fbb
  custom:scripting/monoscript/fileName/LoadBtn.cs: 70bafae7f72c9ee6623f2f31d0779c28 -> 2ea2705ebacd83d0846f91df66c28259
  custom:scripting/monoscript/fileName/TextureTypeMaskSelector.cs: 7ff2a9c585e0132e7eecc431d721fd4f -> c5691a283aa245253aed7fa0115457e3
  custom:scripting/monoscript/fileName/Pants.cs: 6c99c36b54f1584503cd85f530589db5 -> df098d75808a7fb623ca5598aed5b66e
  custom:scripting/monoscript/fileName/ABDataSourceProvider.cs: 4f93c6cdfbe44a00612a956e4ef9ffe7 -> d15a3b944396c4baae05b3f33e2f8331
  custom:video-decoder-ogg-theora: a1e56fd34408186e4bbccfd4996cb3dc -> 
  custom:scripting/monoscript/fileName/MeshManager.cs: 2f249bf80d6ae36c03b9409f5feb6c0d -> 80ab94735750c9af566e7e697efa30bc
  custom:scripting/monoscript/fileName/ABDataSource.cs: 41b8295d17e0ef0ed1d4f959baadf27f -> 7ceefc660d5f297abc8804d14984f27e
  custom:framework-win-MediaFoundation: 216162199b28c13a410421893ffa2e32 -> 
  custom:scripting/monoscript/fileName/NextCharacterBtn.cs: 3c5d6d5f91a48826bcb43d4ef5261f6a -> 271bcb60c5934eb6d4486f66396754c5
  custom:scripting/monoscript/fileName/AssetBundleInspectTab.cs: 945f43d3df2c8ee2453a9a63fa11274c -> 9c287edf6d1d376f12a8f96d01ec074a
  custom:scripting/monoscript/fileName/SaveListView.cs: e595613b43c00299f3513b824b0dabc3 -> 66f5588456e9744a16cd29a95c0a128e
  custom:scripting/monoscript/fileName/MeshFactory.cs: 4bbafa913eed9f0fb1b99654c8762909 -> a5c11ad228aefe2964b1b339054e39bc
  custom:scripting/monoscript/fileName/CharacterCustomizer.cs: 6b998336770e1834435505a2273ed78a -> 
  custom:scripting/monoscript/fileName/TestDatabase.cs: 23855a153a87fda770b086a78bc24d6d -> 
  custom:scripting/monoscript/fileName/AssetDatabaseABDataSource.cs: f87f54f41a9ae61d6c93a1ee4a7276fe -> a9068bde9865684c07718fa2f110ebd4
  custom:scripting/monoscript/fileName/AbstractFXMesh.cs: 2f7f8bc9d1b9e98b83ebf043ab545fae -> 355e798705134331d1b4e13fe77a1ba2
  custom:scripting/monoscript/fileName/IConfigLoader.cs: 290018350438b79782c4b9fdba32926e -> a4ccf3c5021bb9e95d5d05a0a09bf8bd
  custom:scripting/monoscript/fileName/ABModelBundleInfo.cs: 2188b089518dc510222192403494a01e -> 9fa50afaf3db0543d3d887b15c00368c
  custom:scripting/monoscript/fileName/Leg.cs: ef7b14f4330dc25387e1b59f0290d188 -> 43594c645958cd98f0dcb60d0855f6d1
  custom:scripting/monoscript/fileName/ABModelAssetInfo.cs: 30e23a9e1ca57fffc37b721992bcf1a0 -> cf869514a0bf82899ce1cda23bdb700e
  custom:scripting/monoscript/fileName/MeshTypeMaskSelector.cs: e94ba6f4a1adba4feee5fb7cc4e351fe -> ed92edda1c9655f258c64f35a85ef583
  custom:scripting/monoscript/fileName/ClearMeshBtn.cs: b14d5ced1c19826bfc491001a3f185d1 -> d990ebc2143de5948aea2a5badbfe15b
  custom:scripting/monoscript/fileName/MeshAndTextureTypeMaskSelector.cs: fdba9a050c9e3646ce8e80b7e936d037 -> 8a4bea39d5d059db9f897ddcbaaa5fb6
  custom:scripting/monoscript/fileName/FxMeshFactory.cs: c3e28ca0186ef5ee5525c8801ad21c5a -> 0c8ff1afadd69a3595c5d00772f68410
  custom:scripting/monoscript/fileName/FXTypeMaskSelector.cs: d74f6e4a0bcd101e2717459b81084106 -> 0f6cbde77ec3d316ca044b2bb5952a3c
  custom:scripting/monoscript/fileName/PlayerController.cs: 5b090d859ab09be631dc3b0f203f9571 -> d93a52a180fbbe603a59e9aa6da73c83
  custom:scripting/monoscript/fileName/BuildScript.cs: 426ea9e2914d6e2d91f1414353c5dafc -> 337dba19c2e29ee8e4980fc4e2019d2f
  custom:scripting/monoscript/fileName/ClearSkinMeshBtn.cs: 82d2655784ebc16abf5528736d619a9b -> a8f6aebd6c57b68160badb6bcb2d0ed6
  custom:scripting/monoscript/fileName/CreateCharacterWizard.cs: acfc968f24a9426403bd5add4843dcf8 -> 45f0e70a15c8659931d42d36cb8cac07
  custom:CustomObjectIndexerAttribute: 72b91833f83ae208fae7752999fa3104 -> 
  custom:scripting/monoscript/fileName/AbstractTexture.cs: 5fe6f2f7be7fb5a86569856b4345a004 -> e0980b08fec448804b26f5b6dad65dfd
  custom:scripting/monoscript/fileName/FollowCamera.cs: 2d720f10865b64f024b0e3fccdd261c7 -> 8d6eb8e229738de226ec56d9e22b6b63
  custom:scripting/monoscript/fileName/FxMeshTypeBone.cs: f85b6921dfd1e47314410f2e3b110e25 -> c7f230be3097e0ffbcff74b002f4c068
  custom:scripting/monoscript/fileName/AssetbundlesMenuItems.cs: c3bdb3cf11cdd131fd9c40f5c72fdbb7 -> bacd4da6799b9476bee68e043690ff36
  custom:scripting/monoscript/fileName/CharacterRendererUI.cs: 494bfcacef163a63e00e0a76e5490b75 -> 
  custom:scripting/monoscript/fileName/Arm.cs: 4102684b6836edb71c1e92ebf943cfad -> b923216ab6f821207b08c03afd4c6525
  custom:container-demuxer-webm: 4f35f7cbe854078d1ac9338744f61a02 -> 
  custom:scripting/monoscript/fileName/NextMeshBtn.cs: c626932f4e3ef625c1f95cbb7df53377 -> c475632899117e513eda9e15e910b76e
  custom:scripting/monoscript/fileName/FaceFeature.cs: 4fb49a14cfb347e565b8520b489cd06f -> 2d58afa4a16bca365a6beb0bf6bfaea3
  custom:scripting/monoscript/fileName/SavePrefabBtn.cs: 3a461d0b73e33e6450805a3d4c14cf7e -> fb80c3034ef9c4f90fa622ffe7f9f829
  custom:scripting/monoscript/fileName/LoaderManager.cs: 369c2be46c8c25c8c25ebdc236e1107b -> de56154becf62ebc4f0181681035238d
  custom:scripting/monoscript/fileName/SaveNameInput.cs: 38a66e5dc26bdeafde0ff106788ee663 -> aae89d2fa016e54079d9c4371e2e5f50
  custom:scripting/monoscript/fileName/Config.cs: e85a922a2347c074e5939d78a5a7a10e -> 7351639d5127e04bc4fcb4671c4a17fb
  custom:scripting/monoscript/fileName/EyeFX.cs: bb3e917396c4b9336da3800cda69d75f -> 0e9063be2785787a64aac5ac3958ba88
  custom:scripting/monoscript/fileName/CategoryPanel.cs: 2ede49e7213c224cf2b42e7bf0785af5 -> 
  custom:scripting/monoscript/fileName/JumpFallBehaviour.cs: 6e303c4d540ce7e39efab9189bb22bcd -> 71c001d1ad34a6d3b319feace6bde3ef
  custom:scripting/monoscript/fileName/PrevMeshBtn.cs: e4cc6e23cf1ae834cfc676eb293c1a5c -> b3d8856e7d265dc9c0dfa6c173a5ecfd
  custom:container-muxer-webm: aa71ff27fc2769a1b78a27578f13a17b -> 
  custom:scripting/monoscript/fileName/ClearTextureBtn.cs: 4f31783abce9af1d7ec4839287fef475 -> e3b2bcf1edcb5118f2edfda92d79dc01
  custom:scripting/monoscript/fileName/Shoes.cs: 066ec4aa35b5452249c3208e4decccac -> a3171f40fe6c3d65d3385917721d6b32
  custom:video-decoder-webm-vp8: 9c59270c3fd7afecdb556c50c9e8de78 -> 
  custom:scripting/monoscript/fileName/ConfigManager.cs: ecadd354c11a441a4c89b5fd7a9f00e6 -> caea2b28af0ab9e40fec80621d2354a1
  custom:scripting/monoscript/fileName/ClearFXBtn.cs: 9a39f15de353636ac82e469249897f2d -> 7bb97525152b99fa74400a29eaa13dea
  custom:scripting/monoscript/fileName/ClosePopup.cs: b8d454205b2ceefe37b5fd3a66ce3f21 -> 55d4b78c13dd76e50d9c188109fdf0bb
  custom:SearchIndexIgnoredProperties: e643bd26f0fe6173181afceb89e7c659 -> 
  custom:scripting/monoscript/fileName/Belt.cs: 57f9cd2ecc900069b427149243ef3bc5 -> 49eb07e37613e7bc3cd2ca1c5688a06b
  custom:AudioImporter_EditorPlatform: d09bf68614088b80899f8185d706f6e7 -> 
  custom:scripting/monoscript/fileName/AssetBundleLoadOperation.cs: 6671757952e868610efe84deb7d10911 -> 5e23b7cfd6b1aefafff250cf74ef9147
  custom:scripting/monoscript/fileName/PrevSkinMeshBtn.cs: 4b975732b197cfed11faf978a39a86d9 -> 949d41495696a789e910ed4bddee68c8
  custom:scripting/monoscript/fileName/RandomBtn.cs: 09358cb3d53669a5fb3911b12bed41f9 -> 851c8dec69594280621f9ae4205a836d
  custom:scripting/monoscript/fileName/Beard.cs: fcba2011bd59aa862783e312bcb3f1ed -> 25619eaf3bae2cd2a4b58a1e35f6de63
  custom:scripting/monoscript/fileName/EnumFlagAttribute.cs: 74d0d26091c169f8de5e9bf42af43876 -> 955415b54787984cbbb8aa271c5326e3
  custom:scripting/monoscript/fileName/LaunchAssetBundleServer.cs: fde14ca75a313e949066fe5170090bd6 -> 43db2fb10887bbfb076c6767daba67bd
  custom:scripting/monoscript/fileName/TextureManager.cs: e8b62e3c8c466c37ed390308c47b609f -> aaabee5faa243fca33eb568630ae6e8e
  custom:scripting/monoscript/fileName/RobeShort.cs: 98a985110c88276dffccdebb9b45a97a -> 3c6d536f5d6b37080b8a61040ec81de3
  custom:scripting/monoscript/fileName/AssetBundleRecord.cs: 5e3e2662beb76f92f544ca3a6af0a002 -> 5a3119d6abe586168b6fe06c7e98c69c
  custom:scripting/monoscript/fileName/TogglePopup.cs: e3546a95722da3ab7907a444f1349cba -> 1d986db86e682e16edccd0653eb2aad7
  custom:scripting/monoscript/fileName/ITextureLoader.cs: fb942611a67ee29c2d3906a7f2b2ca06 -> 5adc935e3b3fb7761c6d5c127df50233
  custom:scripting/monoscript/fileName/SaveBtn.cs: 3dfbd63f5b032b539a11095805980518 -> 62cda288bb207ed68b5083d6b77f7471
  custom:scripting/monoscript/fileName/NextSkinMeshBtn.cs: 7bde284a6144f85f7d24cd53fe360afe -> c82eddd7edff4db94905f44ef59144c1
  custom:scripting/monoscript/fileName/Head.cs: ef8602f0e05bb6f56d36072970253a56 -> 6728c540b9905eb1de06718fa4aae534
  custom:scripting/monoscript/fileName/NextFXBtn.cs: ec23ffa473c712e78d6eb18c4ae448be -> 7e2755ad9a90b6ecb18961111ed6b016
  custom:scripting/monoscript/fileName/AssetBundleBrowserMain.cs: adf460d08e5161db4df4e9efbad520b6 -> d6cbb84444c9fdda30a8092bb0794cf7
  custom:scripting/monoscript/fileName/JSONMap.cs: 0cc7c12ea7048b3ee204a6864ec14612 -> f72d2edab136c1eb89bac454d589dbd3
  custom:scripting/monoscript/fileName/AssetBundleManageTab.cs: cd787c8175c6b452036330db58559128 -> 31b1d66e60f6e821749b4e2c88c32cdd
  custom:scripting/monoscript/fileName/Torso.cs: 69b7e0d6a62aacc036b1886a4ba2587b -> 54ee6015ea03462115d4c3153edbdf8c
  custom:scripting/monoscript/fileName/AssetBundleBuildTab.cs: e4d3d716146519b1f52f6c0fe7ec5a47 -> c4f1a336c5910d1832fd9e6c972559ad
  custom:scripting/monoscript/fileName/Hair.cs: 1f4e341ec44f1e9a43da832f30eda5e7 -> a794926f97f7a5e9c465865fe7af5e1b
  custom:scripting/monoscript/fileName/AbstractMesh.cs: f416745403975ff81463073698d6e017 -> 8184b2a66042d8caaccbbd20ed31dc56
  custom:scripting/monoscript/fileName/NextTextureBtn.cs: d5a300ee8993aada97b6138db78b58aa -> 68286e9f0e1d42eee9d43ba74e34330f
  custom:scripting/monoscript/fileName/Gloves.cs: 21fa036484600f2d249c1ff665501393 -> 28f9e2f54620c042ed9595f00f2065dc
  custom:scripting/monoscript/fileName/AssetBundleManager.cs: 0e168d48c6d3576e59f6c42f92fecd60 -> c15faaf8b529192dbe9aec9afe4991fd
  custom:scripting/monoscript/fileName/RobeLong.cs: 1a7163e76453fecee35478b548086606 -> f4a05f13d9e9427f236c1f1234a17722
  custom:scripting/monoscript/fileName/InspectTreeView.cs: 4d03769e654689089e5185b09bfc6882 -> 260e1db8105b149fed2e7856746dbf0f
  custom:scripting/monoscript/fileName/MeshLoader.cs: 0b10154577fb1ae0dd2e8310eae4ddf4 -> 514b5b4b4814025e9f754ee22115b972
  custom:scripting/monoscript/fileName/PrevFXBtn.cs: 9adcb6db2d84b99fc2ba85718ff2705c -> d82c337bfc40d281d6f7be6c53a9171d
  custom:scripting/monoscript/fileName/ABModel.cs: d4f2ea81e354d5c73ab4578ede6b09b2 -> efbeff1b31df600fad6d5bea582c7fba
  custom:video-encoder-webm-vp8: eb34c28f22e8b96e1ab97ce403110664 -> 
  custom:scripting/monoscript/fileName/TextureLoader.cs: ef2efb353191380796da06838f0ca27c -> 32fee57eede5dc7675a4e8e137c57785
  custom:scripting/monoscript/fileName/Cloak.cs: 83fee273266203de062b641017c68a04 -> a5348ad8315a274870ac1256b416f4df
  custom:audio-decoder-ogg-vorbis: bf7c407c2cedff20999df2af8eb42d56 -> 
  custom:scripting/monoscript/fileName/Eyebrow.cs: a80914df48c7002be677c64522cce038 -> 60a10d1886232f9d6b3fd8be0c11fca9
  custom:scripting/monoscript/fileName/MeshUVManager.cs: 3a3d4245c35b74c0afddd620ce689573 -> fa1c5e2aa443e2c89e2f51af239fa10f
  custom:scripting/monoscript/fileName/MessageList.cs: 6b608508dbf342db2b025fa4e75150ed -> e187436fd3600e1e0afecc6a8da1f18c
  custom:scripting/monoscript/fileName/ClearMeshColorBtn.cs: 0007c8d870af1fc291acf8c091e58855 -> 45fdc58f7fbca9a24d836bd66f751d53
  custom:scripting/monoscript/fileName/MessageSystem.cs: e1fba72936ec77bbbc283ee14a4e5ac9 -> c1467679f7f8f7989b7c591fe16f095b
  custom:scripting/monoscript/fileName/Helper.cs: c607632c58e5a7e90f5ab372e55f1b53 -> 42ad14543d1a843693f11a1cb7823bdc
  custom:scripting/monoscript/fileName/TorsoAdd.cs: de2919cda7445d192f99b708ac4f8f98 -> 6a719884572b7c749207c858146f4e3c
  custom:scripting/monoscript/fileName/EnumFlagDrawer.cs: 41a8255d04f81b6824e2eb405c56f882 -> 5c63d0c0059ff695bd0ee486d1e93bdc
  custom:scripting/monoscript/fileName/Utility.cs: 28500e0d15bd811ed13877f72f01a728 -> bc7c77987476d2cc716aa6822231009e
  custom:scripting/monoscript/fileName/NextColorBtn.cs: 3c291ea58299c895d1e49ee9d26926c4 -> 3628818366004c784ce7c532472e0770
  custom:scripting/monoscript/fileName/BeltAdd.cs: cb7f04a49673453c6e59d8a19fc25506 -> 23c8e20e1dd3c9ed150a971c41b0440b
  custom:scripting/monoscript/fileName/Skin.cs: b53e0e70cea1e5a2051dbeb2d303d7bf -> fa5b8fbc5e21205ad140661bb8d1d29a
  custom:scripting/monoscript/fileName/PrevMeshColorBtn.cs: 6e7146d83f859cab20d94f99a895303c -> eb2dbdc18e08517d5e99c78a100e7907
  custom:audio-encoder-webm-vorbis: bf7c407c2cedff20999df2af8eb42d56 -> 
  custom:scripting/monoscript/fileName/Helm.cs: c26d56b2bba9bcb0ed144e3501bc4050 -> 015c5ef11547d2a56ec06cbf9181e054
  custom:scripting/monoscript/fileName/Shoulder.cs: cd26873c046cfe405838db4b32b97d24 -> cbc35143cbffbdb744890d07b8670e7e
  custom:scripting/monoscript/fileName/IMeshLoader.cs: 9ae204479feb9db18b224953da5838fd -> 103d9667209b427a4c68ea28303f3cd3
  custom:scripting/monoscript/fileName/AssetListTree.cs: 255920d2dc3ac581fe65ea217df17385 -> 95ef94b9b5c1fc8c166d91a2229d1537
  custom:scripting/monoscript/fileName/MeshTexture.cs: e035409d8c1a139d8e58746d92de0530 -> 1c4c6300614cc8e271b614963931701e
  custom:scripting/monoscript/fileName/AssetBundleTree.cs: db18b513ade8dfdb586627b6c32bbf86 -> 5c86cf837bb6943c3398dc49a567b80f
  custom:scripting/precompiled-assembly-types:Assembly-CSharp: bd61ef89dd052a62cb180bc111b9f981 -> 2a57b7d9ba6c891b20990c959df4dfe7
  custom:scripting/monoscript/fileName/SpriteProcessor.cs: ecdbdd0dbf42b62f38de6c8096601c0d -> b47784218d8c2d820a413741c1f25a1f
  custom:scripting/monoscript/fileName/NextMeshColorBtn.cs: f15a2f312aac46efa390132e8e876a6a -> 3fefab99c46d758ed0e047f19be1644f
  custom:scripting/monoscript/fileName/ClearAllBtn.cs: 6b6df7aa9e75a6cecf2976db793db6eb -> bcba9c9686446fb7cf756301ebf868ec
  custom:scripting/monoscript/fileName/PlayerMoveController.cs: a4e66a81bcb2d723b3fb87dd004c6314 -> cc068b745400ee66c75378bcb7b27fdb
  custom:scripting/monoscript/fileName/ConfigLoader.cs: 62e091607cdc915ce80d4a253b61a2e7 -> db4bab6728472d9dedc7dfcc22e69d2d
  custom:scripting/monoscript/fileName/SaveItem.cs: 9fe0db1767d984560e8ce3cdb5cdd4f1 -> d881a933ade13ea32bf025db14797336
  custom:scripting/monoscript/fileName/SaveData.cs: cb74f51d5ddf1e3c0494034ad7572a91 -> b41c91a98201f94a04946b0cf063c975
  custom:scripting/monoscript/fileName/PrevColorBtn.cs: 745000830732e20a24b2b0544e8a21f7 -> e1d2791f9dd94cc4e35385ca804752d8
========================================================================
Received Prepare
Caller must complete domain reload
Begin MonoManager ReloadAssembly
- Loaded All Assemblies, in  0.755 seconds
Native extension for WindowsStandalone target not found
Native extension for Android target not found
Mono: successfully reloaded assembly
- Finished resetting the current domain, in  1.768 seconds
Domain Reload Profiling: 2518ms
	BeginReloadAssembly (207ms)
		ExecutionOrderSort (0ms)
		DisableScriptedObjects (6ms)
		BackupInstance (0ms)
		ReleaseScriptingObjects (0ms)
		CreateAndSetChildDomain (57ms)
	RebuildCommonClasses (34ms)
	RebuildNativeTypeToScriptingClass (11ms)
	initialDomainReloadingComplete (41ms)
	LoadAllAssembliesAndSetupDomain (457ms)
		LoadAssemblies (536ms)
		RebuildTransferFunctionScriptingTraits (0ms)
		AnalyzeDomain (28ms)
			TypeCache.Refresh (11ms)
				TypeCache.ScanAssembly (0ms)
			ScanForSourceGeneratedMonoScriptInfo (0ms)
			ResolveRequiredComponents (13ms)
	FinalizeReload (1768ms)
		ReleaseScriptCaches (0ms)
		RebuildScriptCaches (0ms)
		SetupLoadedEditorAssemblies (651ms)
			LogAssemblyErrors (0ms)
			InitializePlatformSupportModulesInManaged (26ms)
			SetLoadedEditorAssemblies (7ms)
			RefreshPlugins (0ms)
			BeforeProcessingInitializeOnLoad (113ms)
			ProcessInitializeOnLoadAttributes (404ms)
			ProcessInitializeOnLoadMethodAttributes (90ms)
			AfterProcessingInitializeOnLoad (11ms)
			EditorAssembliesLoaded (0ms)
		ExecutionOrderSort2 (0ms)
		AwakeInstancesAfterBackupRestoration (19ms)
WARNING: Shader Unsupported: 'Toon/Basic Outline' - All subshaders removed
WARNING: Shader Did you use #pragma only_renderers and omit this platform?
WARNING: Shader If subshaders removal was intentional, you may have forgotten turning Fallback off?
WARNING: Shader Unsupported: 'Toon/Basic Outline' - All subshaders removed
WARNING: Shader Did you use #pragma only_renderers and omit this platform?
WARNING: Shader If subshaders removal was intentional, you may have forgotten turning Fallback off?
WARNING: Shader Unsupported: 'Toon/Lit Outline' - All subshaders removed
WARNING: Shader Did you use #pragma only_renderers and omit this platform?
WARNING: Shader If subshaders removal was intentional, you may have forgotten turning Fallback off?
WARNING: Shader Unsupported: 'Toon/Lit Outline' - All subshaders removed
WARNING: Shader Did you use #pragma only_renderers and omit this platform?
WARNING: Shader If subshaders removal was intentional, you may have forgotten turning Fallback off?
Refreshing native plugins compatible for Editor in 9.56 ms, found 4 plugins.
Preloading 0 native plugins for Editor in 0.00 ms.
Unloading 5364 Unused Serialized files (Serialized files now loaded: 0)
Unloading 24 unused Assets / (0.6 MB). Loaded Objects now: 6146.
Memory consumption went from 191.1 MB to 190.5 MB.
Total: 7.244100 ms (FindLiveObjects: 0.622100 ms CreateObjectMapping: 0.668000 ms MarkObjects: 5.438100 ms  DeleteObjects: 0.514100 ms)

Prepare: number of updated asset objects reloaded= 0
AssetImportParameters requested are different than current active one (requested -> active):
  custom:scripting/monoscript/fileName/MeshTypeBone.cs: f2929f2b8ecce3a651b0fd3ffe111924 -> 843ff81fb2c811dcac98decd349efe80
  custom:scripting/monoscript/fileName/ShaderSelector.cs: 685bc00da5c5122ea4d91cfb7c33d4ce -> 521612be2626bcd49281fc726d73115d
  custom:scripting/monoscript/fileName/Hand.cs: 5052127099e76a39f6f2b58ea1ef5c1e -> 192355eabc8b0bb90d2503d57cbc29e1
  custom:scripting/monoscript/fileName/TextureFactory.cs: cee276c059ba8c5d89b2dce85c58444e -> 9b0e0386d21b5055c4b652bc661be2ca
  custom:scripting/monoscript/fileName/ExecuteInternalMono.cs: 3e44be6fc6d7f25500f51fef3364e783 -> c1dae4aa6cbf1512716dd7e8414f8006
  custom:scripting/monoscript/fileName/BundleDetailList.cs: 49a12b558eca8c309cefc20f79be4f08 -> 7b03139c488749eda460103673d30967
  custom:scripting/monoscript/fileName/ChangeSkinMeshBtn.cs: 5c6d8ac28a61c97b01d08415ec68b892 -> 58cbf8e281a1824de7ac09fd6ead4741
  custom:container-demuxer-ogg: 62fdf1f143b41e24485cea50d1cbac27 -> 
  custom:scripting/monoscript/fileName/InspectSingleBundle.cs: c4ddaa812469395f667f8059fbbafbb2 -> ff6bcd7c39743f835ec77986ad4e4842
  custom:scripting/monoscript/fileName/TorsoFX.cs: 8364f33fdfe728687ae399ca95227afe -> 5e6b4d93b934706642170673ecf5c3cb
  custom:scripting/monoscript/fileName/Scar.cs: a42aaa0f7421fdbac285e770432737fe -> 93cf6a2332a708e947886120175eb79a
  custom:scripting/monoscript/fileName/Eye.cs: afd6b945d219259bc28efd165ef781f4 -> 698a2a7ea54ef8de083e5f76c9b8d930
  custom:scripting/monoscript/fileName/PrevTextureBtn.cs: ca06f7a8c9b0f19ce544f3b94a1420fa -> 764f96572b39e13aca5f7f18826c47b4
  custom:scripting/monoscript/fileName/ClearColorBtn.cs: 1e8e6c93adda6a5ba905483e8182c1dd -> c480f5967894d16fe78f727f834b09ac
  custom:scripting/monoscript/fileName/SaveManager.cs: de2264e4a492adfd4c3a4c607fa8c9d4 -> 3fcb126c6a66ba31aa898dd5743caa30
  custom:scripting/monoscript/fileName/PrevCharacterBtn.cs: 8b169ad1106eaf0dbdbff832654707ff -> 82d84ae18bcec8ea0c987e0a3a9d6a13
  custom:scripting/monoscript/fileName/Popup.cs: 1c1ef9080900e5e97d1b14f0b41eadfa -> 2cc3075140bfd1e8dd79773fa10aee0b
  custom:scripting/monoscript/fileName/EditorBundleManager.cs: 25971b08130223425370a0c67fd24c1d -> dc4d9d3c0d3cadbde48071e4065b6fbb
  custom:scripting/monoscript/fileName/LoadBtn.cs: 70bafae7f72c9ee6623f2f31d0779c28 -> 2ea2705ebacd83d0846f91df66c28259
  custom:scripting/monoscript/fileName/TextureTypeMaskSelector.cs: 7ff2a9c585e0132e7eecc431d721fd4f -> c5691a283aa245253aed7fa0115457e3
  custom:scripting/monoscript/fileName/Pants.cs: 6c99c36b54f1584503cd85f530589db5 -> df098d75808a7fb623ca5598aed5b66e
  custom:scripting/monoscript/fileName/ABDataSourceProvider.cs: 4f93c6cdfbe44a00612a956e4ef9ffe7 -> d15a3b944396c4baae05b3f33e2f8331
  custom:video-decoder-ogg-theora: a1e56fd34408186e4bbccfd4996cb3dc -> 
  custom:scripting/monoscript/fileName/MeshManager.cs: 2f249bf80d6ae36c03b9409f5feb6c0d -> 80ab94735750c9af566e7e697efa30bc
  custom:scripting/monoscript/fileName/ABDataSource.cs: 41b8295d17e0ef0ed1d4f959baadf27f -> 7ceefc660d5f297abc8804d14984f27e
  custom:framework-win-MediaFoundation: 216162199b28c13a410421893ffa2e32 -> 
  custom:scripting/monoscript/fileName/NextCharacterBtn.cs: 3c5d6d5f91a48826bcb43d4ef5261f6a -> 271bcb60c5934eb6d4486f66396754c5
  custom:scripting/monoscript/fileName/AssetBundleInspectTab.cs: 945f43d3df2c8ee2453a9a63fa11274c -> 9c287edf6d1d376f12a8f96d01ec074a
  custom:scripting/monoscript/fileName/SaveListView.cs: e595613b43c00299f3513b824b0dabc3 -> 66f5588456e9744a16cd29a95c0a128e
  custom:scripting/monoscript/fileName/MeshFactory.cs: 4bbafa913eed9f0fb1b99654c8762909 -> a5c11ad228aefe2964b1b339054e39bc
  custom:scripting/monoscript/fileName/CharacterCustomizer.cs: 6b998336770e1834435505a2273ed78a -> 
  custom:scripting/monoscript/fileName/TestDatabase.cs: 23855a153a87fda770b086a78bc24d6d -> 
  custom:scripting/monoscript/fileName/AssetDatabaseABDataSource.cs: f87f54f41a9ae61d6c93a1ee4a7276fe -> a9068bde9865684c07718fa2f110ebd4
  custom:scripting/monoscript/fileName/AbstractFXMesh.cs: 2f7f8bc9d1b9e98b83ebf043ab545fae -> 355e798705134331d1b4e13fe77a1ba2
  custom:scripting/monoscript/fileName/IConfigLoader.cs: 290018350438b79782c4b9fdba32926e -> a4ccf3c5021bb9e95d5d05a0a09bf8bd
  custom:scripting/monoscript/fileName/ABModelBundleInfo.cs: 2188b089518dc510222192403494a01e -> 9fa50afaf3db0543d3d887b15c00368c
  custom:scripting/monoscript/fileName/Leg.cs: ef7b14f4330dc25387e1b59f0290d188 -> 43594c645958cd98f0dcb60d0855f6d1
  custom:scripting/monoscript/fileName/ABModelAssetInfo.cs: 30e23a9e1ca57fffc37b721992bcf1a0 -> cf869514a0bf82899ce1cda23bdb700e
  custom:scripting/monoscript/fileName/MeshTypeMaskSelector.cs: e94ba6f4a1adba4feee5fb7cc4e351fe -> ed92edda1c9655f258c64f35a85ef583
  custom:scripting/monoscript/fileName/ClearMeshBtn.cs: b14d5ced1c19826bfc491001a3f185d1 -> d990ebc2143de5948aea2a5badbfe15b
  custom:scripting/monoscript/fileName/MeshAndTextureTypeMaskSelector.cs: fdba9a050c9e3646ce8e80b7e936d037 -> 8a4bea39d5d059db9f897ddcbaaa5fb6
  custom:scripting/monoscript/fileName/FxMeshFactory.cs: c3e28ca0186ef5ee5525c8801ad21c5a -> 0c8ff1afadd69a3595c5d00772f68410
  custom:scripting/monoscript/fileName/FXTypeMaskSelector.cs: d74f6e4a0bcd101e2717459b81084106 -> 0f6cbde77ec3d316ca044b2bb5952a3c
  custom:scripting/monoscript/fileName/PlayerController.cs: 5b090d859ab09be631dc3b0f203f9571 -> d93a52a180fbbe603a59e9aa6da73c83
  custom:scripting/monoscript/fileName/BuildScript.cs: 426ea9e2914d6e2d91f1414353c5dafc -> 337dba19c2e29ee8e4980fc4e2019d2f
  custom:scripting/monoscript/fileName/ClearSkinMeshBtn.cs: 82d2655784ebc16abf5528736d619a9b -> a8f6aebd6c57b68160badb6bcb2d0ed6
  custom:scripting/monoscript/fileName/CreateCharacterWizard.cs: acfc968f24a9426403bd5add4843dcf8 -> 45f0e70a15c8659931d42d36cb8cac07
  custom:CustomObjectIndexerAttribute: 72b91833f83ae208fae7752999fa3104 -> 
  custom:scripting/monoscript/fileName/AbstractTexture.cs: 5fe6f2f7be7fb5a86569856b4345a004 -> e0980b08fec448804b26f5b6dad65dfd
  custom:scripting/monoscript/fileName/FollowCamera.cs: 2d720f10865b64f024b0e3fccdd261c7 -> 8d6eb8e229738de226ec56d9e22b6b63
  custom:scripting/monoscript/fileName/FxMeshTypeBone.cs: f85b6921dfd1e47314410f2e3b110e25 -> c7f230be3097e0ffbcff74b002f4c068
  custom:scripting/monoscript/fileName/AssetbundlesMenuItems.cs: c3bdb3cf11cdd131fd9c40f5c72fdbb7 -> bacd4da6799b9476bee68e043690ff36
  custom:scripting/monoscript/fileName/CharacterRendererUI.cs: 494bfcacef163a63e00e0a76e5490b75 -> 
  custom:scripting/monoscript/fileName/Arm.cs: 4102684b6836edb71c1e92ebf943cfad -> b923216ab6f821207b08c03afd4c6525
  custom:container-demuxer-webm: 4f35f7cbe854078d1ac9338744f61a02 -> 
  custom:scripting/monoscript/fileName/NextMeshBtn.cs: c626932f4e3ef625c1f95cbb7df53377 -> c475632899117e513eda9e15e910b76e
  custom:scripting/monoscript/fileName/FaceFeature.cs: 4fb49a14cfb347e565b8520b489cd06f -> 2d58afa4a16bca365a6beb0bf6bfaea3
  custom:scripting/monoscript/fileName/SavePrefabBtn.cs: 3a461d0b73e33e6450805a3d4c14cf7e -> fb80c3034ef9c4f90fa622ffe7f9f829
  custom:scripting/monoscript/fileName/LoaderManager.cs: 369c2be46c8c25c8c25ebdc236e1107b -> de56154becf62ebc4f0181681035238d
  custom:scripting/monoscript/fileName/SaveNameInput.cs: 38a66e5dc26bdeafde0ff106788ee663 -> aae89d2fa016e54079d9c4371e2e5f50
  custom:scripting/monoscript/fileName/Config.cs: e85a922a2347c074e5939d78a5a7a10e -> 7351639d5127e04bc4fcb4671c4a17fb
  custom:scripting/monoscript/fileName/EyeFX.cs: bb3e917396c4b9336da3800cda69d75f -> 0e9063be2785787a64aac5ac3958ba88
  custom:scripting/monoscript/fileName/CategoryPanel.cs: 2ede49e7213c224cf2b42e7bf0785af5 -> 
  custom:scripting/monoscript/fileName/JumpFallBehaviour.cs: 6e303c4d540ce7e39efab9189bb22bcd -> 71c001d1ad34a6d3b319feace6bde3ef
  custom:scripting/monoscript/fileName/PrevMeshBtn.cs: e4cc6e23cf1ae834cfc676eb293c1a5c -> b3d8856e7d265dc9c0dfa6c173a5ecfd
  custom:container-muxer-webm: aa71ff27fc2769a1b78a27578f13a17b -> 
  custom:scripting/monoscript/fileName/ClearTextureBtn.cs: 4f31783abce9af1d7ec4839287fef475 -> e3b2bcf1edcb5118f2edfda92d79dc01
  custom:scripting/monoscript/fileName/Shoes.cs: 066ec4aa35b5452249c3208e4decccac -> a3171f40fe6c3d65d3385917721d6b32
  custom:video-decoder-webm-vp8: 9c59270c3fd7afecdb556c50c9e8de78 -> 
  custom:scripting/monoscript/fileName/ConfigManager.cs: ecadd354c11a441a4c89b5fd7a9f00e6 -> caea2b28af0ab9e40fec80621d2354a1
  custom:scripting/monoscript/fileName/ClearFXBtn.cs: 9a39f15de353636ac82e469249897f2d -> 7bb97525152b99fa74400a29eaa13dea
  custom:scripting/monoscript/fileName/ClosePopup.cs: b8d454205b2ceefe37b5fd3a66ce3f21 -> 55d4b78c13dd76e50d9c188109fdf0bb
  custom:SearchIndexIgnoredProperties: e643bd26f0fe6173181afceb89e7c659 -> 
  custom:scripting/monoscript/fileName/Belt.cs: 57f9cd2ecc900069b427149243ef3bc5 -> 49eb07e37613e7bc3cd2ca1c5688a06b
  custom:AudioImporter_EditorPlatform: d09bf68614088b80899f8185d706f6e7 -> 
  custom:scripting/monoscript/fileName/AssetBundleLoadOperation.cs: 6671757952e868610efe84deb7d10911 -> 5e23b7cfd6b1aefafff250cf74ef9147
  custom:scripting/monoscript/fileName/PrevSkinMeshBtn.cs: 4b975732b197cfed11faf978a39a86d9 -> 949d41495696a789e910ed4bddee68c8
  custom:scripting/monoscript/fileName/RandomBtn.cs: 09358cb3d53669a5fb3911b12bed41f9 -> 851c8dec69594280621f9ae4205a836d
  custom:scripting/monoscript/fileName/Beard.cs: fcba2011bd59aa862783e312bcb3f1ed -> 25619eaf3bae2cd2a4b58a1e35f6de63
  custom:scripting/monoscript/fileName/EnumFlagAttribute.cs: 74d0d26091c169f8de5e9bf42af43876 -> 955415b54787984cbbb8aa271c5326e3
  custom:scripting/monoscript/fileName/LaunchAssetBundleServer.cs: fde14ca75a313e949066fe5170090bd6 -> 43db2fb10887bbfb076c6767daba67bd
  custom:scripting/monoscript/fileName/TextureManager.cs: e8b62e3c8c466c37ed390308c47b609f -> aaabee5faa243fca33eb568630ae6e8e
  custom:scripting/monoscript/fileName/RobeShort.cs: 98a985110c88276dffccdebb9b45a97a -> 3c6d536f5d6b37080b8a61040ec81de3
  custom:scripting/monoscript/fileName/AssetBundleRecord.cs: 5e3e2662beb76f92f544ca3a6af0a002 -> 5a3119d6abe586168b6fe06c7e98c69c
  custom:scripting/monoscript/fileName/TogglePopup.cs: e3546a95722da3ab7907a444f1349cba -> 1d986db86e682e16edccd0653eb2aad7
  custom:scripting/monoscript/fileName/ITextureLoader.cs: fb942611a67ee29c2d3906a7f2b2ca06 -> 5adc935e3b3fb7761c6d5c127df50233
  custom:scripting/monoscript/fileName/SaveBtn.cs: 3dfbd63f5b032b539a11095805980518 -> 62cda288bb207ed68b5083d6b77f7471
  custom:scripting/monoscript/fileName/NextSkinMeshBtn.cs: 7bde284a6144f85f7d24cd53fe360afe -> c82eddd7edff4db94905f44ef59144c1
  custom:scripting/monoscript/fileName/Head.cs: ef8602f0e05bb6f56d36072970253a56 -> 6728c540b9905eb1de06718fa4aae534
  custom:scripting/monoscript/fileName/NextFXBtn.cs: ec23ffa473c712e78d6eb18c4ae448be -> 7e2755ad9a90b6ecb18961111ed6b016
  custom:scripting/monoscript/fileName/AssetBundleBrowserMain.cs: adf460d08e5161db4df4e9efbad520b6 -> d6cbb84444c9fdda30a8092bb0794cf7
  custom:scripting/monoscript/fileName/JSONMap.cs: 0cc7c12ea7048b3ee204a6864ec14612 -> f72d2edab136c1eb89bac454d589dbd3
  custom:scripting/monoscript/fileName/AssetBundleManageTab.cs: cd787c8175c6b452036330db58559128 -> 31b1d66e60f6e821749b4e2c88c32cdd
  custom:scripting/monoscript/fileName/Torso.cs: 69b7e0d6a62aacc036b1886a4ba2587b -> 54ee6015ea03462115d4c3153edbdf8c
  custom:scripting/monoscript/fileName/AssetBundleBuildTab.cs: e4d3d716146519b1f52f6c0fe7ec5a47 -> c4f1a336c5910d1832fd9e6c972559ad
  custom:scripting/monoscript/fileName/Hair.cs: 1f4e341ec44f1e9a43da832f30eda5e7 -> a794926f97f7a5e9c465865fe7af5e1b
  custom:scripting/monoscript/fileName/AbstractMesh.cs: f416745403975ff81463073698d6e017 -> 8184b2a66042d8caaccbbd20ed31dc56
  custom:scripting/monoscript/fileName/NextTextureBtn.cs: d5a300ee8993aada97b6138db78b58aa -> 68286e9f0e1d42eee9d43ba74e34330f
  custom:scripting/monoscript/fileName/Gloves.cs: 21fa036484600f2d249c1ff665501393 -> 28f9e2f54620c042ed9595f00f2065dc
  custom:scripting/monoscript/fileName/AssetBundleManager.cs: 0e168d48c6d3576e59f6c42f92fecd60 -> c15faaf8b529192dbe9aec9afe4991fd
  custom:scripting/monoscript/fileName/RobeLong.cs: 1a7163e76453fecee35478b548086606 -> f4a05f13d9e9427f236c1f1234a17722
  custom:scripting/monoscript/fileName/InspectTreeView.cs: 4d03769e654689089e5185b09bfc6882 -> 260e1db8105b149fed2e7856746dbf0f
  custom:scripting/monoscript/fileName/MeshLoader.cs: 0b10154577fb1ae0dd2e8310eae4ddf4 -> 514b5b4b4814025e9f754ee22115b972
  custom:scripting/monoscript/fileName/PrevFXBtn.cs: 9adcb6db2d84b99fc2ba85718ff2705c -> d82c337bfc40d281d6f7be6c53a9171d
  custom:scripting/monoscript/fileName/ABModel.cs: d4f2ea81e354d5c73ab4578ede6b09b2 -> efbeff1b31df600fad6d5bea582c7fba
  custom:video-encoder-webm-vp8: eb34c28f22e8b96e1ab97ce403110664 -> 
  custom:scripting/monoscript/fileName/TextureLoader.cs: ef2efb353191380796da06838f0ca27c -> 32fee57eede5dc7675a4e8e137c57785
  custom:scripting/monoscript/fileName/Cloak.cs: 83fee273266203de062b641017c68a04 -> a5348ad8315a274870ac1256b416f4df
  custom:audio-decoder-ogg-vorbis: bf7c407c2cedff20999df2af8eb42d56 -> 
  custom:scripting/monoscript/fileName/Eyebrow.cs: a80914df48c7002be677c64522cce038 -> 60a10d1886232f9d6b3fd8be0c11fca9
  custom:scripting/monoscript/fileName/MeshUVManager.cs: 3a3d4245c35b74c0afddd620ce689573 -> fa1c5e2aa443e2c89e2f51af239fa10f
  custom:scripting/monoscript/fileName/MessageList.cs: 6b608508dbf342db2b025fa4e75150ed -> e187436fd3600e1e0afecc6a8da1f18c
  custom:scripting/monoscript/fileName/ClearMeshColorBtn.cs: 0007c8d870af1fc291acf8c091e58855 -> 45fdc58f7fbca9a24d836bd66f751d53
  custom:scripting/monoscript/fileName/MessageSystem.cs: e1fba72936ec77bbbc283ee14a4e5ac9 -> c1467679f7f8f7989b7c591fe16f095b
  custom:scripting/monoscript/fileName/Helper.cs: c607632c58e5a7e90f5ab372e55f1b53 -> 42ad14543d1a843693f11a1cb7823bdc
  custom:scripting/monoscript/fileName/TorsoAdd.cs: de2919cda7445d192f99b708ac4f8f98 -> 6a719884572b7c749207c858146f4e3c
  custom:scripting/monoscript/fileName/EnumFlagDrawer.cs: 41a8255d04f81b6824e2eb405c56f882 -> 5c63d0c0059ff695bd0ee486d1e93bdc
  custom:scripting/monoscript/fileName/Utility.cs: 28500e0d15bd811ed13877f72f01a728 -> bc7c77987476d2cc716aa6822231009e
  custom:scripting/monoscript/fileName/NextColorBtn.cs: 3c291ea58299c895d1e49ee9d26926c4 -> 3628818366004c784ce7c532472e0770
  custom:scripting/monoscript/fileName/BeltAdd.cs: cb7f04a49673453c6e59d8a19fc25506 -> 23c8e20e1dd3c9ed150a971c41b0440b
  custom:scripting/monoscript/fileName/Skin.cs: b53e0e70cea1e5a2051dbeb2d303d7bf -> fa5b8fbc5e21205ad140661bb8d1d29a
  custom:scripting/monoscript/fileName/PrevMeshColorBtn.cs: 6e7146d83f859cab20d94f99a895303c -> eb2dbdc18e08517d5e99c78a100e7907
  custom:audio-encoder-webm-vorbis: bf7c407c2cedff20999df2af8eb42d56 -> 
  custom:scripting/monoscript/fileName/Helm.cs: c26d56b2bba9bcb0ed144e3501bc4050 -> 015c5ef11547d2a56ec06cbf9181e054
  custom:scripting/monoscript/fileName/Shoulder.cs: cd26873c046cfe405838db4b32b97d24 -> cbc35143cbffbdb744890d07b8670e7e
  custom:scripting/monoscript/fileName/IMeshLoader.cs: 9ae204479feb9db18b224953da5838fd -> 103d9667209b427a4c68ea28303f3cd3
  custom:scripting/monoscript/fileName/AssetListTree.cs: 255920d2dc3ac581fe65ea217df17385 -> 95ef94b9b5c1fc8c166d91a2229d1537
  custom:scripting/monoscript/fileName/MeshTexture.cs: e035409d8c1a139d8e58746d92de0530 -> 1c4c6300614cc8e271b614963931701e
  custom:scripting/monoscript/fileName/AssetBundleTree.cs: db18b513ade8dfdb586627b6c32bbf86 -> 5c86cf837bb6943c3398dc49a567b80f
  custom:scripting/precompiled-assembly-types:Assembly-CSharp: bd61ef89dd052a62cb180bc111b9f981 -> 2a57b7d9ba6c891b20990c959df4dfe7
  custom:scripting/monoscript/fileName/SpriteProcessor.cs: ecdbdd0dbf42b62f38de6c8096601c0d -> b47784218d8c2d820a413741c1f25a1f
  custom:scripting/monoscript/fileName/NextMeshColorBtn.cs: f15a2f312aac46efa390132e8e876a6a -> 3fefab99c46d758ed0e047f19be1644f
  custom:scripting/monoscript/fileName/ClearAllBtn.cs: 6b6df7aa9e75a6cecf2976db793db6eb -> bcba9c9686446fb7cf756301ebf868ec
  custom:scripting/monoscript/fileName/PlayerMoveController.cs: a4e66a81bcb2d723b3fb87dd004c6314 -> cc068b745400ee66c75378bcb7b27fdb
  custom:scripting/monoscript/fileName/ConfigLoader.cs: 62e091607cdc915ce80d4a253b61a2e7 -> db4bab6728472d9dedc7dfcc22e69d2d
  custom:scripting/monoscript/fileName/SaveItem.cs: 9fe0db1767d984560e8ce3cdb5cdd4f1 -> d881a933ade13ea32bf025db14797336
  custom:scripting/monoscript/fileName/SaveData.cs: cb74f51d5ddf1e3c0494034ad7572a91 -> b41c91a98201f94a04946b0cf063c975
  custom:scripting/monoscript/fileName/PrevColorBtn.cs: 745000830732e20a24b2b0544e8a21f7 -> e1d2791f9dd94cc4e35385ca804752d8
========================================================================
Received Prepare
Caller must complete domain reload
Begin MonoManager ReloadAssembly
- Loaded All Assemblies, in  0.734 seconds
Native extension for WindowsStandalone target not found
Native extension for Android target not found
Mono: successfully reloaded assembly
- Finished resetting the current domain, in  1.738 seconds
Domain Reload Profiling: 2466ms
	BeginReloadAssembly (205ms)
		ExecutionOrderSort (0ms)
		DisableScriptedObjects (6ms)
		BackupInstance (0ms)
		ReleaseScriptingObjects (0ms)
		CreateAndSetChildDomain (52ms)
	RebuildCommonClasses (41ms)
	RebuildNativeTypeToScriptingClass (14ms)
	initialDomainReloadingComplete (50ms)
	LoadAllAssembliesAndSetupDomain (418ms)
		LoadAssemblies (494ms)
		RebuildTransferFunctionScriptingTraits (0ms)
		AnalyzeDomain (35ms)
			TypeCache.Refresh (16ms)
				TypeCache.ScanAssembly (0ms)
			ScanForSourceGeneratedMonoScriptInfo (1ms)
			ResolveRequiredComponents (15ms)
	FinalizeReload (1739ms)
		ReleaseScriptCaches (0ms)
		RebuildScriptCaches (0ms)
		SetupLoadedEditorAssemblies (640ms)
			LogAssemblyErrors (0ms)
			InitializePlatformSupportModulesInManaged (27ms)
			SetLoadedEditorAssemblies (7ms)
			RefreshPlugins (0ms)
			BeforeProcessingInitializeOnLoad (104ms)
			ProcessInitializeOnLoadAttributes (398ms)
			ProcessInitializeOnLoadMethodAttributes (91ms)
			AfterProcessingInitializeOnLoad (12ms)
			EditorAssembliesLoaded (0ms)
		ExecutionOrderSort2 (0ms)
		AwakeInstancesAfterBackupRestoration (26ms)
WARNING: Shader Unsupported: 'Toon/Basic Outline' - All subshaders removed
WARNING: Shader Did you use #pragma only_renderers and omit this platform?
WARNING: Shader If subshaders removal was intentional, you may have forgotten turning Fallback off?
WARNING: Shader Unsupported: 'Toon/Basic Outline' - All subshaders removed
WARNING: Shader Did you use #pragma only_renderers and omit this platform?
WARNING: Shader If subshaders removal was intentional, you may have forgotten turning Fallback off?
WARNING: Shader Unsupported: 'Toon/Lit Outline' - All subshaders removed
WARNING: Shader Did you use #pragma only_renderers and omit this platform?
WARNING: Shader If subshaders removal was intentional, you may have forgotten turning Fallback off?
WARNING: Shader Unsupported: 'Toon/Lit Outline' - All subshaders removed
WARNING: Shader Did you use #pragma only_renderers and omit this platform?
WARNING: Shader If subshaders removal was intentional, you may have forgotten turning Fallback off?
Refreshing native plugins compatible for Editor in 11.37 ms, found 4 plugins.
Preloading 0 native plugins for Editor in 0.00 ms.
Unloading 5364 Unused Serialized files (Serialized files now loaded: 0)
Unloading 24 unused Assets / (0.6 MB). Loaded Objects now: 6151.
Memory consumption went from 191.1 MB to 190.5 MB.
Total: 4.485400 ms (FindLiveObjects: 0.564800 ms CreateObjectMapping: 0.464900 ms MarkObjects: 3.054700 ms  DeleteObjects: 0.399900 ms)

Prepare: number of updated asset objects reloaded= 0
AssetImportParameters requested are different than current active one (requested -> active):
  custom:scripting/monoscript/fileName/MeshTypeBone.cs: f2929f2b8ecce3a651b0fd3ffe111924 -> 843ff81fb2c811dcac98decd349efe80
  custom:scripting/monoscript/fileName/ShaderSelector.cs: 685bc00da5c5122ea4d91cfb7c33d4ce -> 521612be2626bcd49281fc726d73115d
  custom:scripting/monoscript/fileName/Hand.cs: 5052127099e76a39f6f2b58ea1ef5c1e -> 192355eabc8b0bb90d2503d57cbc29e1
  custom:scripting/monoscript/fileName/TextureFactory.cs: cee276c059ba8c5d89b2dce85c58444e -> 9b0e0386d21b5055c4b652bc661be2ca
  custom:scripting/monoscript/fileName/ExecuteInternalMono.cs: 3e44be6fc6d7f25500f51fef3364e783 -> c1dae4aa6cbf1512716dd7e8414f8006
  custom:scripting/monoscript/fileName/BundleDetailList.cs: 49a12b558eca8c309cefc20f79be4f08 -> 7b03139c488749eda460103673d30967
  custom:scripting/monoscript/fileName/ChangeSkinMeshBtn.cs: 5c6d8ac28a61c97b01d08415ec68b892 -> 58cbf8e281a1824de7ac09fd6ead4741
  custom:container-demuxer-ogg: 62fdf1f143b41e24485cea50d1cbac27 -> 
  custom:scripting/monoscript/fileName/InspectSingleBundle.cs: c4ddaa812469395f667f8059fbbafbb2 -> ff6bcd7c39743f835ec77986ad4e4842
  custom:scripting/monoscript/fileName/TorsoFX.cs: 8364f33fdfe728687ae399ca95227afe -> 5e6b4d93b934706642170673ecf5c3cb
  custom:scripting/monoscript/fileName/Scar.cs: a42aaa0f7421fdbac285e770432737fe -> 93cf6a2332a708e947886120175eb79a
  custom:scripting/monoscript/fileName/Eye.cs: afd6b945d219259bc28efd165ef781f4 -> 698a2a7ea54ef8de083e5f76c9b8d930
  custom:scripting/monoscript/fileName/PrevTextureBtn.cs: ca06f7a8c9b0f19ce544f3b94a1420fa -> 764f96572b39e13aca5f7f18826c47b4
  custom:scripting/monoscript/fileName/ClearColorBtn.cs: 1e8e6c93adda6a5ba905483e8182c1dd -> c480f5967894d16fe78f727f834b09ac
  custom:scripting/monoscript/fileName/SaveManager.cs: de2264e4a492adfd4c3a4c607fa8c9d4 -> 3fcb126c6a66ba31aa898dd5743caa30
  custom:scripting/monoscript/fileName/PrevCharacterBtn.cs: 8b169ad1106eaf0dbdbff832654707ff -> 82d84ae18bcec8ea0c987e0a3a9d6a13
  custom:scripting/monoscript/fileName/Popup.cs: 1c1ef9080900e5e97d1b14f0b41eadfa -> 2cc3075140bfd1e8dd79773fa10aee0b
  custom:scripting/monoscript/fileName/EditorBundleManager.cs: 25971b08130223425370a0c67fd24c1d -> dc4d9d3c0d3cadbde48071e4065b6fbb
  custom:scripting/monoscript/fileName/LoadBtn.cs: 70bafae7f72c9ee6623f2f31d0779c28 -> 2ea2705ebacd83d0846f91df66c28259
  custom:scripting/monoscript/fileName/TextureTypeMaskSelector.cs: 7ff2a9c585e0132e7eecc431d721fd4f -> c5691a283aa245253aed7fa0115457e3
  custom:scripting/monoscript/fileName/Pants.cs: 6c99c36b54f1584503cd85f530589db5 -> df098d75808a7fb623ca5598aed5b66e
  custom:scripting/monoscript/fileName/ABDataSourceProvider.cs: 4f93c6cdfbe44a00612a956e4ef9ffe7 -> d15a3b944396c4baae05b3f33e2f8331
  custom:video-decoder-ogg-theora: a1e56fd34408186e4bbccfd4996cb3dc -> 
  custom:scripting/monoscript/fileName/MeshManager.cs: 2f249bf80d6ae36c03b9409f5feb6c0d -> 80ab94735750c9af566e7e697efa30bc
  custom:scripting/monoscript/fileName/ABDataSource.cs: 41b8295d17e0ef0ed1d4f959baadf27f -> 7ceefc660d5f297abc8804d14984f27e
  custom:framework-win-MediaFoundation: 216162199b28c13a410421893ffa2e32 -> 
  custom:scripting/monoscript/fileName/NextCharacterBtn.cs: 3c5d6d5f91a48826bcb43d4ef5261f6a -> 271bcb60c5934eb6d4486f66396754c5
  custom:scripting/monoscript/fileName/AssetBundleInspectTab.cs: 945f43d3df2c8ee2453a9a63fa11274c -> 9c287edf6d1d376f12a8f96d01ec074a
  custom:scripting/monoscript/fileName/SaveListView.cs: e595613b43c00299f3513b824b0dabc3 -> 66f5588456e9744a16cd29a95c0a128e
  custom:scripting/monoscript/fileName/MeshFactory.cs: 4bbafa913eed9f0fb1b99654c8762909 -> a5c11ad228aefe2964b1b339054e39bc
  custom:scripting/monoscript/fileName/CharacterCustomizer.cs: 6b998336770e1834435505a2273ed78a -> 
  custom:scripting/monoscript/fileName/TestDatabase.cs: 23855a153a87fda770b086a78bc24d6d -> 
  custom:scripting/monoscript/fileName/AssetDatabaseABDataSource.cs: f87f54f41a9ae61d6c93a1ee4a7276fe -> a9068bde9865684c07718fa2f110ebd4
  custom:scripting/monoscript/fileName/AbstractFXMesh.cs: 2f7f8bc9d1b9e98b83ebf043ab545fae -> 355e798705134331d1b4e13fe77a1ba2
  custom:scripting/monoscript/fileName/IConfigLoader.cs: 290018350438b79782c4b9fdba32926e -> a4ccf3c5021bb9e95d5d05a0a09bf8bd
  custom:scripting/monoscript/fileName/ABModelBundleInfo.cs: 2188b089518dc510222192403494a01e -> 9fa50afaf3db0543d3d887b15c00368c
  custom:scripting/monoscript/fileName/Leg.cs: ef7b14f4330dc25387e1b59f0290d188 -> 43594c645958cd98f0dcb60d0855f6d1
  custom:scripting/monoscript/fileName/ABModelAssetInfo.cs: 30e23a9e1ca57fffc37b721992bcf1a0 -> cf869514a0bf82899ce1cda23bdb700e
  custom:scripting/monoscript/fileName/MeshTypeMaskSelector.cs: e94ba6f4a1adba4feee5fb7cc4e351fe -> ed92edda1c9655f258c64f35a85ef583
  custom:scripting/monoscript/fileName/ClearMeshBtn.cs: b14d5ced1c19826bfc491001a3f185d1 -> d990ebc2143de5948aea2a5badbfe15b
  custom:scripting/monoscript/fileName/MeshAndTextureTypeMaskSelector.cs: fdba9a050c9e3646ce8e80b7e936d037 -> 8a4bea39d5d059db9f897ddcbaaa5fb6
  custom:scripting/monoscript/fileName/FxMeshFactory.cs: c3e28ca0186ef5ee5525c8801ad21c5a -> 0c8ff1afadd69a3595c5d00772f68410
  custom:scripting/monoscript/fileName/FXTypeMaskSelector.cs: d74f6e4a0bcd101e2717459b81084106 -> 0f6cbde77ec3d316ca044b2bb5952a3c
  custom:scripting/monoscript/fileName/PlayerController.cs: 5b090d859ab09be631dc3b0f203f9571 -> d93a52a180fbbe603a59e9aa6da73c83
  custom:scripting/monoscript/fileName/BuildScript.cs: 426ea9e2914d6e2d91f1414353c5dafc -> 337dba19c2e29ee8e4980fc4e2019d2f
  custom:scripting/monoscript/fileName/ClearSkinMeshBtn.cs: 82d2655784ebc16abf5528736d619a9b -> a8f6aebd6c57b68160badb6bcb2d0ed6
  custom:scripting/monoscript/fileName/CreateCharacterWizard.cs: acfc968f24a9426403bd5add4843dcf8 -> 45f0e70a15c8659931d42d36cb8cac07
  custom:CustomObjectIndexerAttribute: 72b91833f83ae208fae7752999fa3104 -> 
  custom:scripting/monoscript/fileName/AbstractTexture.cs: 5fe6f2f7be7fb5a86569856b4345a004 -> e0980b08fec448804b26f5b6dad65dfd
  custom:scripting/monoscript/fileName/FollowCamera.cs: 2d720f10865b64f024b0e3fccdd261c7 -> 8d6eb8e229738de226ec56d9e22b6b63
  custom:scripting/monoscript/fileName/FxMeshTypeBone.cs: f85b6921dfd1e47314410f2e3b110e25 -> c7f230be3097e0ffbcff74b002f4c068
  custom:scripting/monoscript/fileName/AssetbundlesMenuItems.cs: c3bdb3cf11cdd131fd9c40f5c72fdbb7 -> bacd4da6799b9476bee68e043690ff36
  custom:scripting/monoscript/fileName/CharacterRendererUI.cs: 494bfcacef163a63e00e0a76e5490b75 -> 
  custom:scripting/monoscript/fileName/Arm.cs: 4102684b6836edb71c1e92ebf943cfad -> b923216ab6f821207b08c03afd4c6525
  custom:container-demuxer-webm: 4f35f7cbe854078d1ac9338744f61a02 -> 
  custom:scripting/monoscript/fileName/NextMeshBtn.cs: c626932f4e3ef625c1f95cbb7df53377 -> c475632899117e513eda9e15e910b76e
  custom:scripting/monoscript/fileName/FaceFeature.cs: 4fb49a14cfb347e565b8520b489cd06f -> 2d58afa4a16bca365a6beb0bf6bfaea3
  custom:scripting/monoscript/fileName/SavePrefabBtn.cs: 3a461d0b73e33e6450805a3d4c14cf7e -> fb80c3034ef9c4f90fa622ffe7f9f829
  custom:scripting/monoscript/fileName/LoaderManager.cs: 369c2be46c8c25c8c25ebdc236e1107b -> de56154becf62ebc4f0181681035238d
  custom:scripting/monoscript/fileName/SaveNameInput.cs: 38a66e5dc26bdeafde0ff106788ee663 -> aae89d2fa016e54079d9c4371e2e5f50
  custom:scripting/monoscript/fileName/Config.cs: e85a922a2347c074e5939d78a5a7a10e -> 7351639d5127e04bc4fcb4671c4a17fb
  custom:scripting/monoscript/fileName/EyeFX.cs: bb3e917396c4b9336da3800cda69d75f -> 0e9063be2785787a64aac5ac3958ba88
  custom:scripting/monoscript/fileName/CategoryPanel.cs: 2ede49e7213c224cf2b42e7bf0785af5 -> 
  custom:scripting/monoscript/fileName/JumpFallBehaviour.cs: 6e303c4d540ce7e39efab9189bb22bcd -> 71c001d1ad34a6d3b319feace6bde3ef
  custom:scripting/monoscript/fileName/PrevMeshBtn.cs: e4cc6e23cf1ae834cfc676eb293c1a5c -> b3d8856e7d265dc9c0dfa6c173a5ecfd
  custom:container-muxer-webm: aa71ff27fc2769a1b78a27578f13a17b -> 
  custom:scripting/monoscript/fileName/ClearTextureBtn.cs: 4f31783abce9af1d7ec4839287fef475 -> e3b2bcf1edcb5118f2edfda92d79dc01
  custom:scripting/monoscript/fileName/Shoes.cs: 066ec4aa35b5452249c3208e4decccac -> a3171f40fe6c3d65d3385917721d6b32
  custom:video-decoder-webm-vp8: 9c59270c3fd7afecdb556c50c9e8de78 -> 
  custom:scripting/monoscript/fileName/ConfigManager.cs: ecadd354c11a441a4c89b5fd7a9f00e6 -> caea2b28af0ab9e40fec80621d2354a1
  custom:scripting/monoscript/fileName/ClearFXBtn.cs: 9a39f15de353636ac82e469249897f2d -> 7bb97525152b99fa74400a29eaa13dea
  custom:scripting/monoscript/fileName/ClosePopup.cs: b8d454205b2ceefe37b5fd3a66ce3f21 -> 55d4b78c13dd76e50d9c188109fdf0bb
  custom:SearchIndexIgnoredProperties: e643bd26f0fe6173181afceb89e7c659 -> 
  custom:scripting/monoscript/fileName/Belt.cs: 57f9cd2ecc900069b427149243ef3bc5 -> 49eb07e37613e7bc3cd2ca1c5688a06b
  custom:AudioImporter_EditorPlatform: d09bf68614088b80899f8185d706f6e7 -> 
  custom:scripting/monoscript/fileName/AssetBundleLoadOperation.cs: 6671757952e868610efe84deb7d10911 -> 5e23b7cfd6b1aefafff250cf74ef9147
  custom:scripting/monoscript/fileName/PrevSkinMeshBtn.cs: 4b975732b197cfed11faf978a39a86d9 -> 949d41495696a789e910ed4bddee68c8
  custom:scripting/monoscript/fileName/RandomBtn.cs: 09358cb3d53669a5fb3911b12bed41f9 -> 851c8dec69594280621f9ae4205a836d
  custom:scripting/monoscript/fileName/Beard.cs: fcba2011bd59aa862783e312bcb3f1ed -> 25619eaf3bae2cd2a4b58a1e35f6de63
  custom:scripting/monoscript/fileName/EnumFlagAttribute.cs: 74d0d26091c169f8de5e9bf42af43876 -> 955415b54787984cbbb8aa271c5326e3
  custom:scripting/monoscript/fileName/LaunchAssetBundleServer.cs: fde14ca75a313e949066fe5170090bd6 -> 43db2fb10887bbfb076c6767daba67bd
  custom:scripting/monoscript/fileName/TextureManager.cs: e8b62e3c8c466c37ed390308c47b609f -> aaabee5faa243fca33eb568630ae6e8e
  custom:scripting/monoscript/fileName/RobeShort.cs: 98a985110c88276dffccdebb9b45a97a -> 3c6d536f5d6b37080b8a61040ec81de3
  custom:scripting/monoscript/fileName/AssetBundleRecord.cs: 5e3e2662beb76f92f544ca3a6af0a002 -> 5a3119d6abe586168b6fe06c7e98c69c
  custom:scripting/monoscript/fileName/TogglePopup.cs: e3546a95722da3ab7907a444f1349cba -> 1d986db86e682e16edccd0653eb2aad7
  custom:scripting/monoscript/fileName/ITextureLoader.cs: fb942611a67ee29c2d3906a7f2b2ca06 -> 5adc935e3b3fb7761c6d5c127df50233
  custom:scripting/monoscript/fileName/SaveBtn.cs: 3dfbd63f5b032b539a11095805980518 -> 62cda288bb207ed68b5083d6b77f7471
  custom:scripting/monoscript/fileName/NextSkinMeshBtn.cs: 7bde284a6144f85f7d24cd53fe360afe -> c82eddd7edff4db94905f44ef59144c1
  custom:scripting/monoscript/fileName/Head.cs: ef8602f0e05bb6f56d36072970253a56 -> 6728c540b9905eb1de06718fa4aae534
  custom:scripting/monoscript/fileName/NextFXBtn.cs: ec23ffa473c712e78d6eb18c4ae448be -> 7e2755ad9a90b6ecb18961111ed6b016
  custom:scripting/monoscript/fileName/AssetBundleBrowserMain.cs: adf460d08e5161db4df4e9efbad520b6 -> d6cbb84444c9fdda30a8092bb0794cf7
  custom:scripting/monoscript/fileName/JSONMap.cs: 0cc7c12ea7048b3ee204a6864ec14612 -> f72d2edab136c1eb89bac454d589dbd3
  custom:scripting/monoscript/fileName/AssetBundleManageTab.cs: cd787c8175c6b452036330db58559128 -> 31b1d66e60f6e821749b4e2c88c32cdd
  custom:scripting/monoscript/fileName/Torso.cs: 69b7e0d6a62aacc036b1886a4ba2587b -> 54ee6015ea03462115d4c3153edbdf8c
  custom:scripting/monoscript/fileName/AssetBundleBuildTab.cs: e4d3d716146519b1f52f6c0fe7ec5a47 -> c4f1a336c5910d1832fd9e6c972559ad
  custom:scripting/monoscript/fileName/Hair.cs: 1f4e341ec44f1e9a43da832f30eda5e7 -> a794926f97f7a5e9c465865fe7af5e1b
  custom:scripting/monoscript/fileName/AbstractMesh.cs: f416745403975ff81463073698d6e017 -> 8184b2a66042d8caaccbbd20ed31dc56
  custom:scripting/monoscript/fileName/NextTextureBtn.cs: d5a300ee8993aada97b6138db78b58aa -> 68286e9f0e1d42eee9d43ba74e34330f
  custom:scripting/monoscript/fileName/Gloves.cs: 21fa036484600f2d249c1ff665501393 -> 28f9e2f54620c042ed9595f00f2065dc
  custom:scripting/monoscript/fileName/AssetBundleManager.cs: 0e168d48c6d3576e59f6c42f92fecd60 -> c15faaf8b529192dbe9aec9afe4991fd
  custom:scripting/monoscript/fileName/RobeLong.cs: 1a7163e76453fecee35478b548086606 -> f4a05f13d9e9427f236c1f1234a17722
  custom:scripting/monoscript/fileName/InspectTreeView.cs: 4d03769e654689089e5185b09bfc6882 -> 260e1db8105b149fed2e7856746dbf0f
  custom:scripting/monoscript/fileName/MeshLoader.cs: 0b10154577fb1ae0dd2e8310eae4ddf4 -> 514b5b4b4814025e9f754ee22115b972
  custom:scripting/monoscript/fileName/PrevFXBtn.cs: 9adcb6db2d84b99fc2ba85718ff2705c -> d82c337bfc40d281d6f7be6c53a9171d
  custom:scripting/monoscript/fileName/ABModel.cs: d4f2ea81e354d5c73ab4578ede6b09b2 -> efbeff1b31df600fad6d5bea582c7fba
  custom:video-encoder-webm-vp8: eb34c28f22e8b96e1ab97ce403110664 -> 
  custom:scripting/monoscript/fileName/TextureLoader.cs: ef2efb353191380796da06838f0ca27c -> 32fee57eede5dc7675a4e8e137c57785
  custom:scripting/monoscript/fileName/Cloak.cs: 83fee273266203de062b641017c68a04 -> a5348ad8315a274870ac1256b416f4df
  custom:audio-decoder-ogg-vorbis: bf7c407c2cedff20999df2af8eb42d56 -> 
  custom:scripting/monoscript/fileName/Eyebrow.cs: a80914df48c7002be677c64522cce038 -> 60a10d1886232f9d6b3fd8be0c11fca9
  custom:scripting/monoscript/fileName/MeshUVManager.cs: 3a3d4245c35b74c0afddd620ce689573 -> fa1c5e2aa443e2c89e2f51af239fa10f
  custom:scripting/monoscript/fileName/MessageList.cs: 6b608508dbf342db2b025fa4e75150ed -> e187436fd3600e1e0afecc6a8da1f18c
  custom:scripting/monoscript/fileName/ClearMeshColorBtn.cs: 0007c8d870af1fc291acf8c091e58855 -> 45fdc58f7fbca9a24d836bd66f751d53
  custom:scripting/monoscript/fileName/MessageSystem.cs: e1fba72936ec77bbbc283ee14a4e5ac9 -> c1467679f7f8f7989b7c591fe16f095b
  custom:scripting/monoscript/fileName/Helper.cs: c607632c58e5a7e90f5ab372e55f1b53 -> 42ad14543d1a843693f11a1cb7823bdc
  custom:scripting/monoscript/fileName/TorsoAdd.cs: de2919cda7445d192f99b708ac4f8f98 -> 6a719884572b7c749207c858146f4e3c
  custom:scripting/monoscript/fileName/EnumFlagDrawer.cs: 41a8255d04f81b6824e2eb405c56f882 -> 5c63d0c0059ff695bd0ee486d1e93bdc
  custom:scripting/monoscript/fileName/Utility.cs: 28500e0d15bd811ed13877f72f01a728 -> bc7c77987476d2cc716aa6822231009e
  custom:scripting/monoscript/fileName/NextColorBtn.cs: 3c291ea58299c895d1e49ee9d26926c4 -> 3628818366004c784ce7c532472e0770
  custom:scripting/monoscript/fileName/BeltAdd.cs: cb7f04a49673453c6e59d8a19fc25506 -> 23c8e20e1dd3c9ed150a971c41b0440b
  custom:scripting/monoscript/fileName/Skin.cs: b53e0e70cea1e5a2051dbeb2d303d7bf -> fa5b8fbc5e21205ad140661bb8d1d29a
  custom:scripting/monoscript/fileName/PrevMeshColorBtn.cs: 6e7146d83f859cab20d94f99a895303c -> eb2dbdc18e08517d5e99c78a100e7907
  custom:audio-encoder-webm-vorbis: bf7c407c2cedff20999df2af8eb42d56 -> 
  custom:scripting/monoscript/fileName/Helm.cs: c26d56b2bba9bcb0ed144e3501bc4050 -> 015c5ef11547d2a56ec06cbf9181e054
  custom:scripting/monoscript/fileName/Shoulder.cs: cd26873c046cfe405838db4b32b97d24 -> cbc35143cbffbdb744890d07b8670e7e
  custom:scripting/monoscript/fileName/IMeshLoader.cs: 9ae204479feb9db18b224953da5838fd -> 103d9667209b427a4c68ea28303f3cd3
  custom:scripting/monoscript/fileName/AssetListTree.cs: 255920d2dc3ac581fe65ea217df17385 -> 95ef94b9b5c1fc8c166d91a2229d1537
  custom:scripting/monoscript/fileName/MeshTexture.cs: e035409d8c1a139d8e58746d92de0530 -> 1c4c6300614cc8e271b614963931701e
  custom:scripting/monoscript/fileName/AssetBundleTree.cs: db18b513ade8dfdb586627b6c32bbf86 -> 5c86cf837bb6943c3398dc49a567b80f
  custom:scripting/precompiled-assembly-types:Assembly-CSharp: bd61ef89dd052a62cb180bc111b9f981 -> 2a57b7d9ba6c891b20990c959df4dfe7
  custom:scripting/monoscript/fileName/SpriteProcessor.cs: ecdbdd0dbf42b62f38de6c8096601c0d -> b47784218d8c2d820a413741c1f25a1f
  custom:scripting/monoscript/fileName/NextMeshColorBtn.cs: f15a2f312aac46efa390132e8e876a6a -> 3fefab99c46d758ed0e047f19be1644f
  custom:scripting/monoscript/fileName/ClearAllBtn.cs: 6b6df7aa9e75a6cecf2976db793db6eb -> bcba9c9686446fb7cf756301ebf868ec
  custom:scripting/monoscript/fileName/PlayerMoveController.cs: a4e66a81bcb2d723b3fb87dd004c6314 -> cc068b745400ee66c75378bcb7b27fdb
  custom:scripting/monoscript/fileName/ConfigLoader.cs: 62e091607cdc915ce80d4a253b61a2e7 -> db4bab6728472d9dedc7dfcc22e69d2d
  custom:scripting/monoscript/fileName/SaveItem.cs: 9fe0db1767d984560e8ce3cdb5cdd4f1 -> d881a933ade13ea32bf025db14797336
  custom:scripting/monoscript/fileName/SaveData.cs: cb74f51d5ddf1e3c0494034ad7572a91 -> b41c91a98201f94a04946b0cf063c975
  custom:scripting/monoscript/fileName/PrevColorBtn.cs: 745000830732e20a24b2b0544e8a21f7 -> e1d2791f9dd94cc4e35385ca804752d8
========================================================================
Received Prepare
Caller must complete domain reload
Begin MonoManager ReloadAssembly
- Loaded All Assemblies, in  0.799 seconds
Native extension for WindowsStandalone target not found
Native extension for Android target not found
Mono: successfully reloaded assembly
- Finished resetting the current domain, in  1.750 seconds
Domain Reload Profiling: 2545ms
	BeginReloadAssembly (228ms)
		ExecutionOrderSort (0ms)
		DisableScriptedObjects (6ms)
		BackupInstance (0ms)
		ReleaseScriptingObjects (0ms)
		CreateAndSetChildDomain (53ms)
	RebuildCommonClasses (48ms)
	RebuildNativeTypeToScriptingClass (11ms)
	initialDomainReloadingComplete (41ms)
	LoadAllAssembliesAndSetupDomain (467ms)
		LoadAssemblies (563ms)
		RebuildTransferFunctionScriptingTraits (0ms)
		AnalyzeDomain (35ms)
			TypeCache.Refresh (13ms)
				TypeCache.ScanAssembly (0ms)
			ScanForSourceGeneratedMonoScriptInfo (0ms)
			ResolveRequiredComponents (18ms)
	FinalizeReload (1750ms)
		ReleaseScriptCaches (0ms)
		RebuildScriptCaches (0ms)
		SetupLoadedEditorAssemblies (630ms)
			LogAssemblyErrors (0ms)
			InitializePlatformSupportModulesInManaged (26ms)
			SetLoadedEditorAssemblies (6ms)
			RefreshPlugins (0ms)
			BeforeProcessingInitializeOnLoad (110ms)
			ProcessInitializeOnLoadAttributes (372ms)
			ProcessInitializeOnLoadMethodAttributes (92ms)
			AfterProcessingInitializeOnLoad (23ms)
			EditorAssembliesLoaded (0ms)
		ExecutionOrderSort2 (0ms)
		AwakeInstancesAfterBackupRestoration (31ms)
WARNING: Shader Unsupported: 'Toon/Basic Outline' - All subshaders removed
WARNING: Shader Did you use #pragma only_renderers and omit this platform?
WARNING: Shader If subshaders removal was intentional, you may have forgotten turning Fallback off?
WARNING: Shader Unsupported: 'Toon/Basic Outline' - All subshaders removed
WARNING: Shader Did you use #pragma only_renderers and omit this platform?
WARNING: Shader If subshaders removal was intentional, you may have forgotten turning Fallback off?
WARNING: Shader Unsupported: 'Toon/Lit Outline' - All subshaders removed
WARNING: Shader Did you use #pragma only_renderers and omit this platform?
WARNING: Shader If subshaders removal was intentional, you may have forgotten turning Fallback off?
WARNING: Shader Unsupported: 'Toon/Lit Outline' - All subshaders removed
WARNING: Shader Did you use #pragma only_renderers and omit this platform?
WARNING: Shader If subshaders removal was intentional, you may have forgotten turning Fallback off?
Refreshing native plugins compatible for Editor in 9.70 ms, found 4 plugins.
Preloading 0 native plugins for Editor in 0.00 ms.
Unloading 5364 Unused Serialized files (Serialized files now loaded: 0)
Unloading 24 unused Assets / (0.6 MB). Loaded Objects now: 6156.
Memory consumption went from 191.1 MB to 190.5 MB.
Total: 12.188800 ms (FindLiveObjects: 1.661900 ms CreateObjectMapping: 1.225700 ms MarkObjects: 8.742300 ms  DeleteObjects: 0.555300 ms)

Prepare: number of updated asset objects reloaded= 0
AssetImportParameters requested are different than current active one (requested -> active):
  custom:scripting/monoscript/fileName/MeshTypeBone.cs: f2929f2b8ecce3a651b0fd3ffe111924 -> 843ff81fb2c811dcac98decd349efe80
  custom:scripting/monoscript/fileName/ShaderSelector.cs: 685bc00da5c5122ea4d91cfb7c33d4ce -> 521612be2626bcd49281fc726d73115d
  custom:scripting/monoscript/fileName/Hand.cs: 5052127099e76a39f6f2b58ea1ef5c1e -> 192355eabc8b0bb90d2503d57cbc29e1
  custom:scripting/monoscript/fileName/TextureFactory.cs: cee276c059ba8c5d89b2dce85c58444e -> 9b0e0386d21b5055c4b652bc661be2ca
  custom:scripting/monoscript/fileName/ExecuteInternalMono.cs: 3e44be6fc6d7f25500f51fef3364e783 -> c1dae4aa6cbf1512716dd7e8414f8006
  custom:scripting/monoscript/fileName/BundleDetailList.cs: 49a12b558eca8c309cefc20f79be4f08 -> 7b03139c488749eda460103673d30967
  custom:scripting/monoscript/fileName/ChangeSkinMeshBtn.cs: 5c6d8ac28a61c97b01d08415ec68b892 -> 58cbf8e281a1824de7ac09fd6ead4741
  custom:container-demuxer-ogg: 62fdf1f143b41e24485cea50d1cbac27 -> 
  custom:scripting/monoscript/fileName/InspectSingleBundle.cs: c4ddaa812469395f667f8059fbbafbb2 -> ff6bcd7c39743f835ec77986ad4e4842
  custom:scripting/monoscript/fileName/TorsoFX.cs: 8364f33fdfe728687ae399ca95227afe -> 5e6b4d93b934706642170673ecf5c3cb
  custom:scripting/monoscript/fileName/Scar.cs: a42aaa0f7421fdbac285e770432737fe -> 93cf6a2332a708e947886120175eb79a
  custom:scripting/monoscript/fileName/Eye.cs: afd6b945d219259bc28efd165ef781f4 -> 698a2a7ea54ef8de083e5f76c9b8d930
  custom:scripting/monoscript/fileName/PrevTextureBtn.cs: ca06f7a8c9b0f19ce544f3b94a1420fa -> 764f96572b39e13aca5f7f18826c47b4
  custom:scripting/monoscript/fileName/ClearColorBtn.cs: 1e8e6c93adda6a5ba905483e8182c1dd -> c480f5967894d16fe78f727f834b09ac
  custom:scripting/monoscript/fileName/SaveManager.cs: de2264e4a492adfd4c3a4c607fa8c9d4 -> 3fcb126c6a66ba31aa898dd5743caa30
  custom:scripting/monoscript/fileName/PrevCharacterBtn.cs: 8b169ad1106eaf0dbdbff832654707ff -> 82d84ae18bcec8ea0c987e0a3a9d6a13
  custom:scripting/monoscript/fileName/Popup.cs: 1c1ef9080900e5e97d1b14f0b41eadfa -> 2cc3075140bfd1e8dd79773fa10aee0b
  custom:scripting/monoscript/fileName/EditorBundleManager.cs: 25971b08130223425370a0c67fd24c1d -> dc4d9d3c0d3cadbde48071e4065b6fbb
  custom:scripting/monoscript/fileName/LoadBtn.cs: 70bafae7f72c9ee6623f2f31d0779c28 -> 2ea2705ebacd83d0846f91df66c28259
  custom:scripting/monoscript/fileName/TextureTypeMaskSelector.cs: 7ff2a9c585e0132e7eecc431d721fd4f -> c5691a283aa245253aed7fa0115457e3
  custom:scripting/monoscript/fileName/Pants.cs: 6c99c36b54f1584503cd85f530589db5 -> df098d75808a7fb623ca5598aed5b66e
  custom:scripting/monoscript/fileName/ABDataSourceProvider.cs: 4f93c6cdfbe44a00612a956e4ef9ffe7 -> d15a3b944396c4baae05b3f33e2f8331
  custom:video-decoder-ogg-theora: a1e56fd34408186e4bbccfd4996cb3dc -> 
  custom:scripting/monoscript/fileName/MeshManager.cs: 2f249bf80d6ae36c03b9409f5feb6c0d -> 80ab94735750c9af566e7e697efa30bc
  custom:scripting/monoscript/fileName/ABDataSource.cs: 41b8295d17e0ef0ed1d4f959baadf27f -> 7ceefc660d5f297abc8804d14984f27e
  custom:framework-win-MediaFoundation: 216162199b28c13a410421893ffa2e32 -> 
  custom:scripting/monoscript/fileName/NextCharacterBtn.cs: 3c5d6d5f91a48826bcb43d4ef5261f6a -> 271bcb60c5934eb6d4486f66396754c5
  custom:scripting/monoscript/fileName/AssetBundleInspectTab.cs: 945f43d3df2c8ee2453a9a63fa11274c -> 9c287edf6d1d376f12a8f96d01ec074a
  custom:scripting/monoscript/fileName/SaveListView.cs: e595613b43c00299f3513b824b0dabc3 -> 66f5588456e9744a16cd29a95c0a128e
  custom:scripting/monoscript/fileName/MeshFactory.cs: 4bbafa913eed9f0fb1b99654c8762909 -> a5c11ad228aefe2964b1b339054e39bc
  custom:scripting/monoscript/fileName/CharacterCustomizer.cs: 6b998336770e1834435505a2273ed78a -> 
  custom:scripting/monoscript/fileName/TestDatabase.cs: 23855a153a87fda770b086a78bc24d6d -> 
  custom:scripting/monoscript/fileName/AssetDatabaseABDataSource.cs: f87f54f41a9ae61d6c93a1ee4a7276fe -> a9068bde9865684c07718fa2f110ebd4
  custom:scripting/monoscript/fileName/AbstractFXMesh.cs: 2f7f8bc9d1b9e98b83ebf043ab545fae -> 355e798705134331d1b4e13fe77a1ba2
  custom:scripting/monoscript/fileName/IConfigLoader.cs: 290018350438b79782c4b9fdba32926e -> a4ccf3c5021bb9e95d5d05a0a09bf8bd
  custom:scripting/monoscript/fileName/ABModelBundleInfo.cs: 2188b089518dc510222192403494a01e -> 9fa50afaf3db0543d3d887b15c00368c
  custom:scripting/monoscript/fileName/Leg.cs: ef7b14f4330dc25387e1b59f0290d188 -> 43594c645958cd98f0dcb60d0855f6d1
  custom:scripting/monoscript/fileName/ABModelAssetInfo.cs: 30e23a9e1ca57fffc37b721992bcf1a0 -> cf869514a0bf82899ce1cda23bdb700e
  custom:scripting/monoscript/fileName/MeshTypeMaskSelector.cs: e94ba6f4a1adba4feee5fb7cc4e351fe -> ed92edda1c9655f258c64f35a85ef583
  custom:scripting/monoscript/fileName/ClearMeshBtn.cs: b14d5ced1c19826bfc491001a3f185d1 -> d990ebc2143de5948aea2a5badbfe15b
  custom:scripting/monoscript/fileName/MeshAndTextureTypeMaskSelector.cs: fdba9a050c9e3646ce8e80b7e936d037 -> 8a4bea39d5d059db9f897ddcbaaa5fb6
  custom:scripting/monoscript/fileName/FxMeshFactory.cs: c3e28ca0186ef5ee5525c8801ad21c5a -> 0c8ff1afadd69a3595c5d00772f68410
  custom:scripting/monoscript/fileName/FXTypeMaskSelector.cs: d74f6e4a0bcd101e2717459b81084106 -> 0f6cbde77ec3d316ca044b2bb5952a3c
  custom:scripting/monoscript/fileName/PlayerController.cs: 5b090d859ab09be631dc3b0f203f9571 -> d93a52a180fbbe603a59e9aa6da73c83
  custom:scripting/monoscript/fileName/BuildScript.cs: 426ea9e2914d6e2d91f1414353c5dafc -> 337dba19c2e29ee8e4980fc4e2019d2f
  custom:scripting/monoscript/fileName/ClearSkinMeshBtn.cs: 82d2655784ebc16abf5528736d619a9b -> a8f6aebd6c57b68160badb6bcb2d0ed6
  custom:scripting/monoscript/fileName/CreateCharacterWizard.cs: acfc968f24a9426403bd5add4843dcf8 -> 45f0e70a15c8659931d42d36cb8cac07
  custom:CustomObjectIndexerAttribute: 72b91833f83ae208fae7752999fa3104 -> 
  custom:scripting/monoscript/fileName/AbstractTexture.cs: 5fe6f2f7be7fb5a86569856b4345a004 -> e0980b08fec448804b26f5b6dad65dfd
  custom:scripting/monoscript/fileName/FollowCamera.cs: 2d720f10865b64f024b0e3fccdd261c7 -> 8d6eb8e229738de226ec56d9e22b6b63
  custom:scripting/monoscript/fileName/FxMeshTypeBone.cs: f85b6921dfd1e47314410f2e3b110e25 -> c7f230be3097e0ffbcff74b002f4c068
  custom:scripting/monoscript/fileName/AssetbundlesMenuItems.cs: c3bdb3cf11cdd131fd9c40f5c72fdbb7 -> bacd4da6799b9476bee68e043690ff36
  custom:scripting/monoscript/fileName/CharacterRendererUI.cs: 494bfcacef163a63e00e0a76e5490b75 -> 
  custom:scripting/monoscript/fileName/Arm.cs: 4102684b6836edb71c1e92ebf943cfad -> b923216ab6f821207b08c03afd4c6525
  custom:container-demuxer-webm: 4f35f7cbe854078d1ac9338744f61a02 -> 
  custom:scripting/monoscript/fileName/NextMeshBtn.cs: c626932f4e3ef625c1f95cbb7df53377 -> c475632899117e513eda9e15e910b76e
  custom:scripting/monoscript/fileName/FaceFeature.cs: 4fb49a14cfb347e565b8520b489cd06f -> 2d58afa4a16bca365a6beb0bf6bfaea3
  custom:scripting/monoscript/fileName/SavePrefabBtn.cs: 3a461d0b73e33e6450805a3d4c14cf7e -> fb80c3034ef9c4f90fa622ffe7f9f829
  custom:scripting/monoscript/fileName/LoaderManager.cs: 369c2be46c8c25c8c25ebdc236e1107b -> de56154becf62ebc4f0181681035238d
  custom:scripting/monoscript/fileName/SaveNameInput.cs: 38a66e5dc26bdeafde0ff106788ee663 -> aae89d2fa016e54079d9c4371e2e5f50
  custom:scripting/monoscript/fileName/Config.cs: e85a922a2347c074e5939d78a5a7a10e -> 7351639d5127e04bc4fcb4671c4a17fb
  custom:scripting/monoscript/fileName/EyeFX.cs: bb3e917396c4b9336da3800cda69d75f -> 0e9063be2785787a64aac5ac3958ba88
  custom:scripting/monoscript/fileName/CategoryPanel.cs: 2ede49e7213c224cf2b42e7bf0785af5 -> 
  custom:scripting/monoscript/fileName/JumpFallBehaviour.cs: 6e303c4d540ce7e39efab9189bb22bcd -> 71c001d1ad34a6d3b319feace6bde3ef
  custom:scripting/monoscript/fileName/PrevMeshBtn.cs: e4cc6e23cf1ae834cfc676eb293c1a5c -> b3d8856e7d265dc9c0dfa6c173a5ecfd
  custom:container-muxer-webm: aa71ff27fc2769a1b78a27578f13a17b -> 
  custom:scripting/monoscript/fileName/ClearTextureBtn.cs: 4f31783abce9af1d7ec4839287fef475 -> e3b2bcf1edcb5118f2edfda92d79dc01
  custom:scripting/monoscript/fileName/Shoes.cs: 066ec4aa35b5452249c3208e4decccac -> a3171f40fe6c3d65d3385917721d6b32
  custom:video-decoder-webm-vp8: 9c59270c3fd7afecdb556c50c9e8de78 -> 
  custom:scripting/monoscript/fileName/ConfigManager.cs: ecadd354c11a441a4c89b5fd7a9f00e6 -> caea2b28af0ab9e40fec80621d2354a1
  custom:scripting/monoscript/fileName/ClearFXBtn.cs: 9a39f15de353636ac82e469249897f2d -> 7bb97525152b99fa74400a29eaa13dea
  custom:scripting/monoscript/fileName/ClosePopup.cs: b8d454205b2ceefe37b5fd3a66ce3f21 -> 55d4b78c13dd76e50d9c188109fdf0bb
  custom:SearchIndexIgnoredProperties: e643bd26f0fe6173181afceb89e7c659 -> 
  custom:scripting/monoscript/fileName/Belt.cs: 57f9cd2ecc900069b427149243ef3bc5 -> 49eb07e37613e7bc3cd2ca1c5688a06b
  custom:AudioImporter_EditorPlatform: d09bf68614088b80899f8185d706f6e7 -> 
  custom:scripting/monoscript/fileName/AssetBundleLoadOperation.cs: 6671757952e868610efe84deb7d10911 -> 5e23b7cfd6b1aefafff250cf74ef9147
  custom:scripting/monoscript/fileName/PrevSkinMeshBtn.cs: 4b975732b197cfed11faf978a39a86d9 -> 949d41495696a789e910ed4bddee68c8
  custom:scripting/monoscript/fileName/RandomBtn.cs: 09358cb3d53669a5fb3911b12bed41f9 -> 851c8dec69594280621f9ae4205a836d
  custom:scripting/monoscript/fileName/Beard.cs: fcba2011bd59aa862783e312bcb3f1ed -> 25619eaf3bae2cd2a4b58a1e35f6de63
  custom:scripting/monoscript/fileName/EnumFlagAttribute.cs: 74d0d26091c169f8de5e9bf42af43876 -> 955415b54787984cbbb8aa271c5326e3
  custom:scripting/monoscript/fileName/LaunchAssetBundleServer.cs: fde14ca75a313e949066fe5170090bd6 -> 43db2fb10887bbfb076c6767daba67bd
  custom:scripting/monoscript/fileName/TextureManager.cs: e8b62e3c8c466c37ed390308c47b609f -> aaabee5faa243fca33eb568630ae6e8e
  custom:scripting/monoscript/fileName/RobeShort.cs: 98a985110c88276dffccdebb9b45a97a -> 3c6d536f5d6b37080b8a61040ec81de3
  custom:scripting/monoscript/fileName/AssetBundleRecord.cs: 5e3e2662beb76f92f544ca3a6af0a002 -> 5a3119d6abe586168b6fe06c7e98c69c
  custom:scripting/monoscript/fileName/TogglePopup.cs: e3546a95722da3ab7907a444f1349cba -> 1d986db86e682e16edccd0653eb2aad7
  custom:scripting/monoscript/fileName/ITextureLoader.cs: fb942611a67ee29c2d3906a7f2b2ca06 -> 5adc935e3b3fb7761c6d5c127df50233
  custom:scripting/monoscript/fileName/SaveBtn.cs: 3dfbd63f5b032b539a11095805980518 -> 62cda288bb207ed68b5083d6b77f7471
  custom:scripting/monoscript/fileName/NextSkinMeshBtn.cs: 7bde284a6144f85f7d24cd53fe360afe -> c82eddd7edff4db94905f44ef59144c1
  custom:scripting/monoscript/fileName/Head.cs: ef8602f0e05bb6f56d36072970253a56 -> 6728c540b9905eb1de06718fa4aae534
  custom:scripting/monoscript/fileName/NextFXBtn.cs: ec23ffa473c712e78d6eb18c4ae448be -> 7e2755ad9a90b6ecb18961111ed6b016
  custom:scripting/monoscript/fileName/AssetBundleBrowserMain.cs: adf460d08e5161db4df4e9efbad520b6 -> d6cbb84444c9fdda30a8092bb0794cf7
  custom:scripting/monoscript/fileName/JSONMap.cs: 0cc7c12ea7048b3ee204a6864ec14612 -> f72d2edab136c1eb89bac454d589dbd3
  custom:scripting/monoscript/fileName/AssetBundleManageTab.cs: cd787c8175c6b452036330db58559128 -> 31b1d66e60f6e821749b4e2c88c32cdd
  custom:scripting/monoscript/fileName/Torso.cs: 69b7e0d6a62aacc036b1886a4ba2587b -> 54ee6015ea03462115d4c3153edbdf8c
  custom:scripting/monoscript/fileName/AssetBundleBuildTab.cs: e4d3d716146519b1f52f6c0fe7ec5a47 -> c4f1a336c5910d1832fd9e6c972559ad
  custom:scripting/monoscript/fileName/Hair.cs: 1f4e341ec44f1e9a43da832f30eda5e7 -> a794926f97f7a5e9c465865fe7af5e1b
  custom:scripting/monoscript/fileName/AbstractMesh.cs: f416745403975ff81463073698d6e017 -> 8184b2a66042d8caaccbbd20ed31dc56
  custom:scripting/monoscript/fileName/NextTextureBtn.cs: d5a300ee8993aada97b6138db78b58aa -> 68286e9f0e1d42eee9d43ba74e34330f
  custom:scripting/monoscript/fileName/Gloves.cs: 21fa036484600f2d249c1ff665501393 -> 28f9e2f54620c042ed9595f00f2065dc
  custom:scripting/monoscript/fileName/AssetBundleManager.cs: 0e168d48c6d3576e59f6c42f92fecd60 -> c15faaf8b529192dbe9aec9afe4991fd
  custom:scripting/monoscript/fileName/RobeLong.cs: 1a7163e76453fecee35478b548086606 -> f4a05f13d9e9427f236c1f1234a17722
  custom:scripting/monoscript/fileName/InspectTreeView.cs: 4d03769e654689089e5185b09bfc6882 -> 260e1db8105b149fed2e7856746dbf0f
  custom:scripting/monoscript/fileName/MeshLoader.cs: 0b10154577fb1ae0dd2e8310eae4ddf4 -> 514b5b4b4814025e9f754ee22115b972
  custom:scripting/monoscript/fileName/PrevFXBtn.cs: 9adcb6db2d84b99fc2ba85718ff2705c -> d82c337bfc40d281d6f7be6c53a9171d
  custom:scripting/monoscript/fileName/ABModel.cs: d4f2ea81e354d5c73ab4578ede6b09b2 -> efbeff1b31df600fad6d5bea582c7fba
  custom:video-encoder-webm-vp8: eb34c28f22e8b96e1ab97ce403110664 -> 
  custom:scripting/monoscript/fileName/TextureLoader.cs: ef2efb353191380796da06838f0ca27c -> 32fee57eede5dc7675a4e8e137c57785
  custom:scripting/monoscript/fileName/Cloak.cs: 83fee273266203de062b641017c68a04 -> a5348ad8315a274870ac1256b416f4df
  custom:audio-decoder-ogg-vorbis: bf7c407c2cedff20999df2af8eb42d56 -> 
  custom:scripting/monoscript/fileName/Eyebrow.cs: a80914df48c7002be677c64522cce038 -> 60a10d1886232f9d6b3fd8be0c11fca9
  custom:scripting/monoscript/fileName/MeshUVManager.cs: 3a3d4245c35b74c0afddd620ce689573 -> fa1c5e2aa443e2c89e2f51af239fa10f
  custom:scripting/monoscript/fileName/MessageList.cs: 6b608508dbf342db2b025fa4e75150ed -> e187436fd3600e1e0afecc6a8da1f18c
  custom:scripting/monoscript/fileName/ClearMeshColorBtn.cs: 0007c8d870af1fc291acf8c091e58855 -> 45fdc58f7fbca9a24d836bd66f751d53
  custom:scripting/monoscript/fileName/MessageSystem.cs: e1fba72936ec77bbbc283ee14a4e5ac9 -> c1467679f7f8f7989b7c591fe16f095b
  custom:scripting/monoscript/fileName/Helper.cs: c607632c58e5a7e90f5ab372e55f1b53 -> 42ad14543d1a843693f11a1cb7823bdc
  custom:scripting/monoscript/fileName/TorsoAdd.cs: de2919cda7445d192f99b708ac4f8f98 -> 6a719884572b7c749207c858146f4e3c
  custom:scripting/monoscript/fileName/EnumFlagDrawer.cs: 41a8255d04f81b6824e2eb405c56f882 -> 5c63d0c0059ff695bd0ee486d1e93bdc
  custom:scripting/monoscript/fileName/Utility.cs: 28500e0d15bd811ed13877f72f01a728 -> bc7c77987476d2cc716aa6822231009e
  custom:scripting/monoscript/fileName/NextColorBtn.cs: 3c291ea58299c895d1e49ee9d26926c4 -> 3628818366004c784ce7c532472e0770
  custom:scripting/monoscript/fileName/BeltAdd.cs: cb7f04a49673453c6e59d8a19fc25506 -> 23c8e20e1dd3c9ed150a971c41b0440b
  custom:scripting/monoscript/fileName/Skin.cs: b53e0e70cea1e5a2051dbeb2d303d7bf -> fa5b8fbc5e21205ad140661bb8d1d29a
  custom:scripting/monoscript/fileName/PrevMeshColorBtn.cs: 6e7146d83f859cab20d94f99a895303c -> eb2dbdc18e08517d5e99c78a100e7907
  custom:audio-encoder-webm-vorbis: bf7c407c2cedff20999df2af8eb42d56 -> 
  custom:scripting/monoscript/fileName/Helm.cs: c26d56b2bba9bcb0ed144e3501bc4050 -> 015c5ef11547d2a56ec06cbf9181e054
  custom:scripting/monoscript/fileName/Shoulder.cs: cd26873c046cfe405838db4b32b97d24 -> cbc35143cbffbdb744890d07b8670e7e
  custom:scripting/monoscript/fileName/IMeshLoader.cs: 9ae204479feb9db18b224953da5838fd -> 103d9667209b427a4c68ea28303f3cd3
  custom:scripting/monoscript/fileName/AssetListTree.cs: 255920d2dc3ac581fe65ea217df17385 -> 95ef94b9b5c1fc8c166d91a2229d1537
  custom:scripting/monoscript/fileName/MeshTexture.cs: e035409d8c1a139d8e58746d92de0530 -> 1c4c6300614cc8e271b614963931701e
  custom:scripting/monoscript/fileName/AssetBundleTree.cs: db18b513ade8dfdb586627b6c32bbf86 -> 5c86cf837bb6943c3398dc49a567b80f
  custom:scripting/precompiled-assembly-types:Assembly-CSharp: bd61ef89dd052a62cb180bc111b9f981 -> 2a57b7d9ba6c891b20990c959df4dfe7
  custom:scripting/monoscript/fileName/SpriteProcessor.cs: ecdbdd0dbf42b62f38de6c8096601c0d -> b47784218d8c2d820a413741c1f25a1f
  custom:scripting/monoscript/fileName/NextMeshColorBtn.cs: f15a2f312aac46efa390132e8e876a6a -> 3fefab99c46d758ed0e047f19be1644f
  custom:scripting/monoscript/fileName/ClearAllBtn.cs: 6b6df7aa9e75a6cecf2976db793db6eb -> bcba9c9686446fb7cf756301ebf868ec
  custom:scripting/monoscript/fileName/PlayerMoveController.cs: a4e66a81bcb2d723b3fb87dd004c6314 -> cc068b745400ee66c75378bcb7b27fdb
  custom:scripting/monoscript/fileName/ConfigLoader.cs: 62e091607cdc915ce80d4a253b61a2e7 -> db4bab6728472d9dedc7dfcc22e69d2d
  custom:scripting/monoscript/fileName/SaveItem.cs: 9fe0db1767d984560e8ce3cdb5cdd4f1 -> d881a933ade13ea32bf025db14797336
  custom:scripting/monoscript/fileName/SaveData.cs: cb74f51d5ddf1e3c0494034ad7572a91 -> b41c91a98201f94a04946b0cf063c975
  custom:scripting/monoscript/fileName/PrevColorBtn.cs: 745000830732e20a24b2b0544e8a21f7 -> e1d2791f9dd94cc4e35385ca804752d8
========================================================================
Received Prepare
Caller must complete domain reload
Begin MonoManager ReloadAssembly
- Loaded All Assemblies, in  0.752 seconds
Native extension for WindowsStandalone target not found
Native extension for Android target not found
Mono: successfully reloaded assembly
- Finished resetting the current domain, in  1.735 seconds
Domain Reload Profiling: 2482ms
	BeginReloadAssembly (219ms)
		ExecutionOrderSort (0ms)
		DisableScriptedObjects (4ms)
		BackupInstance (0ms)
		ReleaseScriptingObjects (0ms)
		CreateAndSetChildDomain (46ms)
	RebuildCommonClasses (42ms)
	RebuildNativeTypeToScriptingClass (13ms)
	initialDomainReloadingComplete (43ms)
	LoadAllAssembliesAndSetupDomain (429ms)
		LoadAssemblies (528ms)
		RebuildTransferFunctionScriptingTraits (0ms)
		AnalyzeDomain (32ms)
			TypeCache.Refresh (15ms)
				TypeCache.ScanAssembly (0ms)
			ScanForSourceGeneratedMonoScriptInfo (0ms)
			ResolveRequiredComponents (12ms)
	FinalizeReload (1736ms)
		ReleaseScriptCaches (0ms)
		RebuildScriptCaches (0ms)
		SetupLoadedEditorAssemblies (638ms)
			LogAssemblyErrors (0ms)
			InitializePlatformSupportModulesInManaged (25ms)
			SetLoadedEditorAssemblies (7ms)
			RefreshPlugins (0ms)
			BeforeProcessingInitializeOnLoad (115ms)
			ProcessInitializeOnLoadAttributes (387ms)
			ProcessInitializeOnLoadMethodAttributes (91ms)
			AfterProcessingInitializeOnLoad (13ms)
			EditorAssembliesLoaded (1ms)
		ExecutionOrderSort2 (0ms)
		AwakeInstancesAfterBackupRestoration (22ms)
WARNING: Shader Unsupported: 'Toon/Basic Outline' - All subshaders removed
WARNING: Shader Did you use #pragma only_renderers and omit this platform?
WARNING: Shader If subshaders removal was intentional, you may have forgotten turning Fallback off?
WARNING: Shader Unsupported: 'Toon/Basic Outline' - All subshaders removed
WARNING: Shader Did you use #pragma only_renderers and omit this platform?
WARNING: Shader If subshaders removal was intentional, you may have forgotten turning Fallback off?
WARNING: Shader Unsupported: 'Toon/Lit Outline' - All subshaders removed
WARNING: Shader Did you use #pragma only_renderers and omit this platform?
WARNING: Shader If subshaders removal was intentional, you may have forgotten turning Fallback off?
WARNING: Shader Unsupported: 'Toon/Lit Outline' - All subshaders removed
WARNING: Shader Did you use #pragma only_renderers and omit this platform?
WARNING: Shader If subshaders removal was intentional, you may have forgotten turning Fallback off?
Refreshing native plugins compatible for Editor in 8.99 ms, found 4 plugins.
Preloading 0 native plugins for Editor in 0.00 ms.
Unloading 5364 Unused Serialized files (Serialized files now loaded: 0)
Unloading 24 unused Assets / (0.6 MB). Loaded Objects now: 6161.
Memory consumption went from 191.1 MB to 190.5 MB.
Total: 8.271100 ms (FindLiveObjects: 0.516000 ms CreateObjectMapping: 0.609700 ms MarkObjects: 6.693500 ms  DeleteObjects: 0.450200 ms)

Prepare: number of updated asset objects reloaded= 0
AssetImportParameters requested are different than current active one (requested -> active):
  custom:scripting/monoscript/fileName/MeshTypeBone.cs: f2929f2b8ecce3a651b0fd3ffe111924 -> 843ff81fb2c811dcac98decd349efe80
  custom:scripting/monoscript/fileName/ShaderSelector.cs: 685bc00da5c5122ea4d91cfb7c33d4ce -> 521612be2626bcd49281fc726d73115d
  custom:scripting/monoscript/fileName/Hand.cs: 5052127099e76a39f6f2b58ea1ef5c1e -> 192355eabc8b0bb90d2503d57cbc29e1
  custom:scripting/monoscript/fileName/TextureFactory.cs: cee276c059ba8c5d89b2dce85c58444e -> 9b0e0386d21b5055c4b652bc661be2ca
  custom:scripting/monoscript/fileName/ExecuteInternalMono.cs: 3e44be6fc6d7f25500f51fef3364e783 -> c1dae4aa6cbf1512716dd7e8414f8006
  custom:scripting/monoscript/fileName/BundleDetailList.cs: 49a12b558eca8c309cefc20f79be4f08 -> 7b03139c488749eda460103673d30967
  custom:scripting/monoscript/fileName/ChangeSkinMeshBtn.cs: 5c6d8ac28a61c97b01d08415ec68b892 -> 58cbf8e281a1824de7ac09fd6ead4741
  custom:container-demuxer-ogg: 62fdf1f143b41e24485cea50d1cbac27 -> 
  custom:scripting/monoscript/fileName/InspectSingleBundle.cs: c4ddaa812469395f667f8059fbbafbb2 -> ff6bcd7c39743f835ec77986ad4e4842
  custom:scripting/monoscript/fileName/TorsoFX.cs: 8364f33fdfe728687ae399ca95227afe -> 5e6b4d93b934706642170673ecf5c3cb
  custom:scripting/monoscript/fileName/Scar.cs: a42aaa0f7421fdbac285e770432737fe -> 93cf6a2332a708e947886120175eb79a
  custom:scripting/monoscript/fileName/Eye.cs: afd6b945d219259bc28efd165ef781f4 -> 698a2a7ea54ef8de083e5f76c9b8d930
  custom:scripting/monoscript/fileName/PrevTextureBtn.cs: ca06f7a8c9b0f19ce544f3b94a1420fa -> 764f96572b39e13aca5f7f18826c47b4
  custom:scripting/monoscript/fileName/ClearColorBtn.cs: 1e8e6c93adda6a5ba905483e8182c1dd -> c480f5967894d16fe78f727f834b09ac
  custom:scripting/monoscript/fileName/SaveManager.cs: de2264e4a492adfd4c3a4c607fa8c9d4 -> 3fcb126c6a66ba31aa898dd5743caa30
  custom:scripting/monoscript/fileName/PrevCharacterBtn.cs: 8b169ad1106eaf0dbdbff832654707ff -> 82d84ae18bcec8ea0c987e0a3a9d6a13
  custom:scripting/monoscript/fileName/Popup.cs: 1c1ef9080900e5e97d1b14f0b41eadfa -> 2cc3075140bfd1e8dd79773fa10aee0b
  custom:scripting/monoscript/fileName/EditorBundleManager.cs: 25971b08130223425370a0c67fd24c1d -> dc4d9d3c0d3cadbde48071e4065b6fbb
  custom:scripting/monoscript/fileName/LoadBtn.cs: 70bafae7f72c9ee6623f2f31d0779c28 -> 2ea2705ebacd83d0846f91df66c28259
  custom:scripting/monoscript/fileName/TextureTypeMaskSelector.cs: 7ff2a9c585e0132e7eecc431d721fd4f -> c5691a283aa245253aed7fa0115457e3
  custom:scripting/monoscript/fileName/Pants.cs: 6c99c36b54f1584503cd85f530589db5 -> df098d75808a7fb623ca5598aed5b66e
  custom:scripting/monoscript/fileName/ABDataSourceProvider.cs: 4f93c6cdfbe44a00612a956e4ef9ffe7 -> d15a3b944396c4baae05b3f33e2f8331
  custom:video-decoder-ogg-theora: a1e56fd34408186e4bbccfd4996cb3dc -> 
  custom:scripting/monoscript/fileName/MeshManager.cs: 2f249bf80d6ae36c03b9409f5feb6c0d -> 80ab94735750c9af566e7e697efa30bc
  custom:scripting/monoscript/fileName/ABDataSource.cs: 41b8295d17e0ef0ed1d4f959baadf27f -> 7ceefc660d5f297abc8804d14984f27e
  custom:framework-win-MediaFoundation: 216162199b28c13a410421893ffa2e32 -> 
  custom:scripting/monoscript/fileName/NextCharacterBtn.cs: 3c5d6d5f91a48826bcb43d4ef5261f6a -> 271bcb60c5934eb6d4486f66396754c5
  custom:scripting/monoscript/fileName/AssetBundleInspectTab.cs: 945f43d3df2c8ee2453a9a63fa11274c -> 9c287edf6d1d376f12a8f96d01ec074a
  custom:scripting/monoscript/fileName/SaveListView.cs: e595613b43c00299f3513b824b0dabc3 -> 66f5588456e9744a16cd29a95c0a128e
  custom:scripting/monoscript/fileName/MeshFactory.cs: 4bbafa913eed9f0fb1b99654c8762909 -> a5c11ad228aefe2964b1b339054e39bc
  custom:scripting/monoscript/fileName/CharacterCustomizer.cs: 6b998336770e1834435505a2273ed78a -> 
  custom:scripting/monoscript/fileName/TestDatabase.cs: 23855a153a87fda770b086a78bc24d6d -> 
  custom:scripting/monoscript/fileName/AssetDatabaseABDataSource.cs: f87f54f41a9ae61d6c93a1ee4a7276fe -> a9068bde9865684c07718fa2f110ebd4
  custom:scripting/monoscript/fileName/AbstractFXMesh.cs: 2f7f8bc9d1b9e98b83ebf043ab545fae -> 355e798705134331d1b4e13fe77a1ba2
  custom:scripting/monoscript/fileName/IConfigLoader.cs: 290018350438b79782c4b9fdba32926e -> a4ccf3c5021bb9e95d5d05a0a09bf8bd
  custom:scripting/monoscript/fileName/ABModelBundleInfo.cs: 2188b089518dc510222192403494a01e -> 9fa50afaf3db0543d3d887b15c00368c
  custom:scripting/monoscript/fileName/Leg.cs: ef7b14f4330dc25387e1b59f0290d188 -> 43594c645958cd98f0dcb60d0855f6d1
  custom:scripting/monoscript/fileName/ABModelAssetInfo.cs: 30e23a9e1ca57fffc37b721992bcf1a0 -> cf869514a0bf82899ce1cda23bdb700e
  custom:scripting/monoscript/fileName/MeshTypeMaskSelector.cs: e94ba6f4a1adba4feee5fb7cc4e351fe -> ed92edda1c9655f258c64f35a85ef583
  custom:scripting/monoscript/fileName/ClearMeshBtn.cs: b14d5ced1c19826bfc491001a3f185d1 -> d990ebc2143de5948aea2a5badbfe15b
  custom:scripting/monoscript/fileName/MeshAndTextureTypeMaskSelector.cs: fdba9a050c9e3646ce8e80b7e936d037 -> 8a4bea39d5d059db9f897ddcbaaa5fb6
  custom:scripting/monoscript/fileName/FxMeshFactory.cs: c3e28ca0186ef5ee5525c8801ad21c5a -> 0c8ff1afadd69a3595c5d00772f68410
  custom:scripting/monoscript/fileName/FXTypeMaskSelector.cs: d74f6e4a0bcd101e2717459b81084106 -> 0f6cbde77ec3d316ca044b2bb5952a3c
  custom:scripting/monoscript/fileName/PlayerController.cs: 5b090d859ab09be631dc3b0f203f9571 -> d93a52a180fbbe603a59e9aa6da73c83
  custom:scripting/monoscript/fileName/BuildScript.cs: 426ea9e2914d6e2d91f1414353c5dafc -> 337dba19c2e29ee8e4980fc4e2019d2f
  custom:scripting/monoscript/fileName/ClearSkinMeshBtn.cs: 82d2655784ebc16abf5528736d619a9b -> a8f6aebd6c57b68160badb6bcb2d0ed6
  custom:scripting/monoscript/fileName/CreateCharacterWizard.cs: acfc968f24a9426403bd5add4843dcf8 -> 45f0e70a15c8659931d42d36cb8cac07
  custom:CustomObjectIndexerAttribute: 72b91833f83ae208fae7752999fa3104 -> 
  custom:scripting/monoscript/fileName/AbstractTexture.cs: 5fe6f2f7be7fb5a86569856b4345a004 -> e0980b08fec448804b26f5b6dad65dfd
  custom:scripting/monoscript/fileName/FollowCamera.cs: 2d720f10865b64f024b0e3fccdd261c7 -> 8d6eb8e229738de226ec56d9e22b6b63
  custom:scripting/monoscript/fileName/FxMeshTypeBone.cs: f85b6921dfd1e47314410f2e3b110e25 -> c7f230be3097e0ffbcff74b002f4c068
  custom:scripting/monoscript/fileName/AssetbundlesMenuItems.cs: c3bdb3cf11cdd131fd9c40f5c72fdbb7 -> bacd4da6799b9476bee68e043690ff36
  custom:scripting/monoscript/fileName/CharacterRendererUI.cs: 494bfcacef163a63e00e0a76e5490b75 -> 
  custom:scripting/monoscript/fileName/Arm.cs: 4102684b6836edb71c1e92ebf943cfad -> b923216ab6f821207b08c03afd4c6525
  custom:container-demuxer-webm: 4f35f7cbe854078d1ac9338744f61a02 -> 
  custom:scripting/monoscript/fileName/NextMeshBtn.cs: c626932f4e3ef625c1f95cbb7df53377 -> c475632899117e513eda9e15e910b76e
  custom:scripting/monoscript/fileName/FaceFeature.cs: 4fb49a14cfb347e565b8520b489cd06f -> 2d58afa4a16bca365a6beb0bf6bfaea3
  custom:scripting/monoscript/fileName/SavePrefabBtn.cs: 3a461d0b73e33e6450805a3d4c14cf7e -> fb80c3034ef9c4f90fa622ffe7f9f829
  custom:scripting/monoscript/fileName/LoaderManager.cs: 369c2be46c8c25c8c25ebdc236e1107b -> de56154becf62ebc4f0181681035238d
  custom:scripting/monoscript/fileName/SaveNameInput.cs: 38a66e5dc26bdeafde0ff106788ee663 -> aae89d2fa016e54079d9c4371e2e5f50
  custom:scripting/monoscript/fileName/Config.cs: e85a922a2347c074e5939d78a5a7a10e -> 7351639d5127e04bc4fcb4671c4a17fb
  custom:scripting/monoscript/fileName/EyeFX.cs: bb3e917396c4b9336da3800cda69d75f -> 0e9063be2785787a64aac5ac3958ba88
  custom:scripting/monoscript/fileName/CategoryPanel.cs: 2ede49e7213c224cf2b42e7bf0785af5 -> 
  custom:scripting/monoscript/fileName/JumpFallBehaviour.cs: 6e303c4d540ce7e39efab9189bb22bcd -> 71c001d1ad34a6d3b319feace6bde3ef
  custom:scripting/monoscript/fileName/PrevMeshBtn.cs: e4cc6e23cf1ae834cfc676eb293c1a5c -> b3d8856e7d265dc9c0dfa6c173a5ecfd
  custom:container-muxer-webm: aa71ff27fc2769a1b78a27578f13a17b -> 
  custom:scripting/monoscript/fileName/ClearTextureBtn.cs: 4f31783abce9af1d7ec4839287fef475 -> e3b2bcf1edcb5118f2edfda92d79dc01
  custom:scripting/monoscript/fileName/Shoes.cs: 066ec4aa35b5452249c3208e4decccac -> a3171f40fe6c3d65d3385917721d6b32
  custom:video-decoder-webm-vp8: 9c59270c3fd7afecdb556c50c9e8de78 -> 
  custom:scripting/monoscript/fileName/ConfigManager.cs: ecadd354c11a441a4c89b5fd7a9f00e6 -> caea2b28af0ab9e40fec80621d2354a1
  custom:scripting/monoscript/fileName/ClearFXBtn.cs: 9a39f15de353636ac82e469249897f2d -> 7bb97525152b99fa74400a29eaa13dea
  custom:scripting/monoscript/fileName/ClosePopup.cs: b8d454205b2ceefe37b5fd3a66ce3f21 -> 55d4b78c13dd76e50d9c188109fdf0bb
  custom:SearchIndexIgnoredProperties: e643bd26f0fe6173181afceb89e7c659 -> 
  custom:scripting/monoscript/fileName/Belt.cs: 57f9cd2ecc900069b427149243ef3bc5 -> 49eb07e37613e7bc3cd2ca1c5688a06b
  custom:AudioImporter_EditorPlatform: d09bf68614088b80899f8185d706f6e7 -> 
  custom:scripting/monoscript/fileName/AssetBundleLoadOperation.cs: 6671757952e868610efe84deb7d10911 -> 5e23b7cfd6b1aefafff250cf74ef9147
  custom:scripting/monoscript/fileName/PrevSkinMeshBtn.cs: 4b975732b197cfed11faf978a39a86d9 -> 949d41495696a789e910ed4bddee68c8
  custom:scripting/monoscript/fileName/RandomBtn.cs: 09358cb3d53669a5fb3911b12bed41f9 -> 851c8dec69594280621f9ae4205a836d
  custom:scripting/monoscript/fileName/Beard.cs: fcba2011bd59aa862783e312bcb3f1ed -> 25619eaf3bae2cd2a4b58a1e35f6de63
  custom:scripting/monoscript/fileName/EnumFlagAttribute.cs: 74d0d26091c169f8de5e9bf42af43876 -> 955415b54787984cbbb8aa271c5326e3
  custom:scripting/monoscript/fileName/LaunchAssetBundleServer.cs: fde14ca75a313e949066fe5170090bd6 -> 43db2fb10887bbfb076c6767daba67bd
  custom:scripting/monoscript/fileName/TextureManager.cs: e8b62e3c8c466c37ed390308c47b609f -> aaabee5faa243fca33eb568630ae6e8e
  custom:scripting/monoscript/fileName/RobeShort.cs: 98a985110c88276dffccdebb9b45a97a -> 3c6d536f5d6b37080b8a61040ec81de3
  custom:scripting/monoscript/fileName/AssetBundleRecord.cs: 5e3e2662beb76f92f544ca3a6af0a002 -> 5a3119d6abe586168b6fe06c7e98c69c
  custom:scripting/monoscript/fileName/TogglePopup.cs: e3546a95722da3ab7907a444f1349cba -> 1d986db86e682e16edccd0653eb2aad7
  custom:scripting/monoscript/fileName/ITextureLoader.cs: fb942611a67ee29c2d3906a7f2b2ca06 -> 5adc935e3b3fb7761c6d5c127df50233
  custom:scripting/monoscript/fileName/SaveBtn.cs: 3dfbd63f5b032b539a11095805980518 -> 62cda288bb207ed68b5083d6b77f7471
  custom:scripting/monoscript/fileName/NextSkinMeshBtn.cs: 7bde284a6144f85f7d24cd53fe360afe -> c82eddd7edff4db94905f44ef59144c1
  custom:scripting/monoscript/fileName/Head.cs: ef8602f0e05bb6f56d36072970253a56 -> 6728c540b9905eb1de06718fa4aae534
  custom:scripting/monoscript/fileName/NextFXBtn.cs: ec23ffa473c712e78d6eb18c4ae448be -> 7e2755ad9a90b6ecb18961111ed6b016
  custom:scripting/monoscript/fileName/AssetBundleBrowserMain.cs: adf460d08e5161db4df4e9efbad520b6 -> d6cbb84444c9fdda30a8092bb0794cf7
  custom:scripting/monoscript/fileName/JSONMap.cs: 0cc7c12ea7048b3ee204a6864ec14612 -> f72d2edab136c1eb89bac454d589dbd3
  custom:scripting/monoscript/fileName/AssetBundleManageTab.cs: cd787c8175c6b452036330db58559128 -> 31b1d66e60f6e821749b4e2c88c32cdd
  custom:scripting/monoscript/fileName/Torso.cs: 69b7e0d6a62aacc036b1886a4ba2587b -> 54ee6015ea03462115d4c3153edbdf8c
  custom:scripting/monoscript/fileName/AssetBundleBuildTab.cs: e4d3d716146519b1f52f6c0fe7ec5a47 -> c4f1a336c5910d1832fd9e6c972559ad
  custom:scripting/monoscript/fileName/Hair.cs: 1f4e341ec44f1e9a43da832f30eda5e7 -> a794926f97f7a5e9c465865fe7af5e1b
  custom:scripting/monoscript/fileName/AbstractMesh.cs: f416745403975ff81463073698d6e017 -> 8184b2a66042d8caaccbbd20ed31dc56
  custom:scripting/monoscript/fileName/NextTextureBtn.cs: d5a300ee8993aada97b6138db78b58aa -> 68286e9f0e1d42eee9d43ba74e34330f
  custom:scripting/monoscript/fileName/Gloves.cs: 21fa036484600f2d249c1ff665501393 -> 28f9e2f54620c042ed9595f00f2065dc
  custom:scripting/monoscript/fileName/AssetBundleManager.cs: 0e168d48c6d3576e59f6c42f92fecd60 -> c15faaf8b529192dbe9aec9afe4991fd
  custom:scripting/monoscript/fileName/RobeLong.cs: 1a7163e76453fecee35478b548086606 -> f4a05f13d9e9427f236c1f1234a17722
  custom:scripting/monoscript/fileName/InspectTreeView.cs: 4d03769e654689089e5185b09bfc6882 -> 260e1db8105b149fed2e7856746dbf0f
  custom:scripting/monoscript/fileName/MeshLoader.cs: 0b10154577fb1ae0dd2e8310eae4ddf4 -> 514b5b4b4814025e9f754ee22115b972
  custom:scripting/monoscript/fileName/PrevFXBtn.cs: 9adcb6db2d84b99fc2ba85718ff2705c -> d82c337bfc40d281d6f7be6c53a9171d
  custom:scripting/monoscript/fileName/ABModel.cs: d4f2ea81e354d5c73ab4578ede6b09b2 -> efbeff1b31df600fad6d5bea582c7fba
  custom:video-encoder-webm-vp8: eb34c28f22e8b96e1ab97ce403110664 -> 
  custom:scripting/monoscript/fileName/TextureLoader.cs: ef2efb353191380796da06838f0ca27c -> 32fee57eede5dc7675a4e8e137c57785
  custom:scripting/monoscript/fileName/Cloak.cs: 83fee273266203de062b641017c68a04 -> a5348ad8315a274870ac1256b416f4df
  custom:audio-decoder-ogg-vorbis: bf7c407c2cedff20999df2af8eb42d56 -> 
  custom:scripting/monoscript/fileName/Eyebrow.cs: a80914df48c7002be677c64522cce038 -> 60a10d1886232f9d6b3fd8be0c11fca9
  custom:scripting/monoscript/fileName/MeshUVManager.cs: 3a3d4245c35b74c0afddd620ce689573 -> fa1c5e2aa443e2c89e2f51af239fa10f
  custom:scripting/monoscript/fileName/MessageList.cs: 6b608508dbf342db2b025fa4e75150ed -> e187436fd3600e1e0afecc6a8da1f18c
  custom:scripting/monoscript/fileName/ClearMeshColorBtn.cs: 0007c8d870af1fc291acf8c091e58855 -> 45fdc58f7fbca9a24d836bd66f751d53
  custom:scripting/monoscript/fileName/MessageSystem.cs: e1fba72936ec77bbbc283ee14a4e5ac9 -> c1467679f7f8f7989b7c591fe16f095b
  custom:scripting/monoscript/fileName/Helper.cs: c607632c58e5a7e90f5ab372e55f1b53 -> 42ad14543d1a843693f11a1cb7823bdc
  custom:scripting/monoscript/fileName/TorsoAdd.cs: de2919cda7445d192f99b708ac4f8f98 -> 6a719884572b7c749207c858146f4e3c
  custom:scripting/monoscript/fileName/EnumFlagDrawer.cs: 41a8255d04f81b6824e2eb405c56f882 -> 5c63d0c0059ff695bd0ee486d1e93bdc
  custom:scripting/monoscript/fileName/Utility.cs: 28500e0d15bd811ed13877f72f01a728 -> bc7c77987476d2cc716aa6822231009e
  custom:scripting/monoscript/fileName/NextColorBtn.cs: 3c291ea58299c895d1e49ee9d26926c4 -> 3628818366004c784ce7c532472e0770
  custom:scripting/monoscript/fileName/BeltAdd.cs: cb7f04a49673453c6e59d8a19fc25506 -> 23c8e20e1dd3c9ed150a971c41b0440b
  custom:scripting/monoscript/fileName/Skin.cs: b53e0e70cea1e5a2051dbeb2d303d7bf -> fa5b8fbc5e21205ad140661bb8d1d29a
  custom:scripting/monoscript/fileName/PrevMeshColorBtn.cs: 6e7146d83f859cab20d94f99a895303c -> eb2dbdc18e08517d5e99c78a100e7907
  custom:audio-encoder-webm-vorbis: bf7c407c2cedff20999df2af8eb42d56 -> 
  custom:scripting/monoscript/fileName/Helm.cs: c26d56b2bba9bcb0ed144e3501bc4050 -> 015c5ef11547d2a56ec06cbf9181e054
  custom:scripting/monoscript/fileName/Shoulder.cs: cd26873c046cfe405838db4b32b97d24 -> cbc35143cbffbdb744890d07b8670e7e
  custom:scripting/monoscript/fileName/IMeshLoader.cs: 9ae204479feb9db18b224953da5838fd -> 103d9667209b427a4c68ea28303f3cd3
  custom:scripting/monoscript/fileName/AssetListTree.cs: 255920d2dc3ac581fe65ea217df17385 -> 95ef94b9b5c1fc8c166d91a2229d1537
  custom:scripting/monoscript/fileName/MeshTexture.cs: e035409d8c1a139d8e58746d92de0530 -> 1c4c6300614cc8e271b614963931701e
  custom:scripting/monoscript/fileName/AssetBundleTree.cs: db18b513ade8dfdb586627b6c32bbf86 -> 5c86cf837bb6943c3398dc49a567b80f
  custom:scripting/precompiled-assembly-types:Assembly-CSharp: bd61ef89dd052a62cb180bc111b9f981 -> 2a57b7d9ba6c891b20990c959df4dfe7
  custom:scripting/monoscript/fileName/SpriteProcessor.cs: ecdbdd0dbf42b62f38de6c8096601c0d -> b47784218d8c2d820a413741c1f25a1f
  custom:scripting/monoscript/fileName/NextMeshColorBtn.cs: f15a2f312aac46efa390132e8e876a6a -> 3fefab99c46d758ed0e047f19be1644f
  custom:scripting/monoscript/fileName/ClearAllBtn.cs: 6b6df7aa9e75a6cecf2976db793db6eb -> bcba9c9686446fb7cf756301ebf868ec
  custom:scripting/monoscript/fileName/PlayerMoveController.cs: a4e66a81bcb2d723b3fb87dd004c6314 -> cc068b745400ee66c75378bcb7b27fdb
  custom:scripting/monoscript/fileName/ConfigLoader.cs: 62e091607cdc915ce80d4a253b61a2e7 -> db4bab6728472d9dedc7dfcc22e69d2d
  custom:scripting/monoscript/fileName/SaveItem.cs: 9fe0db1767d984560e8ce3cdb5cdd4f1 -> d881a933ade13ea32bf025db14797336
  custom:scripting/monoscript/fileName/SaveData.cs: cb74f51d5ddf1e3c0494034ad7572a91 -> b41c91a98201f94a04946b0cf063c975
  custom:scripting/monoscript/fileName/PrevColorBtn.cs: 745000830732e20a24b2b0544e8a21f7 -> e1d2791f9dd94cc4e35385ca804752d8
========================================================================
Received Import Request.
  Time since last request: 1837.736286 seconds.
  path: Assets/EditorPersonajes/Data/Shoes/Shoes_1.asset
  artifactKey: Guid(39668fc7853a13e4ab80ba118d6aa922) Importer(815301076,1909f56bfc062723c751e8b465ee728b)
Start importing Assets/EditorPersonajes/Data/Shoes/Shoes_1.asset using Guid(39668fc7853a13e4ab80ba118d6aa922) Importer(815301076,1909f56bfc062723c751e8b465ee728b) [PhysX] Initialized MultithreadedTaskDispatcher with 12 workers.
 -> (artifact id: 'd5bc77e073bee327c464d3a32fd4d8a3') in 0.035179 seconds
Number of updated asset objects reloaded before import = 0
Number of asset objects unloaded after import = 2
========================================================================
Received Import Request.
  Time since last request: 3.570550 seconds.
  path: Assets/EditorPersonajes/Data/Shoes/Shoes_01.asset
  artifactKey: Guid(39668fc7853a13e4ab80ba118d6aa922) Importer(815301076,1909f56bfc062723c751e8b465ee728b)
Start importing Assets/EditorPersonajes/Data/Shoes/Shoes_01.asset using Guid(39668fc7853a13e4ab80ba118d6aa922) Importer(815301076,1909f56bfc062723c751e8b465ee728b) [PhysX] Initialized MultithreadedTaskDispatcher with 12 workers.
 -> (artifact id: '98795f9fa028cd8c14a78bd764aa96e0') in 0.002064 seconds
Number of updated asset objects reloaded before import = 0
Number of asset objects unloaded after import = 2
========================================================================
Received Import Request.
  Time since last request: 8.708067 seconds.
  path: Assets/EditorPersonajes/Data/Shoes/Shoes_02.asset
  artifactKey: Guid(b827bc450fe2a2341bf03287cd159e59) Importer(815301076,1909f56bfc062723c751e8b465ee728b)
Start importing Assets/EditorPersonajes/Data/Shoes/Shoes_02.asset using Guid(b827bc450fe2a2341bf03287cd159e59) Importer(815301076,1909f56bfc062723c751e8b465ee728b) [PhysX] Initialized MultithreadedTaskDispatcher with 12 workers.
 -> (artifact id: 'eb84d7ca5f7c3b38637c0d4d435ce082') in 0.003566 seconds
Number of updated asset objects reloaded before import = 0
Number of asset objects unloaded after import = 2
========================================================================
Received Import Request.
  Time since last request: 5.584812 seconds.
  path: Assets/EditorPersonajes/Data/Shoes/Shoes_03.asset
  artifactKey: Guid(fdadacba42edee740b17dbc7a0ae9f18) Importer(815301076,1909f56bfc062723c751e8b465ee728b)
Start importing Assets/EditorPersonajes/Data/Shoes/Shoes_03.asset using Guid(fdadacba42edee740b17dbc7a0ae9f18) Importer(815301076,1909f56bfc062723c751e8b465ee728b) [PhysX] Initialized MultithreadedTaskDispatcher with 12 workers.
 -> (artifact id: '62b617769520a41e72efcf2b808c29c5') in 0.004686 seconds
Number of updated asset objects reloaded before import = 0
Number of asset objects unloaded after import = 2
========================================================================
Received Import Request.
  Time since last request: 7.536562 seconds.
  path: Assets/EditorPersonajes/Data/Shoes/Shoes_04.asset
  artifactKey: Guid(4876eefeae68f6a4d9e10f61489a6b47) Importer(815301076,1909f56bfc062723c751e8b465ee728b)
Start importing Assets/EditorPersonajes/Data/Shoes/Shoes_04.asset using Guid(4876eefeae68f6a4d9e10f61489a6b47) Importer(815301076,1909f56bfc062723c751e8b465ee728b) [PhysX] Initialized MultithreadedTaskDispatcher with 12 workers.
 -> (artifact id: '30bf03024a9537a9765b0f2f71e52593') in 0.004081 seconds
Number of updated asset objects reloaded before import = 0
Number of asset objects unloaded after import = 2
========================================================================
Received Import Request.
  Time since last request: 5.698741 seconds.
  path: Assets/EditorPersonajes/Data/Shoes/Shoes_05.asset
  artifactKey: Guid(dbdcdb7fe6d1c2f49b5bfb9c7e7db651) Importer(815301076,1909f56bfc062723c751e8b465ee728b)
Start importing Assets/EditorPersonajes/Data/Shoes/Shoes_05.asset using Guid(dbdcdb7fe6d1c2f49b5bfb9c7e7db651) Importer(815301076,1909f56bfc062723c751e8b465ee728b) [PhysX] Initialized MultithreadedTaskDispatcher with 12 workers.
 -> (artifact id: 'bc00146530bc211fe1a5e242362f794d') in 0.002881 seconds
Number of updated asset objects reloaded before import = 0
Number of asset objects unloaded after import = 2
========================================================================
Received Prepare
Caller must complete domain reload
Begin MonoManager ReloadAssembly
- Loaded All Assemblies, in  0.781 seconds
Native extension for WindowsStandalone target not found
Native extension for Android target not found
Mono: successfully reloaded assembly
- Finished resetting the current domain, in  1.742 seconds
Domain Reload Profiling: 2518ms
	BeginReloadAssembly (216ms)
		ExecutionOrderSort (0ms)
		DisableScriptedObjects (4ms)
		BackupInstance (0ms)
		ReleaseScriptingObjects (0ms)
		CreateAndSetChildDomain (52ms)
	RebuildCommonClasses (44ms)
	RebuildNativeTypeToScriptingClass (9ms)
	initialDomainReloadingComplete (48ms)
	LoadAllAssembliesAndSetupDomain (459ms)
		LoadAssemblies (544ms)
		RebuildTransferFunctionScriptingTraits (0ms)
		AnalyzeDomain (36ms)
			TypeCache.Refresh (15ms)
				TypeCache.ScanAssembly (0ms)
			ScanForSourceGeneratedMonoScriptInfo (0ms)
			ResolveRequiredComponents (16ms)
	FinalizeReload (1742ms)
		ReleaseScriptCaches (0ms)
		RebuildScriptCaches (0ms)
		SetupLoadedEditorAssemblies (653ms)
			LogAssemblyErrors (0ms)
			InitializePlatformSupportModulesInManaged (27ms)
			SetLoadedEditorAssemblies (4ms)
			RefreshPlugins (0ms)
			BeforeProcessingInitializeOnLoad (137ms)
			ProcessInitializeOnLoadAttributes (388ms)
			ProcessInitializeOnLoadMethodAttributes (84ms)
			AfterProcessingInitializeOnLoad (12ms)
			EditorAssembliesLoaded (1ms)
		ExecutionOrderSort2 (0ms)
		AwakeInstancesAfterBackupRestoration (20ms)
WARNING: Shader Unsupported: 'Toon/Basic Outline' - All subshaders removed
WARNING: Shader Did you use #pragma only_renderers and omit this platform?
WARNING: Shader If subshaders removal was intentional, you may have forgotten turning Fallback off?
WARNING: Shader Unsupported: 'Toon/Basic Outline' - All subshaders removed
WARNING: Shader Did you use #pragma only_renderers and omit this platform?
WARNING: Shader If subshaders removal was intentional, you may have forgotten turning Fallback off?
WARNING: Shader Unsupported: 'Toon/Lit Outline' - All subshaders removed
WARNING: Shader Did you use #pragma only_renderers and omit this platform?
WARNING: Shader If subshaders removal was intentional, you may have forgotten turning Fallback off?
WARNING: Shader Unsupported: 'Toon/Lit Outline' - All subshaders removed
WARNING: Shader Did you use #pragma only_renderers and omit this platform?
WARNING: Shader If subshaders removal was intentional, you may have forgotten turning Fallback off?
Refreshing native plugins compatible for Editor in 7.89 ms, found 4 plugins.
Preloading 0 native plugins for Editor in 0.00 ms.
Unloading 5364 Unused Serialized files (Serialized files now loaded: 0)
Unloading 24 unused Assets / (0.6 MB). Loaded Objects now: 6166.
Memory consumption went from 191.1 MB to 190.5 MB.
Total: 8.612000 ms (FindLiveObjects: 0.786400 ms CreateObjectMapping: 1.719800 ms MarkObjects: 5.572400 ms  DeleteObjects: 0.531800 ms)

Prepare: number of updated asset objects reloaded= 0
AssetImportParameters requested are different than current active one (requested -> active):
  custom:scripting/monoscript/fileName/MeshTypeBone.cs: f2929f2b8ecce3a651b0fd3ffe111924 -> 843ff81fb2c811dcac98decd349efe80
  custom:scripting/monoscript/fileName/ShaderSelector.cs: 685bc00da5c5122ea4d91cfb7c33d4ce -> 521612be2626bcd49281fc726d73115d
  custom:scripting/monoscript/fileName/Hand.cs: 5052127099e76a39f6f2b58ea1ef5c1e -> 192355eabc8b0bb90d2503d57cbc29e1
  custom:scripting/monoscript/fileName/TextureFactory.cs: cee276c059ba8c5d89b2dce85c58444e -> 9b0e0386d21b5055c4b652bc661be2ca
  custom:scripting/monoscript/fileName/ExecuteInternalMono.cs: 3e44be6fc6d7f25500f51fef3364e783 -> c1dae4aa6cbf1512716dd7e8414f8006
  custom:scripting/monoscript/fileName/BundleDetailList.cs: 49a12b558eca8c309cefc20f79be4f08 -> 7b03139c488749eda460103673d30967
  custom:scripting/monoscript/fileName/ChangeSkinMeshBtn.cs: 5c6d8ac28a61c97b01d08415ec68b892 -> 58cbf8e281a1824de7ac09fd6ead4741
  custom:container-demuxer-ogg: 62fdf1f143b41e24485cea50d1cbac27 -> 
  custom:scripting/monoscript/fileName/InspectSingleBundle.cs: c4ddaa812469395f667f8059fbbafbb2 -> ff6bcd7c39743f835ec77986ad4e4842
  custom:scripting/monoscript/fileName/TorsoFX.cs: 8364f33fdfe728687ae399ca95227afe -> 5e6b4d93b934706642170673ecf5c3cb
  custom:scripting/monoscript/fileName/Scar.cs: a42aaa0f7421fdbac285e770432737fe -> 93cf6a2332a708e947886120175eb79a
  custom:scripting/monoscript/fileName/Eye.cs: afd6b945d219259bc28efd165ef781f4 -> 698a2a7ea54ef8de083e5f76c9b8d930
  custom:scripting/monoscript/fileName/PrevTextureBtn.cs: ca06f7a8c9b0f19ce544f3b94a1420fa -> 764f96572b39e13aca5f7f18826c47b4
  custom:scripting/monoscript/fileName/ClearColorBtn.cs: 1e8e6c93adda6a5ba905483e8182c1dd -> c480f5967894d16fe78f727f834b09ac
  custom:scripting/monoscript/fileName/SaveManager.cs: de2264e4a492adfd4c3a4c607fa8c9d4 -> 3fcb126c6a66ba31aa898dd5743caa30
  custom:scripting/monoscript/fileName/PrevCharacterBtn.cs: 8b169ad1106eaf0dbdbff832654707ff -> 82d84ae18bcec8ea0c987e0a3a9d6a13
  custom:scripting/monoscript/fileName/Popup.cs: 1c1ef9080900e5e97d1b14f0b41eadfa -> 2cc3075140bfd1e8dd79773fa10aee0b
  custom:scripting/monoscript/fileName/EditorBundleManager.cs: 25971b08130223425370a0c67fd24c1d -> dc4d9d3c0d3cadbde48071e4065b6fbb
  custom:scripting/monoscript/fileName/LoadBtn.cs: 70bafae7f72c9ee6623f2f31d0779c28 -> 2ea2705ebacd83d0846f91df66c28259
  custom:scripting/monoscript/fileName/TextureTypeMaskSelector.cs: 7ff2a9c585e0132e7eecc431d721fd4f -> c5691a283aa245253aed7fa0115457e3
  custom:scripting/monoscript/fileName/Pants.cs: 6c99c36b54f1584503cd85f530589db5 -> df098d75808a7fb623ca5598aed5b66e
  custom:scripting/monoscript/fileName/ABDataSourceProvider.cs: 4f93c6cdfbe44a00612a956e4ef9ffe7 -> d15a3b944396c4baae05b3f33e2f8331
  custom:video-decoder-ogg-theora: a1e56fd34408186e4bbccfd4996cb3dc -> 
  custom:scripting/monoscript/fileName/MeshManager.cs: 2f249bf80d6ae36c03b9409f5feb6c0d -> 80ab94735750c9af566e7e697efa30bc
  custom:scripting/monoscript/fileName/ABDataSource.cs: 41b8295d17e0ef0ed1d4f959baadf27f -> 7ceefc660d5f297abc8804d14984f27e
  custom:framework-win-MediaFoundation: 216162199b28c13a410421893ffa2e32 -> 
  custom:scripting/monoscript/fileName/NextCharacterBtn.cs: 3c5d6d5f91a48826bcb43d4ef5261f6a -> 271bcb60c5934eb6d4486f66396754c5
  custom:scripting/monoscript/fileName/AssetBundleInspectTab.cs: 945f43d3df2c8ee2453a9a63fa11274c -> 9c287edf6d1d376f12a8f96d01ec074a
  custom:scripting/monoscript/fileName/SaveListView.cs: e595613b43c00299f3513b824b0dabc3 -> 66f5588456e9744a16cd29a95c0a128e
  custom:scripting/monoscript/fileName/MeshFactory.cs: 4bbafa913eed9f0fb1b99654c8762909 -> a5c11ad228aefe2964b1b339054e39bc
  custom:scripting/monoscript/fileName/CharacterCustomizer.cs: 6b998336770e1834435505a2273ed78a -> 
  custom:scripting/monoscript/fileName/TestDatabase.cs: 23855a153a87fda770b086a78bc24d6d -> 
  custom:scripting/monoscript/fileName/AssetDatabaseABDataSource.cs: f87f54f41a9ae61d6c93a1ee4a7276fe -> a9068bde9865684c07718fa2f110ebd4
  custom:scripting/monoscript/fileName/AbstractFXMesh.cs: 2f7f8bc9d1b9e98b83ebf043ab545fae -> 355e798705134331d1b4e13fe77a1ba2
  custom:scripting/monoscript/fileName/IConfigLoader.cs: 290018350438b79782c4b9fdba32926e -> a4ccf3c5021bb9e95d5d05a0a09bf8bd
  custom:scripting/monoscript/fileName/ABModelBundleInfo.cs: 2188b089518dc510222192403494a01e -> 9fa50afaf3db0543d3d887b15c00368c
  custom:scripting/monoscript/fileName/Leg.cs: ef7b14f4330dc25387e1b59f0290d188 -> 43594c645958cd98f0dcb60d0855f6d1
  custom:scripting/monoscript/fileName/ABModelAssetInfo.cs: 30e23a9e1ca57fffc37b721992bcf1a0 -> cf869514a0bf82899ce1cda23bdb700e
  custom:scripting/monoscript/fileName/MeshTypeMaskSelector.cs: e94ba6f4a1adba4feee5fb7cc4e351fe -> ed92edda1c9655f258c64f35a85ef583
  custom:scripting/monoscript/fileName/ClearMeshBtn.cs: b14d5ced1c19826bfc491001a3f185d1 -> d990ebc2143de5948aea2a5badbfe15b
  custom:scripting/monoscript/fileName/MeshAndTextureTypeMaskSelector.cs: fdba9a050c9e3646ce8e80b7e936d037 -> 8a4bea39d5d059db9f897ddcbaaa5fb6
  custom:scripting/monoscript/fileName/FxMeshFactory.cs: c3e28ca0186ef5ee5525c8801ad21c5a -> 0c8ff1afadd69a3595c5d00772f68410
  custom:scripting/monoscript/fileName/FXTypeMaskSelector.cs: d74f6e4a0bcd101e2717459b81084106 -> 0f6cbde77ec3d316ca044b2bb5952a3c
  custom:scripting/monoscript/fileName/PlayerController.cs: 5b090d859ab09be631dc3b0f203f9571 -> d93a52a180fbbe603a59e9aa6da73c83
  custom:scripting/monoscript/fileName/BuildScript.cs: 426ea9e2914d6e2d91f1414353c5dafc -> 337dba19c2e29ee8e4980fc4e2019d2f
  custom:scripting/monoscript/fileName/ClearSkinMeshBtn.cs: 82d2655784ebc16abf5528736d619a9b -> a8f6aebd6c57b68160badb6bcb2d0ed6
  custom:scripting/monoscript/fileName/CreateCharacterWizard.cs: acfc968f24a9426403bd5add4843dcf8 -> 45f0e70a15c8659931d42d36cb8cac07
  custom:CustomObjectIndexerAttribute: 72b91833f83ae208fae7752999fa3104 -> 
  custom:scripting/monoscript/fileName/AbstractTexture.cs: 5fe6f2f7be7fb5a86569856b4345a004 -> e0980b08fec448804b26f5b6dad65dfd
  custom:scripting/monoscript/fileName/FollowCamera.cs: 2d720f10865b64f024b0e3fccdd261c7 -> 8d6eb8e229738de226ec56d9e22b6b63
  custom:scripting/monoscript/fileName/FxMeshTypeBone.cs: f85b6921dfd1e47314410f2e3b110e25 -> c7f230be3097e0ffbcff74b002f4c068
  custom:scripting/monoscript/fileName/AssetbundlesMenuItems.cs: c3bdb3cf11cdd131fd9c40f5c72fdbb7 -> bacd4da6799b9476bee68e043690ff36
  custom:scripting/monoscript/fileName/CharacterRendererUI.cs: 494bfcacef163a63e00e0a76e5490b75 -> 
  custom:scripting/monoscript/fileName/Arm.cs: 4102684b6836edb71c1e92ebf943cfad -> b923216ab6f821207b08c03afd4c6525
  custom:container-demuxer-webm: 4f35f7cbe854078d1ac9338744f61a02 -> 
  custom:scripting/monoscript/fileName/NextMeshBtn.cs: c626932f4e3ef625c1f95cbb7df53377 -> c475632899117e513eda9e15e910b76e
  custom:scripting/monoscript/fileName/FaceFeature.cs: 4fb49a14cfb347e565b8520b489cd06f -> 2d58afa4a16bca365a6beb0bf6bfaea3
  custom:scripting/monoscript/fileName/SavePrefabBtn.cs: 3a461d0b73e33e6450805a3d4c14cf7e -> fb80c3034ef9c4f90fa622ffe7f9f829
  custom:scripting/monoscript/fileName/LoaderManager.cs: 369c2be46c8c25c8c25ebdc236e1107b -> de56154becf62ebc4f0181681035238d
  custom:scripting/monoscript/fileName/SaveNameInput.cs: 38a66e5dc26bdeafde0ff106788ee663 -> aae89d2fa016e54079d9c4371e2e5f50
  custom:scripting/monoscript/fileName/Config.cs: e85a922a2347c074e5939d78a5a7a10e -> 7351639d5127e04bc4fcb4671c4a17fb
  custom:scripting/monoscript/fileName/EyeFX.cs: bb3e917396c4b9336da3800cda69d75f -> 0e9063be2785787a64aac5ac3958ba88
  custom:scripting/monoscript/fileName/CategoryPanel.cs: 2ede49e7213c224cf2b42e7bf0785af5 -> 
  custom:scripting/monoscript/fileName/JumpFallBehaviour.cs: 6e303c4d540ce7e39efab9189bb22bcd -> 71c001d1ad34a6d3b319feace6bde3ef
  custom:scripting/monoscript/fileName/PrevMeshBtn.cs: e4cc6e23cf1ae834cfc676eb293c1a5c -> b3d8856e7d265dc9c0dfa6c173a5ecfd
  custom:container-muxer-webm: aa71ff27fc2769a1b78a27578f13a17b -> 
  custom:scripting/monoscript/fileName/ClearTextureBtn.cs: 4f31783abce9af1d7ec4839287fef475 -> e3b2bcf1edcb5118f2edfda92d79dc01
  custom:scripting/monoscript/fileName/Shoes.cs: 066ec4aa35b5452249c3208e4decccac -> a3171f40fe6c3d65d3385917721d6b32
  custom:video-decoder-webm-vp8: 9c59270c3fd7afecdb556c50c9e8de78 -> 
  custom:scripting/monoscript/fileName/ConfigManager.cs: ecadd354c11a441a4c89b5fd7a9f00e6 -> caea2b28af0ab9e40fec80621d2354a1
  custom:scripting/monoscript/fileName/ClearFXBtn.cs: 9a39f15de353636ac82e469249897f2d -> 7bb97525152b99fa74400a29eaa13dea
  custom:scripting/monoscript/fileName/ClosePopup.cs: b8d454205b2ceefe37b5fd3a66ce3f21 -> 55d4b78c13dd76e50d9c188109fdf0bb
  custom:SearchIndexIgnoredProperties: e643bd26f0fe6173181afceb89e7c659 -> 
  custom:scripting/monoscript/fileName/Belt.cs: 57f9cd2ecc900069b427149243ef3bc5 -> 49eb07e37613e7bc3cd2ca1c5688a06b
  custom:AudioImporter_EditorPlatform: d09bf68614088b80899f8185d706f6e7 -> 
  custom:scripting/monoscript/fileName/AssetBundleLoadOperation.cs: 6671757952e868610efe84deb7d10911 -> 5e23b7cfd6b1aefafff250cf74ef9147
  custom:scripting/monoscript/fileName/PrevSkinMeshBtn.cs: 4b975732b197cfed11faf978a39a86d9 -> 949d41495696a789e910ed4bddee68c8
  custom:scripting/monoscript/fileName/RandomBtn.cs: 09358cb3d53669a5fb3911b12bed41f9 -> 851c8dec69594280621f9ae4205a836d
  custom:scripting/monoscript/fileName/Beard.cs: fcba2011bd59aa862783e312bcb3f1ed -> 25619eaf3bae2cd2a4b58a1e35f6de63
  custom:scripting/monoscript/fileName/EnumFlagAttribute.cs: 74d0d26091c169f8de5e9bf42af43876 -> 955415b54787984cbbb8aa271c5326e3
  custom:scripting/monoscript/fileName/LaunchAssetBundleServer.cs: fde14ca75a313e949066fe5170090bd6 -> 43db2fb10887bbfb076c6767daba67bd
  custom:scripting/monoscript/fileName/TextureManager.cs: e8b62e3c8c466c37ed390308c47b609f -> aaabee5faa243fca33eb568630ae6e8e
  custom:scripting/monoscript/fileName/RobeShort.cs: 98a985110c88276dffccdebb9b45a97a -> 3c6d536f5d6b37080b8a61040ec81de3
  custom:scripting/monoscript/fileName/AssetBundleRecord.cs: 5e3e2662beb76f92f544ca3a6af0a002 -> 5a3119d6abe586168b6fe06c7e98c69c
  custom:scripting/monoscript/fileName/TogglePopup.cs: e3546a95722da3ab7907a444f1349cba -> 1d986db86e682e16edccd0653eb2aad7
  custom:scripting/monoscript/fileName/ITextureLoader.cs: fb942611a67ee29c2d3906a7f2b2ca06 -> 5adc935e3b3fb7761c6d5c127df50233
  custom:scripting/monoscript/fileName/SaveBtn.cs: 3dfbd63f5b032b539a11095805980518 -> 62cda288bb207ed68b5083d6b77f7471
  custom:scripting/monoscript/fileName/NextSkinMeshBtn.cs: 7bde284a6144f85f7d24cd53fe360afe -> c82eddd7edff4db94905f44ef59144c1
  custom:scripting/monoscript/fileName/Head.cs: ef8602f0e05bb6f56d36072970253a56 -> 6728c540b9905eb1de06718fa4aae534
  custom:scripting/monoscript/fileName/NextFXBtn.cs: ec23ffa473c712e78d6eb18c4ae448be -> 7e2755ad9a90b6ecb18961111ed6b016
  custom:scripting/monoscript/fileName/AssetBundleBrowserMain.cs: adf460d08e5161db4df4e9efbad520b6 -> d6cbb84444c9fdda30a8092bb0794cf7
  custom:scripting/monoscript/fileName/JSONMap.cs: 0cc7c12ea7048b3ee204a6864ec14612 -> f72d2edab136c1eb89bac454d589dbd3
  custom:scripting/monoscript/fileName/AssetBundleManageTab.cs: cd787c8175c6b452036330db58559128 -> 31b1d66e60f6e821749b4e2c88c32cdd
  custom:scripting/monoscript/fileName/Torso.cs: 69b7e0d6a62aacc036b1886a4ba2587b -> 54ee6015ea03462115d4c3153edbdf8c
  custom:scripting/monoscript/fileName/AssetBundleBuildTab.cs: e4d3d716146519b1f52f6c0fe7ec5a47 -> c4f1a336c5910d1832fd9e6c972559ad
  custom:scripting/monoscript/fileName/Hair.cs: 1f4e341ec44f1e9a43da832f30eda5e7 -> a794926f97f7a5e9c465865fe7af5e1b
  custom:scripting/monoscript/fileName/AbstractMesh.cs: f416745403975ff81463073698d6e017 -> 8184b2a66042d8caaccbbd20ed31dc56
  custom:scripting/monoscript/fileName/NextTextureBtn.cs: d5a300ee8993aada97b6138db78b58aa -> 68286e9f0e1d42eee9d43ba74e34330f
  custom:scripting/monoscript/fileName/Gloves.cs: 21fa036484600f2d249c1ff665501393 -> 28f9e2f54620c042ed9595f00f2065dc
  custom:scripting/monoscript/fileName/AssetBundleManager.cs: 0e168d48c6d3576e59f6c42f92fecd60 -> c15faaf8b529192dbe9aec9afe4991fd
  custom:scripting/monoscript/fileName/RobeLong.cs: 1a7163e76453fecee35478b548086606 -> f4a05f13d9e9427f236c1f1234a17722
  custom:scripting/monoscript/fileName/InspectTreeView.cs: 4d03769e654689089e5185b09bfc6882 -> 260e1db8105b149fed2e7856746dbf0f
  custom:scripting/monoscript/fileName/MeshLoader.cs: 0b10154577fb1ae0dd2e8310eae4ddf4 -> 514b5b4b4814025e9f754ee22115b972
  custom:scripting/monoscript/fileName/PrevFXBtn.cs: 9adcb6db2d84b99fc2ba85718ff2705c -> d82c337bfc40d281d6f7be6c53a9171d
  custom:scripting/monoscript/fileName/ABModel.cs: d4f2ea81e354d5c73ab4578ede6b09b2 -> efbeff1b31df600fad6d5bea582c7fba
  custom:video-encoder-webm-vp8: eb34c28f22e8b96e1ab97ce403110664 -> 
  custom:scripting/monoscript/fileName/TextureLoader.cs: ef2efb353191380796da06838f0ca27c -> 32fee57eede5dc7675a4e8e137c57785
  custom:scripting/monoscript/fileName/Cloak.cs: 83fee273266203de062b641017c68a04 -> a5348ad8315a274870ac1256b416f4df
  custom:audio-decoder-ogg-vorbis: bf7c407c2cedff20999df2af8eb42d56 -> 
  custom:scripting/monoscript/fileName/Eyebrow.cs: a80914df48c7002be677c64522cce038 -> 60a10d1886232f9d6b3fd8be0c11fca9
  custom:scripting/monoscript/fileName/MeshUVManager.cs: 3a3d4245c35b74c0afddd620ce689573 -> fa1c5e2aa443e2c89e2f51af239fa10f
  custom:scripting/monoscript/fileName/MessageList.cs: 6b608508dbf342db2b025fa4e75150ed -> e187436fd3600e1e0afecc6a8da1f18c
  custom:scripting/monoscript/fileName/ClearMeshColorBtn.cs: 0007c8d870af1fc291acf8c091e58855 -> 45fdc58f7fbca9a24d836bd66f751d53
  custom:scripting/monoscript/fileName/MessageSystem.cs: e1fba72936ec77bbbc283ee14a4e5ac9 -> c1467679f7f8f7989b7c591fe16f095b
  custom:scripting/monoscript/fileName/Helper.cs: c607632c58e5a7e90f5ab372e55f1b53 -> 42ad14543d1a843693f11a1cb7823bdc
  custom:scripting/monoscript/fileName/TorsoAdd.cs: de2919cda7445d192f99b708ac4f8f98 -> 6a719884572b7c749207c858146f4e3c
  custom:scripting/monoscript/fileName/EnumFlagDrawer.cs: 41a8255d04f81b6824e2eb405c56f882 -> 5c63d0c0059ff695bd0ee486d1e93bdc
  custom:scripting/monoscript/fileName/Utility.cs: 28500e0d15bd811ed13877f72f01a728 -> bc7c77987476d2cc716aa6822231009e
  custom:scripting/monoscript/fileName/NextColorBtn.cs: 3c291ea58299c895d1e49ee9d26926c4 -> 3628818366004c784ce7c532472e0770
  custom:scripting/monoscript/fileName/BeltAdd.cs: cb7f04a49673453c6e59d8a19fc25506 -> 23c8e20e1dd3c9ed150a971c41b0440b
  custom:scripting/monoscript/fileName/Skin.cs: b53e0e70cea1e5a2051dbeb2d303d7bf -> fa5b8fbc5e21205ad140661bb8d1d29a
  custom:scripting/monoscript/fileName/PrevMeshColorBtn.cs: 6e7146d83f859cab20d94f99a895303c -> eb2dbdc18e08517d5e99c78a100e7907
  custom:audio-encoder-webm-vorbis: bf7c407c2cedff20999df2af8eb42d56 -> 
  custom:scripting/monoscript/fileName/Helm.cs: c26d56b2bba9bcb0ed144e3501bc4050 -> 015c5ef11547d2a56ec06cbf9181e054
  custom:scripting/monoscript/fileName/Shoulder.cs: cd26873c046cfe405838db4b32b97d24 -> cbc35143cbffbdb744890d07b8670e7e
  custom:scripting/monoscript/fileName/IMeshLoader.cs: 9ae204479feb9db18b224953da5838fd -> 103d9667209b427a4c68ea28303f3cd3
  custom:scripting/monoscript/fileName/AssetListTree.cs: 255920d2dc3ac581fe65ea217df17385 -> 95ef94b9b5c1fc8c166d91a2229d1537
  custom:scripting/monoscript/fileName/MeshTexture.cs: e035409d8c1a139d8e58746d92de0530 -> 1c4c6300614cc8e271b614963931701e
  custom:scripting/monoscript/fileName/AssetBundleTree.cs: db18b513ade8dfdb586627b6c32bbf86 -> 5c86cf837bb6943c3398dc49a567b80f
  custom:scripting/precompiled-assembly-types:Assembly-CSharp: bd61ef89dd052a62cb180bc111b9f981 -> 2a57b7d9ba6c891b20990c959df4dfe7
  custom:scripting/monoscript/fileName/SpriteProcessor.cs: ecdbdd0dbf42b62f38de6c8096601c0d -> b47784218d8c2d820a413741c1f25a1f
  custom:scripting/monoscript/fileName/NextMeshColorBtn.cs: f15a2f312aac46efa390132e8e876a6a -> 3fefab99c46d758ed0e047f19be1644f
  custom:scripting/monoscript/fileName/ClearAllBtn.cs: 6b6df7aa9e75a6cecf2976db793db6eb -> bcba9c9686446fb7cf756301ebf868ec
  custom:scripting/monoscript/fileName/PlayerMoveController.cs: a4e66a81bcb2d723b3fb87dd004c6314 -> cc068b745400ee66c75378bcb7b27fdb
  custom:scripting/monoscript/fileName/ConfigLoader.cs: 62e091607cdc915ce80d4a253b61a2e7 -> db4bab6728472d9dedc7dfcc22e69d2d
  custom:scripting/monoscript/fileName/SaveItem.cs: 9fe0db1767d984560e8ce3cdb5cdd4f1 -> d881a933ade13ea32bf025db14797336
  custom:scripting/monoscript/fileName/SaveData.cs: cb74f51d5ddf1e3c0494034ad7572a91 -> b41c91a98201f94a04946b0cf063c975
  custom:scripting/monoscript/fileName/PrevColorBtn.cs: 745000830732e20a24b2b0544e8a21f7 -> e1d2791f9dd94cc4e35385ca804752d8
========================================================================
Received Prepare
Caller must complete domain reload
Begin MonoManager ReloadAssembly
- Loaded All Assemblies, in  0.777 seconds
Native extension for WindowsStandalone target not found
Native extension for Android target not found
Mono: successfully reloaded assembly
- Finished resetting the current domain, in  1.672 seconds
Domain Reload Profiling: 2445ms
	BeginReloadAssembly (203ms)
		ExecutionOrderSort (0ms)
		DisableScriptedObjects (5ms)
		BackupInstance (0ms)
		ReleaseScriptingObjects (0ms)
		CreateAndSetChildDomain (44ms)
	RebuildCommonClasses (41ms)
	RebuildNativeTypeToScriptingClass (9ms)
	initialDomainReloadingComplete (49ms)
	LoadAllAssembliesAndSetupDomain (469ms)
		LoadAssemblies (550ms)
		RebuildTransferFunctionScriptingTraits (0ms)
		AnalyzeDomain (33ms)
			TypeCache.Refresh (15ms)
				TypeCache.ScanAssembly (0ms)
			ScanForSourceGeneratedMonoScriptInfo (0ms)
			ResolveRequiredComponents (13ms)
	FinalizeReload (1673ms)
		ReleaseScriptCaches (0ms)
		RebuildScriptCaches (0ms)
		SetupLoadedEditorAssemblies (618ms)
			LogAssemblyErrors (0ms)
			InitializePlatformSupportModulesInManaged (26ms)
			SetLoadedEditorAssemblies (7ms)
			RefreshPlugins (0ms)
			BeforeProcessingInitializeOnLoad (117ms)
			ProcessInitializeOnLoadAttributes (373ms)
			ProcessInitializeOnLoadMethodAttributes (84ms)
			AfterProcessingInitializeOnLoad (10ms)
			EditorAssembliesLoaded (0ms)
		ExecutionOrderSort2 (0ms)
		AwakeInstancesAfterBackupRestoration (23ms)
WARNING: Shader Unsupported: 'Toon/Basic Outline' - All subshaders removed
WARNING: Shader Did you use #pragma only_renderers and omit this platform?
WARNING: Shader If subshaders removal was intentional, you may have forgotten turning Fallback off?
WARNING: Shader Unsupported: 'Toon/Basic Outline' - All subshaders removed
WARNING: Shader Did you use #pragma only_renderers and omit this platform?
WARNING: Shader If subshaders removal was intentional, you may have forgotten turning Fallback off?
WARNING: Shader Unsupported: 'Toon/Lit Outline' - All subshaders removed
WARNING: Shader Did you use #pragma only_renderers and omit this platform?
WARNING: Shader If subshaders removal was intentional, you may have forgotten turning Fallback off?
WARNING: Shader Unsupported: 'Toon/Lit Outline' - All subshaders removed
WARNING: Shader Did you use #pragma only_renderers and omit this platform?
WARNING: Shader If subshaders removal was intentional, you may have forgotten turning Fallback off?
Refreshing native plugins compatible for Editor in 9.30 ms, found 4 plugins.
Preloading 0 native plugins for Editor in 0.00 ms.
Unloading 5364 Unused Serialized files (Serialized files now loaded: 0)
Unloading 24 unused Assets / (0.6 MB). Loaded Objects now: 6171.
Memory consumption went from 191.2 MB to 190.5 MB.
Total: 6.620900 ms (FindLiveObjects: 1.353000 ms CreateObjectMapping: 0.783400 ms MarkObjects: 3.926700 ms  DeleteObjects: 0.556100 ms)

Prepare: number of updated asset objects reloaded= 0
AssetImportParameters requested are different than current active one (requested -> active):
  custom:scripting/monoscript/fileName/MeshTypeBone.cs: f2929f2b8ecce3a651b0fd3ffe111924 -> 843ff81fb2c811dcac98decd349efe80
  custom:scripting/monoscript/fileName/ShaderSelector.cs: 685bc00da5c5122ea4d91cfb7c33d4ce -> 521612be2626bcd49281fc726d73115d
  custom:scripting/monoscript/fileName/Hand.cs: 5052127099e76a39f6f2b58ea1ef5c1e -> 192355eabc8b0bb90d2503d57cbc29e1
  custom:scripting/monoscript/fileName/TextureFactory.cs: cee276c059ba8c5d89b2dce85c58444e -> 9b0e0386d21b5055c4b652bc661be2ca
  custom:scripting/monoscript/fileName/ExecuteInternalMono.cs: 3e44be6fc6d7f25500f51fef3364e783 -> c1dae4aa6cbf1512716dd7e8414f8006
  custom:scripting/monoscript/fileName/BundleDetailList.cs: 49a12b558eca8c309cefc20f79be4f08 -> 7b03139c488749eda460103673d30967
  custom:scripting/monoscript/fileName/ChangeSkinMeshBtn.cs: 5c6d8ac28a61c97b01d08415ec68b892 -> 58cbf8e281a1824de7ac09fd6ead4741
  custom:container-demuxer-ogg: 62fdf1f143b41e24485cea50d1cbac27 -> 
  custom:scripting/monoscript/fileName/InspectSingleBundle.cs: c4ddaa812469395f667f8059fbbafbb2 -> ff6bcd7c39743f835ec77986ad4e4842
  custom:scripting/monoscript/fileName/TorsoFX.cs: 8364f33fdfe728687ae399ca95227afe -> 5e6b4d93b934706642170673ecf5c3cb
  custom:scripting/monoscript/fileName/Scar.cs: a42aaa0f7421fdbac285e770432737fe -> 93cf6a2332a708e947886120175eb79a
  custom:scripting/monoscript/fileName/Eye.cs: afd6b945d219259bc28efd165ef781f4 -> 698a2a7ea54ef8de083e5f76c9b8d930
  custom:scripting/monoscript/fileName/PrevTextureBtn.cs: ca06f7a8c9b0f19ce544f3b94a1420fa -> 764f96572b39e13aca5f7f18826c47b4
  custom:scripting/monoscript/fileName/ClearColorBtn.cs: 1e8e6c93adda6a5ba905483e8182c1dd -> c480f5967894d16fe78f727f834b09ac
  custom:scripting/monoscript/fileName/SaveManager.cs: de2264e4a492adfd4c3a4c607fa8c9d4 -> 3fcb126c6a66ba31aa898dd5743caa30
  custom:scripting/monoscript/fileName/PrevCharacterBtn.cs: 8b169ad1106eaf0dbdbff832654707ff -> 82d84ae18bcec8ea0c987e0a3a9d6a13
  custom:scripting/monoscript/fileName/Popup.cs: 1c1ef9080900e5e97d1b14f0b41eadfa -> 2cc3075140bfd1e8dd79773fa10aee0b
  custom:scripting/monoscript/fileName/EditorBundleManager.cs: 25971b08130223425370a0c67fd24c1d -> dc4d9d3c0d3cadbde48071e4065b6fbb
  custom:scripting/monoscript/fileName/LoadBtn.cs: 70bafae7f72c9ee6623f2f31d0779c28 -> 2ea2705ebacd83d0846f91df66c28259
  custom:scripting/monoscript/fileName/TextureTypeMaskSelector.cs: 7ff2a9c585e0132e7eecc431d721fd4f -> c5691a283aa245253aed7fa0115457e3
  custom:scripting/monoscript/fileName/Pants.cs: 6c99c36b54f1584503cd85f530589db5 -> df098d75808a7fb623ca5598aed5b66e
  custom:scripting/monoscript/fileName/ABDataSourceProvider.cs: 4f93c6cdfbe44a00612a956e4ef9ffe7 -> d15a3b944396c4baae05b3f33e2f8331
  custom:video-decoder-ogg-theora: a1e56fd34408186e4bbccfd4996cb3dc -> 
  custom:scripting/monoscript/fileName/MeshManager.cs: 2f249bf80d6ae36c03b9409f5feb6c0d -> 80ab94735750c9af566e7e697efa30bc
  custom:scripting/monoscript/fileName/ABDataSource.cs: 41b8295d17e0ef0ed1d4f959baadf27f -> 7ceefc660d5f297abc8804d14984f27e
  custom:framework-win-MediaFoundation: 216162199b28c13a410421893ffa2e32 -> 
  custom:scripting/monoscript/fileName/NextCharacterBtn.cs: 3c5d6d5f91a48826bcb43d4ef5261f6a -> 271bcb60c5934eb6d4486f66396754c5
  custom:scripting/monoscript/fileName/AssetBundleInspectTab.cs: 945f43d3df2c8ee2453a9a63fa11274c -> 9c287edf6d1d376f12a8f96d01ec074a
  custom:scripting/monoscript/fileName/SaveListView.cs: e595613b43c00299f3513b824b0dabc3 -> 66f5588456e9744a16cd29a95c0a128e
  custom:scripting/monoscript/fileName/MeshFactory.cs: 4bbafa913eed9f0fb1b99654c8762909 -> a5c11ad228aefe2964b1b339054e39bc
  custom:scripting/monoscript/fileName/CharacterCustomizer.cs: 6b998336770e1834435505a2273ed78a -> 
  custom:scripting/monoscript/fileName/TestDatabase.cs: 23855a153a87fda770b086a78bc24d6d -> 
  custom:scripting/monoscript/fileName/AssetDatabaseABDataSource.cs: f87f54f41a9ae61d6c93a1ee4a7276fe -> a9068bde9865684c07718fa2f110ebd4
  custom:scripting/monoscript/fileName/AbstractFXMesh.cs: 2f7f8bc9d1b9e98b83ebf043ab545fae -> 355e798705134331d1b4e13fe77a1ba2
  custom:scripting/monoscript/fileName/IConfigLoader.cs: 290018350438b79782c4b9fdba32926e -> a4ccf3c5021bb9e95d5d05a0a09bf8bd
  custom:scripting/monoscript/fileName/ABModelBundleInfo.cs: 2188b089518dc510222192403494a01e -> 9fa50afaf3db0543d3d887b15c00368c
  custom:scripting/monoscript/fileName/Leg.cs: ef7b14f4330dc25387e1b59f0290d188 -> 43594c645958cd98f0dcb60d0855f6d1
  custom:scripting/monoscript/fileName/ABModelAssetInfo.cs: 30e23a9e1ca57fffc37b721992bcf1a0 -> cf869514a0bf82899ce1cda23bdb700e
  custom:scripting/monoscript/fileName/MeshTypeMaskSelector.cs: e94ba6f4a1adba4feee5fb7cc4e351fe -> ed92edda1c9655f258c64f35a85ef583
  custom:scripting/monoscript/fileName/ClearMeshBtn.cs: b14d5ced1c19826bfc491001a3f185d1 -> d990ebc2143de5948aea2a5badbfe15b
  custom:scripting/monoscript/fileName/MeshAndTextureTypeMaskSelector.cs: fdba9a050c9e3646ce8e80b7e936d037 -> 8a4bea39d5d059db9f897ddcbaaa5fb6
  custom:scripting/monoscript/fileName/FxMeshFactory.cs: c3e28ca0186ef5ee5525c8801ad21c5a -> 0c8ff1afadd69a3595c5d00772f68410
  custom:scripting/monoscript/fileName/FXTypeMaskSelector.cs: d74f6e4a0bcd101e2717459b81084106 -> 0f6cbde77ec3d316ca044b2bb5952a3c
  custom:scripting/monoscript/fileName/PlayerController.cs: 5b090d859ab09be631dc3b0f203f9571 -> d93a52a180fbbe603a59e9aa6da73c83
  custom:scripting/monoscript/fileName/BuildScript.cs: 426ea9e2914d6e2d91f1414353c5dafc -> 337dba19c2e29ee8e4980fc4e2019d2f
  custom:scripting/monoscript/fileName/ClearSkinMeshBtn.cs: 82d2655784ebc16abf5528736d619a9b -> a8f6aebd6c57b68160badb6bcb2d0ed6
  custom:scripting/monoscript/fileName/CreateCharacterWizard.cs: acfc968f24a9426403bd5add4843dcf8 -> 45f0e70a15c8659931d42d36cb8cac07
  custom:CustomObjectIndexerAttribute: 72b91833f83ae208fae7752999fa3104 -> 
  custom:scripting/monoscript/fileName/AbstractTexture.cs: 5fe6f2f7be7fb5a86569856b4345a004 -> e0980b08fec448804b26f5b6dad65dfd
  custom:scripting/monoscript/fileName/FollowCamera.cs: 2d720f10865b64f024b0e3fccdd261c7 -> 8d6eb8e229738de226ec56d9e22b6b63
  custom:scripting/monoscript/fileName/FxMeshTypeBone.cs: f85b6921dfd1e47314410f2e3b110e25 -> c7f230be3097e0ffbcff74b002f4c068
  custom:scripting/monoscript/fileName/AssetbundlesMenuItems.cs: c3bdb3cf11cdd131fd9c40f5c72fdbb7 -> bacd4da6799b9476bee68e043690ff36
  custom:scripting/monoscript/fileName/CharacterRendererUI.cs: 494bfcacef163a63e00e0a76e5490b75 -> 
  custom:scripting/monoscript/fileName/Arm.cs: 4102684b6836edb71c1e92ebf943cfad -> b923216ab6f821207b08c03afd4c6525
  custom:container-demuxer-webm: 4f35f7cbe854078d1ac9338744f61a02 -> 
  custom:scripting/monoscript/fileName/NextMeshBtn.cs: c626932f4e3ef625c1f95cbb7df53377 -> c475632899117e513eda9e15e910b76e
  custom:scripting/monoscript/fileName/FaceFeature.cs: 4fb49a14cfb347e565b8520b489cd06f -> 2d58afa4a16bca365a6beb0bf6bfaea3
  custom:scripting/monoscript/fileName/SavePrefabBtn.cs: 3a461d0b73e33e6450805a3d4c14cf7e -> fb80c3034ef9c4f90fa622ffe7f9f829
  custom:scripting/monoscript/fileName/LoaderManager.cs: 369c2be46c8c25c8c25ebdc236e1107b -> de56154becf62ebc4f0181681035238d
  custom:scripting/monoscript/fileName/SaveNameInput.cs: 38a66e5dc26bdeafde0ff106788ee663 -> aae89d2fa016e54079d9c4371e2e5f50
  custom:scripting/monoscript/fileName/Config.cs: e85a922a2347c074e5939d78a5a7a10e -> 7351639d5127e04bc4fcb4671c4a17fb
  custom:scripting/monoscript/fileName/EyeFX.cs: bb3e917396c4b9336da3800cda69d75f -> 0e9063be2785787a64aac5ac3958ba88
  custom:scripting/monoscript/fileName/CategoryPanel.cs: 2ede49e7213c224cf2b42e7bf0785af5 -> 
  custom:scripting/monoscript/fileName/JumpFallBehaviour.cs: 6e303c4d540ce7e39efab9189bb22bcd -> 71c001d1ad34a6d3b319feace6bde3ef
  custom:scripting/monoscript/fileName/PrevMeshBtn.cs: e4cc6e23cf1ae834cfc676eb293c1a5c -> b3d8856e7d265dc9c0dfa6c173a5ecfd
  custom:container-muxer-webm: aa71ff27fc2769a1b78a27578f13a17b -> 
  custom:scripting/monoscript/fileName/ClearTextureBtn.cs: 4f31783abce9af1d7ec4839287fef475 -> e3b2bcf1edcb5118f2edfda92d79dc01
  custom:scripting/monoscript/fileName/Shoes.cs: 066ec4aa35b5452249c3208e4decccac -> a3171f40fe6c3d65d3385917721d6b32
  custom:video-decoder-webm-vp8: 9c59270c3fd7afecdb556c50c9e8de78 -> 
  custom:scripting/monoscript/fileName/ConfigManager.cs: ecadd354c11a441a4c89b5fd7a9f00e6 -> caea2b28af0ab9e40fec80621d2354a1
  custom:scripting/monoscript/fileName/ClearFXBtn.cs: 9a39f15de353636ac82e469249897f2d -> 7bb97525152b99fa74400a29eaa13dea
  custom:scripting/monoscript/fileName/ClosePopup.cs: b8d454205b2ceefe37b5fd3a66ce3f21 -> 55d4b78c13dd76e50d9c188109fdf0bb
  custom:SearchIndexIgnoredProperties: e643bd26f0fe6173181afceb89e7c659 -> 
  custom:scripting/monoscript/fileName/Belt.cs: 57f9cd2ecc900069b427149243ef3bc5 -> 49eb07e37613e7bc3cd2ca1c5688a06b
  custom:AudioImporter_EditorPlatform: d09bf68614088b80899f8185d706f6e7 -> 
  custom:scripting/monoscript/fileName/AssetBundleLoadOperation.cs: 6671757952e868610efe84deb7d10911 -> 5e23b7cfd6b1aefafff250cf74ef9147
  custom:scripting/monoscript/fileName/PrevSkinMeshBtn.cs: 4b975732b197cfed11faf978a39a86d9 -> 949d41495696a789e910ed4bddee68c8
  custom:scripting/monoscript/fileName/RandomBtn.cs: 09358cb3d53669a5fb3911b12bed41f9 -> 851c8dec69594280621f9ae4205a836d
  custom:scripting/monoscript/fileName/Beard.cs: fcba2011bd59aa862783e312bcb3f1ed -> 25619eaf3bae2cd2a4b58a1e35f6de63
  custom:scripting/monoscript/fileName/EnumFlagAttribute.cs: 74d0d26091c169f8de5e9bf42af43876 -> 955415b54787984cbbb8aa271c5326e3
  custom:scripting/monoscript/fileName/LaunchAssetBundleServer.cs: fde14ca75a313e949066fe5170090bd6 -> 43db2fb10887bbfb076c6767daba67bd
  custom:scripting/monoscript/fileName/TextureManager.cs: e8b62e3c8c466c37ed390308c47b609f -> aaabee5faa243fca33eb568630ae6e8e
  custom:scripting/monoscript/fileName/RobeShort.cs: 98a985110c88276dffccdebb9b45a97a -> 3c6d536f5d6b37080b8a61040ec81de3
  custom:scripting/monoscript/fileName/AssetBundleRecord.cs: 5e3e2662beb76f92f544ca3a6af0a002 -> 5a3119d6abe586168b6fe06c7e98c69c
  custom:scripting/monoscript/fileName/TogglePopup.cs: e3546a95722da3ab7907a444f1349cba -> 1d986db86e682e16edccd0653eb2aad7
  custom:scripting/monoscript/fileName/ITextureLoader.cs: fb942611a67ee29c2d3906a7f2b2ca06 -> 5adc935e3b3fb7761c6d5c127df50233
  custom:scripting/monoscript/fileName/SaveBtn.cs: 3dfbd63f5b032b539a11095805980518 -> 62cda288bb207ed68b5083d6b77f7471
  custom:scripting/monoscript/fileName/NextSkinMeshBtn.cs: 7bde284a6144f85f7d24cd53fe360afe -> c82eddd7edff4db94905f44ef59144c1
  custom:scripting/monoscript/fileName/Head.cs: ef8602f0e05bb6f56d36072970253a56 -> 6728c540b9905eb1de06718fa4aae534
  custom:scripting/monoscript/fileName/NextFXBtn.cs: ec23ffa473c712e78d6eb18c4ae448be -> 7e2755ad9a90b6ecb18961111ed6b016
  custom:scripting/monoscript/fileName/AssetBundleBrowserMain.cs: adf460d08e5161db4df4e9efbad520b6 -> d6cbb84444c9fdda30a8092bb0794cf7
  custom:scripting/monoscript/fileName/JSONMap.cs: 0cc7c12ea7048b3ee204a6864ec14612 -> f72d2edab136c1eb89bac454d589dbd3
  custom:scripting/monoscript/fileName/AssetBundleManageTab.cs: cd787c8175c6b452036330db58559128 -> 31b1d66e60f6e821749b4e2c88c32cdd
  custom:scripting/monoscript/fileName/Torso.cs: 69b7e0d6a62aacc036b1886a4ba2587b -> 54ee6015ea03462115d4c3153edbdf8c
  custom:scripting/monoscript/fileName/AssetBundleBuildTab.cs: e4d3d716146519b1f52f6c0fe7ec5a47 -> c4f1a336c5910d1832fd9e6c972559ad
  custom:scripting/monoscript/fileName/Hair.cs: 1f4e341ec44f1e9a43da832f30eda5e7 -> a794926f97f7a5e9c465865fe7af5e1b
  custom:scripting/monoscript/fileName/AbstractMesh.cs: f416745403975ff81463073698d6e017 -> 8184b2a66042d8caaccbbd20ed31dc56
  custom:scripting/monoscript/fileName/NextTextureBtn.cs: d5a300ee8993aada97b6138db78b58aa -> 68286e9f0e1d42eee9d43ba74e34330f
  custom:scripting/monoscript/fileName/Gloves.cs: 21fa036484600f2d249c1ff665501393 -> 28f9e2f54620c042ed9595f00f2065dc
  custom:scripting/monoscript/fileName/AssetBundleManager.cs: 0e168d48c6d3576e59f6c42f92fecd60 -> c15faaf8b529192dbe9aec9afe4991fd
  custom:scripting/monoscript/fileName/RobeLong.cs: 1a7163e76453fecee35478b548086606 -> f4a05f13d9e9427f236c1f1234a17722
  custom:scripting/monoscript/fileName/InspectTreeView.cs: 4d03769e654689089e5185b09bfc6882 -> 260e1db8105b149fed2e7856746dbf0f
  custom:scripting/monoscript/fileName/MeshLoader.cs: 0b10154577fb1ae0dd2e8310eae4ddf4 -> 514b5b4b4814025e9f754ee22115b972
  custom:scripting/monoscript/fileName/PrevFXBtn.cs: 9adcb6db2d84b99fc2ba85718ff2705c -> d82c337bfc40d281d6f7be6c53a9171d
  custom:scripting/monoscript/fileName/ABModel.cs: d4f2ea81e354d5c73ab4578ede6b09b2 -> efbeff1b31df600fad6d5bea582c7fba
  custom:video-encoder-webm-vp8: eb34c28f22e8b96e1ab97ce403110664 -> 
  custom:scripting/monoscript/fileName/TextureLoader.cs: ef2efb353191380796da06838f0ca27c -> 32fee57eede5dc7675a4e8e137c57785
  custom:scripting/monoscript/fileName/Cloak.cs: 83fee273266203de062b641017c68a04 -> a5348ad8315a274870ac1256b416f4df
  custom:audio-decoder-ogg-vorbis: bf7c407c2cedff20999df2af8eb42d56 -> 
  custom:scripting/monoscript/fileName/Eyebrow.cs: a80914df48c7002be677c64522cce038 -> 60a10d1886232f9d6b3fd8be0c11fca9
  custom:scripting/monoscript/fileName/MeshUVManager.cs: 3a3d4245c35b74c0afddd620ce689573 -> fa1c5e2aa443e2c89e2f51af239fa10f
  custom:scripting/monoscript/fileName/MessageList.cs: 6b608508dbf342db2b025fa4e75150ed -> e187436fd3600e1e0afecc6a8da1f18c
  custom:scripting/monoscript/fileName/ClearMeshColorBtn.cs: 0007c8d870af1fc291acf8c091e58855 -> 45fdc58f7fbca9a24d836bd66f751d53
  custom:scripting/monoscript/fileName/MessageSystem.cs: e1fba72936ec77bbbc283ee14a4e5ac9 -> c1467679f7f8f7989b7c591fe16f095b
  custom:scripting/monoscript/fileName/Helper.cs: c607632c58e5a7e90f5ab372e55f1b53 -> 42ad14543d1a843693f11a1cb7823bdc
  custom:scripting/monoscript/fileName/TorsoAdd.cs: de2919cda7445d192f99b708ac4f8f98 -> 6a719884572b7c749207c858146f4e3c
  custom:scripting/monoscript/fileName/EnumFlagDrawer.cs: 41a8255d04f81b6824e2eb405c56f882 -> 5c63d0c0059ff695bd0ee486d1e93bdc
  custom:scripting/monoscript/fileName/Utility.cs: 28500e0d15bd811ed13877f72f01a728 -> bc7c77987476d2cc716aa6822231009e
  custom:scripting/monoscript/fileName/NextColorBtn.cs: 3c291ea58299c895d1e49ee9d26926c4 -> 3628818366004c784ce7c532472e0770
  custom:scripting/monoscript/fileName/BeltAdd.cs: cb7f04a49673453c6e59d8a19fc25506 -> 23c8e20e1dd3c9ed150a971c41b0440b
  custom:scripting/monoscript/fileName/Skin.cs: b53e0e70cea1e5a2051dbeb2d303d7bf -> fa5b8fbc5e21205ad140661bb8d1d29a
  custom:scripting/monoscript/fileName/PrevMeshColorBtn.cs: 6e7146d83f859cab20d94f99a895303c -> eb2dbdc18e08517d5e99c78a100e7907
  custom:audio-encoder-webm-vorbis: bf7c407c2cedff20999df2af8eb42d56 -> 
  custom:scripting/monoscript/fileName/Helm.cs: c26d56b2bba9bcb0ed144e3501bc4050 -> 015c5ef11547d2a56ec06cbf9181e054
  custom:scripting/monoscript/fileName/Shoulder.cs: cd26873c046cfe405838db4b32b97d24 -> cbc35143cbffbdb744890d07b8670e7e
  custom:scripting/monoscript/fileName/IMeshLoader.cs: 9ae204479feb9db18b224953da5838fd -> 103d9667209b427a4c68ea28303f3cd3
  custom:scripting/monoscript/fileName/AssetListTree.cs: 255920d2dc3ac581fe65ea217df17385 -> 95ef94b9b5c1fc8c166d91a2229d1537
  custom:scripting/monoscript/fileName/MeshTexture.cs: e035409d8c1a139d8e58746d92de0530 -> 1c4c6300614cc8e271b614963931701e
  custom:scripting/monoscript/fileName/AssetBundleTree.cs: db18b513ade8dfdb586627b6c32bbf86 -> 5c86cf837bb6943c3398dc49a567b80f
  custom:scripting/precompiled-assembly-types:Assembly-CSharp: bd61ef89dd052a62cb180bc111b9f981 -> 2a57b7d9ba6c891b20990c959df4dfe7
  custom:scripting/monoscript/fileName/SpriteProcessor.cs: ecdbdd0dbf42b62f38de6c8096601c0d -> b47784218d8c2d820a413741c1f25a1f
  custom:scripting/monoscript/fileName/NextMeshColorBtn.cs: f15a2f312aac46efa390132e8e876a6a -> 3fefab99c46d758ed0e047f19be1644f
  custom:scripting/monoscript/fileName/ClearAllBtn.cs: 6b6df7aa9e75a6cecf2976db793db6eb -> bcba9c9686446fb7cf756301ebf868ec
  custom:scripting/monoscript/fileName/PlayerMoveController.cs: a4e66a81bcb2d723b3fb87dd004c6314 -> cc068b745400ee66c75378bcb7b27fdb
  custom:scripting/monoscript/fileName/ConfigLoader.cs: 62e091607cdc915ce80d4a253b61a2e7 -> db4bab6728472d9dedc7dfcc22e69d2d
  custom:scripting/monoscript/fileName/SaveItem.cs: 9fe0db1767d984560e8ce3cdb5cdd4f1 -> d881a933ade13ea32bf025db14797336
  custom:scripting/monoscript/fileName/SaveData.cs: cb74f51d5ddf1e3c0494034ad7572a91 -> b41c91a98201f94a04946b0cf063c975
  custom:scripting/monoscript/fileName/PrevColorBtn.cs: 745000830732e20a24b2b0544e8a21f7 -> e1d2791f9dd94cc4e35385ca804752d8
========================================================================
Received Prepare
Caller must complete domain reload
Begin MonoManager ReloadAssembly
- Loaded All Assemblies, in  0.601 seconds
Native extension for WindowsStandalone target not found
Native extension for Android target not found
Mono: successfully reloaded assembly
- Finished resetting the current domain, in  1.385 seconds
Domain Reload Profiling: 1984ms
	BeginReloadAssembly (161ms)
		ExecutionOrderSort (0ms)
		DisableScriptedObjects (4ms)
		BackupInstance (0ms)
		ReleaseScriptingObjects (0ms)
		CreateAndSetChildDomain (37ms)
	RebuildCommonClasses (29ms)
	RebuildNativeTypeToScriptingClass (9ms)
	initialDomainReloadingComplete (31ms)
	LoadAllAssembliesAndSetupDomain (368ms)
		LoadAssemblies (417ms)
		RebuildTransferFunctionScriptingTraits (0ms)
		AnalyzeDomain (38ms)
			TypeCache.Refresh (18ms)
				TypeCache.ScanAssembly (0ms)
			ScanForSourceGeneratedMonoScriptInfo (0ms)
			ResolveRequiredComponents (14ms)
	FinalizeReload (1386ms)
		ReleaseScriptCaches (0ms)
		RebuildScriptCaches (0ms)
		SetupLoadedEditorAssemblies (531ms)
			LogAssemblyErrors (0ms)
			InitializePlatformSupportModulesInManaged (19ms)
			SetLoadedEditorAssemblies (5ms)
			RefreshPlugins (0ms)
			BeforeProcessingInitializeOnLoad (96ms)
			ProcessInitializeOnLoadAttributes (324ms)
			ProcessInitializeOnLoadMethodAttributes (77ms)
			AfterProcessingInitializeOnLoad (9ms)
			EditorAssembliesLoaded (0ms)
		ExecutionOrderSort2 (0ms)
		AwakeInstancesAfterBackupRestoration (16ms)
WARNING: Shader Unsupported: 'Toon/Basic Outline' - All subshaders removed
WARNING: Shader Did you use #pragma only_renderers and omit this platform?
WARNING: Shader If subshaders removal was intentional, you may have forgotten turning Fallback off?
WARNING: Shader Unsupported: 'Toon/Basic Outline' - All subshaders removed
WARNING: Shader Did you use #pragma only_renderers and omit this platform?
WARNING: Shader If subshaders removal was intentional, you may have forgotten turning Fallback off?
WARNING: Shader Unsupported: 'Toon/Lit Outline' - All subshaders removed
WARNING: Shader Did you use #pragma only_renderers and omit this platform?
WARNING: Shader If subshaders removal was intentional, you may have forgotten turning Fallback off?
WARNING: Shader Unsupported: 'Toon/Lit Outline' - All subshaders removed
WARNING: Shader Did you use #pragma only_renderers and omit this platform?
WARNING: Shader If subshaders removal was intentional, you may have forgotten turning Fallback off?
Refreshing native plugins compatible for Editor in 6.91 ms, found 4 plugins.
Preloading 0 native plugins for Editor in 0.00 ms.
Unloading 5364 Unused Serialized files (Serialized files now loaded: 0)
Unloading 24 unused Assets / (0.6 MB). Loaded Objects now: 6176.
Memory consumption went from 191.2 MB to 190.5 MB.
Total: 4.076800 ms (FindLiveObjects: 0.452900 ms CreateObjectMapping: 0.443800 ms MarkObjects: 2.715800 ms  DeleteObjects: 0.463100 ms)

Prepare: number of updated asset objects reloaded= 0
AssetImportParameters requested are different than current active one (requested -> active):
  custom:scripting/monoscript/fileName/MeshTypeBone.cs: f2929f2b8ecce3a651b0fd3ffe111924 -> 843ff81fb2c811dcac98decd349efe80
  custom:scripting/monoscript/fileName/ShaderSelector.cs: 685bc00da5c5122ea4d91cfb7c33d4ce -> 521612be2626bcd49281fc726d73115d
  custom:scripting/monoscript/fileName/Hand.cs: 5052127099e76a39f6f2b58ea1ef5c1e -> 192355eabc8b0bb90d2503d57cbc29e1
  custom:scripting/monoscript/fileName/TextureFactory.cs: cee276c059ba8c5d89b2dce85c58444e -> 9b0e0386d21b5055c4b652bc661be2ca
  custom:scripting/monoscript/fileName/ExecuteInternalMono.cs: 3e44be6fc6d7f25500f51fef3364e783 -> c1dae4aa6cbf1512716dd7e8414f8006
  custom:scripting/monoscript/fileName/BundleDetailList.cs: 49a12b558eca8c309cefc20f79be4f08 -> 7b03139c488749eda460103673d30967
  custom:scripting/monoscript/fileName/ChangeSkinMeshBtn.cs: 5c6d8ac28a61c97b01d08415ec68b892 -> 58cbf8e281a1824de7ac09fd6ead4741
  custom:container-demuxer-ogg: 62fdf1f143b41e24485cea50d1cbac27 -> 
  custom:scripting/monoscript/fileName/InspectSingleBundle.cs: c4ddaa812469395f667f8059fbbafbb2 -> ff6bcd7c39743f835ec77986ad4e4842
  custom:scripting/monoscript/fileName/TorsoFX.cs: 8364f33fdfe728687ae399ca95227afe -> 5e6b4d93b934706642170673ecf5c3cb
  custom:scripting/monoscript/fileName/Scar.cs: a42aaa0f7421fdbac285e770432737fe -> 93cf6a2332a708e947886120175eb79a
  custom:scripting/monoscript/fileName/Eye.cs: afd6b945d219259bc28efd165ef781f4 -> 698a2a7ea54ef8de083e5f76c9b8d930
  custom:scripting/monoscript/fileName/PrevTextureBtn.cs: ca06f7a8c9b0f19ce544f3b94a1420fa -> 764f96572b39e13aca5f7f18826c47b4
  custom:scripting/monoscript/fileName/ClearColorBtn.cs: 1e8e6c93adda6a5ba905483e8182c1dd -> c480f5967894d16fe78f727f834b09ac
  custom:scripting/monoscript/fileName/SaveManager.cs: de2264e4a492adfd4c3a4c607fa8c9d4 -> 3fcb126c6a66ba31aa898dd5743caa30
  custom:scripting/monoscript/fileName/PrevCharacterBtn.cs: 8b169ad1106eaf0dbdbff832654707ff -> 82d84ae18bcec8ea0c987e0a3a9d6a13
  custom:scripting/monoscript/fileName/Popup.cs: 1c1ef9080900e5e97d1b14f0b41eadfa -> 2cc3075140bfd1e8dd79773fa10aee0b
  custom:scripting/monoscript/fileName/EditorBundleManager.cs: 25971b08130223425370a0c67fd24c1d -> dc4d9d3c0d3cadbde48071e4065b6fbb
  custom:scripting/monoscript/fileName/LoadBtn.cs: 70bafae7f72c9ee6623f2f31d0779c28 -> 2ea2705ebacd83d0846f91df66c28259
  custom:scripting/monoscript/fileName/TextureTypeMaskSelector.cs: 7ff2a9c585e0132e7eecc431d721fd4f -> c5691a283aa245253aed7fa0115457e3
  custom:scripting/monoscript/fileName/Pants.cs: 6c99c36b54f1584503cd85f530589db5 -> df098d75808a7fb623ca5598aed5b66e
  custom:scripting/monoscript/fileName/ABDataSourceProvider.cs: 4f93c6cdfbe44a00612a956e4ef9ffe7 -> d15a3b944396c4baae05b3f33e2f8331
  custom:video-decoder-ogg-theora: a1e56fd34408186e4bbccfd4996cb3dc -> 
  custom:scripting/monoscript/fileName/MeshManager.cs: 2f249bf80d6ae36c03b9409f5feb6c0d -> 80ab94735750c9af566e7e697efa30bc
  custom:scripting/monoscript/fileName/ABDataSource.cs: 41b8295d17e0ef0ed1d4f959baadf27f -> 7ceefc660d5f297abc8804d14984f27e
  custom:framework-win-MediaFoundation: 216162199b28c13a410421893ffa2e32 -> 
  custom:scripting/monoscript/fileName/NextCharacterBtn.cs: 3c5d6d5f91a48826bcb43d4ef5261f6a -> 271bcb60c5934eb6d4486f66396754c5
  custom:scripting/monoscript/fileName/AssetBundleInspectTab.cs: 945f43d3df2c8ee2453a9a63fa11274c -> 9c287edf6d1d376f12a8f96d01ec074a
  custom:scripting/monoscript/fileName/SaveListView.cs: e595613b43c00299f3513b824b0dabc3 -> 66f5588456e9744a16cd29a95c0a128e
  custom:scripting/monoscript/fileName/MeshFactory.cs: 4bbafa913eed9f0fb1b99654c8762909 -> a5c11ad228aefe2964b1b339054e39bc
  custom:scripting/monoscript/fileName/CharacterCustomizer.cs: 6b998336770e1834435505a2273ed78a -> 
  custom:scripting/monoscript/fileName/TestDatabase.cs: 23855a153a87fda770b086a78bc24d6d -> 
  custom:scripting/monoscript/fileName/AssetDatabaseABDataSource.cs: f87f54f41a9ae61d6c93a1ee4a7276fe -> a9068bde9865684c07718fa2f110ebd4
  custom:scripting/monoscript/fileName/AbstractFXMesh.cs: 2f7f8bc9d1b9e98b83ebf043ab545fae -> 355e798705134331d1b4e13fe77a1ba2
  custom:scripting/monoscript/fileName/IConfigLoader.cs: 290018350438b79782c4b9fdba32926e -> a4ccf3c5021bb9e95d5d05a0a09bf8bd
  custom:scripting/monoscript/fileName/ABModelBundleInfo.cs: 2188b089518dc510222192403494a01e -> 9fa50afaf3db0543d3d887b15c00368c
  custom:scripting/monoscript/fileName/Leg.cs: ef7b14f4330dc25387e1b59f0290d188 -> 43594c645958cd98f0dcb60d0855f6d1
  custom:scripting/monoscript/fileName/ABModelAssetInfo.cs: 30e23a9e1ca57fffc37b721992bcf1a0 -> cf869514a0bf82899ce1cda23bdb700e
  custom:scripting/monoscript/fileName/MeshTypeMaskSelector.cs: e94ba6f4a1adba4feee5fb7cc4e351fe -> ed92edda1c9655f258c64f35a85ef583
  custom:scripting/monoscript/fileName/ClearMeshBtn.cs: b14d5ced1c19826bfc491001a3f185d1 -> d990ebc2143de5948aea2a5badbfe15b
  custom:scripting/monoscript/fileName/MeshAndTextureTypeMaskSelector.cs: fdba9a050c9e3646ce8e80b7e936d037 -> 8a4bea39d5d059db9f897ddcbaaa5fb6
  custom:scripting/monoscript/fileName/FxMeshFactory.cs: c3e28ca0186ef5ee5525c8801ad21c5a -> 0c8ff1afadd69a3595c5d00772f68410
  custom:scripting/monoscript/fileName/FXTypeMaskSelector.cs: d74f6e4a0bcd101e2717459b81084106 -> 0f6cbde77ec3d316ca044b2bb5952a3c
  custom:scripting/monoscript/fileName/PlayerController.cs: 5b090d859ab09be631dc3b0f203f9571 -> d93a52a180fbbe603a59e9aa6da73c83
  custom:scripting/monoscript/fileName/BuildScript.cs: 426ea9e2914d6e2d91f1414353c5dafc -> 337dba19c2e29ee8e4980fc4e2019d2f
  custom:scripting/monoscript/fileName/ClearSkinMeshBtn.cs: 82d2655784ebc16abf5528736d619a9b -> a8f6aebd6c57b68160badb6bcb2d0ed6
  custom:scripting/monoscript/fileName/CreateCharacterWizard.cs: acfc968f24a9426403bd5add4843dcf8 -> 45f0e70a15c8659931d42d36cb8cac07
  custom:CustomObjectIndexerAttribute: 72b91833f83ae208fae7752999fa3104 -> 
  custom:scripting/monoscript/fileName/AbstractTexture.cs: 5fe6f2f7be7fb5a86569856b4345a004 -> e0980b08fec448804b26f5b6dad65dfd
  custom:scripting/monoscript/fileName/FollowCamera.cs: 2d720f10865b64f024b0e3fccdd261c7 -> 8d6eb8e229738de226ec56d9e22b6b63
  custom:scripting/monoscript/fileName/FxMeshTypeBone.cs: f85b6921dfd1e47314410f2e3b110e25 -> c7f230be3097e0ffbcff74b002f4c068
  custom:scripting/monoscript/fileName/AssetbundlesMenuItems.cs: c3bdb3cf11cdd131fd9c40f5c72fdbb7 -> bacd4da6799b9476bee68e043690ff36
  custom:scripting/monoscript/fileName/CharacterRendererUI.cs: 494bfcacef163a63e00e0a76e5490b75 -> 
  custom:scripting/monoscript/fileName/Arm.cs: 4102684b6836edb71c1e92ebf943cfad -> b923216ab6f821207b08c03afd4c6525
  custom:container-demuxer-webm: 4f35f7cbe854078d1ac9338744f61a02 -> 
  custom:scripting/monoscript/fileName/NextMeshBtn.cs: c626932f4e3ef625c1f95cbb7df53377 -> c475632899117e513eda9e15e910b76e
  custom:scripting/monoscript/fileName/FaceFeature.cs: 4fb49a14cfb347e565b8520b489cd06f -> 2d58afa4a16bca365a6beb0bf6bfaea3
  custom:scripting/monoscript/fileName/SavePrefabBtn.cs: 3a461d0b73e33e6450805a3d4c14cf7e -> fb80c3034ef9c4f90fa622ffe7f9f829
  custom:scripting/monoscript/fileName/LoaderManager.cs: 369c2be46c8c25c8c25ebdc236e1107b -> de56154becf62ebc4f0181681035238d
  custom:scripting/monoscript/fileName/SaveNameInput.cs: 38a66e5dc26bdeafde0ff106788ee663 -> aae89d2fa016e54079d9c4371e2e5f50
  custom:scripting/monoscript/fileName/Config.cs: e85a922a2347c074e5939d78a5a7a10e -> 7351639d5127e04bc4fcb4671c4a17fb
  custom:scripting/monoscript/fileName/EyeFX.cs: bb3e917396c4b9336da3800cda69d75f -> 0e9063be2785787a64aac5ac3958ba88
  custom:scripting/monoscript/fileName/CategoryPanel.cs: 2ede49e7213c224cf2b42e7bf0785af5 -> 
  custom:scripting/monoscript/fileName/JumpFallBehaviour.cs: 6e303c4d540ce7e39efab9189bb22bcd -> 71c001d1ad34a6d3b319feace6bde3ef
  custom:scripting/monoscript/fileName/PrevMeshBtn.cs: e4cc6e23cf1ae834cfc676eb293c1a5c -> b3d8856e7d265dc9c0dfa6c173a5ecfd
  custom:container-muxer-webm: aa71ff27fc2769a1b78a27578f13a17b -> 
  custom:scripting/monoscript/fileName/ClearTextureBtn.cs: 4f31783abce9af1d7ec4839287fef475 -> e3b2bcf1edcb5118f2edfda92d79dc01
  custom:scripting/monoscript/fileName/Shoes.cs: 066ec4aa35b5452249c3208e4decccac -> a3171f40fe6c3d65d3385917721d6b32
  custom:video-decoder-webm-vp8: 9c59270c3fd7afecdb556c50c9e8de78 -> 
  custom:scripting/monoscript/fileName/ConfigManager.cs: ecadd354c11a441a4c89b5fd7a9f00e6 -> caea2b28af0ab9e40fec80621d2354a1
  custom:scripting/monoscript/fileName/ClearFXBtn.cs: 9a39f15de353636ac82e469249897f2d -> 7bb97525152b99fa74400a29eaa13dea
  custom:scripting/monoscript/fileName/ClosePopup.cs: b8d454205b2ceefe37b5fd3a66ce3f21 -> 55d4b78c13dd76e50d9c188109fdf0bb
  custom:SearchIndexIgnoredProperties: e643bd26f0fe6173181afceb89e7c659 -> 
  custom:scripting/monoscript/fileName/Belt.cs: 57f9cd2ecc900069b427149243ef3bc5 -> 49eb07e37613e7bc3cd2ca1c5688a06b
  custom:AudioImporter_EditorPlatform: d09bf68614088b80899f8185d706f6e7 -> 
  custom:scripting/monoscript/fileName/AssetBundleLoadOperation.cs: 6671757952e868610efe84deb7d10911 -> 5e23b7cfd6b1aefafff250cf74ef9147
  custom:scripting/monoscript/fileName/PrevSkinMeshBtn.cs: 4b975732b197cfed11faf978a39a86d9 -> 949d41495696a789e910ed4bddee68c8
  custom:scripting/monoscript/fileName/RandomBtn.cs: 09358cb3d53669a5fb3911b12bed41f9 -> 851c8dec69594280621f9ae4205a836d
  custom:scripting/monoscript/fileName/Beard.cs: fcba2011bd59aa862783e312bcb3f1ed -> 25619eaf3bae2cd2a4b58a1e35f6de63
  custom:scripting/monoscript/fileName/EnumFlagAttribute.cs: 74d0d26091c169f8de5e9bf42af43876 -> 955415b54787984cbbb8aa271c5326e3
  custom:scripting/monoscript/fileName/LaunchAssetBundleServer.cs: fde14ca75a313e949066fe5170090bd6 -> 43db2fb10887bbfb076c6767daba67bd
  custom:scripting/monoscript/fileName/TextureManager.cs: e8b62e3c8c466c37ed390308c47b609f -> aaabee5faa243fca33eb568630ae6e8e
  custom:scripting/monoscript/fileName/RobeShort.cs: 98a985110c88276dffccdebb9b45a97a -> 3c6d536f5d6b37080b8a61040ec81de3
  custom:scripting/monoscript/fileName/AssetBundleRecord.cs: 5e3e2662beb76f92f544ca3a6af0a002 -> 5a3119d6abe586168b6fe06c7e98c69c
  custom:scripting/monoscript/fileName/TogglePopup.cs: e3546a95722da3ab7907a444f1349cba -> 1d986db86e682e16edccd0653eb2aad7
  custom:scripting/monoscript/fileName/ITextureLoader.cs: fb942611a67ee29c2d3906a7f2b2ca06 -> 5adc935e3b3fb7761c6d5c127df50233
  custom:scripting/monoscript/fileName/SaveBtn.cs: 3dfbd63f5b032b539a11095805980518 -> 62cda288bb207ed68b5083d6b77f7471
  custom:scripting/monoscript/fileName/NextSkinMeshBtn.cs: 7bde284a6144f85f7d24cd53fe360afe -> c82eddd7edff4db94905f44ef59144c1
  custom:scripting/monoscript/fileName/Head.cs: ef8602f0e05bb6f56d36072970253a56 -> 6728c540b9905eb1de06718fa4aae534
  custom:scripting/monoscript/fileName/NextFXBtn.cs: ec23ffa473c712e78d6eb18c4ae448be -> 7e2755ad9a90b6ecb18961111ed6b016
  custom:scripting/monoscript/fileName/AssetBundleBrowserMain.cs: adf460d08e5161db4df4e9efbad520b6 -> d6cbb84444c9fdda30a8092bb0794cf7
  custom:scripting/monoscript/fileName/JSONMap.cs: 0cc7c12ea7048b3ee204a6864ec14612 -> f72d2edab136c1eb89bac454d589dbd3
  custom:scripting/monoscript/fileName/AssetBundleManageTab.cs: cd787c8175c6b452036330db58559128 -> 31b1d66e60f6e821749b4e2c88c32cdd
  custom:scripting/monoscript/fileName/Torso.cs: 69b7e0d6a62aacc036b1886a4ba2587b -> 54ee6015ea03462115d4c3153edbdf8c
  custom:scripting/monoscript/fileName/AssetBundleBuildTab.cs: e4d3d716146519b1f52f6c0fe7ec5a47 -> c4f1a336c5910d1832fd9e6c972559ad
  custom:scripting/monoscript/fileName/Hair.cs: 1f4e341ec44f1e9a43da832f30eda5e7 -> a794926f97f7a5e9c465865fe7af5e1b
  custom:scripting/monoscript/fileName/AbstractMesh.cs: f416745403975ff81463073698d6e017 -> 8184b2a66042d8caaccbbd20ed31dc56
  custom:scripting/monoscript/fileName/NextTextureBtn.cs: d5a300ee8993aada97b6138db78b58aa -> 68286e9f0e1d42eee9d43ba74e34330f
  custom:scripting/monoscript/fileName/Gloves.cs: 21fa036484600f2d249c1ff665501393 -> 28f9e2f54620c042ed9595f00f2065dc
  custom:scripting/monoscript/fileName/AssetBundleManager.cs: 0e168d48c6d3576e59f6c42f92fecd60 -> c15faaf8b529192dbe9aec9afe4991fd
  custom:scripting/monoscript/fileName/RobeLong.cs: 1a7163e76453fecee35478b548086606 -> f4a05f13d9e9427f236c1f1234a17722
  custom:scripting/monoscript/fileName/InspectTreeView.cs: 4d03769e654689089e5185b09bfc6882 -> 260e1db8105b149fed2e7856746dbf0f
  custom:scripting/monoscript/fileName/MeshLoader.cs: 0b10154577fb1ae0dd2e8310eae4ddf4 -> 514b5b4b4814025e9f754ee22115b972
  custom:scripting/monoscript/fileName/PrevFXBtn.cs: 9adcb6db2d84b99fc2ba85718ff2705c -> d82c337bfc40d281d6f7be6c53a9171d
  custom:scripting/monoscript/fileName/ABModel.cs: d4f2ea81e354d5c73ab4578ede6b09b2 -> efbeff1b31df600fad6d5bea582c7fba
  custom:video-encoder-webm-vp8: eb34c28f22e8b96e1ab97ce403110664 -> 
  custom:scripting/monoscript/fileName/TextureLoader.cs: ef2efb353191380796da06838f0ca27c -> 32fee57eede5dc7675a4e8e137c57785
  custom:scripting/monoscript/fileName/Cloak.cs: 83fee273266203de062b641017c68a04 -> a5348ad8315a274870ac1256b416f4df
  custom:audio-decoder-ogg-vorbis: bf7c407c2cedff20999df2af8eb42d56 -> 
  custom:scripting/monoscript/fileName/Eyebrow.cs: a80914df48c7002be677c64522cce038 -> 60a10d1886232f9d6b3fd8be0c11fca9
  custom:scripting/monoscript/fileName/MeshUVManager.cs: 3a3d4245c35b74c0afddd620ce689573 -> fa1c5e2aa443e2c89e2f51af239fa10f
  custom:scripting/monoscript/fileName/MessageList.cs: 6b608508dbf342db2b025fa4e75150ed -> e187436fd3600e1e0afecc6a8da1f18c
  custom:scripting/monoscript/fileName/ClearMeshColorBtn.cs: 0007c8d870af1fc291acf8c091e58855 -> 45fdc58f7fbca9a24d836bd66f751d53
  custom:scripting/monoscript/fileName/MessageSystem.cs: e1fba72936ec77bbbc283ee14a4e5ac9 -> c1467679f7f8f7989b7c591fe16f095b
  custom:scripting/monoscript/fileName/Helper.cs: c607632c58e5a7e90f5ab372e55f1b53 -> 42ad14543d1a843693f11a1cb7823bdc
  custom:scripting/monoscript/fileName/TorsoAdd.cs: de2919cda7445d192f99b708ac4f8f98 -> 6a719884572b7c749207c858146f4e3c
  custom:scripting/monoscript/fileName/EnumFlagDrawer.cs: 41a8255d04f81b6824e2eb405c56f882 -> 5c63d0c0059ff695bd0ee486d1e93bdc
  custom:scripting/monoscript/fileName/Utility.cs: 28500e0d15bd811ed13877f72f01a728 -> bc7c77987476d2cc716aa6822231009e
  custom:scripting/monoscript/fileName/NextColorBtn.cs: 3c291ea58299c895d1e49ee9d26926c4 -> 3628818366004c784ce7c532472e0770
  custom:scripting/monoscript/fileName/BeltAdd.cs: cb7f04a49673453c6e59d8a19fc25506 -> 23c8e20e1dd3c9ed150a971c41b0440b
  custom:scripting/monoscript/fileName/Skin.cs: b53e0e70cea1e5a2051dbeb2d303d7bf -> fa5b8fbc5e21205ad140661bb8d1d29a
  custom:scripting/monoscript/fileName/PrevMeshColorBtn.cs: 6e7146d83f859cab20d94f99a895303c -> eb2dbdc18e08517d5e99c78a100e7907
  custom:audio-encoder-webm-vorbis: bf7c407c2cedff20999df2af8eb42d56 -> 
  custom:scripting/monoscript/fileName/Helm.cs: c26d56b2bba9bcb0ed144e3501bc4050 -> 015c5ef11547d2a56ec06cbf9181e054
  custom:scripting/monoscript/fileName/Shoulder.cs: cd26873c046cfe405838db4b32b97d24 -> cbc35143cbffbdb744890d07b8670e7e
  custom:scripting/monoscript/fileName/IMeshLoader.cs: 9ae204479feb9db18b224953da5838fd -> 103d9667209b427a4c68ea28303f3cd3
  custom:scripting/monoscript/fileName/AssetListTree.cs: 255920d2dc3ac581fe65ea217df17385 -> 95ef94b9b5c1fc8c166d91a2229d1537
  custom:scripting/monoscript/fileName/MeshTexture.cs: e035409d8c1a139d8e58746d92de0530 -> 1c4c6300614cc8e271b614963931701e
  custom:scripting/monoscript/fileName/AssetBundleTree.cs: db18b513ade8dfdb586627b6c32bbf86 -> 5c86cf837bb6943c3398dc49a567b80f
  custom:scripting/precompiled-assembly-types:Assembly-CSharp: bd61ef89dd052a62cb180bc111b9f981 -> 2a57b7d9ba6c891b20990c959df4dfe7
  custom:scripting/monoscript/fileName/SpriteProcessor.cs: ecdbdd0dbf42b62f38de6c8096601c0d -> b47784218d8c2d820a413741c1f25a1f
  custom:scripting/monoscript/fileName/NextMeshColorBtn.cs: f15a2f312aac46efa390132e8e876a6a -> 3fefab99c46d758ed0e047f19be1644f
  custom:scripting/monoscript/fileName/ClearAllBtn.cs: 6b6df7aa9e75a6cecf2976db793db6eb -> bcba9c9686446fb7cf756301ebf868ec
  custom:scripting/monoscript/fileName/PlayerMoveController.cs: a4e66a81bcb2d723b3fb87dd004c6314 -> cc068b745400ee66c75378bcb7b27fdb
  custom:scripting/monoscript/fileName/ConfigLoader.cs: 62e091607cdc915ce80d4a253b61a2e7 -> db4bab6728472d9dedc7dfcc22e69d2d
  custom:scripting/monoscript/fileName/SaveItem.cs: 9fe0db1767d984560e8ce3cdb5cdd4f1 -> d881a933ade13ea32bf025db14797336
  custom:scripting/monoscript/fileName/SaveData.cs: cb74f51d5ddf1e3c0494034ad7572a91 -> b41c91a98201f94a04946b0cf063c975
  custom:scripting/monoscript/fileName/PrevColorBtn.cs: 745000830732e20a24b2b0544e8a21f7 -> e1d2791f9dd94cc4e35385ca804752d8
========================================================================
Received Prepare
Caller must complete domain reload
Begin MonoManager ReloadAssembly
- Loaded All Assemblies, in  0.555 seconds
Native extension for WindowsStandalone target not found
Native extension for Android target not found
Mono: successfully reloaded assembly
- Finished resetting the current domain, in  1.390 seconds
Domain Reload Profiling: 1941ms
	BeginReloadAssembly (161ms)
		ExecutionOrderSort (0ms)
		DisableScriptedObjects (4ms)
		BackupInstance (0ms)
		ReleaseScriptingObjects (0ms)
		CreateAndSetChildDomain (40ms)
	RebuildCommonClasses (28ms)
	RebuildNativeTypeToScriptingClass (9ms)
	initialDomainReloadingComplete (31ms)
	LoadAllAssembliesAndSetupDomain (323ms)
		LoadAssemblies (385ms)
		RebuildTransferFunctionScriptingTraits (0ms)
		AnalyzeDomain (23ms)
			TypeCache.Refresh (9ms)
				TypeCache.ScanAssembly (0ms)
			ScanForSourceGeneratedMonoScriptInfo (0ms)
			ResolveRequiredComponents (11ms)
	FinalizeReload (1390ms)
		ReleaseScriptCaches (0ms)
		RebuildScriptCaches (0ms)
		SetupLoadedEditorAssemblies (515ms)
			LogAssemblyErrors (0ms)
			InitializePlatformSupportModulesInManaged (19ms)
			SetLoadedEditorAssemblies (5ms)
			RefreshPlugins (0ms)
			BeforeProcessingInitializeOnLoad (97ms)
			ProcessInitializeOnLoadAttributes (316ms)
			ProcessInitializeOnLoadMethodAttributes (69ms)
			AfterProcessingInitializeOnLoad (10ms)
			EditorAssembliesLoaded (0ms)
		ExecutionOrderSort2 (0ms)
		AwakeInstancesAfterBackupRestoration (18ms)
WARNING: Shader Unsupported: 'Toon/Basic Outline' - All subshaders removed
WARNING: Shader Did you use #pragma only_renderers and omit this platform?
WARNING: Shader If subshaders removal was intentional, you may have forgotten turning Fallback off?
WARNING: Shader Unsupported: 'Toon/Basic Outline' - All subshaders removed
WARNING: Shader Did you use #pragma only_renderers and omit this platform?
WARNING: Shader If subshaders removal was intentional, you may have forgotten turning Fallback off?
WARNING: Shader Unsupported: 'Toon/Lit Outline' - All subshaders removed
WARNING: Shader Did you use #pragma only_renderers and omit this platform?
WARNING: Shader If subshaders removal was intentional, you may have forgotten turning Fallback off?
WARNING: Shader Unsupported: 'Toon/Lit Outline' - All subshaders removed
WARNING: Shader Did you use #pragma only_renderers and omit this platform?
WARNING: Shader If subshaders removal was intentional, you may have forgotten turning Fallback off?
Refreshing native plugins compatible for Editor in 8.18 ms, found 4 plugins.
Preloading 0 native plugins for Editor in 0.00 ms.
Unloading 5364 Unused Serialized files (Serialized files now loaded: 0)
Unloading 24 unused Assets / (0.6 MB). Loaded Objects now: 6181.
Memory consumption went from 191.1 MB to 190.5 MB.
Total: 7.980600 ms (FindLiveObjects: 0.679500 ms CreateObjectMapping: 0.610400 ms MarkObjects: 6.063600 ms  DeleteObjects: 0.625200 ms)

Prepare: number of updated asset objects reloaded= 0
AssetImportParameters requested are different than current active one (requested -> active):
  custom:scripting/monoscript/fileName/MeshTypeBone.cs: f2929f2b8ecce3a651b0fd3ffe111924 -> 843ff81fb2c811dcac98decd349efe80
  custom:scripting/monoscript/fileName/ShaderSelector.cs: 685bc00da5c5122ea4d91cfb7c33d4ce -> 521612be2626bcd49281fc726d73115d
  custom:scripting/monoscript/fileName/Hand.cs: 5052127099e76a39f6f2b58ea1ef5c1e -> 192355eabc8b0bb90d2503d57cbc29e1
  custom:scripting/monoscript/fileName/TextureFactory.cs: cee276c059ba8c5d89b2dce85c58444e -> 9b0e0386d21b5055c4b652bc661be2ca
  custom:scripting/monoscript/fileName/ExecuteInternalMono.cs: 3e44be6fc6d7f25500f51fef3364e783 -> c1dae4aa6cbf1512716dd7e8414f8006
  custom:scripting/monoscript/fileName/BundleDetailList.cs: 49a12b558eca8c309cefc20f79be4f08 -> 7b03139c488749eda460103673d30967
  custom:scripting/monoscript/fileName/ChangeSkinMeshBtn.cs: 5c6d8ac28a61c97b01d08415ec68b892 -> 58cbf8e281a1824de7ac09fd6ead4741
  custom:container-demuxer-ogg: 62fdf1f143b41e24485cea50d1cbac27 -> 
  custom:scripting/monoscript/fileName/InspectSingleBundle.cs: c4ddaa812469395f667f8059fbbafbb2 -> ff6bcd7c39743f835ec77986ad4e4842
  custom:scripting/monoscript/fileName/TorsoFX.cs: 8364f33fdfe728687ae399ca95227afe -> 5e6b4d93b934706642170673ecf5c3cb
  custom:scripting/monoscript/fileName/Scar.cs: a42aaa0f7421fdbac285e770432737fe -> 93cf6a2332a708e947886120175eb79a
  custom:scripting/monoscript/fileName/Eye.cs: afd6b945d219259bc28efd165ef781f4 -> 698a2a7ea54ef8de083e5f76c9b8d930
  custom:scripting/monoscript/fileName/PrevTextureBtn.cs: ca06f7a8c9b0f19ce544f3b94a1420fa -> 764f96572b39e13aca5f7f18826c47b4
  custom:scripting/monoscript/fileName/ClearColorBtn.cs: 1e8e6c93adda6a5ba905483e8182c1dd -> c480f5967894d16fe78f727f834b09ac
  custom:scripting/monoscript/fileName/SaveManager.cs: de2264e4a492adfd4c3a4c607fa8c9d4 -> 3fcb126c6a66ba31aa898dd5743caa30
  custom:scripting/monoscript/fileName/PrevCharacterBtn.cs: 8b169ad1106eaf0dbdbff832654707ff -> 82d84ae18bcec8ea0c987e0a3a9d6a13
  custom:scripting/monoscript/fileName/Popup.cs: 1c1ef9080900e5e97d1b14f0b41eadfa -> 2cc3075140bfd1e8dd79773fa10aee0b
  custom:scripting/monoscript/fileName/EditorBundleManager.cs: 25971b08130223425370a0c67fd24c1d -> dc4d9d3c0d3cadbde48071e4065b6fbb
  custom:scripting/monoscript/fileName/LoadBtn.cs: 70bafae7f72c9ee6623f2f31d0779c28 -> 2ea2705ebacd83d0846f91df66c28259
  custom:scripting/monoscript/fileName/TextureTypeMaskSelector.cs: 7ff2a9c585e0132e7eecc431d721fd4f -> c5691a283aa245253aed7fa0115457e3
  custom:scripting/monoscript/fileName/Pants.cs: 6c99c36b54f1584503cd85f530589db5 -> df098d75808a7fb623ca5598aed5b66e
  custom:scripting/monoscript/fileName/ABDataSourceProvider.cs: 4f93c6cdfbe44a00612a956e4ef9ffe7 -> d15a3b944396c4baae05b3f33e2f8331
  custom:video-decoder-ogg-theora: a1e56fd34408186e4bbccfd4996cb3dc -> 
  custom:scripting/monoscript/fileName/MeshManager.cs: 2f249bf80d6ae36c03b9409f5feb6c0d -> 80ab94735750c9af566e7e697efa30bc
  custom:scripting/monoscript/fileName/ABDataSource.cs: 41b8295d17e0ef0ed1d4f959baadf27f -> 7ceefc660d5f297abc8804d14984f27e
  custom:framework-win-MediaFoundation: 216162199b28c13a410421893ffa2e32 -> 
  custom:scripting/monoscript/fileName/NextCharacterBtn.cs: 3c5d6d5f91a48826bcb43d4ef5261f6a -> 271bcb60c5934eb6d4486f66396754c5
  custom:scripting/monoscript/fileName/AssetBundleInspectTab.cs: 945f43d3df2c8ee2453a9a63fa11274c -> 9c287edf6d1d376f12a8f96d01ec074a
  custom:scripting/monoscript/fileName/SaveListView.cs: e595613b43c00299f3513b824b0dabc3 -> 66f5588456e9744a16cd29a95c0a128e
  custom:scripting/monoscript/fileName/MeshFactory.cs: 4bbafa913eed9f0fb1b99654c8762909 -> a5c11ad228aefe2964b1b339054e39bc
  custom:scripting/monoscript/fileName/CharacterCustomizer.cs: 6b998336770e1834435505a2273ed78a -> 
  custom:scripting/monoscript/fileName/TestDatabase.cs: 23855a153a87fda770b086a78bc24d6d -> 
  custom:scripting/monoscript/fileName/AssetDatabaseABDataSource.cs: f87f54f41a9ae61d6c93a1ee4a7276fe -> a9068bde9865684c07718fa2f110ebd4
  custom:scripting/monoscript/fileName/AbstractFXMesh.cs: 2f7f8bc9d1b9e98b83ebf043ab545fae -> 355e798705134331d1b4e13fe77a1ba2
  custom:scripting/monoscript/fileName/IConfigLoader.cs: 290018350438b79782c4b9fdba32926e -> a4ccf3c5021bb9e95d5d05a0a09bf8bd
  custom:scripting/monoscript/fileName/ABModelBundleInfo.cs: 2188b089518dc510222192403494a01e -> 9fa50afaf3db0543d3d887b15c00368c
  custom:scripting/monoscript/fileName/Leg.cs: ef7b14f4330dc25387e1b59f0290d188 -> 43594c645958cd98f0dcb60d0855f6d1
  custom:scripting/monoscript/fileName/ABModelAssetInfo.cs: 30e23a9e1ca57fffc37b721992bcf1a0 -> cf869514a0bf82899ce1cda23bdb700e
  custom:scripting/monoscript/fileName/MeshTypeMaskSelector.cs: e94ba6f4a1adba4feee5fb7cc4e351fe -> ed92edda1c9655f258c64f35a85ef583
  custom:scripting/monoscript/fileName/ClearMeshBtn.cs: b14d5ced1c19826bfc491001a3f185d1 -> d990ebc2143de5948aea2a5badbfe15b
  custom:scripting/monoscript/fileName/MeshAndTextureTypeMaskSelector.cs: fdba9a050c9e3646ce8e80b7e936d037 -> 8a4bea39d5d059db9f897ddcbaaa5fb6
  custom:scripting/monoscript/fileName/FxMeshFactory.cs: c3e28ca0186ef5ee5525c8801ad21c5a -> 0c8ff1afadd69a3595c5d00772f68410
  custom:scripting/monoscript/fileName/FXTypeMaskSelector.cs: d74f6e4a0bcd101e2717459b81084106 -> 0f6cbde77ec3d316ca044b2bb5952a3c
  custom:scripting/monoscript/fileName/PlayerController.cs: 5b090d859ab09be631dc3b0f203f9571 -> d93a52a180fbbe603a59e9aa6da73c83
  custom:scripting/monoscript/fileName/BuildScript.cs: 426ea9e2914d6e2d91f1414353c5dafc -> 337dba19c2e29ee8e4980fc4e2019d2f
  custom:scripting/monoscript/fileName/ClearSkinMeshBtn.cs: 82d2655784ebc16abf5528736d619a9b -> a8f6aebd6c57b68160badb6bcb2d0ed6
  custom:scripting/monoscript/fileName/CreateCharacterWizard.cs: acfc968f24a9426403bd5add4843dcf8 -> 45f0e70a15c8659931d42d36cb8cac07
  custom:CustomObjectIndexerAttribute: 72b91833f83ae208fae7752999fa3104 -> 
  custom:scripting/monoscript/fileName/AbstractTexture.cs: 5fe6f2f7be7fb5a86569856b4345a004 -> e0980b08fec448804b26f5b6dad65dfd
  custom:scripting/monoscript/fileName/FollowCamera.cs: 2d720f10865b64f024b0e3fccdd261c7 -> 8d6eb8e229738de226ec56d9e22b6b63
  custom:scripting/monoscript/fileName/FxMeshTypeBone.cs: f85b6921dfd1e47314410f2e3b110e25 -> c7f230be3097e0ffbcff74b002f4c068
  custom:scripting/monoscript/fileName/AssetbundlesMenuItems.cs: c3bdb3cf11cdd131fd9c40f5c72fdbb7 -> bacd4da6799b9476bee68e043690ff36
  custom:scripting/monoscript/fileName/CharacterRendererUI.cs: 494bfcacef163a63e00e0a76e5490b75 -> 
  custom:scripting/monoscript/fileName/Arm.cs: 4102684b6836edb71c1e92ebf943cfad -> b923216ab6f821207b08c03afd4c6525
  custom:container-demuxer-webm: 4f35f7cbe854078d1ac9338744f61a02 -> 
  custom:scripting/monoscript/fileName/NextMeshBtn.cs: c626932f4e3ef625c1f95cbb7df53377 -> c475632899117e513eda9e15e910b76e
  custom:scripting/monoscript/fileName/FaceFeature.cs: 4fb49a14cfb347e565b8520b489cd06f -> 2d58afa4a16bca365a6beb0bf6bfaea3
  custom:scripting/monoscript/fileName/SavePrefabBtn.cs: 3a461d0b73e33e6450805a3d4c14cf7e -> fb80c3034ef9c4f90fa622ffe7f9f829
  custom:scripting/monoscript/fileName/LoaderManager.cs: 369c2be46c8c25c8c25ebdc236e1107b -> de56154becf62ebc4f0181681035238d
  custom:scripting/monoscript/fileName/SaveNameInput.cs: 38a66e5dc26bdeafde0ff106788ee663 -> aae89d2fa016e54079d9c4371e2e5f50
  custom:scripting/monoscript/fileName/Config.cs: e85a922a2347c074e5939d78a5a7a10e -> 7351639d5127e04bc4fcb4671c4a17fb
  custom:scripting/monoscript/fileName/EyeFX.cs: bb3e917396c4b9336da3800cda69d75f -> 0e9063be2785787a64aac5ac3958ba88
  custom:scripting/monoscript/fileName/CategoryPanel.cs: 2ede49e7213c224cf2b42e7bf0785af5 -> 
  custom:scripting/monoscript/fileName/JumpFallBehaviour.cs: 6e303c4d540ce7e39efab9189bb22bcd -> 71c001d1ad34a6d3b319feace6bde3ef
  custom:scripting/monoscript/fileName/PrevMeshBtn.cs: e4cc6e23cf1ae834cfc676eb293c1a5c -> b3d8856e7d265dc9c0dfa6c173a5ecfd
  custom:container-muxer-webm: aa71ff27fc2769a1b78a27578f13a17b -> 
  custom:scripting/monoscript/fileName/ClearTextureBtn.cs: 4f31783abce9af1d7ec4839287fef475 -> e3b2bcf1edcb5118f2edfda92d79dc01
  custom:scripting/monoscript/fileName/Shoes.cs: 066ec4aa35b5452249c3208e4decccac -> a3171f40fe6c3d65d3385917721d6b32
  custom:video-decoder-webm-vp8: 9c59270c3fd7afecdb556c50c9e8de78 -> 
  custom:scripting/monoscript/fileName/ConfigManager.cs: ecadd354c11a441a4c89b5fd7a9f00e6 -> caea2b28af0ab9e40fec80621d2354a1
  custom:scripting/monoscript/fileName/ClearFXBtn.cs: 9a39f15de353636ac82e469249897f2d -> 7bb97525152b99fa74400a29eaa13dea
  custom:scripting/monoscript/fileName/ClosePopup.cs: b8d454205b2ceefe37b5fd3a66ce3f21 -> 55d4b78c13dd76e50d9c188109fdf0bb
  custom:SearchIndexIgnoredProperties: e643bd26f0fe6173181afceb89e7c659 -> 
  custom:scripting/monoscript/fileName/Belt.cs: 57f9cd2ecc900069b427149243ef3bc5 -> 49eb07e37613e7bc3cd2ca1c5688a06b
  custom:AudioImporter_EditorPlatform: d09bf68614088b80899f8185d706f6e7 -> 
  custom:scripting/monoscript/fileName/AssetBundleLoadOperation.cs: 6671757952e868610efe84deb7d10911 -> 5e23b7cfd6b1aefafff250cf74ef9147
  custom:scripting/monoscript/fileName/PrevSkinMeshBtn.cs: 4b975732b197cfed11faf978a39a86d9 -> 949d41495696a789e910ed4bddee68c8
  custom:scripting/monoscript/fileName/RandomBtn.cs: 09358cb3d53669a5fb3911b12bed41f9 -> 851c8dec69594280621f9ae4205a836d
  custom:scripting/monoscript/fileName/Beard.cs: fcba2011bd59aa862783e312bcb3f1ed -> 25619eaf3bae2cd2a4b58a1e35f6de63
  custom:scripting/monoscript/fileName/EnumFlagAttribute.cs: 74d0d26091c169f8de5e9bf42af43876 -> 955415b54787984cbbb8aa271c5326e3
  custom:scripting/monoscript/fileName/LaunchAssetBundleServer.cs: fde14ca75a313e949066fe5170090bd6 -> 43db2fb10887bbfb076c6767daba67bd
  custom:scripting/monoscript/fileName/TextureManager.cs: e8b62e3c8c466c37ed390308c47b609f -> aaabee5faa243fca33eb568630ae6e8e
  custom:scripting/monoscript/fileName/RobeShort.cs: 98a985110c88276dffccdebb9b45a97a -> 3c6d536f5d6b37080b8a61040ec81de3
  custom:scripting/monoscript/fileName/AssetBundleRecord.cs: 5e3e2662beb76f92f544ca3a6af0a002 -> 5a3119d6abe586168b6fe06c7e98c69c
  custom:scripting/monoscript/fileName/TogglePopup.cs: e3546a95722da3ab7907a444f1349cba -> 1d986db86e682e16edccd0653eb2aad7
  custom:scripting/monoscript/fileName/ITextureLoader.cs: fb942611a67ee29c2d3906a7f2b2ca06 -> 5adc935e3b3fb7761c6d5c127df50233
  custom:scripting/monoscript/fileName/SaveBtn.cs: 3dfbd63f5b032b539a11095805980518 -> 62cda288bb207ed68b5083d6b77f7471
  custom:scripting/monoscript/fileName/NextSkinMeshBtn.cs: 7bde284a6144f85f7d24cd53fe360afe -> c82eddd7edff4db94905f44ef59144c1
  custom:scripting/monoscript/fileName/Head.cs: ef8602f0e05bb6f56d36072970253a56 -> 6728c540b9905eb1de06718fa4aae534
  custom:scripting/monoscript/fileName/NextFXBtn.cs: ec23ffa473c712e78d6eb18c4ae448be -> 7e2755ad9a90b6ecb18961111ed6b016
  custom:scripting/monoscript/fileName/AssetBundleBrowserMain.cs: adf460d08e5161db4df4e9efbad520b6 -> d6cbb84444c9fdda30a8092bb0794cf7
  custom:scripting/monoscript/fileName/JSONMap.cs: 0cc7c12ea7048b3ee204a6864ec14612 -> f72d2edab136c1eb89bac454d589dbd3
  custom:scripting/monoscript/fileName/AssetBundleManageTab.cs: cd787c8175c6b452036330db58559128 -> 31b1d66e60f6e821749b4e2c88c32cdd
  custom:scripting/monoscript/fileName/Torso.cs: 69b7e0d6a62aacc036b1886a4ba2587b -> 54ee6015ea03462115d4c3153edbdf8c
  custom:scripting/monoscript/fileName/AssetBundleBuildTab.cs: e4d3d716146519b1f52f6c0fe7ec5a47 -> c4f1a336c5910d1832fd9e6c972559ad
  custom:scripting/monoscript/fileName/Hair.cs: 1f4e341ec44f1e9a43da832f30eda5e7 -> a794926f97f7a5e9c465865fe7af5e1b
  custom:scripting/monoscript/fileName/AbstractMesh.cs: f416745403975ff81463073698d6e017 -> 8184b2a66042d8caaccbbd20ed31dc56
  custom:scripting/monoscript/fileName/NextTextureBtn.cs: d5a300ee8993aada97b6138db78b58aa -> 68286e9f0e1d42eee9d43ba74e34330f
  custom:scripting/monoscript/fileName/Gloves.cs: 21fa036484600f2d249c1ff665501393 -> 28f9e2f54620c042ed9595f00f2065dc
  custom:scripting/monoscript/fileName/AssetBundleManager.cs: 0e168d48c6d3576e59f6c42f92fecd60 -> c15faaf8b529192dbe9aec9afe4991fd
  custom:scripting/monoscript/fileName/RobeLong.cs: 1a7163e76453fecee35478b548086606 -> f4a05f13d9e9427f236c1f1234a17722
  custom:scripting/monoscript/fileName/InspectTreeView.cs: 4d03769e654689089e5185b09bfc6882 -> 260e1db8105b149fed2e7856746dbf0f
  custom:scripting/monoscript/fileName/MeshLoader.cs: 0b10154577fb1ae0dd2e8310eae4ddf4 -> 514b5b4b4814025e9f754ee22115b972
  custom:scripting/monoscript/fileName/PrevFXBtn.cs: 9adcb6db2d84b99fc2ba85718ff2705c -> d82c337bfc40d281d6f7be6c53a9171d
  custom:scripting/monoscript/fileName/ABModel.cs: d4f2ea81e354d5c73ab4578ede6b09b2 -> efbeff1b31df600fad6d5bea582c7fba
  custom:video-encoder-webm-vp8: eb34c28f22e8b96e1ab97ce403110664 -> 
  custom:scripting/monoscript/fileName/TextureLoader.cs: ef2efb353191380796da06838f0ca27c -> 32fee57eede5dc7675a4e8e137c57785
  custom:scripting/monoscript/fileName/Cloak.cs: 83fee273266203de062b641017c68a04 -> a5348ad8315a274870ac1256b416f4df
  custom:audio-decoder-ogg-vorbis: bf7c407c2cedff20999df2af8eb42d56 -> 
  custom:scripting/monoscript/fileName/Eyebrow.cs: a80914df48c7002be677c64522cce038 -> 60a10d1886232f9d6b3fd8be0c11fca9
  custom:scripting/monoscript/fileName/MeshUVManager.cs: 3a3d4245c35b74c0afddd620ce689573 -> fa1c5e2aa443e2c89e2f51af239fa10f
  custom:scripting/monoscript/fileName/MessageList.cs: 6b608508dbf342db2b025fa4e75150ed -> e187436fd3600e1e0afecc6a8da1f18c
  custom:scripting/monoscript/fileName/ClearMeshColorBtn.cs: 0007c8d870af1fc291acf8c091e58855 -> 45fdc58f7fbca9a24d836bd66f751d53
  custom:scripting/monoscript/fileName/MessageSystem.cs: e1fba72936ec77bbbc283ee14a4e5ac9 -> c1467679f7f8f7989b7c591fe16f095b
  custom:scripting/monoscript/fileName/Helper.cs: c607632c58e5a7e90f5ab372e55f1b53 -> 42ad14543d1a843693f11a1cb7823bdc
  custom:scripting/monoscript/fileName/TorsoAdd.cs: de2919cda7445d192f99b708ac4f8f98 -> 6a719884572b7c749207c858146f4e3c
  custom:scripting/monoscript/fileName/EnumFlagDrawer.cs: 41a8255d04f81b6824e2eb405c56f882 -> 5c63d0c0059ff695bd0ee486d1e93bdc
  custom:scripting/monoscript/fileName/Utility.cs: 28500e0d15bd811ed13877f72f01a728 -> bc7c77987476d2cc716aa6822231009e
  custom:scripting/monoscript/fileName/NextColorBtn.cs: 3c291ea58299c895d1e49ee9d26926c4 -> 3628818366004c784ce7c532472e0770
  custom:scripting/monoscript/fileName/BeltAdd.cs: cb7f04a49673453c6e59d8a19fc25506 -> 23c8e20e1dd3c9ed150a971c41b0440b
  custom:scripting/monoscript/fileName/Skin.cs: b53e0e70cea1e5a2051dbeb2d303d7bf -> fa5b8fbc5e21205ad140661bb8d1d29a
  custom:scripting/monoscript/fileName/PrevMeshColorBtn.cs: 6e7146d83f859cab20d94f99a895303c -> eb2dbdc18e08517d5e99c78a100e7907
  custom:audio-encoder-webm-vorbis: bf7c407c2cedff20999df2af8eb42d56 -> 
  custom:scripting/monoscript/fileName/Helm.cs: c26d56b2bba9bcb0ed144e3501bc4050 -> 015c5ef11547d2a56ec06cbf9181e054
  custom:scripting/monoscript/fileName/Shoulder.cs: cd26873c046cfe405838db4b32b97d24 -> cbc35143cbffbdb744890d07b8670e7e
  custom:scripting/monoscript/fileName/IMeshLoader.cs: 9ae204479feb9db18b224953da5838fd -> 103d9667209b427a4c68ea28303f3cd3
  custom:scripting/monoscript/fileName/AssetListTree.cs: 255920d2dc3ac581fe65ea217df17385 -> 95ef94b9b5c1fc8c166d91a2229d1537
  custom:scripting/monoscript/fileName/MeshTexture.cs: e035409d8c1a139d8e58746d92de0530 -> 1c4c6300614cc8e271b614963931701e
  custom:scripting/monoscript/fileName/AssetBundleTree.cs: db18b513ade8dfdb586627b6c32bbf86 -> 5c86cf837bb6943c3398dc49a567b80f
  custom:scripting/precompiled-assembly-types:Assembly-CSharp: bd61ef89dd052a62cb180bc111b9f981 -> 2a57b7d9ba6c891b20990c959df4dfe7
  custom:scripting/monoscript/fileName/SpriteProcessor.cs: ecdbdd0dbf42b62f38de6c8096601c0d -> b47784218d8c2d820a413741c1f25a1f
  custom:scripting/monoscript/fileName/NextMeshColorBtn.cs: f15a2f312aac46efa390132e8e876a6a -> 3fefab99c46d758ed0e047f19be1644f
  custom:scripting/monoscript/fileName/ClearAllBtn.cs: 6b6df7aa9e75a6cecf2976db793db6eb -> bcba9c9686446fb7cf756301ebf868ec
  custom:scripting/monoscript/fileName/PlayerMoveController.cs: a4e66a81bcb2d723b3fb87dd004c6314 -> cc068b745400ee66c75378bcb7b27fdb
  custom:scripting/monoscript/fileName/ConfigLoader.cs: 62e091607cdc915ce80d4a253b61a2e7 -> db4bab6728472d9dedc7dfcc22e69d2d
  custom:scripting/monoscript/fileName/SaveItem.cs: 9fe0db1767d984560e8ce3cdb5cdd4f1 -> d881a933ade13ea32bf025db14797336
  custom:scripting/monoscript/fileName/SaveData.cs: cb74f51d5ddf1e3c0494034ad7572a91 -> b41c91a98201f94a04946b0cf063c975
  custom:scripting/monoscript/fileName/PrevColorBtn.cs: 745000830732e20a24b2b0544e8a21f7 -> e1d2791f9dd94cc4e35385ca804752d8
========================================================================
Received Prepare
Caller must complete domain reload
Begin MonoManager ReloadAssembly
- Loaded All Assemblies, in  0.594 seconds
Native extension for WindowsStandalone target not found
Native extension for Android target not found
Mono: successfully reloaded assembly
- Finished resetting the current domain, in  1.549 seconds
Domain Reload Profiling: 2139ms
	BeginReloadAssembly (157ms)
		ExecutionOrderSort (0ms)
		DisableScriptedObjects (4ms)
		BackupInstance (0ms)
		ReleaseScriptingObjects (0ms)
		CreateAndSetChildDomain (35ms)
	RebuildCommonClasses (30ms)
	RebuildNativeTypeToScriptingClass (9ms)
	initialDomainReloadingComplete (34ms)
	LoadAllAssembliesAndSetupDomain (360ms)
		LoadAssemblies (416ms)
		RebuildTransferFunctionScriptingTraits (0ms)
		AnalyzeDomain (30ms)
			TypeCache.Refresh (10ms)
				TypeCache.ScanAssembly (0ms)
			ScanForSourceGeneratedMonoScriptInfo (0ms)
			ResolveRequiredComponents (15ms)
	FinalizeReload (1549ms)
		ReleaseScriptCaches (0ms)
		RebuildScriptCaches (0ms)
		SetupLoadedEditorAssemblies (587ms)
			LogAssemblyErrors (0ms)
			InitializePlatformSupportModulesInManaged (22ms)
			SetLoadedEditorAssemblies (6ms)
			RefreshPlugins (0ms)
			BeforeProcessingInitializeOnLoad (105ms)
			ProcessInitializeOnLoadAttributes (379ms)
			ProcessInitializeOnLoadMethodAttributes (67ms)
			AfterProcessingInitializeOnLoad (9ms)
			EditorAssembliesLoaded (0ms)
		ExecutionOrderSort2 (0ms)
		AwakeInstancesAfterBackupRestoration (15ms)
WARNING: Shader Unsupported: 'Toon/Basic Outline' - All subshaders removed
WARNING: Shader Did you use #pragma only_renderers and omit this platform?
WARNING: Shader If subshaders removal was intentional, you may have forgotten turning Fallback off?
WARNING: Shader Unsupported: 'Toon/Basic Outline' - All subshaders removed
WARNING: Shader Did you use #pragma only_renderers and omit this platform?
WARNING: Shader If subshaders removal was intentional, you may have forgotten turning Fallback off?
WARNING: Shader Unsupported: 'Toon/Lit Outline' - All subshaders removed
WARNING: Shader Did you use #pragma only_renderers and omit this platform?
WARNING: Shader If subshaders removal was intentional, you may have forgotten turning Fallback off?
WARNING: Shader Unsupported: 'Toon/Lit Outline' - All subshaders removed
WARNING: Shader Did you use #pragma only_renderers and omit this platform?
WARNING: Shader If subshaders removal was intentional, you may have forgotten turning Fallback off?
Refreshing native plugins compatible for Editor in 8.62 ms, found 4 plugins.
Preloading 0 native plugins for Editor in 0.00 ms.
Unloading 5364 Unused Serialized files (Serialized files now loaded: 0)
Unloading 24 unused Assets / (0.6 MB). Loaded Objects now: 6186.
Memory consumption went from 191.2 MB to 190.5 MB.
Total: 5.181200 ms (FindLiveObjects: 0.908200 ms CreateObjectMapping: 0.565100 ms MarkObjects: 3.215300 ms  DeleteObjects: 0.491000 ms)

Prepare: number of updated asset objects reloaded= 0
AssetImportParameters requested are different than current active one (requested -> active):
  custom:scripting/monoscript/fileName/MeshTypeBone.cs: f2929f2b8ecce3a651b0fd3ffe111924 -> 843ff81fb2c811dcac98decd349efe80
  custom:scripting/monoscript/fileName/ShaderSelector.cs: 685bc00da5c5122ea4d91cfb7c33d4ce -> 521612be2626bcd49281fc726d73115d
  custom:scripting/monoscript/fileName/Hand.cs: 5052127099e76a39f6f2b58ea1ef5c1e -> 192355eabc8b0bb90d2503d57cbc29e1
  custom:scripting/monoscript/fileName/TextureFactory.cs: cee276c059ba8c5d89b2dce85c58444e -> 9b0e0386d21b5055c4b652bc661be2ca
  custom:scripting/monoscript/fileName/ExecuteInternalMono.cs: 3e44be6fc6d7f25500f51fef3364e783 -> c1dae4aa6cbf1512716dd7e8414f8006
  custom:scripting/monoscript/fileName/BundleDetailList.cs: 49a12b558eca8c309cefc20f79be4f08 -> 7b03139c488749eda460103673d30967
  custom:scripting/monoscript/fileName/ChangeSkinMeshBtn.cs: 5c6d8ac28a61c97b01d08415ec68b892 -> 58cbf8e281a1824de7ac09fd6ead4741
  custom:container-demuxer-ogg: 62fdf1f143b41e24485cea50d1cbac27 -> 
  custom:scripting/monoscript/fileName/InspectSingleBundle.cs: c4ddaa812469395f667f8059fbbafbb2 -> ff6bcd7c39743f835ec77986ad4e4842
  custom:scripting/monoscript/fileName/TorsoFX.cs: 8364f33fdfe728687ae399ca95227afe -> 5e6b4d93b934706642170673ecf5c3cb
  custom:scripting/monoscript/fileName/Scar.cs: a42aaa0f7421fdbac285e770432737fe -> 93cf6a2332a708e947886120175eb79a
  custom:scripting/monoscript/fileName/Eye.cs: afd6b945d219259bc28efd165ef781f4 -> 698a2a7ea54ef8de083e5f76c9b8d930
  custom:scripting/monoscript/fileName/PrevTextureBtn.cs: ca06f7a8c9b0f19ce544f3b94a1420fa -> 764f96572b39e13aca5f7f18826c47b4
  custom:scripting/monoscript/fileName/ClearColorBtn.cs: 1e8e6c93adda6a5ba905483e8182c1dd -> c480f5967894d16fe78f727f834b09ac
  custom:scripting/monoscript/fileName/SaveManager.cs: de2264e4a492adfd4c3a4c607fa8c9d4 -> 3fcb126c6a66ba31aa898dd5743caa30
  custom:scripting/monoscript/fileName/PrevCharacterBtn.cs: 8b169ad1106eaf0dbdbff832654707ff -> 82d84ae18bcec8ea0c987e0a3a9d6a13
  custom:scripting/monoscript/fileName/Popup.cs: 1c1ef9080900e5e97d1b14f0b41eadfa -> 2cc3075140bfd1e8dd79773fa10aee0b
  custom:scripting/monoscript/fileName/EditorBundleManager.cs: 25971b08130223425370a0c67fd24c1d -> dc4d9d3c0d3cadbde48071e4065b6fbb
  custom:scripting/monoscript/fileName/LoadBtn.cs: 70bafae7f72c9ee6623f2f31d0779c28 -> 2ea2705ebacd83d0846f91df66c28259
  custom:scripting/monoscript/fileName/TextureTypeMaskSelector.cs: 7ff2a9c585e0132e7eecc431d721fd4f -> c5691a283aa245253aed7fa0115457e3
  custom:scripting/monoscript/fileName/Pants.cs: 6c99c36b54f1584503cd85f530589db5 -> df098d75808a7fb623ca5598aed5b66e
  custom:scripting/monoscript/fileName/ABDataSourceProvider.cs: 4f93c6cdfbe44a00612a956e4ef9ffe7 -> d15a3b944396c4baae05b3f33e2f8331
  custom:video-decoder-ogg-theora: a1e56fd34408186e4bbccfd4996cb3dc -> 
  custom:scripting/monoscript/fileName/MeshManager.cs: 2f249bf80d6ae36c03b9409f5feb6c0d -> 80ab94735750c9af566e7e697efa30bc
  custom:scripting/monoscript/fileName/ABDataSource.cs: 41b8295d17e0ef0ed1d4f959baadf27f -> 7ceefc660d5f297abc8804d14984f27e
  custom:framework-win-MediaFoundation: 216162199b28c13a410421893ffa2e32 -> 
  custom:scripting/monoscript/fileName/NextCharacterBtn.cs: 3c5d6d5f91a48826bcb43d4ef5261f6a -> 271bcb60c5934eb6d4486f66396754c5
  custom:scripting/monoscript/fileName/AssetBundleInspectTab.cs: 945f43d3df2c8ee2453a9a63fa11274c -> 9c287edf6d1d376f12a8f96d01ec074a
  custom:scripting/monoscript/fileName/SaveListView.cs: e595613b43c00299f3513b824b0dabc3 -> 66f5588456e9744a16cd29a95c0a128e
  custom:scripting/monoscript/fileName/MeshFactory.cs: 4bbafa913eed9f0fb1b99654c8762909 -> a5c11ad228aefe2964b1b339054e39bc
  custom:scripting/monoscript/fileName/CharacterCustomizer.cs: 6b998336770e1834435505a2273ed78a -> 
  custom:scripting/monoscript/fileName/TestDatabase.cs: 23855a153a87fda770b086a78bc24d6d -> 
  custom:scripting/monoscript/fileName/AssetDatabaseABDataSource.cs: f87f54f41a9ae61d6c93a1ee4a7276fe -> a9068bde9865684c07718fa2f110ebd4
  custom:scripting/monoscript/fileName/AbstractFXMesh.cs: 2f7f8bc9d1b9e98b83ebf043ab545fae -> 355e798705134331d1b4e13fe77a1ba2
  custom:scripting/monoscript/fileName/IConfigLoader.cs: 290018350438b79782c4b9fdba32926e -> a4ccf3c5021bb9e95d5d05a0a09bf8bd
  custom:scripting/monoscript/fileName/ABModelBundleInfo.cs: 2188b089518dc510222192403494a01e -> 9fa50afaf3db0543d3d887b15c00368c
  custom:scripting/monoscript/fileName/Leg.cs: ef7b14f4330dc25387e1b59f0290d188 -> 43594c645958cd98f0dcb60d0855f6d1
  custom:scripting/monoscript/fileName/ABModelAssetInfo.cs: 30e23a9e1ca57fffc37b721992bcf1a0 -> cf869514a0bf82899ce1cda23bdb700e
  custom:scripting/monoscript/fileName/MeshTypeMaskSelector.cs: e94ba6f4a1adba4feee5fb7cc4e351fe -> ed92edda1c9655f258c64f35a85ef583
  custom:scripting/monoscript/fileName/ClearMeshBtn.cs: b14d5ced1c19826bfc491001a3f185d1 -> d990ebc2143de5948aea2a5badbfe15b
  custom:scripting/monoscript/fileName/MeshAndTextureTypeMaskSelector.cs: fdba9a050c9e3646ce8e80b7e936d037 -> 8a4bea39d5d059db9f897ddcbaaa5fb6
  custom:scripting/monoscript/fileName/FxMeshFactory.cs: c3e28ca0186ef5ee5525c8801ad21c5a -> 0c8ff1afadd69a3595c5d00772f68410
  custom:scripting/monoscript/fileName/FXTypeMaskSelector.cs: d74f6e4a0bcd101e2717459b81084106 -> 0f6cbde77ec3d316ca044b2bb5952a3c
  custom:scripting/monoscript/fileName/PlayerController.cs: 5b090d859ab09be631dc3b0f203f9571 -> d93a52a180fbbe603a59e9aa6da73c83
  custom:scripting/monoscript/fileName/BuildScript.cs: 426ea9e2914d6e2d91f1414353c5dafc -> 337dba19c2e29ee8e4980fc4e2019d2f
  custom:scripting/monoscript/fileName/ClearSkinMeshBtn.cs: 82d2655784ebc16abf5528736d619a9b -> a8f6aebd6c57b68160badb6bcb2d0ed6
  custom:scripting/monoscript/fileName/CreateCharacterWizard.cs: acfc968f24a9426403bd5add4843dcf8 -> 45f0e70a15c8659931d42d36cb8cac07
  custom:CustomObjectIndexerAttribute: 72b91833f83ae208fae7752999fa3104 -> 
  custom:scripting/monoscript/fileName/AbstractTexture.cs: 5fe6f2f7be7fb5a86569856b4345a004 -> e0980b08fec448804b26f5b6dad65dfd
  custom:scripting/monoscript/fileName/FollowCamera.cs: 2d720f10865b64f024b0e3fccdd261c7 -> 8d6eb8e229738de226ec56d9e22b6b63
  custom:scripting/monoscript/fileName/FxMeshTypeBone.cs: f85b6921dfd1e47314410f2e3b110e25 -> c7f230be3097e0ffbcff74b002f4c068
  custom:scripting/monoscript/fileName/AssetbundlesMenuItems.cs: c3bdb3cf11cdd131fd9c40f5c72fdbb7 -> bacd4da6799b9476bee68e043690ff36
  custom:scripting/monoscript/fileName/CharacterRendererUI.cs: 494bfcacef163a63e00e0a76e5490b75 -> 
  custom:scripting/monoscript/fileName/Arm.cs: 4102684b6836edb71c1e92ebf943cfad -> b923216ab6f821207b08c03afd4c6525
  custom:container-demuxer-webm: 4f35f7cbe854078d1ac9338744f61a02 -> 
  custom:scripting/monoscript/fileName/NextMeshBtn.cs: c626932f4e3ef625c1f95cbb7df53377 -> c475632899117e513eda9e15e910b76e
  custom:scripting/monoscript/fileName/FaceFeature.cs: 4fb49a14cfb347e565b8520b489cd06f -> 2d58afa4a16bca365a6beb0bf6bfaea3
  custom:scripting/monoscript/fileName/SavePrefabBtn.cs: 3a461d0b73e33e6450805a3d4c14cf7e -> fb80c3034ef9c4f90fa622ffe7f9f829
  custom:scripting/monoscript/fileName/LoaderManager.cs: 369c2be46c8c25c8c25ebdc236e1107b -> de56154becf62ebc4f0181681035238d
  custom:scripting/monoscript/fileName/SaveNameInput.cs: 38a66e5dc26bdeafde0ff106788ee663 -> aae89d2fa016e54079d9c4371e2e5f50
  custom:scripting/monoscript/fileName/Config.cs: e85a922a2347c074e5939d78a5a7a10e -> 7351639d5127e04bc4fcb4671c4a17fb
  custom:scripting/monoscript/fileName/EyeFX.cs: bb3e917396c4b9336da3800cda69d75f -> 0e9063be2785787a64aac5ac3958ba88
  custom:scripting/monoscript/fileName/CategoryPanel.cs: 2ede49e7213c224cf2b42e7bf0785af5 -> 
  custom:scripting/monoscript/fileName/JumpFallBehaviour.cs: 6e303c4d540ce7e39efab9189bb22bcd -> 71c001d1ad34a6d3b319feace6bde3ef
  custom:scripting/monoscript/fileName/PrevMeshBtn.cs: e4cc6e23cf1ae834cfc676eb293c1a5c -> b3d8856e7d265dc9c0dfa6c173a5ecfd
  custom:container-muxer-webm: aa71ff27fc2769a1b78a27578f13a17b -> 
  custom:scripting/monoscript/fileName/ClearTextureBtn.cs: 4f31783abce9af1d7ec4839287fef475 -> e3b2bcf1edcb5118f2edfda92d79dc01
  custom:scripting/monoscript/fileName/Shoes.cs: 066ec4aa35b5452249c3208e4decccac -> a3171f40fe6c3d65d3385917721d6b32
  custom:video-decoder-webm-vp8: 9c59270c3fd7afecdb556c50c9e8de78 -> 
  custom:scripting/monoscript/fileName/ConfigManager.cs: ecadd354c11a441a4c89b5fd7a9f00e6 -> caea2b28af0ab9e40fec80621d2354a1
  custom:scripting/monoscript/fileName/ClearFXBtn.cs: 9a39f15de353636ac82e469249897f2d -> 7bb97525152b99fa74400a29eaa13dea
  custom:scripting/monoscript/fileName/ClosePopup.cs: b8d454205b2ceefe37b5fd3a66ce3f21 -> 55d4b78c13dd76e50d9c188109fdf0bb
  custom:SearchIndexIgnoredProperties: e643bd26f0fe6173181afceb89e7c659 -> 
  custom:scripting/monoscript/fileName/Belt.cs: 57f9cd2ecc900069b427149243ef3bc5 -> 49eb07e37613e7bc3cd2ca1c5688a06b
  custom:AudioImporter_EditorPlatform: d09bf68614088b80899f8185d706f6e7 -> 
  custom:scripting/monoscript/fileName/AssetBundleLoadOperation.cs: 6671757952e868610efe84deb7d10911 -> 5e23b7cfd6b1aefafff250cf74ef9147
  custom:scripting/monoscript/fileName/PrevSkinMeshBtn.cs: 4b975732b197cfed11faf978a39a86d9 -> 949d41495696a789e910ed4bddee68c8
  custom:scripting/monoscript/fileName/RandomBtn.cs: 09358cb3d53669a5fb3911b12bed41f9 -> 851c8dec69594280621f9ae4205a836d
  custom:scripting/monoscript/fileName/Beard.cs: fcba2011bd59aa862783e312bcb3f1ed -> 25619eaf3bae2cd2a4b58a1e35f6de63
  custom:scripting/monoscript/fileName/EnumFlagAttribute.cs: 74d0d26091c169f8de5e9bf42af43876 -> 955415b54787984cbbb8aa271c5326e3
  custom:scripting/monoscript/fileName/LaunchAssetBundleServer.cs: fde14ca75a313e949066fe5170090bd6 -> 43db2fb10887bbfb076c6767daba67bd
  custom:scripting/monoscript/fileName/TextureManager.cs: e8b62e3c8c466c37ed390308c47b609f -> aaabee5faa243fca33eb568630ae6e8e
  custom:scripting/monoscript/fileName/RobeShort.cs: 98a985110c88276dffccdebb9b45a97a -> 3c6d536f5d6b37080b8a61040ec81de3
  custom:scripting/monoscript/fileName/AssetBundleRecord.cs: 5e3e2662beb76f92f544ca3a6af0a002 -> 5a3119d6abe586168b6fe06c7e98c69c
  custom:scripting/monoscript/fileName/TogglePopup.cs: e3546a95722da3ab7907a444f1349cba -> 1d986db86e682e16edccd0653eb2aad7
  custom:scripting/monoscript/fileName/ITextureLoader.cs: fb942611a67ee29c2d3906a7f2b2ca06 -> 5adc935e3b3fb7761c6d5c127df50233
  custom:scripting/monoscript/fileName/SaveBtn.cs: 3dfbd63f5b032b539a11095805980518 -> 62cda288bb207ed68b5083d6b77f7471
  custom:scripting/monoscript/fileName/NextSkinMeshBtn.cs: 7bde284a6144f85f7d24cd53fe360afe -> c82eddd7edff4db94905f44ef59144c1
  custom:scripting/monoscript/fileName/Head.cs: ef8602f0e05bb6f56d36072970253a56 -> 6728c540b9905eb1de06718fa4aae534
  custom:scripting/monoscript/fileName/NextFXBtn.cs: ec23ffa473c712e78d6eb18c4ae448be -> 7e2755ad9a90b6ecb18961111ed6b016
  custom:scripting/monoscript/fileName/AssetBundleBrowserMain.cs: adf460d08e5161db4df4e9efbad520b6 -> d6cbb84444c9fdda30a8092bb0794cf7
  custom:scripting/monoscript/fileName/JSONMap.cs: 0cc7c12ea7048b3ee204a6864ec14612 -> f72d2edab136c1eb89bac454d589dbd3
  custom:scripting/monoscript/fileName/AssetBundleManageTab.cs: cd787c8175c6b452036330db58559128 -> 31b1d66e60f6e821749b4e2c88c32cdd
  custom:scripting/monoscript/fileName/Torso.cs: 69b7e0d6a62aacc036b1886a4ba2587b -> 54ee6015ea03462115d4c3153edbdf8c
  custom:scripting/monoscript/fileName/AssetBundleBuildTab.cs: e4d3d716146519b1f52f6c0fe7ec5a47 -> c4f1a336c5910d1832fd9e6c972559ad
  custom:scripting/monoscript/fileName/Hair.cs: 1f4e341ec44f1e9a43da832f30eda5e7 -> a794926f97f7a5e9c465865fe7af5e1b
  custom:scripting/monoscript/fileName/AbstractMesh.cs: f416745403975ff81463073698d6e017 -> 8184b2a66042d8caaccbbd20ed31dc56
  custom:scripting/monoscript/fileName/NextTextureBtn.cs: d5a300ee8993aada97b6138db78b58aa -> 68286e9f0e1d42eee9d43ba74e34330f
  custom:scripting/monoscript/fileName/Gloves.cs: 21fa036484600f2d249c1ff665501393 -> 28f9e2f54620c042ed9595f00f2065dc
  custom:scripting/monoscript/fileName/AssetBundleManager.cs: 0e168d48c6d3576e59f6c42f92fecd60 -> c15faaf8b529192dbe9aec9afe4991fd
  custom:scripting/monoscript/fileName/RobeLong.cs: 1a7163e76453fecee35478b548086606 -> f4a05f13d9e9427f236c1f1234a17722
  custom:scripting/monoscript/fileName/InspectTreeView.cs: 4d03769e654689089e5185b09bfc6882 -> 260e1db8105b149fed2e7856746dbf0f
  custom:scripting/monoscript/fileName/MeshLoader.cs: 0b10154577fb1ae0dd2e8310eae4ddf4 -> 514b5b4b4814025e9f754ee22115b972
  custom:scripting/monoscript/fileName/PrevFXBtn.cs: 9adcb6db2d84b99fc2ba85718ff2705c -> d82c337bfc40d281d6f7be6c53a9171d
  custom:scripting/monoscript/fileName/ABModel.cs: d4f2ea81e354d5c73ab4578ede6b09b2 -> efbeff1b31df600fad6d5bea582c7fba
  custom:video-encoder-webm-vp8: eb34c28f22e8b96e1ab97ce403110664 -> 
  custom:scripting/monoscript/fileName/TextureLoader.cs: ef2efb353191380796da06838f0ca27c -> 32fee57eede5dc7675a4e8e137c57785
  custom:scripting/monoscript/fileName/Cloak.cs: 83fee273266203de062b641017c68a04 -> a5348ad8315a274870ac1256b416f4df
  custom:audio-decoder-ogg-vorbis: bf7c407c2cedff20999df2af8eb42d56 -> 
  custom:scripting/monoscript/fileName/Eyebrow.cs: a80914df48c7002be677c64522cce038 -> 60a10d1886232f9d6b3fd8be0c11fca9
  custom:scripting/monoscript/fileName/MeshUVManager.cs: 3a3d4245c35b74c0afddd620ce689573 -> fa1c5e2aa443e2c89e2f51af239fa10f
  custom:scripting/monoscript/fileName/MessageList.cs: 6b608508dbf342db2b025fa4e75150ed -> e187436fd3600e1e0afecc6a8da1f18c
  custom:scripting/monoscript/fileName/ClearMeshColorBtn.cs: 0007c8d870af1fc291acf8c091e58855 -> 45fdc58f7fbca9a24d836bd66f751d53
  custom:scripting/monoscript/fileName/MessageSystem.cs: e1fba72936ec77bbbc283ee14a4e5ac9 -> c1467679f7f8f7989b7c591fe16f095b
  custom:scripting/monoscript/fileName/Helper.cs: c607632c58e5a7e90f5ab372e55f1b53 -> 42ad14543d1a843693f11a1cb7823bdc
  custom:scripting/monoscript/fileName/TorsoAdd.cs: de2919cda7445d192f99b708ac4f8f98 -> 6a719884572b7c749207c858146f4e3c
  custom:scripting/monoscript/fileName/EnumFlagDrawer.cs: 41a8255d04f81b6824e2eb405c56f882 -> 5c63d0c0059ff695bd0ee486d1e93bdc
  custom:scripting/monoscript/fileName/Utility.cs: 28500e0d15bd811ed13877f72f01a728 -> bc7c77987476d2cc716aa6822231009e
  custom:scripting/monoscript/fileName/NextColorBtn.cs: 3c291ea58299c895d1e49ee9d26926c4 -> 3628818366004c784ce7c532472e0770
  custom:scripting/monoscript/fileName/BeltAdd.cs: cb7f04a49673453c6e59d8a19fc25506 -> 23c8e20e1dd3c9ed150a971c41b0440b
  custom:scripting/monoscript/fileName/Skin.cs: b53e0e70cea1e5a2051dbeb2d303d7bf -> fa5b8fbc5e21205ad140661bb8d1d29a
  custom:scripting/monoscript/fileName/PrevMeshColorBtn.cs: 6e7146d83f859cab20d94f99a895303c -> eb2dbdc18e08517d5e99c78a100e7907
  custom:audio-encoder-webm-vorbis: bf7c407c2cedff20999df2af8eb42d56 -> 
  custom:scripting/monoscript/fileName/Helm.cs: c26d56b2bba9bcb0ed144e3501bc4050 -> 015c5ef11547d2a56ec06cbf9181e054
  custom:scripting/monoscript/fileName/Shoulder.cs: cd26873c046cfe405838db4b32b97d24 -> cbc35143cbffbdb744890d07b8670e7e
  custom:scripting/monoscript/fileName/IMeshLoader.cs: 9ae204479feb9db18b224953da5838fd -> 103d9667209b427a4c68ea28303f3cd3
  custom:scripting/monoscript/fileName/AssetListTree.cs: 255920d2dc3ac581fe65ea217df17385 -> 95ef94b9b5c1fc8c166d91a2229d1537
  custom:scripting/monoscript/fileName/MeshTexture.cs: e035409d8c1a139d8e58746d92de0530 -> 1c4c6300614cc8e271b614963931701e
  custom:scripting/monoscript/fileName/AssetBundleTree.cs: db18b513ade8dfdb586627b6c32bbf86 -> 5c86cf837bb6943c3398dc49a567b80f
  custom:scripting/precompiled-assembly-types:Assembly-CSharp: bd61ef89dd052a62cb180bc111b9f981 -> 2a57b7d9ba6c891b20990c959df4dfe7
  custom:scripting/monoscript/fileName/SpriteProcessor.cs: ecdbdd0dbf42b62f38de6c8096601c0d -> b47784218d8c2d820a413741c1f25a1f
  custom:scripting/monoscript/fileName/NextMeshColorBtn.cs: f15a2f312aac46efa390132e8e876a6a -> 3fefab99c46d758ed0e047f19be1644f
  custom:scripting/monoscript/fileName/ClearAllBtn.cs: 6b6df7aa9e75a6cecf2976db793db6eb -> bcba9c9686446fb7cf756301ebf868ec
  custom:scripting/monoscript/fileName/PlayerMoveController.cs: a4e66a81bcb2d723b3fb87dd004c6314 -> cc068b745400ee66c75378bcb7b27fdb
  custom:scripting/monoscript/fileName/ConfigLoader.cs: 62e091607cdc915ce80d4a253b61a2e7 -> db4bab6728472d9dedc7dfcc22e69d2d
  custom:scripting/monoscript/fileName/SaveItem.cs: 9fe0db1767d984560e8ce3cdb5cdd4f1 -> d881a933ade13ea32bf025db14797336
  custom:scripting/monoscript/fileName/SaveData.cs: cb74f51d5ddf1e3c0494034ad7572a91 -> b41c91a98201f94a04946b0cf063c975
  custom:scripting/monoscript/fileName/PrevColorBtn.cs: 745000830732e20a24b2b0544e8a21f7 -> e1d2791f9dd94cc4e35385ca804752d8
========================================================================
Received Prepare
Caller must complete domain reload
Begin MonoManager ReloadAssembly
- Loaded All Assemblies, in  0.597 seconds
Native extension for WindowsStandalone target not found
Native extension for Android target not found
Mono: successfully reloaded assembly
- Finished resetting the current domain, in  1.284 seconds
Domain Reload Profiling: 1878ms
	BeginReloadAssembly (185ms)
		ExecutionOrderSort (0ms)
		DisableScriptedObjects (4ms)
		BackupInstance (0ms)
		ReleaseScriptingObjects (0ms)
		CreateAndSetChildDomain (40ms)
	RebuildCommonClasses (34ms)
	RebuildNativeTypeToScriptingClass (10ms)
	initialDomainReloadingComplete (41ms)
	LoadAllAssembliesAndSetupDomain (323ms)
		LoadAssemblies (385ms)
		RebuildTransferFunctionScriptingTraits (0ms)
		AnalyzeDomain (49ms)
			TypeCache.Refresh (16ms)
				TypeCache.ScanAssembly (4ms)
			ScanForSourceGeneratedMonoScriptInfo (19ms)
			ResolveRequiredComponents (12ms)
	FinalizeReload (1285ms)
		ReleaseScriptCaches (0ms)
		RebuildScriptCaches (0ms)
		SetupLoadedEditorAssemblies (436ms)
			LogAssemblyErrors (0ms)
			InitializePlatformSupportModulesInManaged (17ms)
			SetLoadedEditorAssemblies (4ms)
			RefreshPlugins (0ms)
			BeforeProcessingInitializeOnLoad (79ms)
			ProcessInitializeOnLoadAttributes (255ms)
			ProcessInitializeOnLoadMethodAttributes (72ms)
			AfterProcessingInitializeOnLoad (9ms)
			EditorAssembliesLoaded (0ms)
		ExecutionOrderSort2 (0ms)
		AwakeInstancesAfterBackupRestoration (14ms)
WARNING: Shader Unsupported: 'Toon/Basic Outline' - All subshaders removed
WARNING: Shader Did you use #pragma only_renderers and omit this platform?
WARNING: Shader If subshaders removal was intentional, you may have forgotten turning Fallback off?
WARNING: Shader Unsupported: 'Toon/Basic Outline' - All subshaders removed
WARNING: Shader Did you use #pragma only_renderers and omit this platform?
WARNING: Shader If subshaders removal was intentional, you may have forgotten turning Fallback off?
WARNING: Shader Unsupported: 'Toon/Lit Outline' - All subshaders removed
WARNING: Shader Did you use #pragma only_renderers and omit this platform?
WARNING: Shader If subshaders removal was intentional, you may have forgotten turning Fallback off?
WARNING: Shader Unsupported: 'Toon/Lit Outline' - All subshaders removed
WARNING: Shader Did you use #pragma only_renderers and omit this platform?
WARNING: Shader If subshaders removal was intentional, you may have forgotten turning Fallback off?
Refreshing native plugins compatible for Editor in 6.60 ms, found 4 plugins.
Preloading 0 native plugins for Editor in 0.00 ms.
Unloading 5364 Unused Serialized files (Serialized files now loaded: 0)
Unloading 24 unused Assets / (0.6 MB). Loaded Objects now: 6191.
Memory consumption went from 191.2 MB to 190.6 MB.
Total: 5.247600 ms (FindLiveObjects: 0.674100 ms CreateObjectMapping: 0.600600 ms MarkObjects: 3.547900 ms  DeleteObjects: 0.422400 ms)

Prepare: number of updated asset objects reloaded= 0
AssetImportParameters requested are different than current active one (requested -> active):
  custom:scripting/monoscript/fileName/MeshTypeBone.cs: f2929f2b8ecce3a651b0fd3ffe111924 -> 843ff81fb2c811dcac98decd349efe80
  custom:scripting/monoscript/fileName/ShaderSelector.cs: 685bc00da5c5122ea4d91cfb7c33d4ce -> 521612be2626bcd49281fc726d73115d
  custom:scripting/monoscript/fileName/Hand.cs: 5052127099e76a39f6f2b58ea1ef5c1e -> 192355eabc8b0bb90d2503d57cbc29e1
  custom:scripting/monoscript/fileName/TextureFactory.cs: cee276c059ba8c5d89b2dce85c58444e -> 9b0e0386d21b5055c4b652bc661be2ca
  custom:scripting/monoscript/fileName/ExecuteInternalMono.cs: 3e44be6fc6d7f25500f51fef3364e783 -> c1dae4aa6cbf1512716dd7e8414f8006
  custom:scripting/monoscript/fileName/BundleDetailList.cs: 49a12b558eca8c309cefc20f79be4f08 -> 7b03139c488749eda460103673d30967
  custom:scripting/monoscript/fileName/ChangeSkinMeshBtn.cs: 5c6d8ac28a61c97b01d08415ec68b892 -> 58cbf8e281a1824de7ac09fd6ead4741
  custom:container-demuxer-ogg: 62fdf1f143b41e24485cea50d1cbac27 -> 
  custom:scripting/monoscript/fileName/InspectSingleBundle.cs: c4ddaa812469395f667f8059fbbafbb2 -> ff6bcd7c39743f835ec77986ad4e4842
  custom:scripting/monoscript/fileName/TorsoFX.cs: 8364f33fdfe728687ae399ca95227afe -> 5e6b4d93b934706642170673ecf5c3cb
  custom:scripting/monoscript/fileName/Scar.cs: a42aaa0f7421fdbac285e770432737fe -> 93cf6a2332a708e947886120175eb79a
  custom:scripting/monoscript/fileName/Eye.cs: afd6b945d219259bc28efd165ef781f4 -> 698a2a7ea54ef8de083e5f76c9b8d930
  custom:scripting/monoscript/fileName/PrevTextureBtn.cs: ca06f7a8c9b0f19ce544f3b94a1420fa -> 764f96572b39e13aca5f7f18826c47b4
  custom:scripting/monoscript/fileName/ClearColorBtn.cs: 1e8e6c93adda6a5ba905483e8182c1dd -> c480f5967894d16fe78f727f834b09ac
  custom:scripting/monoscript/fileName/SaveManager.cs: de2264e4a492adfd4c3a4c607fa8c9d4 -> 3fcb126c6a66ba31aa898dd5743caa30
  custom:scripting/monoscript/fileName/PrevCharacterBtn.cs: 8b169ad1106eaf0dbdbff832654707ff -> 82d84ae18bcec8ea0c987e0a3a9d6a13
  custom:scripting/monoscript/fileName/Popup.cs: 1c1ef9080900e5e97d1b14f0b41eadfa -> 2cc3075140bfd1e8dd79773fa10aee0b
  custom:scripting/monoscript/fileName/EditorBundleManager.cs: 25971b08130223425370a0c67fd24c1d -> dc4d9d3c0d3cadbde48071e4065b6fbb
  custom:scripting/monoscript/fileName/LoadBtn.cs: 70bafae7f72c9ee6623f2f31d0779c28 -> 2ea2705ebacd83d0846f91df66c28259
  custom:scripting/monoscript/fileName/TextureTypeMaskSelector.cs: 7ff2a9c585e0132e7eecc431d721fd4f -> c5691a283aa245253aed7fa0115457e3
  custom:scripting/monoscript/fileName/Pants.cs: 6c99c36b54f1584503cd85f530589db5 -> df098d75808a7fb623ca5598aed5b66e
  custom:scripting/monoscript/fileName/ABDataSourceProvider.cs: 4f93c6cdfbe44a00612a956e4ef9ffe7 -> d15a3b944396c4baae05b3f33e2f8331
  custom:video-decoder-ogg-theora: a1e56fd34408186e4bbccfd4996cb3dc -> 
  custom:scripting/monoscript/fileName/MeshManager.cs: 2f249bf80d6ae36c03b9409f5feb6c0d -> 80ab94735750c9af566e7e697efa30bc
  custom:scripting/monoscript/fileName/ABDataSource.cs: 41b8295d17e0ef0ed1d4f959baadf27f -> 7ceefc660d5f297abc8804d14984f27e
  custom:framework-win-MediaFoundation: 216162199b28c13a410421893ffa2e32 -> 
  custom:scripting/monoscript/fileName/NextCharacterBtn.cs: 3c5d6d5f91a48826bcb43d4ef5261f6a -> 271bcb60c5934eb6d4486f66396754c5
  custom:scripting/monoscript/fileName/AssetBundleInspectTab.cs: 945f43d3df2c8ee2453a9a63fa11274c -> 9c287edf6d1d376f12a8f96d01ec074a
  custom:scripting/monoscript/fileName/SaveListView.cs: e595613b43c00299f3513b824b0dabc3 -> 66f5588456e9744a16cd29a95c0a128e
  custom:scripting/monoscript/fileName/MeshFactory.cs: 4bbafa913eed9f0fb1b99654c8762909 -> a5c11ad228aefe2964b1b339054e39bc
  custom:scripting/monoscript/fileName/CharacterCustomizer.cs: 6b998336770e1834435505a2273ed78a -> 
  custom:scripting/monoscript/fileName/TestDatabase.cs: 23855a153a87fda770b086a78bc24d6d -> 
  custom:scripting/monoscript/fileName/AssetDatabaseABDataSource.cs: f87f54f41a9ae61d6c93a1ee4a7276fe -> a9068bde9865684c07718fa2f110ebd4
  custom:scripting/monoscript/fileName/AbstractFXMesh.cs: 2f7f8bc9d1b9e98b83ebf043ab545fae -> 355e798705134331d1b4e13fe77a1ba2
  custom:scripting/monoscript/fileName/IConfigLoader.cs: 290018350438b79782c4b9fdba32926e -> a4ccf3c5021bb9e95d5d05a0a09bf8bd
  custom:scripting/monoscript/fileName/ABModelBundleInfo.cs: 2188b089518dc510222192403494a01e -> 9fa50afaf3db0543d3d887b15c00368c
  custom:scripting/monoscript/fileName/Leg.cs: ef7b14f4330dc25387e1b59f0290d188 -> 43594c645958cd98f0dcb60d0855f6d1
  custom:scripting/monoscript/fileName/ABModelAssetInfo.cs: 30e23a9e1ca57fffc37b721992bcf1a0 -> cf869514a0bf82899ce1cda23bdb700e
  custom:scripting/monoscript/fileName/MeshTypeMaskSelector.cs: e94ba6f4a1adba4feee5fb7cc4e351fe -> ed92edda1c9655f258c64f35a85ef583
  custom:scripting/monoscript/fileName/ClearMeshBtn.cs: b14d5ced1c19826bfc491001a3f185d1 -> d990ebc2143de5948aea2a5badbfe15b
  custom:scripting/monoscript/fileName/MeshAndTextureTypeMaskSelector.cs: fdba9a050c9e3646ce8e80b7e936d037 -> 8a4bea39d5d059db9f897ddcbaaa5fb6
  custom:scripting/monoscript/fileName/FxMeshFactory.cs: c3e28ca0186ef5ee5525c8801ad21c5a -> 0c8ff1afadd69a3595c5d00772f68410
  custom:scripting/monoscript/fileName/FXTypeMaskSelector.cs: d74f6e4a0bcd101e2717459b81084106 -> 0f6cbde77ec3d316ca044b2bb5952a3c
  custom:scripting/monoscript/fileName/PlayerController.cs: 5b090d859ab09be631dc3b0f203f9571 -> d93a52a180fbbe603a59e9aa6da73c83
  custom:scripting/monoscript/fileName/BuildScript.cs: 426ea9e2914d6e2d91f1414353c5dafc -> 337dba19c2e29ee8e4980fc4e2019d2f
  custom:scripting/monoscript/fileName/ClearSkinMeshBtn.cs: 82d2655784ebc16abf5528736d619a9b -> a8f6aebd6c57b68160badb6bcb2d0ed6
  custom:scripting/monoscript/fileName/CreateCharacterWizard.cs: acfc968f24a9426403bd5add4843dcf8 -> 45f0e70a15c8659931d42d36cb8cac07
  custom:CustomObjectIndexerAttribute: 72b91833f83ae208fae7752999fa3104 -> 
  custom:scripting/monoscript/fileName/AbstractTexture.cs: 5fe6f2f7be7fb5a86569856b4345a004 -> e0980b08fec448804b26f5b6dad65dfd
  custom:scripting/monoscript/fileName/FollowCamera.cs: 2d720f10865b64f024b0e3fccdd261c7 -> 8d6eb8e229738de226ec56d9e22b6b63
  custom:scripting/monoscript/fileName/FxMeshTypeBone.cs: f85b6921dfd1e47314410f2e3b110e25 -> c7f230be3097e0ffbcff74b002f4c068
  custom:scripting/monoscript/fileName/AssetbundlesMenuItems.cs: c3bdb3cf11cdd131fd9c40f5c72fdbb7 -> bacd4da6799b9476bee68e043690ff36
  custom:scripting/monoscript/fileName/CharacterRendererUI.cs: 494bfcacef163a63e00e0a76e5490b75 -> 
  custom:scripting/monoscript/fileName/Arm.cs: 4102684b6836edb71c1e92ebf943cfad -> b923216ab6f821207b08c03afd4c6525
  custom:container-demuxer-webm: 4f35f7cbe854078d1ac9338744f61a02 -> 
  custom:scripting/monoscript/fileName/NextMeshBtn.cs: c626932f4e3ef625c1f95cbb7df53377 -> c475632899117e513eda9e15e910b76e
  custom:scripting/monoscript/fileName/FaceFeature.cs: 4fb49a14cfb347e565b8520b489cd06f -> 2d58afa4a16bca365a6beb0bf6bfaea3
  custom:scripting/monoscript/fileName/SavePrefabBtn.cs: 3a461d0b73e33e6450805a3d4c14cf7e -> fb80c3034ef9c4f90fa622ffe7f9f829
  custom:scripting/monoscript/fileName/LoaderManager.cs: 369c2be46c8c25c8c25ebdc236e1107b -> de56154becf62ebc4f0181681035238d
  custom:scripting/monoscript/fileName/SaveNameInput.cs: 38a66e5dc26bdeafde0ff106788ee663 -> aae89d2fa016e54079d9c4371e2e5f50
  custom:scripting/monoscript/fileName/Config.cs: e85a922a2347c074e5939d78a5a7a10e -> 7351639d5127e04bc4fcb4671c4a17fb
  custom:scripting/monoscript/fileName/EyeFX.cs: bb3e917396c4b9336da3800cda69d75f -> 0e9063be2785787a64aac5ac3958ba88
  custom:scripting/monoscript/fileName/CategoryPanel.cs: 2ede49e7213c224cf2b42e7bf0785af5 -> 
  custom:scripting/monoscript/fileName/JumpFallBehaviour.cs: 6e303c4d540ce7e39efab9189bb22bcd -> 71c001d1ad34a6d3b319feace6bde3ef
  custom:scripting/monoscript/fileName/PrevMeshBtn.cs: e4cc6e23cf1ae834cfc676eb293c1a5c -> b3d8856e7d265dc9c0dfa6c173a5ecfd
  custom:container-muxer-webm: aa71ff27fc2769a1b78a27578f13a17b -> 
  custom:scripting/monoscript/fileName/ClearTextureBtn.cs: 4f31783abce9af1d7ec4839287fef475 -> e3b2bcf1edcb5118f2edfda92d79dc01
  custom:scripting/monoscript/fileName/Shoes.cs: 066ec4aa35b5452249c3208e4decccac -> a3171f40fe6c3d65d3385917721d6b32
  custom:video-decoder-webm-vp8: 9c59270c3fd7afecdb556c50c9e8de78 -> 
  custom:scripting/monoscript/fileName/ConfigManager.cs: ecadd354c11a441a4c89b5fd7a9f00e6 -> caea2b28af0ab9e40fec80621d2354a1
  custom:scripting/monoscript/fileName/ClearFXBtn.cs: 9a39f15de353636ac82e469249897f2d -> 7bb97525152b99fa74400a29eaa13dea
  custom:scripting/monoscript/fileName/ClosePopup.cs: b8d454205b2ceefe37b5fd3a66ce3f21 -> 55d4b78c13dd76e50d9c188109fdf0bb
  custom:SearchIndexIgnoredProperties: e643bd26f0fe6173181afceb89e7c659 -> 
  custom:scripting/monoscript/fileName/Belt.cs: 57f9cd2ecc900069b427149243ef3bc5 -> 49eb07e37613e7bc3cd2ca1c5688a06b
  custom:AudioImporter_EditorPlatform: d09bf68614088b80899f8185d706f6e7 -> 
  custom:scripting/monoscript/fileName/AssetBundleLoadOperation.cs: 6671757952e868610efe84deb7d10911 -> 5e23b7cfd6b1aefafff250cf74ef9147
  custom:scripting/monoscript/fileName/PrevSkinMeshBtn.cs: 4b975732b197cfed11faf978a39a86d9 -> 949d41495696a789e910ed4bddee68c8
  custom:scripting/monoscript/fileName/RandomBtn.cs: 09358cb3d53669a5fb3911b12bed41f9 -> 851c8dec69594280621f9ae4205a836d
  custom:scripting/monoscript/fileName/Beard.cs: fcba2011bd59aa862783e312bcb3f1ed -> 25619eaf3bae2cd2a4b58a1e35f6de63
  custom:scripting/monoscript/fileName/EnumFlagAttribute.cs: 74d0d26091c169f8de5e9bf42af43876 -> 955415b54787984cbbb8aa271c5326e3
  custom:scripting/monoscript/fileName/LaunchAssetBundleServer.cs: fde14ca75a313e949066fe5170090bd6 -> 43db2fb10887bbfb076c6767daba67bd
  custom:scripting/monoscript/fileName/TextureManager.cs: e8b62e3c8c466c37ed390308c47b609f -> aaabee5faa243fca33eb568630ae6e8e
  custom:scripting/monoscript/fileName/RobeShort.cs: 98a985110c88276dffccdebb9b45a97a -> 3c6d536f5d6b37080b8a61040ec81de3
  custom:scripting/monoscript/fileName/AssetBundleRecord.cs: 5e3e2662beb76f92f544ca3a6af0a002 -> 5a3119d6abe586168b6fe06c7e98c69c
  custom:scripting/monoscript/fileName/TogglePopup.cs: e3546a95722da3ab7907a444f1349cba -> 1d986db86e682e16edccd0653eb2aad7
  custom:scripting/monoscript/fileName/ITextureLoader.cs: fb942611a67ee29c2d3906a7f2b2ca06 -> 5adc935e3b3fb7761c6d5c127df50233
  custom:scripting/monoscript/fileName/SaveBtn.cs: 3dfbd63f5b032b539a11095805980518 -> 62cda288bb207ed68b5083d6b77f7471
  custom:scripting/monoscript/fileName/NextSkinMeshBtn.cs: 7bde284a6144f85f7d24cd53fe360afe -> c82eddd7edff4db94905f44ef59144c1
  custom:scripting/monoscript/fileName/Head.cs: ef8602f0e05bb6f56d36072970253a56 -> 6728c540b9905eb1de06718fa4aae534
  custom:scripting/monoscript/fileName/NextFXBtn.cs: ec23ffa473c712e78d6eb18c4ae448be -> 7e2755ad9a90b6ecb18961111ed6b016
  custom:scripting/monoscript/fileName/AssetBundleBrowserMain.cs: adf460d08e5161db4df4e9efbad520b6 -> d6cbb84444c9fdda30a8092bb0794cf7
  custom:scripting/monoscript/fileName/JSONMap.cs: 0cc7c12ea7048b3ee204a6864ec14612 -> f72d2edab136c1eb89bac454d589dbd3
  custom:scripting/monoscript/fileName/AssetBundleManageTab.cs: cd787c8175c6b452036330db58559128 -> 31b1d66e60f6e821749b4e2c88c32cdd
  custom:scripting/monoscript/fileName/Torso.cs: 69b7e0d6a62aacc036b1886a4ba2587b -> 54ee6015ea03462115d4c3153edbdf8c
  custom:scripting/monoscript/fileName/AssetBundleBuildTab.cs: e4d3d716146519b1f52f6c0fe7ec5a47 -> c4f1a336c5910d1832fd9e6c972559ad
  custom:scripting/monoscript/fileName/Hair.cs: 1f4e341ec44f1e9a43da832f30eda5e7 -> a794926f97f7a5e9c465865fe7af5e1b
  custom:scripting/monoscript/fileName/AbstractMesh.cs: f416745403975ff81463073698d6e017 -> 8184b2a66042d8caaccbbd20ed31dc56
  custom:scripting/monoscript/fileName/NextTextureBtn.cs: d5a300ee8993aada97b6138db78b58aa -> 68286e9f0e1d42eee9d43ba74e34330f
  custom:scripting/monoscript/fileName/Gloves.cs: 21fa036484600f2d249c1ff665501393 -> 28f9e2f54620c042ed9595f00f2065dc
  custom:scripting/monoscript/fileName/AssetBundleManager.cs: 0e168d48c6d3576e59f6c42f92fecd60 -> c15faaf8b529192dbe9aec9afe4991fd
  custom:scripting/monoscript/fileName/RobeLong.cs: 1a7163e76453fecee35478b548086606 -> f4a05f13d9e9427f236c1f1234a17722
  custom:scripting/monoscript/fileName/InspectTreeView.cs: 4d03769e654689089e5185b09bfc6882 -> 260e1db8105b149fed2e7856746dbf0f
  custom:scripting/monoscript/fileName/MeshLoader.cs: 0b10154577fb1ae0dd2e8310eae4ddf4 -> 514b5b4b4814025e9f754ee22115b972
  custom:scripting/monoscript/fileName/PrevFXBtn.cs: 9adcb6db2d84b99fc2ba85718ff2705c -> d82c337bfc40d281d6f7be6c53a9171d
  custom:scripting/monoscript/fileName/ABModel.cs: d4f2ea81e354d5c73ab4578ede6b09b2 -> efbeff1b31df600fad6d5bea582c7fba
  custom:video-encoder-webm-vp8: eb34c28f22e8b96e1ab97ce403110664 -> 
  custom:scripting/monoscript/fileName/TextureLoader.cs: ef2efb353191380796da06838f0ca27c -> 32fee57eede5dc7675a4e8e137c57785
  custom:scripting/monoscript/fileName/Cloak.cs: 83fee273266203de062b641017c68a04 -> a5348ad8315a274870ac1256b416f4df
  custom:audio-decoder-ogg-vorbis: bf7c407c2cedff20999df2af8eb42d56 -> 
  custom:scripting/monoscript/fileName/Eyebrow.cs: a80914df48c7002be677c64522cce038 -> 60a10d1886232f9d6b3fd8be0c11fca9
  custom:scripting/monoscript/fileName/MeshUVManager.cs: 3a3d4245c35b74c0afddd620ce689573 -> fa1c5e2aa443e2c89e2f51af239fa10f
  custom:scripting/monoscript/fileName/MessageList.cs: 6b608508dbf342db2b025fa4e75150ed -> e187436fd3600e1e0afecc6a8da1f18c
  custom:scripting/monoscript/fileName/ClearMeshColorBtn.cs: 0007c8d870af1fc291acf8c091e58855 -> 45fdc58f7fbca9a24d836bd66f751d53
  custom:scripting/monoscript/fileName/MessageSystem.cs: e1fba72936ec77bbbc283ee14a4e5ac9 -> c1467679f7f8f7989b7c591fe16f095b
  custom:scripting/monoscript/fileName/Helper.cs: c607632c58e5a7e90f5ab372e55f1b53 -> 42ad14543d1a843693f11a1cb7823bdc
  custom:scripting/monoscript/fileName/TorsoAdd.cs: de2919cda7445d192f99b708ac4f8f98 -> 6a719884572b7c749207c858146f4e3c
  custom:scripting/monoscript/fileName/EnumFlagDrawer.cs: 41a8255d04f81b6824e2eb405c56f882 -> 5c63d0c0059ff695bd0ee486d1e93bdc
  custom:scripting/monoscript/fileName/Utility.cs: 28500e0d15bd811ed13877f72f01a728 -> bc7c77987476d2cc716aa6822231009e
  custom:scripting/monoscript/fileName/NextColorBtn.cs: 3c291ea58299c895d1e49ee9d26926c4 -> 3628818366004c784ce7c532472e0770
  custom:scripting/monoscript/fileName/BeltAdd.cs: cb7f04a49673453c6e59d8a19fc25506 -> 23c8e20e1dd3c9ed150a971c41b0440b
  custom:scripting/monoscript/fileName/Skin.cs: b53e0e70cea1e5a2051dbeb2d303d7bf -> fa5b8fbc5e21205ad140661bb8d1d29a
  custom:scripting/monoscript/fileName/PrevMeshColorBtn.cs: 6e7146d83f859cab20d94f99a895303c -> eb2dbdc18e08517d5e99c78a100e7907
  custom:audio-encoder-webm-vorbis: bf7c407c2cedff20999df2af8eb42d56 -> 
  custom:scripting/monoscript/fileName/Helm.cs: c26d56b2bba9bcb0ed144e3501bc4050 -> 015c5ef11547d2a56ec06cbf9181e054
  custom:scripting/monoscript/fileName/Shoulder.cs: cd26873c046cfe405838db4b32b97d24 -> cbc35143cbffbdb744890d07b8670e7e
  custom:scripting/monoscript/fileName/IMeshLoader.cs: 9ae204479feb9db18b224953da5838fd -> 103d9667209b427a4c68ea28303f3cd3
  custom:scripting/monoscript/fileName/AssetListTree.cs: 255920d2dc3ac581fe65ea217df17385 -> 95ef94b9b5c1fc8c166d91a2229d1537
  custom:scripting/monoscript/fileName/MeshTexture.cs: e035409d8c1a139d8e58746d92de0530 -> 1c4c6300614cc8e271b614963931701e
  custom:scripting/monoscript/fileName/AssetBundleTree.cs: db18b513ade8dfdb586627b6c32bbf86 -> 5c86cf837bb6943c3398dc49a567b80f
  custom:scripting/precompiled-assembly-types:Assembly-CSharp: b48218616dc274a8919e4650aef5128b -> 2a57b7d9ba6c891b20990c959df4dfe7
  custom:scripting/monoscript/fileName/SpriteProcessor.cs: ecdbdd0dbf42b62f38de6c8096601c0d -> b47784218d8c2d820a413741c1f25a1f
  custom:scripting/monoscript/fileName/NextMeshColorBtn.cs: f15a2f312aac46efa390132e8e876a6a -> 3fefab99c46d758ed0e047f19be1644f
  custom:scripting/monoscript/fileName/ClearAllBtn.cs: 6b6df7aa9e75a6cecf2976db793db6eb -> bcba9c9686446fb7cf756301ebf868ec
  custom:scripting/monoscript/fileName/PlayerMoveController.cs: a4e66a81bcb2d723b3fb87dd004c6314 -> cc068b745400ee66c75378bcb7b27fdb
  custom:scripting/monoscript/fileName/ConfigLoader.cs: 62e091607cdc915ce80d4a253b61a2e7 -> db4bab6728472d9dedc7dfcc22e69d2d
  custom:scripting/monoscript/fileName/SaveItem.cs: 9fe0db1767d984560e8ce3cdb5cdd4f1 -> d881a933ade13ea32bf025db14797336
  custom:scripting/monoscript/fileName/SaveData.cs: cb74f51d5ddf1e3c0494034ad7572a91 -> b41c91a98201f94a04946b0cf063c975
  custom:scripting/monoscript/fileName/PrevColorBtn.cs: 745000830732e20a24b2b0544e8a21f7 -> e1d2791f9dd94cc4e35385ca804752d8
========================================================================
Received Prepare
Caller must complete domain reload
Begin MonoManager ReloadAssembly
- Loaded All Assemblies, in  0.560 seconds
Native extension for WindowsStandalone target not found
Native extension for Android target not found
Mono: successfully reloaded assembly
- Finished resetting the current domain, in  1.372 seconds
Domain Reload Profiling: 1927ms
	BeginReloadAssembly (169ms)
		ExecutionOrderSort (0ms)
		DisableScriptedObjects (5ms)
		BackupInstance (0ms)
		ReleaseScriptingObjects (0ms)
		CreateAndSetChildDomain (41ms)
	RebuildCommonClasses (33ms)
	RebuildNativeTypeToScriptingClass (9ms)
	initialDomainReloadingComplete (33ms)
	LoadAllAssembliesAndSetupDomain (311ms)
		LoadAssemblies (383ms)
		RebuildTransferFunctionScriptingTraits (0ms)
		AnalyzeDomain (19ms)
			TypeCache.Refresh (6ms)
				TypeCache.ScanAssembly (0ms)
			ScanForSourceGeneratedMonoScriptInfo (0ms)
			ResolveRequiredComponents (11ms)
	FinalizeReload (1372ms)
		ReleaseScriptCaches (0ms)
		RebuildScriptCaches (0ms)
		SetupLoadedEditorAssemblies (523ms)
			LogAssemblyErrors (0ms)
			InitializePlatformSupportModulesInManaged (21ms)
			SetLoadedEditorAssemblies (4ms)
			RefreshPlugins (0ms)
			BeforeProcessingInitializeOnLoad (87ms)
			ProcessInitializeOnLoadAttributes (323ms)
			ProcessInitializeOnLoadMethodAttributes (77ms)
			AfterProcessingInitializeOnLoad (10ms)
			EditorAssembliesLoaded (0ms)
		ExecutionOrderSort2 (0ms)
		AwakeInstancesAfterBackupRestoration (17ms)
WARNING: Shader Unsupported: 'Toon/Basic Outline' - All subshaders removed
WARNING: Shader Did you use #pragma only_renderers and omit this platform?
WARNING: Shader If subshaders removal was intentional, you may have forgotten turning Fallback off?
WARNING: Shader Unsupported: 'Toon/Basic Outline' - All subshaders removed
WARNING: Shader Did you use #pragma only_renderers and omit this platform?
WARNING: Shader If subshaders removal was intentional, you may have forgotten turning Fallback off?
WARNING: Shader Unsupported: 'Toon/Lit Outline' - All subshaders removed
WARNING: Shader Did you use #pragma only_renderers and omit this platform?
WARNING: Shader If subshaders removal was intentional, you may have forgotten turning Fallback off?
WARNING: Shader Unsupported: 'Toon/Lit Outline' - All subshaders removed
WARNING: Shader Did you use #pragma only_renderers and omit this platform?
WARNING: Shader If subshaders removal was intentional, you may have forgotten turning Fallback off?
Refreshing native plugins compatible for Editor in 7.44 ms, found 4 plugins.
Preloading 0 native plugins for Editor in 0.00 ms.
Unloading 5364 Unused Serialized files (Serialized files now loaded: 0)
Unloading 24 unused Assets / (0.6 MB). Loaded Objects now: 6196.
Memory consumption went from 191.2 MB to 190.6 MB.
Total: 5.310000 ms (FindLiveObjects: 0.651900 ms CreateObjectMapping: 0.605900 ms MarkObjects: 3.527900 ms  DeleteObjects: 0.522600 ms)

Prepare: number of updated asset objects reloaded= 0
AssetImportParameters requested are different than current active one (requested -> active):
  custom:scripting/monoscript/fileName/MeshTypeBone.cs: f2929f2b8ecce3a651b0fd3ffe111924 -> 843ff81fb2c811dcac98decd349efe80
  custom:scripting/monoscript/fileName/ShaderSelector.cs: 685bc00da5c5122ea4d91cfb7c33d4ce -> 521612be2626bcd49281fc726d73115d
  custom:scripting/monoscript/fileName/Hand.cs: 5052127099e76a39f6f2b58ea1ef5c1e -> 192355eabc8b0bb90d2503d57cbc29e1
  custom:scripting/monoscript/fileName/TextureFactory.cs: cee276c059ba8c5d89b2dce85c58444e -> 9b0e0386d21b5055c4b652bc661be2ca
  custom:scripting/monoscript/fileName/ExecuteInternalMono.cs: 3e44be6fc6d7f25500f51fef3364e783 -> c1dae4aa6cbf1512716dd7e8414f8006
  custom:scripting/monoscript/fileName/BundleDetailList.cs: 49a12b558eca8c309cefc20f79be4f08 -> 7b03139c488749eda460103673d30967
  custom:scripting/monoscript/fileName/ChangeSkinMeshBtn.cs: 5c6d8ac28a61c97b01d08415ec68b892 -> 58cbf8e281a1824de7ac09fd6ead4741
  custom:container-demuxer-ogg: 62fdf1f143b41e24485cea50d1cbac27 -> 
  custom:scripting/monoscript/fileName/InspectSingleBundle.cs: c4ddaa812469395f667f8059fbbafbb2 -> ff6bcd7c39743f835ec77986ad4e4842
  custom:scripting/monoscript/fileName/TorsoFX.cs: 8364f33fdfe728687ae399ca95227afe -> 5e6b4d93b934706642170673ecf5c3cb
  custom:scripting/monoscript/fileName/Scar.cs: a42aaa0f7421fdbac285e770432737fe -> 93cf6a2332a708e947886120175eb79a
  custom:scripting/monoscript/fileName/Eye.cs: afd6b945d219259bc28efd165ef781f4 -> 698a2a7ea54ef8de083e5f76c9b8d930
  custom:scripting/monoscript/fileName/PrevTextureBtn.cs: ca06f7a8c9b0f19ce544f3b94a1420fa -> 764f96572b39e13aca5f7f18826c47b4
  custom:scripting/monoscript/fileName/ClearColorBtn.cs: 1e8e6c93adda6a5ba905483e8182c1dd -> c480f5967894d16fe78f727f834b09ac
  custom:scripting/monoscript/fileName/SaveManager.cs: de2264e4a492adfd4c3a4c607fa8c9d4 -> 3fcb126c6a66ba31aa898dd5743caa30
  custom:scripting/monoscript/fileName/PrevCharacterBtn.cs: 8b169ad1106eaf0dbdbff832654707ff -> 82d84ae18bcec8ea0c987e0a3a9d6a13
  custom:scripting/monoscript/fileName/Popup.cs: 1c1ef9080900e5e97d1b14f0b41eadfa -> 2cc3075140bfd1e8dd79773fa10aee0b
  custom:scripting/monoscript/fileName/EditorBundleManager.cs: 25971b08130223425370a0c67fd24c1d -> dc4d9d3c0d3cadbde48071e4065b6fbb
  custom:scripting/monoscript/fileName/LoadBtn.cs: 70bafae7f72c9ee6623f2f31d0779c28 -> 2ea2705ebacd83d0846f91df66c28259
  custom:scripting/monoscript/fileName/TextureTypeMaskSelector.cs: 7ff2a9c585e0132e7eecc431d721fd4f -> c5691a283aa245253aed7fa0115457e3
  custom:scripting/monoscript/fileName/Pants.cs: 6c99c36b54f1584503cd85f530589db5 -> df098d75808a7fb623ca5598aed5b66e
  custom:scripting/monoscript/fileName/ABDataSourceProvider.cs: 4f93c6cdfbe44a00612a956e4ef9ffe7 -> d15a3b944396c4baae05b3f33e2f8331
  custom:video-decoder-ogg-theora: a1e56fd34408186e4bbccfd4996cb3dc -> 
  custom:scripting/monoscript/fileName/MeshManager.cs: 2f249bf80d6ae36c03b9409f5feb6c0d -> 80ab94735750c9af566e7e697efa30bc
  custom:scripting/monoscript/fileName/ABDataSource.cs: 41b8295d17e0ef0ed1d4f959baadf27f -> 7ceefc660d5f297abc8804d14984f27e
  custom:framework-win-MediaFoundation: 216162199b28c13a410421893ffa2e32 -> 
  custom:scripting/monoscript/fileName/NextCharacterBtn.cs: 3c5d6d5f91a48826bcb43d4ef5261f6a -> 271bcb60c5934eb6d4486f66396754c5
  custom:scripting/monoscript/fileName/AssetBundleInspectTab.cs: 945f43d3df2c8ee2453a9a63fa11274c -> 9c287edf6d1d376f12a8f96d01ec074a
  custom:scripting/monoscript/fileName/SaveListView.cs: e595613b43c00299f3513b824b0dabc3 -> 66f5588456e9744a16cd29a95c0a128e
  custom:scripting/monoscript/fileName/MeshFactory.cs: 4bbafa913eed9f0fb1b99654c8762909 -> a5c11ad228aefe2964b1b339054e39bc
  custom:scripting/monoscript/fileName/CharacterCustomizer.cs: 6b998336770e1834435505a2273ed78a -> 
  custom:scripting/monoscript/fileName/TestDatabase.cs: 23855a153a87fda770b086a78bc24d6d -> 
  custom:scripting/monoscript/fileName/AssetDatabaseABDataSource.cs: f87f54f41a9ae61d6c93a1ee4a7276fe -> a9068bde9865684c07718fa2f110ebd4
  custom:scripting/monoscript/fileName/AbstractFXMesh.cs: 2f7f8bc9d1b9e98b83ebf043ab545fae -> 355e798705134331d1b4e13fe77a1ba2
  custom:scripting/monoscript/fileName/IConfigLoader.cs: 290018350438b79782c4b9fdba32926e -> a4ccf3c5021bb9e95d5d05a0a09bf8bd
  custom:scripting/monoscript/fileName/ABModelBundleInfo.cs: 2188b089518dc510222192403494a01e -> 9fa50afaf3db0543d3d887b15c00368c
  custom:scripting/monoscript/fileName/Leg.cs: ef7b14f4330dc25387e1b59f0290d188 -> 43594c645958cd98f0dcb60d0855f6d1
  custom:scripting/monoscript/fileName/ABModelAssetInfo.cs: 30e23a9e1ca57fffc37b721992bcf1a0 -> cf869514a0bf82899ce1cda23bdb700e
  custom:scripting/monoscript/fileName/MeshTypeMaskSelector.cs: e94ba6f4a1adba4feee5fb7cc4e351fe -> ed92edda1c9655f258c64f35a85ef583
  custom:scripting/monoscript/fileName/ClearMeshBtn.cs: b14d5ced1c19826bfc491001a3f185d1 -> d990ebc2143de5948aea2a5badbfe15b
  custom:scripting/monoscript/fileName/MeshAndTextureTypeMaskSelector.cs: fdba9a050c9e3646ce8e80b7e936d037 -> 8a4bea39d5d059db9f897ddcbaaa5fb6
  custom:scripting/monoscript/fileName/FxMeshFactory.cs: c3e28ca0186ef5ee5525c8801ad21c5a -> 0c8ff1afadd69a3595c5d00772f68410
  custom:scripting/monoscript/fileName/FXTypeMaskSelector.cs: d74f6e4a0bcd101e2717459b81084106 -> 0f6cbde77ec3d316ca044b2bb5952a3c
  custom:scripting/monoscript/fileName/PlayerController.cs: 5b090d859ab09be631dc3b0f203f9571 -> d93a52a180fbbe603a59e9aa6da73c83
  custom:scripting/monoscript/fileName/BuildScript.cs: 426ea9e2914d6e2d91f1414353c5dafc -> 337dba19c2e29ee8e4980fc4e2019d2f
  custom:scripting/monoscript/fileName/ClearSkinMeshBtn.cs: 82d2655784ebc16abf5528736d619a9b -> a8f6aebd6c57b68160badb6bcb2d0ed6
  custom:scripting/monoscript/fileName/CreateCharacterWizard.cs: acfc968f24a9426403bd5add4843dcf8 -> 45f0e70a15c8659931d42d36cb8cac07
  custom:CustomObjectIndexerAttribute: 72b91833f83ae208fae7752999fa3104 -> 
  custom:scripting/monoscript/fileName/AbstractTexture.cs: 5fe6f2f7be7fb5a86569856b4345a004 -> e0980b08fec448804b26f5b6dad65dfd
  custom:scripting/monoscript/fileName/FollowCamera.cs: 2d720f10865b64f024b0e3fccdd261c7 -> 8d6eb8e229738de226ec56d9e22b6b63
  custom:scripting/monoscript/fileName/FxMeshTypeBone.cs: f85b6921dfd1e47314410f2e3b110e25 -> c7f230be3097e0ffbcff74b002f4c068
  custom:scripting/monoscript/fileName/AssetbundlesMenuItems.cs: c3bdb3cf11cdd131fd9c40f5c72fdbb7 -> bacd4da6799b9476bee68e043690ff36
  custom:scripting/monoscript/fileName/CharacterRendererUI.cs: 494bfcacef163a63e00e0a76e5490b75 -> 
  custom:scripting/monoscript/fileName/Arm.cs: 4102684b6836edb71c1e92ebf943cfad -> b923216ab6f821207b08c03afd4c6525
  custom:container-demuxer-webm: 4f35f7cbe854078d1ac9338744f61a02 -> 
  custom:scripting/monoscript/fileName/NextMeshBtn.cs: c626932f4e3ef625c1f95cbb7df53377 -> c475632899117e513eda9e15e910b76e
  custom:scripting/monoscript/fileName/FaceFeature.cs: 4fb49a14cfb347e565b8520b489cd06f -> 2d58afa4a16bca365a6beb0bf6bfaea3
  custom:scripting/monoscript/fileName/SavePrefabBtn.cs: 3a461d0b73e33e6450805a3d4c14cf7e -> fb80c3034ef9c4f90fa622ffe7f9f829
  custom:scripting/monoscript/fileName/LoaderManager.cs: 369c2be46c8c25c8c25ebdc236e1107b -> de56154becf62ebc4f0181681035238d
  custom:scripting/monoscript/fileName/SaveNameInput.cs: 38a66e5dc26bdeafde0ff106788ee663 -> aae89d2fa016e54079d9c4371e2e5f50
  custom:scripting/monoscript/fileName/Config.cs: e85a922a2347c074e5939d78a5a7a10e -> 7351639d5127e04bc4fcb4671c4a17fb
  custom:scripting/monoscript/fileName/EyeFX.cs: bb3e917396c4b9336da3800cda69d75f -> 0e9063be2785787a64aac5ac3958ba88
  custom:scripting/monoscript/fileName/CategoryPanel.cs: 2ede49e7213c224cf2b42e7bf0785af5 -> 
  custom:scripting/monoscript/fileName/JumpFallBehaviour.cs: 6e303c4d540ce7e39efab9189bb22bcd -> 71c001d1ad34a6d3b319feace6bde3ef
  custom:scripting/monoscript/fileName/PrevMeshBtn.cs: e4cc6e23cf1ae834cfc676eb293c1a5c -> b3d8856e7d265dc9c0dfa6c173a5ecfd
  custom:container-muxer-webm: aa71ff27fc2769a1b78a27578f13a17b -> 
  custom:scripting/monoscript/fileName/ClearTextureBtn.cs: 4f31783abce9af1d7ec4839287fef475 -> e3b2bcf1edcb5118f2edfda92d79dc01
  custom:scripting/monoscript/fileName/Shoes.cs: 066ec4aa35b5452249c3208e4decccac -> a3171f40fe6c3d65d3385917721d6b32
  custom:video-decoder-webm-vp8: 9c59270c3fd7afecdb556c50c9e8de78 -> 
  custom:scripting/monoscript/fileName/ConfigManager.cs: ecadd354c11a441a4c89b5fd7a9f00e6 -> caea2b28af0ab9e40fec80621d2354a1
  custom:scripting/monoscript/fileName/ClearFXBtn.cs: 9a39f15de353636ac82e469249897f2d -> 7bb97525152b99fa74400a29eaa13dea
  custom:scripting/monoscript/fileName/ClosePopup.cs: b8d454205b2ceefe37b5fd3a66ce3f21 -> 55d4b78c13dd76e50d9c188109fdf0bb
  custom:SearchIndexIgnoredProperties: e643bd26f0fe6173181afceb89e7c659 -> 
  custom:scripting/monoscript/fileName/Belt.cs: 57f9cd2ecc900069b427149243ef3bc5 -> 49eb07e37613e7bc3cd2ca1c5688a06b
  custom:AudioImporter_EditorPlatform: d09bf68614088b80899f8185d706f6e7 -> 
  custom:scripting/monoscript/fileName/AssetBundleLoadOperation.cs: 6671757952e868610efe84deb7d10911 -> 5e23b7cfd6b1aefafff250cf74ef9147
  custom:scripting/monoscript/fileName/PrevSkinMeshBtn.cs: 4b975732b197cfed11faf978a39a86d9 -> 949d41495696a789e910ed4bddee68c8
  custom:scripting/monoscript/fileName/RandomBtn.cs: 09358cb3d53669a5fb3911b12bed41f9 -> 851c8dec69594280621f9ae4205a836d
  custom:scripting/monoscript/fileName/Beard.cs: fcba2011bd59aa862783e312bcb3f1ed -> 25619eaf3bae2cd2a4b58a1e35f6de63
  custom:scripting/monoscript/fileName/EnumFlagAttribute.cs: 74d0d26091c169f8de5e9bf42af43876 -> 955415b54787984cbbb8aa271c5326e3
  custom:scripting/monoscript/fileName/LaunchAssetBundleServer.cs: fde14ca75a313e949066fe5170090bd6 -> 43db2fb10887bbfb076c6767daba67bd
  custom:scripting/monoscript/fileName/TextureManager.cs: e8b62e3c8c466c37ed390308c47b609f -> aaabee5faa243fca33eb568630ae6e8e
  custom:scripting/monoscript/fileName/RobeShort.cs: 98a985110c88276dffccdebb9b45a97a -> 3c6d536f5d6b37080b8a61040ec81de3
  custom:scripting/monoscript/fileName/AssetBundleRecord.cs: 5e3e2662beb76f92f544ca3a6af0a002 -> 5a3119d6abe586168b6fe06c7e98c69c
  custom:scripting/monoscript/fileName/TogglePopup.cs: e3546a95722da3ab7907a444f1349cba -> 1d986db86e682e16edccd0653eb2aad7
  custom:scripting/monoscript/fileName/ITextureLoader.cs: fb942611a67ee29c2d3906a7f2b2ca06 -> 5adc935e3b3fb7761c6d5c127df50233
  custom:scripting/monoscript/fileName/SaveBtn.cs: 3dfbd63f5b032b539a11095805980518 -> 62cda288bb207ed68b5083d6b77f7471
  custom:scripting/monoscript/fileName/NextSkinMeshBtn.cs: 7bde284a6144f85f7d24cd53fe360afe -> c82eddd7edff4db94905f44ef59144c1
  custom:scripting/monoscript/fileName/Head.cs: ef8602f0e05bb6f56d36072970253a56 -> 6728c540b9905eb1de06718fa4aae534
  custom:scripting/monoscript/fileName/NextFXBtn.cs: ec23ffa473c712e78d6eb18c4ae448be -> 7e2755ad9a90b6ecb18961111ed6b016
  custom:scripting/monoscript/fileName/AssetBundleBrowserMain.cs: adf460d08e5161db4df4e9efbad520b6 -> d6cbb84444c9fdda30a8092bb0794cf7
  custom:scripting/monoscript/fileName/JSONMap.cs: 0cc7c12ea7048b3ee204a6864ec14612 -> f72d2edab136c1eb89bac454d589dbd3
  custom:scripting/monoscript/fileName/AssetBundleManageTab.cs: cd787c8175c6b452036330db58559128 -> 31b1d66e60f6e821749b4e2c88c32cdd
  custom:scripting/monoscript/fileName/Torso.cs: 69b7e0d6a62aacc036b1886a4ba2587b -> 54ee6015ea03462115d4c3153edbdf8c
  custom:scripting/monoscript/fileName/AssetBundleBuildTab.cs: e4d3d716146519b1f52f6c0fe7ec5a47 -> c4f1a336c5910d1832fd9e6c972559ad
  custom:scripting/monoscript/fileName/Hair.cs: 1f4e341ec44f1e9a43da832f30eda5e7 -> a794926f97f7a5e9c465865fe7af5e1b
  custom:scripting/monoscript/fileName/AbstractMesh.cs: f416745403975ff81463073698d6e017 -> 8184b2a66042d8caaccbbd20ed31dc56
  custom:scripting/monoscript/fileName/NextTextureBtn.cs: d5a300ee8993aada97b6138db78b58aa -> 68286e9f0e1d42eee9d43ba74e34330f
  custom:scripting/monoscript/fileName/Gloves.cs: 21fa036484600f2d249c1ff665501393 -> 28f9e2f54620c042ed9595f00f2065dc
  custom:scripting/monoscript/fileName/AssetBundleManager.cs: 0e168d48c6d3576e59f6c42f92fecd60 -> c15faaf8b529192dbe9aec9afe4991fd
  custom:scripting/monoscript/fileName/RobeLong.cs: 1a7163e76453fecee35478b548086606 -> f4a05f13d9e9427f236c1f1234a17722
  custom:scripting/monoscript/fileName/InspectTreeView.cs: 4d03769e654689089e5185b09bfc6882 -> 260e1db8105b149fed2e7856746dbf0f
  custom:scripting/monoscript/fileName/MeshLoader.cs: 0b10154577fb1ae0dd2e8310eae4ddf4 -> 514b5b4b4814025e9f754ee22115b972
  custom:scripting/monoscript/fileName/PrevFXBtn.cs: 9adcb6db2d84b99fc2ba85718ff2705c -> d82c337bfc40d281d6f7be6c53a9171d
  custom:scripting/monoscript/fileName/ABModel.cs: d4f2ea81e354d5c73ab4578ede6b09b2 -> efbeff1b31df600fad6d5bea582c7fba
  custom:video-encoder-webm-vp8: eb34c28f22e8b96e1ab97ce403110664 -> 
  custom:scripting/monoscript/fileName/TextureLoader.cs: ef2efb353191380796da06838f0ca27c -> 32fee57eede5dc7675a4e8e137c57785
  custom:scripting/monoscript/fileName/Cloak.cs: 83fee273266203de062b641017c68a04 -> a5348ad8315a274870ac1256b416f4df
  custom:audio-decoder-ogg-vorbis: bf7c407c2cedff20999df2af8eb42d56 -> 
  custom:scripting/monoscript/fileName/Eyebrow.cs: a80914df48c7002be677c64522cce038 -> 60a10d1886232f9d6b3fd8be0c11fca9
  custom:scripting/monoscript/fileName/MeshUVManager.cs: 3a3d4245c35b74c0afddd620ce689573 -> fa1c5e2aa443e2c89e2f51af239fa10f
  custom:scripting/monoscript/fileName/MessageList.cs: 6b608508dbf342db2b025fa4e75150ed -> e187436fd3600e1e0afecc6a8da1f18c
  custom:scripting/monoscript/fileName/ClearMeshColorBtn.cs: 0007c8d870af1fc291acf8c091e58855 -> 45fdc58f7fbca9a24d836bd66f751d53
  custom:scripting/monoscript/fileName/MessageSystem.cs: e1fba72936ec77bbbc283ee14a4e5ac9 -> c1467679f7f8f7989b7c591fe16f095b
  custom:scripting/monoscript/fileName/Helper.cs: c607632c58e5a7e90f5ab372e55f1b53 -> 42ad14543d1a843693f11a1cb7823bdc
  custom:scripting/monoscript/fileName/TorsoAdd.cs: de2919cda7445d192f99b708ac4f8f98 -> 6a719884572b7c749207c858146f4e3c
  custom:scripting/monoscript/fileName/EnumFlagDrawer.cs: 41a8255d04f81b6824e2eb405c56f882 -> 5c63d0c0059ff695bd0ee486d1e93bdc
  custom:scripting/monoscript/fileName/Utility.cs: 28500e0d15bd811ed13877f72f01a728 -> bc7c77987476d2cc716aa6822231009e
  custom:scripting/monoscript/fileName/NextColorBtn.cs: 3c291ea58299c895d1e49ee9d26926c4 -> 3628818366004c784ce7c532472e0770
  custom:scripting/monoscript/fileName/BeltAdd.cs: cb7f04a49673453c6e59d8a19fc25506 -> 23c8e20e1dd3c9ed150a971c41b0440b
  custom:scripting/monoscript/fileName/Skin.cs: b53e0e70cea1e5a2051dbeb2d303d7bf -> fa5b8fbc5e21205ad140661bb8d1d29a
  custom:scripting/monoscript/fileName/PrevMeshColorBtn.cs: 6e7146d83f859cab20d94f99a895303c -> eb2dbdc18e08517d5e99c78a100e7907
  custom:audio-encoder-webm-vorbis: bf7c407c2cedff20999df2af8eb42d56 -> 
  custom:scripting/monoscript/fileName/Helm.cs: c26d56b2bba9bcb0ed144e3501bc4050 -> 015c5ef11547d2a56ec06cbf9181e054
  custom:scripting/monoscript/fileName/Shoulder.cs: cd26873c046cfe405838db4b32b97d24 -> cbc35143cbffbdb744890d07b8670e7e
  custom:scripting/monoscript/fileName/IMeshLoader.cs: 9ae204479feb9db18b224953da5838fd -> 103d9667209b427a4c68ea28303f3cd3
  custom:scripting/monoscript/fileName/AssetListTree.cs: 255920d2dc3ac581fe65ea217df17385 -> 95ef94b9b5c1fc8c166d91a2229d1537
  custom:scripting/monoscript/fileName/MeshTexture.cs: e035409d8c1a139d8e58746d92de0530 -> 1c4c6300614cc8e271b614963931701e
  custom:scripting/monoscript/fileName/AssetBundleTree.cs: db18b513ade8dfdb586627b6c32bbf86 -> 5c86cf837bb6943c3398dc49a567b80f
  custom:scripting/precompiled-assembly-types:Assembly-CSharp: b48218616dc274a8919e4650aef5128b -> 2a57b7d9ba6c891b20990c959df4dfe7
  custom:scripting/monoscript/fileName/SpriteProcessor.cs: ecdbdd0dbf42b62f38de6c8096601c0d -> b47784218d8c2d820a413741c1f25a1f
  custom:scripting/monoscript/fileName/NextMeshColorBtn.cs: f15a2f312aac46efa390132e8e876a6a -> 3fefab99c46d758ed0e047f19be1644f
  custom:scripting/monoscript/fileName/ClearAllBtn.cs: 6b6df7aa9e75a6cecf2976db793db6eb -> bcba9c9686446fb7cf756301ebf868ec
  custom:scripting/monoscript/fileName/PlayerMoveController.cs: a4e66a81bcb2d723b3fb87dd004c6314 -> cc068b745400ee66c75378bcb7b27fdb
  custom:scripting/monoscript/fileName/ConfigLoader.cs: 62e091607cdc915ce80d4a253b61a2e7 -> db4bab6728472d9dedc7dfcc22e69d2d
  custom:scripting/monoscript/fileName/SaveItem.cs: 9fe0db1767d984560e8ce3cdb5cdd4f1 -> d881a933ade13ea32bf025db14797336
  custom:scripting/monoscript/fileName/SaveData.cs: cb74f51d5ddf1e3c0494034ad7572a91 -> b41c91a98201f94a04946b0cf063c975
  custom:scripting/monoscript/fileName/PrevColorBtn.cs: 745000830732e20a24b2b0544e8a21f7 -> e1d2791f9dd94cc4e35385ca804752d8
========================================================================
Received Import Request.
  Time since last request: 3100.922744 seconds.
  path: Assets/EditorPersonajes/Sprites/Shoes/Shoes_1.png
  artifactKey: Guid(8c49a013456192a4ea0c8932e4ca098f) Importer(815301076,1909f56bfc062723c751e8b465ee728b)
Start importing Assets/EditorPersonajes/Sprites/Shoes/Shoes_1.png using Guid(8c49a013456192a4ea0c8932e4ca098f) Importer(815301076,1909f56bfc062723c751e8b465ee728b) [PhysX] Initialized MultithreadedTaskDispatcher with 12 workers.
[PhysX] Initialized MultithreadedTaskDispatcher with 12 workers.
 -> (artifact id: 'eb641d490debdbc4adbf0503acde4b06') in 0.191241 seconds
Number of updated asset objects reloaded before import = 0
Number of asset objects unloaded after import = 2
========================================================================
Received Import Request.
  Time since last request: 0.000040 seconds.
  path: Assets/EditorPersonajes/Sprites/Shoes/Shoes_3_opt_2.png
  artifactKey: Guid(f6dde213bb0b8ce41a014cefcc0a074b) Importer(815301076,1909f56bfc062723c751e8b465ee728b)
Start importing Assets/EditorPersonajes/Sprites/Shoes/Shoes_3_opt_2.png using Guid(f6dde213bb0b8ce41a014cefcc0a074b) Importer(815301076,1909f56bfc062723c751e8b465ee728b) [PhysX] Initialized MultithreadedTaskDispatcher with 12 workers.
[PhysX] Initialized MultithreadedTaskDispatcher with 12 workers.
 -> (artifact id: 'b4f28c72bbbdf81aa48ba4ff58ca9f73') in 0.023472 seconds
Number of updated asset objects reloaded before import = 0
Number of asset objects unloaded after import = 2
========================================================================
Received Import Request.
  Time since last request: 0.000298 seconds.
  path: Assets/EditorPersonajes/Sprites/Shoes/Shoes_3.png
  artifactKey: Guid(2c5ffc4eeb8c27e4fb05b458fedce58d) Importer(815301076,1909f56bfc062723c751e8b465ee728b)
Start importing Assets/EditorPersonajes/Sprites/Shoes/Shoes_3.png using Guid(2c5ffc4eeb8c27e4fb05b458fedce58d) Importer(815301076,1909f56bfc062723c751e8b465ee728b) [PhysX] Initialized MultithreadedTaskDispatcher with 12 workers.
[PhysX] Initialized MultithreadedTaskDispatcher with 12 workers.
 -> (artifact id: '42eb1ffa1f7b86eb222fbf0c695bf567') in 0.021616 seconds
Number of updated asset objects reloaded before import = 0
Number of asset objects unloaded after import = 2
========================================================================
Received Import Request.
  Time since last request: 15.712364 seconds.
  path: Assets/EditorPersonajes/Sprites/Shoes/Shoes_1_opt_2.png
  artifactKey: Guid(48fb346581835cd45a2d0c7ae35daec8) Importer(815301076,1909f56bfc062723c751e8b465ee728b)
Start importing Assets/EditorPersonajes/Sprites/Shoes/Shoes_1_opt_2.png using Guid(48fb346581835cd45a2d0c7ae35daec8) Importer(815301076,1909f56bfc062723c751e8b465ee728b) [PhysX] Initialized MultithreadedTaskDispatcher with 12 workers.
[PhysX] Initialized MultithreadedTaskDispatcher with 12 workers.
 -> (artifact id: '8175096a3ba205d7d3699f4d34c7088c') in 0.109491 seconds
Number of updated asset objects reloaded before import = 0
Number of asset objects unloaded after import = 3
========================================================================
Received Import Request.
  Time since last request: 0.000034 seconds.
  path: Assets/EditorPersonajes/Sprites/Shoes/Shoes_3_opt_2.png
  artifactKey: Guid(f6dde213bb0b8ce41a014cefcc0a074b) Importer(815301076,1909f56bfc062723c751e8b465ee728b)
Start importing Assets/EditorPersonajes/Sprites/Shoes/Shoes_3_opt_2.png using Guid(f6dde213bb0b8ce41a014cefcc0a074b) Importer(815301076,1909f56bfc062723c751e8b465ee728b) [PhysX] Initialized MultithreadedTaskDispatcher with 12 workers.
[PhysX] Initialized MultithreadedTaskDispatcher with 12 workers.
 -> (artifact id: 'c0c85d545d8d005437edf05a1f83b817') in 0.037619 seconds
Number of updated asset objects reloaded before import = 0
Number of asset objects unloaded after import = 3
Editor requested this worker to shutdown with reason: Scaling down because of idle timeout
TcpMessagingSession - receive error: operation aborted. errorcode: 995, details: La operación de E/S se anuló por una salida de subproceso o por una solicitud de aplicación.
AssetImportWorker is now disconnected from the server
Process exiting
Exiting without the bug reporter. Application will terminate with return code 0