Using pre-set license
Built from '2022.3/respin/2022.3.62f2-4af31df585-v2' branch; Version is '2022.3.62f3 (96770f904ca7) revision 9860879'; Using compiler version '192829333'; Build Type 'Release'
OS: 'Windows 10  (10.0.19045) 64bit CoreSingleLanguage' Language: 'es' Physical Memory: 15042 MB
BatchMode: 1, IsHumanControllingUs: 0, StartBugReporterOnCrash: 0, Is64bit: 1, IsPro: 1

COMMAND LINE ARGUMENTS:
C:\Program Files\Unity\Hub\2022.3.62f3\Editor\Unity.exe
-adb2
-batchMode
-noUpm
-name
AssetImportWorker20
-projectPath
C:/Users/Cheee/OneDrive/Documentos/GitHub/VisualNovelExp/VisualNovelExp
-logFile
Logs/AssetImportWorker20.log
-srvPort
53192
Successfully changed project path to: C:/Users/Cheee/OneDrive/Documentos/GitHub/VisualNovelExp/VisualNovelExp
C:/Users/Cheee/OneDrive/Documentos/GitHub/VisualNovelExp/VisualNovelExp
[UnityMemory] Configuration Parameters - Can be set up in boot.config
    "memorysetup-bucket-allocator-granularity=16"
    "memorysetup-bucket-allocator-bucket-count=8"
    "memorysetup-bucket-allocator-block-size=33554432"
    "memorysetup-bucket-allocator-block-count=8"
    "memorysetup-main-allocator-block-size=16777216"
    "memorysetup-thread-allocator-block-size=16777216"
    "memorysetup-gfx-main-allocator-block-size=16777216"
    "memorysetup-gfx-thread-allocator-block-size=16777216"
    "memorysetup-cache-allocator-block-size=4194304"
    "memorysetup-typetree-allocator-block-size=2097152"
    "memorysetup-profiler-bucket-allocator-granularity=16"
    "memorysetup-profiler-bucket-allocator-bucket-count=8"
    "memorysetup-profiler-bucket-allocator-block-size=33554432"
    "memorysetup-profiler-bucket-allocator-block-count=8"
    "memorysetup-profiler-allocator-block-size=16777216"
    "memorysetup-profiler-editor-allocator-block-size=1048576"
    "memorysetup-temp-allocator-size-main=16777216"
    "memorysetup-job-temp-allocator-block-size=2097152"
    "memorysetup-job-temp-allocator-block-size-background=1048576"
    "memorysetup-job-temp-allocator-reduction-small-platforms=262144"
    "memorysetup-allocator-temp-initial-block-size-main=262144"
    "memorysetup-allocator-temp-initial-block-size-worker=262144"
    "memorysetup-temp-allocator-size-background-worker=32768"
    "memorysetup-temp-allocator-size-job-worker=262144"
    "memorysetup-temp-allocator-size-preload-manager=33554432"
    "memorysetup-temp-allocator-size-nav-mesh-worker=65536"
    "memorysetup-temp-allocator-size-audio-worker=65536"
    "memorysetup-temp-allocator-size-cloud-worker=32768"
    "memorysetup-temp-allocator-size-gi-baking-worker=262144"
    "memorysetup-temp-allocator-size-gfx=262144"
Player connection [33244]  Target information:

Player connection [33244]  * "[IP] 192.168.0.15 [Port] 0 [Flags] 2 [Guid] 588135330 [EditorId] 588135330 [Version] 1048832 [Id] WindowsEditor(7,DESKTOP-3OIPDIC) [Debug] 1 [PackageName] WindowsEditor [ProjectName] Editor" 

Player connection [33244] Host joined multi-casting on [225.0.0.222:54997]...
Player connection [33244] Host joined alternative multi-casting on [225.0.0.222:34997]...
Input System module state changed to: Initialized.
[PhysX] Initialized MultithreadedTaskDispatcher with 12 workers.
Refreshing native plugins compatible for Editor in 77.66 ms, found 4 plugins.
Preloading 0 native plugins for Editor in 0.00 ms.
Initialize engine version: 2022.3.62f3 (96770f904ca7)
[Subsystems] Discovering subsystems at path C:/Program Files/Unity/Hub/2022.3.62f3/Editor/Data/Resources/UnitySubsystems
[Subsystems] Discovering subsystems at path C:/Users/Cheee/OneDrive/Documentos/GitHub/VisualNovelExp/VisualNovelExp/Assets
GfxDevice: creating device client; threaded=0; jobified=0
Direct3D:
    Version:  Direct3D 11.0 [level 11.1]
    Renderer: AMD Radeon RX 5500 XT (ID=0x7340)
    Vendor:   ATI
    VRAM:     4055 MB
    Driver:   32.0.21045.1000
Initialize mono
Mono path[0] = 'C:/Program Files/Unity/Hub/2022.3.62f3/Editor/Data/Managed'
Mono path[1] = 'C:/Program Files/Unity/Hub/2022.3.62f3/Editor/Data/MonoBleedingEdge/lib/mono/unityjit-win32'
Mono config path = 'C:/Program Files/Unity/Hub/2022.3.62f3/Editor/Data/MonoBleedingEdge/etc'
Using monoOptions --debugger-agent=transport=dt_socket,embedding=1,server=y,suspend=n,address=127.0.0.1:56520
Begin MonoManager ReloadAssembly
Registering precompiled unity dll's ...
Register platform support module: C:/Program Files/Unity/Hub/2022.3.62f3/Editor/Data/PlaybackEngines/AndroidPlayer/UnityEditor.Android.Extensions.dll
Register platform support module: C:/Program Files/Unity/Hub/2022.3.62f3/Editor/Data/PlaybackEngines/WindowsStandaloneSupport/UnityEditor.WindowsStandalone.Extensions.dll
Registered in 0.138570 seconds.
- Loaded All Assemblies, in  2.312 seconds
Native extension for WindowsStandalone target not found
Native extension for Android target not found
Android Extension - Scanning For ADB Devices 1253 ms
Mono: successfully reloaded assembly
- Finished resetting the current domain, in  2.279 seconds
Domain Reload Profiling: 4580ms
	BeginReloadAssembly (851ms)
		ExecutionOrderSort (0ms)
		DisableScriptedObjects (0ms)
		BackupInstance (0ms)
		ReleaseScriptingObjects (0ms)
		CreateAndSetChildDomain (1ms)
	RebuildCommonClasses (112ms)
	RebuildNativeTypeToScriptingClass (45ms)
	initialDomainReloadingComplete (357ms)
	LoadAllAssembliesAndSetupDomain (933ms)
		LoadAssemblies (842ms)
		RebuildTransferFunctionScriptingTraits (0ms)
		AnalyzeDomain (928ms)
			TypeCache.Refresh (925ms)
				TypeCache.ScanAssembly (784ms)
			ScanForSourceGeneratedMonoScriptInfo (1ms)
			ResolveRequiredComponents (1ms)
	FinalizeReload (2281ms)
		ReleaseScriptCaches (0ms)
		RebuildScriptCaches (0ms)
		SetupLoadedEditorAssemblies (2089ms)
			LogAssemblyErrors (0ms)
			InitializePlatformSupportModulesInManaged (1690ms)
			SetLoadedEditorAssemblies (25ms)
			RefreshPlugins (0ms)
			BeforeProcessingInitializeOnLoad (8ms)
			ProcessInitializeOnLoadAttributes (282ms)
			ProcessInitializeOnLoadMethodAttributes (79ms)
			AfterProcessingInitializeOnLoad (0ms)
			EditorAssembliesLoaded (0ms)
		ExecutionOrderSort2 (0ms)
		AwakeInstancesAfterBackupRestoration (0ms)
========================================================================
Worker process is ready to serve import requests
Caller must complete domain reload
Begin MonoManager ReloadAssembly
- Loaded All Assemblies, in  3.477 seconds
Native extension for WindowsStandalone target not found
Native extension for Android target not found
Mono: successfully reloaded assembly
- Finished resetting the current domain, in  1.838 seconds
Domain Reload Profiling: 5302ms
	BeginReloadAssembly (473ms)
		ExecutionOrderSort (0ms)
		DisableScriptedObjects (9ms)
		BackupInstance (0ms)
		ReleaseScriptingObjects (0ms)
		CreateAndSetChildDomain (64ms)
	RebuildCommonClasses (70ms)
	RebuildNativeTypeToScriptingClass (18ms)
	initialDomainReloadingComplete (143ms)
	LoadAllAssembliesAndSetupDomain (2759ms)
		LoadAssemblies (2482ms)
		RebuildTransferFunctionScriptingTraits (0ms)
		AnalyzeDomain (611ms)
			TypeCache.Refresh (531ms)
				TypeCache.ScanAssembly (464ms)
			ScanForSourceGeneratedMonoScriptInfo (59ms)
			ResolveRequiredComponents (18ms)
	FinalizeReload (1839ms)
		ReleaseScriptCaches (0ms)
		RebuildScriptCaches (0ms)
		SetupLoadedEditorAssemblies (1325ms)
			LogAssemblyErrors (0ms)
			InitializePlatformSupportModulesInManaged (50ms)
			SetLoadedEditorAssemblies (8ms)
			RefreshPlugins (0ms)
			BeforeProcessingInitializeOnLoad (201ms)
			ProcessInitializeOnLoadAttributes (821ms)
			ProcessInitializeOnLoadMethodAttributes (221ms)
			AfterProcessingInitializeOnLoad (24ms)
			EditorAssembliesLoaded (0ms)
		ExecutionOrderSort2 (0ms)
		AwakeInstancesAfterBackupRestoration (10ms)
Launched and connected shader compiler UnityShaderCompiler.exe after 0.19 seconds
Refreshing native plugins compatible for Editor in 23.36 ms, found 4 plugins.
Preloading 0 native plugins for Editor in 0.00 ms.
Unloading 5443 Unused Serialized files (Serialized files now loaded: 0)
Unloading 27 unused Assets / (352.9 KB). Loaded Objects now: 5913.
Memory consumption went from 232.9 MB to 232.6 MB.
Total: 15.336600 ms (FindLiveObjects: 2.566900 ms CreateObjectMapping: 1.147300 ms MarkObjects: 10.570700 ms  DeleteObjects: 1.049500 ms)

AssetImportParameters requested are different than current active one (requested -> active):
  custom:container-demuxer-ogg: 62fdf1f143b41e24485cea50d1cbac27 -> 
  custom:video-decoder-ogg-theora: a1e56fd34408186e4bbccfd4996cb3dc -> 
  custom:framework-win-MediaFoundation: 216162199b28c13a410421893ffa2e32 -> 
  custom:CustomObjectIndexerAttribute: 72b91833f83ae208fae7752999fa3104 -> 
  custom:container-demuxer-webm: 4f35f7cbe854078d1ac9338744f61a02 -> 
  custom:container-muxer-webm: aa71ff27fc2769a1b78a27578f13a17b -> 
  custom:video-decoder-webm-vp8: 9c59270c3fd7afecdb556c50c9e8de78 -> 
  custom:SearchIndexIgnoredProperties: e643bd26f0fe6173181afceb89e7c659 -> 
  custom:AudioImporter_EditorPlatform: d09bf68614088b80899f8185d706f6e7 -> 
  custom:video-encoder-webm-vp8: eb34c28f22e8b96e1ab97ce403110664 -> 
  custom:audio-decoder-ogg-vorbis: bf7c407c2cedff20999df2af8eb42d56 -> 
  custom:audio-encoder-webm-vorbis: bf7c407c2cedff20999df2af8eb42d56 -> 
========================================================================
Received Import Request.
  Time since last request: 537149.521592 seconds.
  path: Assets/ZRNAssets/005339_08932_25_14/Materials/S_G_000151_E.mat
  artifactKey: Guid(8fff0d183c7f5496ca34cbe6d9400f38) Importer(2089858483,0ecaa5967403d082aa24f35e1b516d23)
Start importing Assets/ZRNAssets/005339_08932_25_14/Materials/S_G_000151_E.mat using Guid(8fff0d183c7f5496ca34cbe6d9400f38) Importer(2089858483,0ecaa5967403d082aa24f35e1b516d23) [PhysX] Initialized MultithreadedTaskDispatcher with 12 workers.
 -> (artifact id: '609ca2c75fa92a7edb98a67278bfdccb') in 0.568009 seconds
Number of updated asset objects reloaded before import = 0
Number of asset objects unloaded after import = 2
========================================================================
Received Import Request.
  Time since last request: 0.000138 seconds.
  path: Assets/ZRNAssets/005339_08932_25_14/Materials/005339_08932_25_14_unitedmat_155.mat
  artifactKey: Guid(4562a120036ed452485d53f987f59fe3) Importer(2089858483,0ecaa5967403d082aa24f35e1b516d23)
Start importing Assets/ZRNAssets/005339_08932_25_14/Materials/005339_08932_25_14_unitedmat_155.mat using Guid(4562a120036ed452485d53f987f59fe3) Importer(2089858483,0ecaa5967403d082aa24f35e1b516d23) [PhysX] Initialized MultithreadedTaskDispatcher with 12 workers.
 -> (artifact id: 'b47957a74846e0d0e59b520cc3107b0a') in 0.097145 seconds
Number of updated asset objects reloaded before import = 0
Number of asset objects unloaded after import = 2
========================================================================
Received Import Request.
  Time since last request: 0.000044 seconds.
  path: Assets/ZRNAssets/005339_08932_25_14/Materials/S_G_000126_S1.mat
  artifactKey: Guid(0cc2ed6710a2f492fb84ad06aa710076) Importer(2089858483,0ecaa5967403d082aa24f35e1b516d23)
Start importing Assets/ZRNAssets/005339_08932_25_14/Materials/S_G_000126_S1.mat using Guid(0cc2ed6710a2f492fb84ad06aa710076) Importer(2089858483,0ecaa5967403d082aa24f35e1b516d23) [PhysX] Initialized MultithreadedTaskDispatcher with 12 workers.
 -> (artifact id: '2a81381ec6b8f8095ec82ad49c74b6cd') in 0.064482 seconds
Number of updated asset objects reloaded before import = 0
Number of asset objects unloaded after import = 2
========================================================================
Received Import Request.
  Time since last request: 0.000605 seconds.
  path: Assets/Scenes/MainGameScene/OcclusionCullingData.asset
  artifactKey: Guid(63d319f26e93a674aad7b63fa95940db) Importer(2089858483,3d70f49cd1c2eb9ae422958d1c652c6b)
Start importing Assets/Scenes/MainGameScene/OcclusionCullingData.asset using Guid(63d319f26e93a674aad7b63fa95940db) Importer(2089858483,3d70f49cd1c2eb9ae422958d1c652c6b) [PhysX] Initialized MultithreadedTaskDispatcher with 12 workers.
 -> (artifact id: 'd849c6ff2c735448ebef8166aa3bd134') in 0.051437 seconds
Number of updated asset objects reloaded before import = 0
Number of asset objects unloaded after import = 0
========================================================================
Received Import Request.
  Time since last request: 0.000039 seconds.
  path: Assets/Dialogos/Dialogos Director/Claro.asset
  artifactKey: Guid(0fd5a99626847a64984e0df78d10d298) Importer(2089858483,3d70f49cd1c2eb9ae422958d1c652c6b)
Start importing Assets/Dialogos/Dialogos Director/Claro.asset using Guid(0fd5a99626847a64984e0df78d10d298) Importer(2089858483,3d70f49cd1c2eb9ae422958d1c652c6b) [PhysX] Initialized MultithreadedTaskDispatcher with 12 workers.
 -> (artifact id: '94dbde46a003fc457f3c081165828e79') in 0.028395 seconds
Number of updated asset objects reloaded before import = 0
Number of asset objects unloaded after import = 2
========================================================================
Received Import Request.
  Time since last request: 0.000032 seconds.
  path: Assets/EditorPersonajes/Data/Skin/Skin_03.asset
  artifactKey: Guid(ceaae736fb1c0b543b09e287194dedbb) Importer(2089858483,3d70f49cd1c2eb9ae422958d1c652c6b)
Start importing Assets/EditorPersonajes/Data/Skin/Skin_03.asset using Guid(ceaae736fb1c0b543b09e287194dedbb) Importer(2089858483,3d70f49cd1c2eb9ae422958d1c652c6b) [PhysX] Initialized MultithreadedTaskDispatcher with 12 workers.
 -> (artifact id: 'acce4fa493b3d2f89305d2655bf80bcd') in 0.026561 seconds
Number of updated asset objects reloaded before import = 0
Number of asset objects unloaded after import = 1
========================================================================
Received Import Request.
  Time since last request: 0.000234 seconds.
  path: Assets/Dialogos/Dialogos NPC5/No.asset
  artifactKey: Guid(c11567d694daf084fb309380e4835205) Importer(2089858483,3d70f49cd1c2eb9ae422958d1c652c6b)
Start importing Assets/Dialogos/Dialogos NPC5/No.asset using Guid(c11567d694daf084fb309380e4835205) Importer(2089858483,3d70f49cd1c2eb9ae422958d1c652c6b) [PhysX] Initialized MultithreadedTaskDispatcher with 12 workers.
 -> (artifact id: '213b97f409fcae116ac360ae239105d2') in 0.066252 seconds
Number of updated asset objects reloaded before import = 0
Number of asset objects unloaded after import = 0
========================================================================
Received Import Request.
  Time since last request: 0.000038 seconds.
  path: Assets/ZRNAssets/005339_08932_25_14/Materials/S_G_000165_S.mat
  artifactKey: Guid(e7ec7702492cc4b23991f614b26d982e) Importer(2089858483,0ecaa5967403d082aa24f35e1b516d23)
Start importing Assets/ZRNAssets/005339_08932_25_14/Materials/S_G_000165_S.mat using Guid(e7ec7702492cc4b23991f614b26d982e) Importer(2089858483,0ecaa5967403d082aa24f35e1b516d23) [PhysX] Initialized MultithreadedTaskDispatcher with 12 workers.
 -> (artifact id: 'b34f37771206dce5f4faa65352aeb689') in 0.054307 seconds
Number of updated asset objects reloaded before import = 0
Number of asset objects unloaded after import = 2
========================================================================
Received Import Request.
  Time since last request: 0.000056 seconds.
  path: Assets/ZRNAssets/005339_08932_25_14/Materials/mat_PQ_Ground.mat
  artifactKey: Guid(0959566374a99714c8f110a905c8b07e) Importer(2089858483,0ecaa5967403d082aa24f35e1b516d23)
Start importing Assets/ZRNAssets/005339_08932_25_14/Materials/mat_PQ_Ground.mat using Guid(0959566374a99714c8f110a905c8b07e) Importer(2089858483,0ecaa5967403d082aa24f35e1b516d23) [PhysX] Initialized MultithreadedTaskDispatcher with 12 workers.
 -> (artifact id: '0f8c1fd5c36dc5c3616647410e2b34cf') in 0.094174 seconds
Number of updated asset objects reloaded before import = 0
Number of asset objects unloaded after import = 2
========================================================================
Received Import Request.
  Time since last request: 0.000685 seconds.
  path: Assets/Polytope Studio/Lowpoly_Environments/Prefabs/Trees/PT_Pine_Tree_03_dead_cut.prefab
  artifactKey: Guid(53e1939cdeda3f04caaa240bfd830e5e) Importer(2089858483,3d70f49cd1c2eb9ae422958d1c652c6b)
Start importing Assets/Polytope Studio/Lowpoly_Environments/Prefabs/Trees/PT_Pine_Tree_03_dead_cut.prefab using Guid(53e1939cdeda3f04caaa240bfd830e5e) Importer(2089858483,3d70f49cd1c2eb9ae422958d1c652c6b) [PhysX] Initialized MultithreadedTaskDispatcher with 12 workers.
 -> (artifact id: '178fa6bd8460294f7af8bd5903d405ea') in 0.066733 seconds
Number of updated asset objects reloaded before import = 0
Number of asset objects unloaded after import = 8
========================================================================
Received Import Request.
  Time since last request: 0.000075 seconds.
  path: Assets/ZRNAssets/005339_08932_25_14/Materials/S_G_000171_S.mat
  artifactKey: Guid(5d34ce46478d64ab2a8e1bc2f201f9e2) Importer(2089858483,0ecaa5967403d082aa24f35e1b516d23)
Start importing Assets/ZRNAssets/005339_08932_25_14/Materials/S_G_000171_S.mat using Guid(5d34ce46478d64ab2a8e1bc2f201f9e2) Importer(2089858483,0ecaa5967403d082aa24f35e1b516d23) [PhysX] Initialized MultithreadedTaskDispatcher with 12 workers.
 -> (artifact id: '9317e0ee41cbecba0273f903ad2ef3a1') in 0.051746 seconds
Number of updated asset objects reloaded before import = 0
Number of asset objects unloaded after import = 2
========================================================================
Received Import Request.
  Time since last request: 0.000044 seconds.
  path: Assets/Polytope Studio/Lowpoly_Environments/Prefabs/Trees/PT_Fruit_Tree_01_pears.prefab
  artifactKey: Guid(b62637568d07eb141b948ab45ea8c3d4) Importer(2089858483,3d70f49cd1c2eb9ae422958d1c652c6b)
Start importing Assets/Polytope Studio/Lowpoly_Environments/Prefabs/Trees/PT_Fruit_Tree_01_pears.prefab using Guid(b62637568d07eb141b948ab45ea8c3d4) Importer(2089858483,3d70f49cd1c2eb9ae422958d1c652c6b) [PhysX] Initialized MultithreadedTaskDispatcher with 12 workers.
 -> (artifact id: '271a0c05207718d6144ec2e3d354a051') in 0.057153 seconds
Number of updated asset objects reloaded before import = 0
Number of asset objects unloaded after import = 22
========================================================================
Received Import Request.
  Time since last request: 0.000063 seconds.
  path: Assets/TextMesh Pro/Examples & Extras/Scenes/22 - Basic Scripting Example.unity
  artifactKey: Guid(6250f98e58fe4abbaada5d84b7ca846d) Importer(2089858483,3d70f49cd1c2eb9ae422958d1c652c6b)
Start importing Assets/TextMesh Pro/Examples & Extras/Scenes/22 - Basic Scripting Example.unity using Guid(6250f98e58fe4abbaada5d84b7ca846d) Importer(2089858483,3d70f49cd1c2eb9ae422958d1c652c6b) [PhysX] Initialized MultithreadedTaskDispatcher with 12 workers.
Opening scene 'Assets/TextMesh Pro/Examples & Extras/Scenes/22 - Basic Scripting Example.unity additively'
LightingSettings: switching bake backend from 1 to 0.
Loaded scene 'Assets/TextMesh Pro/Examples & Extras/Scenes/22 - Basic Scripting Example.unity'
	Deserialize:            25.133 ms
	Integration:            10.388 ms
	Integration of assets:  0.009 ms
	Thread Wait Time:       0.243 ms
	Total Operation Time:   35.773 ms
 -> (artifact id: 'bcdbce4acfccbab2c83a56078e96a3b0') in 0.101523 seconds
Number of updated asset objects reloaded before import = 0
Number of asset objects unloaded after import = 6
========================================================================
Received Import Request.
  Time since last request: 0.000065 seconds.
  path: Assets/ZRNAssets/005339_08932_25_14/Materials/S_G_000117_S.mat
  artifactKey: Guid(76ee636aa421d4f209c4b8c37f2e3956) Importer(2089858483,0ecaa5967403d082aa24f35e1b516d23)
Start importing Assets/ZRNAssets/005339_08932_25_14/Materials/S_G_000117_S.mat using Guid(76ee636aa421d4f209c4b8c37f2e3956) Importer(2089858483,0ecaa5967403d082aa24f35e1b516d23) [PhysX] Initialized MultithreadedTaskDispatcher with 12 workers.
 -> (artifact id: '9e2681db3dd4225b5c985a52b22229fd') in 0.082845 seconds
Number of updated asset objects reloaded before import = 0
Number of asset objects unloaded after import = 2
========================================================================
Received Import Request.
  Time since last request: 0.000364 seconds.
  path: Assets/ZRNAssets/005339_08932_25_14/Materials/005339_08932_L_-90302_0_01_01_25.mat
  artifactKey: Guid(3efb86749d78e4437bb661bc04c50bd8) Importer(2089858483,0ecaa5967403d082aa24f35e1b516d23)
Start importing Assets/ZRNAssets/005339_08932_25_14/Materials/005339_08932_L_-90302_0_01_01_25.mat using Guid(3efb86749d78e4437bb661bc04c50bd8) Importer(2089858483,0ecaa5967403d082aa24f35e1b516d23) [PhysX] Initialized MultithreadedTaskDispatcher with 12 workers.
 -> (artifact id: '62cab906ad66dbb2c227a5fd447c6849') in 0.074052 seconds
Number of updated asset objects reloaded before import = 0
Number of asset objects unloaded after import = 2
========================================================================
Received Import Request.
  Time since last request: 0.000034 seconds.
  path: Assets/TextMesh Pro/Examples & Extras/Scenes/25 - Sunny Days Example.unity
  artifactKey: Guid(f9b4c22e15cff344ba9fc6542a58dd07) Importer(2089858483,3d70f49cd1c2eb9ae422958d1c652c6b)
Start importing Assets/TextMesh Pro/Examples & Extras/Scenes/25 - Sunny Days Example.unity using Guid(f9b4c22e15cff344ba9fc6542a58dd07) Importer(2089858483,3d70f49cd1c2eb9ae422958d1c652c6b) [PhysX] Initialized MultithreadedTaskDispatcher with 12 workers.
Opening scene 'Assets/TextMesh Pro/Examples & Extras/Scenes/25 - Sunny Days Example.unity additively'
LightingSettings: switching bake backend from 1 to 0.
Loaded scene 'Assets/TextMesh Pro/Examples & Extras/Scenes/25 - Sunny Days Example.unity'
	Deserialize:            78.235 ms
	Integration:            206.289 ms
	Integration of assets:  27.707 ms
	Thread Wait Time:       0.104 ms
	Total Operation Time:   312.335 ms
 -> (artifact id: '1f1784db5f0273523a7dde4df6d20977') in 0.377169 seconds
Number of updated asset objects reloaded before import = 0
Number of asset objects unloaded after import = 27
========================================================================
Received Import Request.
  Time since last request: 0.000063 seconds.
  path: Assets/CartoonLowPolyCityLite/Prefabs/Trash_01.prefab
  artifactKey: Guid(c1e1f398cab58394cb2187fef2ffc46d) Importer(2089858483,3d70f49cd1c2eb9ae422958d1c652c6b)
Start importing Assets/CartoonLowPolyCityLite/Prefabs/Trash_01.prefab using Guid(c1e1f398cab58394cb2187fef2ffc46d) Importer(2089858483,3d70f49cd1c2eb9ae422958d1c652c6b) [PhysX] Initialized MultithreadedTaskDispatcher with 12 workers.
 -> (artifact id: 'bd8d572fa4a08ffe45f63d185ff07686') in 0.063322 seconds
Number of updated asset objects reloaded before import = 0
Number of asset objects unloaded after import = 9
========================================================================
Received Import Request.
  Time since last request: 0.000278 seconds.
  path: Assets/ZRNAssets/005339_08932_25_14/Materials/S_G_000102_S.mat
  artifactKey: Guid(093110e5cdf1e4cc9a346a2541336dfa) Importer(2089858483,0ecaa5967403d082aa24f35e1b516d23)
Start importing Assets/ZRNAssets/005339_08932_25_14/Materials/S_G_000102_S.mat using Guid(093110e5cdf1e4cc9a346a2541336dfa) Importer(2089858483,0ecaa5967403d082aa24f35e1b516d23) [PhysX] Initialized MultithreadedTaskDispatcher with 12 workers.
 -> (artifact id: '5ffef3c89eb211ef184af96c3ae0fa48') in 0.064790 seconds
Number of updated asset objects reloaded before import = 0
Number of asset objects unloaded after import = 2
========================================================================
Received Import Request.
  Time since last request: 0.001530 seconds.
  path: Assets/EditorPersonajes/Data/Bottoms/Skirt_03.asset
  artifactKey: Guid(132c44a0a1752e3458387d45111a7400) Importer(2089858483,3d70f49cd1c2eb9ae422958d1c652c6b)
Start importing Assets/EditorPersonajes/Data/Bottoms/Skirt_03.asset using Guid(132c44a0a1752e3458387d45111a7400) Importer(2089858483,3d70f49cd1c2eb9ae422958d1c652c6b) [PhysX] Initialized MultithreadedTaskDispatcher with 12 workers.
 -> (artifact id: '22a54fbd3ab11c940fd66c9264319b78') in 0.077707 seconds
Number of updated asset objects reloaded before import = 0
Number of asset objects unloaded after import = 1
========================================================================
Received Import Request.
  Time since last request: 0.000042 seconds.
  path: Assets/ZRNAssets/005339_08932_25_14/Materials/005339_08932_L_-90308_0_01_01_9.mat
  artifactKey: Guid(bc5067c9d988a4225bc2a41e36e66323) Importer(2089858483,0ecaa5967403d082aa24f35e1b516d23)
Start importing Assets/ZRNAssets/005339_08932_25_14/Materials/005339_08932_L_-90308_0_01_01_9.mat using Guid(bc5067c9d988a4225bc2a41e36e66323) Importer(2089858483,0ecaa5967403d082aa24f35e1b516d23) [PhysX] Initialized MultithreadedTaskDispatcher with 12 workers.
 -> (artifact id: '2558661606f645ad06e1b80e3cd9e46b') in 0.055352 seconds
Number of updated asset objects reloaded before import = 0
Number of asset objects unloaded after import = 2
========================================================================
Received Import Request.
  Time since last request: 0.000041 seconds.
  path: Assets/ZRNAssets/005339_08932_25_14/Materials/S_G_000158_C1.mat
  artifactKey: Guid(e61aecbcd08a2450f9a2d6255e58c594) Importer(2089858483,0ecaa5967403d082aa24f35e1b516d23)
Start importing Assets/ZRNAssets/005339_08932_25_14/Materials/S_G_000158_C1.mat using Guid(e61aecbcd08a2450f9a2d6255e58c594) Importer(2089858483,0ecaa5967403d082aa24f35e1b516d23) [PhysX] Initialized MultithreadedTaskDispatcher with 12 workers.
 -> (artifact id: '5af9b55f921cfd5abeba982c2abae115') in 0.068450 seconds
Number of updated asset objects reloaded before import = 0
Number of asset objects unloaded after import = 2
========================================================================
Received Import Request.
  Time since last request: 0.001666 seconds.
  path: Assets/ZRNAssets/005339_08932_25_14/Materials/005339_08932_25_14_unitedmat_142.mat
  artifactKey: Guid(2b674ff21e20c4cddbd9af73bdc6e405) Importer(2089858483,0ecaa5967403d082aa24f35e1b516d23)
Start importing Assets/ZRNAssets/005339_08932_25_14/Materials/005339_08932_25_14_unitedmat_142.mat using Guid(2b674ff21e20c4cddbd9af73bdc6e405) Importer(2089858483,0ecaa5967403d082aa24f35e1b516d23) [PhysX] Initialized MultithreadedTaskDispatcher with 12 workers.
 -> (artifact id: '3f62225f7604da1b16625d14d082c60a') in 0.089443 seconds
Number of updated asset objects reloaded before import = 0
Number of asset objects unloaded after import = 2
========================================================================
Received Import Request.
  Time since last request: 0.000043 seconds.
  path: Assets/ZRNAssets/005339_08932_25_14/Materials/005339_08932_L_-90271_0_01_01_8.mat
  artifactKey: Guid(c5e78f15f27b54f5683a0f781a8a6efb) Importer(2089858483,0ecaa5967403d082aa24f35e1b516d23)
Start importing Assets/ZRNAssets/005339_08932_25_14/Materials/005339_08932_L_-90271_0_01_01_8.mat using Guid(c5e78f15f27b54f5683a0f781a8a6efb) Importer(2089858483,0ecaa5967403d082aa24f35e1b516d23) [PhysX] Initialized MultithreadedTaskDispatcher with 12 workers.
 -> (artifact id: '3252963b6796e092274999c9ace296c5') in 0.056909 seconds
Number of updated asset objects reloaded before import = 0
Number of asset objects unloaded after import = 2
========================================================================
Received Import Request.
  Time since last request: 0.000046 seconds.
  path: Assets/ZRNAssets/005339_08932_25_14/Materials/S_G_000134_S1.mat
  artifactKey: Guid(304876acfbe834bb4be72d1df0e9b003) Importer(2089858483,0ecaa5967403d082aa24f35e1b516d23)
Start importing Assets/ZRNAssets/005339_08932_25_14/Materials/S_G_000134_S1.mat using Guid(304876acfbe834bb4be72d1df0e9b003) Importer(2089858483,0ecaa5967403d082aa24f35e1b516d23) [PhysX] Initialized MultithreadedTaskDispatcher with 12 workers.
 -> (artifact id: '9c7552d7927b0750db52fb8c01deb5b3') in 0.085816 seconds
Number of updated asset objects reloaded before import = 0
Number of asset objects unloaded after import = 2
========================================================================
Received Import Request.
  Time since last request: 0.000064 seconds.
  path: Assets/ZRNAssets/005339_08932_25_14/Materials/005339_08932_25_14_unitedmat_7.mat
  artifactKey: Guid(2cf2d9b868d394790b0756c2288f2e9a) Importer(2089858483,0ecaa5967403d082aa24f35e1b516d23)
Start importing Assets/ZRNAssets/005339_08932_25_14/Materials/005339_08932_25_14_unitedmat_7.mat using Guid(2cf2d9b868d394790b0756c2288f2e9a) Importer(2089858483,0ecaa5967403d082aa24f35e1b516d23) [PhysX] Initialized MultithreadedTaskDispatcher with 12 workers.
 -> (artifact id: '05eaf1fe894b874498582a721535eba0') in 0.065967 seconds
Number of updated asset objects reloaded before import = 0
Number of asset objects unloaded after import = 2
========================================================================
Received Import Request.
  Time since last request: 0.000045 seconds.
  path: Assets/TextMesh Pro/Resources/Fonts & Materials/LiberationSans SDF - Fallback.asset
  artifactKey: Guid(2e498d1c8094910479dc3e1b768306a4) Importer(2089858483,3d70f49cd1c2eb9ae422958d1c652c6b)
Start importing Assets/TextMesh Pro/Resources/Fonts & Materials/LiberationSans SDF - Fallback.asset using Guid(2e498d1c8094910479dc3e1b768306a4) Importer(2089858483,3d70f49cd1c2eb9ae422958d1c652c6b) [PhysX] Initialized MultithreadedTaskDispatcher with 12 workers.
 -> (artifact id: '2475e00fb86c14693cf4eeec93794d21') in 0.035167 seconds
Number of updated asset objects reloaded before import = 0
Number of asset objects unloaded after import = 4
========================================================================
Received Import Request.
  Time since last request: 0.000403 seconds.
  path: Assets/ZRNAssets/005339_08932_25_14/Materials/S_G_000183_F.mat
  artifactKey: Guid(9ba36941b34bd4fd68cd208ffeede7a9) Importer(2089858483,0ecaa5967403d082aa24f35e1b516d23)
Start importing Assets/ZRNAssets/005339_08932_25_14/Materials/S_G_000183_F.mat using Guid(9ba36941b34bd4fd68cd208ffeede7a9) Importer(2089858483,0ecaa5967403d082aa24f35e1b516d23) [PhysX] Initialized MultithreadedTaskDispatcher with 12 workers.
 -> (artifact id: '0d52983e5494bf0e1338d45102ec4676') in 0.072344 seconds
Number of updated asset objects reloaded before import = 0
Number of asset objects unloaded after import = 2
========================================================================
Received Import Request.
  Time since last request: 0.000039 seconds.
  path: Assets/ZRNAssets/005339_08932_25_14/Materials/005339_08932_25_14_unitedmat_177.mat
  artifactKey: Guid(08fff2f6d91b34cfa8332859ffb7b8c4) Importer(2089858483,0ecaa5967403d082aa24f35e1b516d23)
Start importing Assets/ZRNAssets/005339_08932_25_14/Materials/005339_08932_25_14_unitedmat_177.mat using Guid(08fff2f6d91b34cfa8332859ffb7b8c4) Importer(2089858483,0ecaa5967403d082aa24f35e1b516d23) [PhysX] Initialized MultithreadedTaskDispatcher with 12 workers.
 -> (artifact id: 'c6ea72561626ba97096e7cdded97d862') in 0.055336 seconds
Number of updated asset objects reloaded before import = 0
Number of asset objects unloaded after import = 2
========================================================================
Received Import Request.
  Time since last request: 0.000053 seconds.
  path: Assets/ZRNAssets/005339_08932_25_14/Materials/S_G_000147_E.mat
  artifactKey: Guid(51858d92206344f028849a322110e10f) Importer(2089858483,0ecaa5967403d082aa24f35e1b516d23)
Start importing Assets/ZRNAssets/005339_08932_25_14/Materials/S_G_000147_E.mat using Guid(51858d92206344f028849a322110e10f) Importer(2089858483,0ecaa5967403d082aa24f35e1b516d23) [PhysX] Initialized MultithreadedTaskDispatcher with 12 workers.
 -> (artifact id: '94659411f09e05a0676def624da71c48') in 0.046947 seconds
Number of updated asset objects reloaded before import = 0
Number of asset objects unloaded after import = 2
========================================================================
Received Import Request.
  Time since last request: 0.000042 seconds.
  path: Assets/TextMesh Pro/Fonts/NotoSerifJP-Regular SDF.asset
  artifactKey: Guid(e6e8f2b17e244b74a9400a8a732f8cff) Importer(2089858483,3d70f49cd1c2eb9ae422958d1c652c6b)
Start importing Assets/TextMesh Pro/Fonts/NotoSerifJP-Regular SDF.asset using Guid(e6e8f2b17e244b74a9400a8a732f8cff) Importer(2089858483,3d70f49cd1c2eb9ae422958d1c652c6b) [PhysX] Initialized MultithreadedTaskDispatcher with 12 workers.
 -> (artifact id: '1889fa356c241cfeb806b907d8e1d177') in 0.116874 seconds
Number of updated asset objects reloaded before import = 0
Number of asset objects unloaded after import = 4
========================================================================
Received Import Request.
  Time since last request: 0.000044 seconds.
  path: Assets/ZRNAssets/005339_08932_25_14/Textures/00_TexturesPlus/Materials/building-2.mat
  artifactKey: Guid(668d9545c223a4fd4995859f1aef9421) Importer(2089858483,0ecaa5967403d082aa24f35e1b516d23)
Start importing Assets/ZRNAssets/005339_08932_25_14/Textures/00_TexturesPlus/Materials/building-2.mat using Guid(668d9545c223a4fd4995859f1aef9421) Importer(2089858483,0ecaa5967403d082aa24f35e1b516d23) [PhysX] Initialized MultithreadedTaskDispatcher with 12 workers.
 -> (artifact id: 'ad8a0edaf7c583465877efb5efaa4c38') in 0.051174 seconds
Number of updated asset objects reloaded before import = 0
Number of asset objects unloaded after import = 2
========================================================================
Received Import Request.
  Time since last request: 0.000287 seconds.
  path: Assets/ZRNAssets/005339_08932_25_14/Materials/005339_08932_unitedmat_128.mat
  artifactKey: Guid(7e22abf9f6eba4456957367446ddaebc) Importer(2089858483,0ecaa5967403d082aa24f35e1b516d23)
Start importing Assets/ZRNAssets/005339_08932_25_14/Materials/005339_08932_unitedmat_128.mat using Guid(7e22abf9f6eba4456957367446ddaebc) Importer(2089858483,0ecaa5967403d082aa24f35e1b516d23) [PhysX] Initialized MultithreadedTaskDispatcher with 12 workers.
 -> (artifact id: '884c0e37cc623e123e558de217643829') in 0.048064 seconds
Number of updated asset objects reloaded before import = 0
Number of asset objects unloaded after import = 1
========================================================================
Received Import Request.
  Time since last request: 0.000655 seconds.
  path: Assets/ZRNAssets/005339_08932_25_14/Materials/S_G_000181_S.mat
  artifactKey: Guid(e746ca72413244c1b953370663117cf7) Importer(2089858483,0ecaa5967403d082aa24f35e1b516d23)
Start importing Assets/ZRNAssets/005339_08932_25_14/Materials/S_G_000181_S.mat using Guid(e746ca72413244c1b953370663117cf7) Importer(2089858483,0ecaa5967403d082aa24f35e1b516d23) [PhysX] Initialized MultithreadedTaskDispatcher with 12 workers.
 -> (artifact id: '8ea7950facb54b556c9affa21f049e8f') in 0.073526 seconds
Number of updated asset objects reloaded before import = 0
Number of asset objects unloaded after import = 2
========================================================================
Received Import Request.
  Time since last request: 0.003831 seconds.
  path: Assets/ZRNAssets/005339_08932_25_14/Materials/005339_08932_L_-90272_0_01_01_20.mat
  artifactKey: Guid(b3564557588c64b69914a1fac828f874) Importer(2089858483,0ecaa5967403d082aa24f35e1b516d23)
Start importing Assets/ZRNAssets/005339_08932_25_14/Materials/005339_08932_L_-90272_0_01_01_20.mat using Guid(b3564557588c64b69914a1fac828f874) Importer(2089858483,0ecaa5967403d082aa24f35e1b516d23) [PhysX] Initialized MultithreadedTaskDispatcher with 12 workers.
 -> (artifact id: '87d4bb30a23b63f271cd74db3cacc9ab') in 0.051487 seconds
Number of updated asset objects reloaded before import = 0
Number of asset objects unloaded after import = 2
========================================================================
Received Import Request.
  Time since last request: 0.000039 seconds.
  path: Assets/ZRNAssets/005339_08932_25_14/Materials/005339_08932_L_-90211_0_01_01_39.mat
  artifactKey: Guid(e8a3e4496f64846d494717f3ab1533e2) Importer(2089858483,0ecaa5967403d082aa24f35e1b516d23)
Start importing Assets/ZRNAssets/005339_08932_25_14/Materials/005339_08932_L_-90211_0_01_01_39.mat using Guid(e8a3e4496f64846d494717f3ab1533e2) Importer(2089858483,0ecaa5967403d082aa24f35e1b516d23) [PhysX] Initialized MultithreadedTaskDispatcher with 12 workers.
 -> (artifact id: 'f35f11d1420654c774ea8c04ece10c63') in 0.046664 seconds
Number of updated asset objects reloaded before import = 0
Number of asset objects unloaded after import = 2
========================================================================
Received Import Request.
  Time since last request: 0.001568 seconds.
  path: Assets/ZRNAssets/005339_08932_25_14/Materials/005339_08932_unitedmat_178.mat
  artifactKey: Guid(6f35797d8c4c548bd9a6f881f390822e) Importer(2089858483,0ecaa5967403d082aa24f35e1b516d23)
Start importing Assets/ZRNAssets/005339_08932_25_14/Materials/005339_08932_unitedmat_178.mat using Guid(6f35797d8c4c548bd9a6f881f390822e) Importer(2089858483,0ecaa5967403d082aa24f35e1b516d23) [PhysX] Initialized MultithreadedTaskDispatcher with 12 workers.
 -> (artifact id: '06902757a681128c4219d97163b2eb0a') in 0.054826 seconds
Number of updated asset objects reloaded before import = 0
Number of asset objects unloaded after import = 1
========================================================================
Received Import Request.
  Time since last request: 0.000039 seconds.
  path: Assets/ZRNAssets/005339_08932_25_14/Materials/005339_08932_25_14_unitedmat_101.mat
  artifactKey: Guid(6f39fd2988fea497195b9dc7879d99d9) Importer(2089858483,0ecaa5967403d082aa24f35e1b516d23)
Start importing Assets/ZRNAssets/005339_08932_25_14/Materials/005339_08932_25_14_unitedmat_101.mat using Guid(6f39fd2988fea497195b9dc7879d99d9) Importer(2089858483,0ecaa5967403d082aa24f35e1b516d23) [PhysX] Initialized MultithreadedTaskDispatcher with 12 workers.
 -> (artifact id: 'afa167b94f62e06eba73c8ae64a3877f') in 0.059206 seconds
Number of updated asset objects reloaded before import = 0
Number of asset objects unloaded after import = 2
========================================================================
Received Import Request.
  Time since last request: 0.000098 seconds.
  path: Assets/ZRNAssets/005339_08932_25_14/Materials/mat.0355.mat
  artifactKey: Guid(47b522badc66d4474a7e935e46bfd23f) Importer(2089858483,0ecaa5967403d082aa24f35e1b516d23)
Start importing Assets/ZRNAssets/005339_08932_25_14/Materials/mat.0355.mat using Guid(47b522badc66d4474a7e935e46bfd23f) Importer(2089858483,0ecaa5967403d082aa24f35e1b516d23) [PhysX] Initialized MultithreadedTaskDispatcher with 12 workers.
 -> (artifact id: '3d4e38adf35f86f4f9cc896a80dbb535') in 0.052045 seconds
Number of updated asset objects reloaded before import = 0
Number of asset objects unloaded after import = 1
========================================================================
Received Import Request.
  Time since last request: 0.000041 seconds.
  path: Assets/ZRNAssets/005339_08932_25_14/Materials/S_G_000131_S1.mat
  artifactKey: Guid(4b3950bab12f34537b6a2d6b5d9c97ae) Importer(2089858483,0ecaa5967403d082aa24f35e1b516d23)
Start importing Assets/ZRNAssets/005339_08932_25_14/Materials/S_G_000131_S1.mat using Guid(4b3950bab12f34537b6a2d6b5d9c97ae) Importer(2089858483,0ecaa5967403d082aa24f35e1b516d23) [PhysX] Initialized MultithreadedTaskDispatcher with 12 workers.
 -> (artifact id: '67f198cb60c1f9d7801e7e6426e9c19b') in 0.056582 seconds
Number of updated asset objects reloaded before import = 0
Number of asset objects unloaded after import = 2
========================================================================
Received Import Request.
  Time since last request: 0.000225 seconds.
  path: Assets/ZRNAssets/005339_08932_25_14/Materials/005339_08932_25_14_unitedmat_132.mat
  artifactKey: Guid(1467819c3d41f42c3aee5139db8028ad) Importer(2089858483,0ecaa5967403d082aa24f35e1b516d23)
Start importing Assets/ZRNAssets/005339_08932_25_14/Materials/005339_08932_25_14_unitedmat_132.mat using Guid(1467819c3d41f42c3aee5139db8028ad) Importer(2089858483,0ecaa5967403d082aa24f35e1b516d23) [PhysX] Initialized MultithreadedTaskDispatcher with 12 workers.
 -> (artifact id: '7d43bf5b10241147ef477bad6a64414e') in 0.061738 seconds
Number of updated asset objects reloaded before import = 0
Number of asset objects unloaded after import = 2
========================================================================
Received Import Request.
  Time since last request: 0.000032 seconds.
  path: Assets/ZRNAssets/005339_08932_25_14/Materials/005339_08932_L_-90224_0_01_01_16.mat
  artifactKey: Guid(e9daed53fe6814ea285310d6276ae3c7) Importer(2089858483,0ecaa5967403d082aa24f35e1b516d23)
Start importing Assets/ZRNAssets/005339_08932_25_14/Materials/005339_08932_L_-90224_0_01_01_16.mat using Guid(e9daed53fe6814ea285310d6276ae3c7) Importer(2089858483,0ecaa5967403d082aa24f35e1b516d23) [PhysX] Initialized MultithreadedTaskDispatcher with 12 workers.
 -> (artifact id: 'e29e397843a1120c4162bf30dcbfe507') in 0.060093 seconds
Number of updated asset objects reloaded before import = 0
Number of asset objects unloaded after import = 2
========================================================================
Received Import Request.
  Time since last request: 0.000051 seconds.
  path: Assets/ZRNAssets/005339_08932_25_14/Materials/005339_08932_25_14_unitedmat_115.mat
  artifactKey: Guid(b4050f2a5c4ee4c5aad0c7168aeaa8e6) Importer(2089858483,0ecaa5967403d082aa24f35e1b516d23)
Start importing Assets/ZRNAssets/005339_08932_25_14/Materials/005339_08932_25_14_unitedmat_115.mat using Guid(b4050f2a5c4ee4c5aad0c7168aeaa8e6) Importer(2089858483,0ecaa5967403d082aa24f35e1b516d23) [PhysX] Initialized MultithreadedTaskDispatcher with 12 workers.
 -> (artifact id: '28e970c20002c846f65b5ed1ac6c9758') in 0.048498 seconds
Number of updated asset objects reloaded before import = 0
Number of asset objects unloaded after import = 2
========================================================================
Received Import Request.
  Time since last request: 0.000046 seconds.
  path: Assets/Prefabs/NPC.prefab
  artifactKey: Guid(f1ffd2a25c3810540902d233e81edf49) Importer(2089858483,3d70f49cd1c2eb9ae422958d1c652c6b)
Start importing Assets/Prefabs/NPC.prefab using Guid(f1ffd2a25c3810540902d233e81edf49) Importer(2089858483,3d70f49cd1c2eb9ae422958d1c652c6b) [PhysX] Initialized MultithreadedTaskDispatcher with 12 workers.
 -> (artifact id: 'a7fc2ae5860eb0efe41670193cf36da0') in 0.028705 seconds
Number of updated asset objects reloaded before import = 0
Number of asset objects unloaded after import = 7
========================================================================
Received Import Request.
  Time since last request: 0.000057 seconds.
  path: Assets/EditorPersonajes/Data/Bottoms/Jean_02.asset
  artifactKey: Guid(fc692b64b48324b44912a6f5b7a2175b) Importer(2089858483,3d70f49cd1c2eb9ae422958d1c652c6b)
Start importing Assets/EditorPersonajes/Data/Bottoms/Jean_02.asset using Guid(fc692b64b48324b44912a6f5b7a2175b) Importer(2089858483,3d70f49cd1c2eb9ae422958d1c652c6b) [PhysX] Initialized MultithreadedTaskDispatcher with 12 workers.
 -> (artifact id: '68ba9ab9bc6e4a0b37f82d20fa5e250f') in 0.029697 seconds
Number of updated asset objects reloaded before import = 0
Number of asset objects unloaded after import = 1
========================================================================
Received Import Request.
  Time since last request: 0.000038 seconds.
  path: Assets/TextMesh Pro/Examples & Extras/Scenes/15 - Inline Graphics & Sprites.unity
  artifactKey: Guid(e76e6c0f81964cbda3fe0b7d26ed8060) Importer(2089858483,3d70f49cd1c2eb9ae422958d1c652c6b)
Start importing Assets/TextMesh Pro/Examples & Extras/Scenes/15 - Inline Graphics & Sprites.unity using Guid(e76e6c0f81964cbda3fe0b7d26ed8060) Importer(2089858483,3d70f49cd1c2eb9ae422958d1c652c6b) [PhysX] Initialized MultithreadedTaskDispatcher with 12 workers.
Opening scene 'Assets/TextMesh Pro/Examples & Extras/Scenes/15 - Inline Graphics & Sprites.unity additively'
LightingSettings: switching bake backend from 1 to 0.
Loaded scene 'Assets/TextMesh Pro/Examples & Extras/Scenes/15 - Inline Graphics & Sprites.unity'
	Deserialize:            23.349 ms
	Integration:            47.308 ms
	Integration of assets:  0.840 ms
	Thread Wait Time:       0.009 ms
	Total Operation Time:   71.505 ms
 -> (artifact id: '1ad5bd80afbbeb74eed3239a6ef71e80') in 0.099932 seconds
Number of updated asset objects reloaded before import = 0
Number of asset objects unloaded after import = 26
========================================================================
Received Import Request.
  Time since last request: 0.000242 seconds.
  path: Assets/ZRNAssets/005339_08932_25_14/Materials/005339_08932_25_14_unitedmat_76.mat
  artifactKey: Guid(b5346d04e9fa246e5afe0e0afa935549) Importer(2089858483,0ecaa5967403d082aa24f35e1b516d23)
Start importing Assets/ZRNAssets/005339_08932_25_14/Materials/005339_08932_25_14_unitedmat_76.mat using Guid(b5346d04e9fa246e5afe0e0afa935549) Importer(2089858483,0ecaa5967403d082aa24f35e1b516d23) [PhysX] Initialized MultithreadedTaskDispatcher with 12 workers.
 -> (artifact id: 'db91d677707676282694eeb4b07df8ca') in 0.043688 seconds
Number of updated asset objects reloaded before import = 0
Number of asset objects unloaded after import = 2
========================================================================
Received Import Request.
  Time since last request: 0.000056 seconds.
  path: Assets/ZRNAssets/005339_08932_25_14/Materials/005339_08932_L_-90299_0_01_01_11.mat
  artifactKey: Guid(09b74520673b94979a255d6db4c3b2aa) Importer(2089858483,0ecaa5967403d082aa24f35e1b516d23)
Start importing Assets/ZRNAssets/005339_08932_25_14/Materials/005339_08932_L_-90299_0_01_01_11.mat using Guid(09b74520673b94979a255d6db4c3b2aa) Importer(2089858483,0ecaa5967403d082aa24f35e1b516d23) [PhysX] Initialized MultithreadedTaskDispatcher with 12 workers.
 -> (artifact id: 'a53cf61700267a57c0a2cc2fb9984ad2') in 0.076259 seconds
Number of updated asset objects reloaded before import = 0
Number of asset objects unloaded after import = 2
========================================================================
Received Import Request.
  Time since last request: 0.000085 seconds.
  path: Assets/ZRNAssets/005339_08932_25_14/Materials/005339_08932_25_14_unitedmat_157.mat
  artifactKey: Guid(706f54067948d4af2890b8d653a20ed6) Importer(2089858483,0ecaa5967403d082aa24f35e1b516d23)
Start importing Assets/ZRNAssets/005339_08932_25_14/Materials/005339_08932_25_14_unitedmat_157.mat using Guid(706f54067948d4af2890b8d653a20ed6) Importer(2089858483,0ecaa5967403d082aa24f35e1b516d23) [PhysX] Initialized MultithreadedTaskDispatcher with 12 workers.
 -> (artifact id: '1e4148bfa95b21e4abc06fec79766644') in 0.074005 seconds
Number of updated asset objects reloaded before import = 0
Number of asset objects unloaded after import = 2
========================================================================
Received Import Request.
  Time since last request: 0.000035 seconds.
  path: Assets/ZRNAssets/005339_08932_25_14/Materials/005339_08932_25_14_unitedmat_102.mat
  artifactKey: Guid(287bab1c1cd2a4c5d85982e0b09dd180) Importer(2089858483,0ecaa5967403d082aa24f35e1b516d23)
Start importing Assets/ZRNAssets/005339_08932_25_14/Materials/005339_08932_25_14_unitedmat_102.mat using Guid(287bab1c1cd2a4c5d85982e0b09dd180) Importer(2089858483,0ecaa5967403d082aa24f35e1b516d23) [PhysX] Initialized MultithreadedTaskDispatcher with 12 workers.
 -> (artifact id: '036887402bcdf7c6e58525016156aabf') in 0.053058 seconds
Number of updated asset objects reloaded before import = 0
Number of asset objects unloaded after import = 2
========================================================================
Received Import Request.
  Time since last request: 0.000062 seconds.
  path: Assets/ZRNAssets/005339_08932_25_14/Materials/S_G_000114_S.mat
  artifactKey: Guid(233e82d967f2d4a9f9935642c0c9289d) Importer(2089858483,0ecaa5967403d082aa24f35e1b516d23)
Start importing Assets/ZRNAssets/005339_08932_25_14/Materials/S_G_000114_S.mat using Guid(233e82d967f2d4a9f9935642c0c9289d) Importer(2089858483,0ecaa5967403d082aa24f35e1b516d23) [PhysX] Initialized MultithreadedTaskDispatcher with 12 workers.
 -> (artifact id: '928f6c012e40c10efd4b17703c6756d9') in 0.069084 seconds
Number of updated asset objects reloaded before import = 0
Number of asset objects unloaded after import = 2
========================================================================
Received Import Request.
  Time since last request: 0.000116 seconds.
  path: Assets/ZRNAssets/005339_08932_25_14/Materials/005339_08932_L_-90211_0_01_01_38.mat
  artifactKey: Guid(119ff1ab5c130420ea62017c3aefe9d4) Importer(2089858483,0ecaa5967403d082aa24f35e1b516d23)
Start importing Assets/ZRNAssets/005339_08932_25_14/Materials/005339_08932_L_-90211_0_01_01_38.mat using Guid(119ff1ab5c130420ea62017c3aefe9d4) Importer(2089858483,0ecaa5967403d082aa24f35e1b516d23) [PhysX] Initialized MultithreadedTaskDispatcher with 12 workers.
 -> (artifact id: '5d0072604021fa9a4df40b315cfa400f') in 0.045105 seconds
Number of updated asset objects reloaded before import = 0
Number of asset objects unloaded after import = 2
========================================================================
Received Import Request.
  Time since last request: 0.000068 seconds.
  path: Assets/ZRNAssets/005339_08932_25_14/Materials/005339_08932_L_-90307_0_01_01_9.mat
  artifactKey: Guid(9c3400f09333f4e04a8e0ec3e897c9ce) Importer(2089858483,0ecaa5967403d082aa24f35e1b516d23)
Start importing Assets/ZRNAssets/005339_08932_25_14/Materials/005339_08932_L_-90307_0_01_01_9.mat using Guid(9c3400f09333f4e04a8e0ec3e897c9ce) Importer(2089858483,0ecaa5967403d082aa24f35e1b516d23) [PhysX] Initialized MultithreadedTaskDispatcher with 12 workers.
 -> (artifact id: '77120283a3dbc4963f89df83b17efa92') in 0.060005 seconds
Number of updated asset objects reloaded before import = 0
Number of asset objects unloaded after import = 2
========================================================================
Received Import Request.
  Time since last request: 0.000035 seconds.
  path: Assets/ZRNAssets/005339_08932_25_14/Materials/S_G_000184_F1.mat
  artifactKey: Guid(b664b93c3aad14340b9bb8885343d2bf) Importer(2089858483,0ecaa5967403d082aa24f35e1b516d23)
Start importing Assets/ZRNAssets/005339_08932_25_14/Materials/S_G_000184_F1.mat using Guid(b664b93c3aad14340b9bb8885343d2bf) Importer(2089858483,0ecaa5967403d082aa24f35e1b516d23) [PhysX] Initialized MultithreadedTaskDispatcher with 12 workers.
 -> (artifact id: '6c41126d6e9da5069c74b007689dbb1b') in 0.047340 seconds
Number of updated asset objects reloaded before import = 0
Number of asset objects unloaded after import = 2
========================================================================
Received Import Request.
  Time since last request: 0.001850 seconds.
  path: Assets/ZRNAssets/005339_08932_25_14/Materials/S_G_000128_E1.mat
  artifactKey: Guid(b894889ded541469e89630a56a4ceae0) Importer(2089858483,0ecaa5967403d082aa24f35e1b516d23)
Start importing Assets/ZRNAssets/005339_08932_25_14/Materials/S_G_000128_E1.mat using Guid(b894889ded541469e89630a56a4ceae0) Importer(2089858483,0ecaa5967403d082aa24f35e1b516d23) [PhysX] Initialized MultithreadedTaskDispatcher with 12 workers.
 -> (artifact id: '300441e7aa0b81bafcb6ec98b6fc671f') in 0.036130 seconds
Number of updated asset objects reloaded before import = 0
Number of asset objects unloaded after import = 2
========================================================================
Received Import Request.
  Time since last request: 0.000034 seconds.
  path: Assets/ZRNAssets/005339_08932_25_14/Textures/00_TexturesPlus/Materials/denki-building-4.mat
  artifactKey: Guid(dd8cc4075773047bebcf3f0e50aab778) Importer(2089858483,0ecaa5967403d082aa24f35e1b516d23)
Start importing Assets/ZRNAssets/005339_08932_25_14/Textures/00_TexturesPlus/Materials/denki-building-4.mat using Guid(dd8cc4075773047bebcf3f0e50aab778) Importer(2089858483,0ecaa5967403d082aa24f35e1b516d23) [PhysX] Initialized MultithreadedTaskDispatcher with 12 workers.
 -> (artifact id: '6c7b0eb7a621ef2f80b2695edf5d45cd') in 0.054615 seconds
Number of updated asset objects reloaded before import = 0
Number of asset objects unloaded after import = 2
========================================================================
Received Import Request.
  Time since last request: 0.001219 seconds.
  path: Assets/ZRNAssets/005339_08932_25_14/Materials/005339_08932_25_14_TransP_unitedmat_8.mat
  artifactKey: Guid(bf0cb918b2ad2441a920fbe8a815d62b) Importer(2089858483,0ecaa5967403d082aa24f35e1b516d23)
Start importing Assets/ZRNAssets/005339_08932_25_14/Materials/005339_08932_25_14_TransP_unitedmat_8.mat using Guid(bf0cb918b2ad2441a920fbe8a815d62b) Importer(2089858483,0ecaa5967403d082aa24f35e1b516d23) [PhysX] Initialized MultithreadedTaskDispatcher with 12 workers.
 -> (artifact id: '8918625a7b2a4a68d785653601d541fd') in 0.076235 seconds
Number of updated asset objects reloaded before import = 0
Number of asset objects unloaded after import = 1
========================================================================
Received Import Request.
  Time since last request: 0.000059 seconds.
  path: Assets/ZRNAssets/005339_08932_25_14/Materials/S_G_000101_F.mat
  artifactKey: Guid(02526576f2ec044828b8744ad869d1b1) Importer(2089858483,0ecaa5967403d082aa24f35e1b516d23)
Start importing Assets/ZRNAssets/005339_08932_25_14/Materials/S_G_000101_F.mat using Guid(02526576f2ec044828b8744ad869d1b1) Importer(2089858483,0ecaa5967403d082aa24f35e1b516d23) [PhysX] Initialized MultithreadedTaskDispatcher with 12 workers.
 -> (artifact id: '86c95b8177dc0d257af366fef76540fe') in 0.055246 seconds
Number of updated asset objects reloaded before import = 0
Number of asset objects unloaded after import = 2
========================================================================
Received Import Request.
  Time since last request: 0.000226 seconds.
  path: Assets/ZRNAssets/005339_08932_25_14/Materials/005339_08932_L_-90303_0_01_01_101.mat
  artifactKey: Guid(f33aa8ab87a424ba29223d23ed4b3085) Importer(2089858483,0ecaa5967403d082aa24f35e1b516d23)
Start importing Assets/ZRNAssets/005339_08932_25_14/Materials/005339_08932_L_-90303_0_01_01_101.mat using Guid(f33aa8ab87a424ba29223d23ed4b3085) Importer(2089858483,0ecaa5967403d082aa24f35e1b516d23) [PhysX] Initialized MultithreadedTaskDispatcher with 12 workers.
 -> (artifact id: '7e4b3a9f474353e4c0a9f8049d28bf00') in 0.050314 seconds
Number of updated asset objects reloaded before import = 0
Number of asset objects unloaded after import = 2
========================================================================
Received Import Request.
  Time since last request: 0.000034 seconds.
  path: Assets/ZRNAssets/005339_08932_25_14/Materials/S_G_000105_F.mat
  artifactKey: Guid(80d46cebf4e7a405dbd19de0b9a16872) Importer(2089858483,0ecaa5967403d082aa24f35e1b516d23)
Start importing Assets/ZRNAssets/005339_08932_25_14/Materials/S_G_000105_F.mat using Guid(80d46cebf4e7a405dbd19de0b9a16872) Importer(2089858483,0ecaa5967403d082aa24f35e1b516d23) [PhysX] Initialized MultithreadedTaskDispatcher with 12 workers.
 -> (artifact id: 'c652574397e69fb2d4679b37bb0fd052') in 0.045861 seconds
Number of updated asset objects reloaded before import = 0
Number of asset objects unloaded after import = 2
========================================================================
Received Import Request.
  Time since last request: 0.000042 seconds.
  path: Assets/ZRNAssets/005339_08932_25_14/Materials/005339_08932_25_14_unitedmat_72.mat
  artifactKey: Guid(f76b6dcea1f8e4e1d8c1037ff806843f) Importer(2089858483,0ecaa5967403d082aa24f35e1b516d23)
Start importing Assets/ZRNAssets/005339_08932_25_14/Materials/005339_08932_25_14_unitedmat_72.mat using Guid(f76b6dcea1f8e4e1d8c1037ff806843f) Importer(2089858483,0ecaa5967403d082aa24f35e1b516d23) [PhysX] Initialized MultithreadedTaskDispatcher with 12 workers.
 -> (artifact id: '7a5b2f64cf6eb59fdee4e220c7211e06') in 0.042722 seconds
Number of updated asset objects reloaded before import = 0
Number of asset objects unloaded after import = 2
========================================================================
Received Import Request.
  Time since last request: 0.000857 seconds.
  path: Assets/ZRNAssets/005339_08932_25_14/Materials/005339_08932_25_14_unitedmat_1.mat
  artifactKey: Guid(fc88a13402c574d6a92233480a92d398) Importer(2089858483,0ecaa5967403d082aa24f35e1b516d23)
Start importing Assets/ZRNAssets/005339_08932_25_14/Materials/005339_08932_25_14_unitedmat_1.mat using Guid(fc88a13402c574d6a92233480a92d398) Importer(2089858483,0ecaa5967403d082aa24f35e1b516d23) [PhysX] Initialized MultithreadedTaskDispatcher with 12 workers.
 -> (artifact id: '28a3ccf48ba3f77c32bd3f9ee7fda2d9') in 0.043137 seconds
Number of updated asset objects reloaded before import = 0
Number of asset objects unloaded after import = 2
========================================================================
Received Import Request.
  Time since last request: 0.000047 seconds.
  path: Assets/ZRNAssets/005339_08932_25_14/Materials/005339_08932_unitedmat_253.mat
  artifactKey: Guid(8d7cd0ba86cb74b78bf7e053b5e1447a) Importer(2089858483,0ecaa5967403d082aa24f35e1b516d23)
Start importing Assets/ZRNAssets/005339_08932_25_14/Materials/005339_08932_unitedmat_253.mat using Guid(8d7cd0ba86cb74b78bf7e053b5e1447a) Importer(2089858483,0ecaa5967403d082aa24f35e1b516d23) [PhysX] Initialized MultithreadedTaskDispatcher with 12 workers.
 -> (artifact id: 'c349c433d72186d3b10982c5941c6855') in 0.037854 seconds
Number of updated asset objects reloaded before import = 0
Number of asset objects unloaded after import = 1
========================================================================
Received Import Request.
  Time since last request: 0.000040 seconds.
  path: Assets/ZRNAssets/005339_08932_25_14/Materials/005339_08932_L_-90218_0_01_01_5.mat
  artifactKey: Guid(125b5bd19b7494b75adc28ca2549d104) Importer(2089858483,0ecaa5967403d082aa24f35e1b516d23)
Start importing Assets/ZRNAssets/005339_08932_25_14/Materials/005339_08932_L_-90218_0_01_01_5.mat using Guid(125b5bd19b7494b75adc28ca2549d104) Importer(2089858483,0ecaa5967403d082aa24f35e1b516d23) [PhysX] Initialized MultithreadedTaskDispatcher with 12 workers.
 -> (artifact id: '2a416464c57787a2cd62c83fb260d8b5') in 0.042874 seconds
Number of updated asset objects reloaded before import = 0
Number of asset objects unloaded after import = 2
========================================================================
Received Import Request.
  Time since last request: 0.000041 seconds.
  path: Assets/ZRNAssets/005339_08932_25_14/Materials/S_TrainFrame1_0001_TransP.mat
  artifactKey: Guid(b51c368c49def4a87b407536f0d8a9c0) Importer(2089858483,0ecaa5967403d082aa24f35e1b516d23)
Start importing Assets/ZRNAssets/005339_08932_25_14/Materials/S_TrainFrame1_0001_TransP.mat using Guid(b51c368c49def4a87b407536f0d8a9c0) Importer(2089858483,0ecaa5967403d082aa24f35e1b516d23) [PhysX] Initialized MultithreadedTaskDispatcher with 12 workers.
 -> (artifact id: '1e497d67260ae5379b5d63201193f00f') in 0.051207 seconds
Number of updated asset objects reloaded before import = 0
Number of asset objects unloaded after import = 2
========================================================================
Received Import Request.
  Time since last request: 0.000755 seconds.
  path: Assets/ZRNAssets/005339_08932_25_14/Materials/S_G_000184_S1.mat
  artifactKey: Guid(1aeb49744dcb84225b9cfe1f58269cd4) Importer(2089858483,0ecaa5967403d082aa24f35e1b516d23)
Start importing Assets/ZRNAssets/005339_08932_25_14/Materials/S_G_000184_S1.mat using Guid(1aeb49744dcb84225b9cfe1f58269cd4) Importer(2089858483,0ecaa5967403d082aa24f35e1b516d23) [PhysX] Initialized MultithreadedTaskDispatcher with 12 workers.
 -> (artifact id: 'edb2681e51029b4c17eb3245456f3516') in 0.044288 seconds
Number of updated asset objects reloaded before import = 0
Number of asset objects unloaded after import = 2
========================================================================
Received Import Request.
  Time since last request: 0.000042 seconds.
  path: Assets/ZRNAssets/005339_08932_25_14/Materials/005339_08932_L_-101709_0_01_01_4.mat
  artifactKey: Guid(66af23965453c4a508b0434635414491) Importer(2089858483,0ecaa5967403d082aa24f35e1b516d23)
Start importing Assets/ZRNAssets/005339_08932_25_14/Materials/005339_08932_L_-101709_0_01_01_4.mat using Guid(66af23965453c4a508b0434635414491) Importer(2089858483,0ecaa5967403d082aa24f35e1b516d23) [PhysX] Initialized MultithreadedTaskDispatcher with 12 workers.
 -> (artifact id: '2ab0e5a72abb61ae4f26838b1d9cac29') in 0.052428 seconds
Number of updated asset objects reloaded before import = 0
Number of asset objects unloaded after import = 2
========================================================================
Received Import Request.
  Time since last request: 0.000253 seconds.
  path: Assets/ZRNAssets/005339_08932_25_14/Materials/005339_08932_25_14_unitedmat_46.mat
  artifactKey: Guid(60ec77f98222e41139759c81f361b35a) Importer(2089858483,0ecaa5967403d082aa24f35e1b516d23)
Start importing Assets/ZRNAssets/005339_08932_25_14/Materials/005339_08932_25_14_unitedmat_46.mat using Guid(60ec77f98222e41139759c81f361b35a) Importer(2089858483,0ecaa5967403d082aa24f35e1b516d23) [PhysX] Initialized MultithreadedTaskDispatcher with 12 workers.
 -> (artifact id: 'e83852b17214f9ee13afb9b54d365ea2') in 0.047339 seconds
Number of updated asset objects reloaded before import = 0
Number of asset objects unloaded after import = 2
========================================================================
Received Import Request.
  Time since last request: 0.000040 seconds.
  path: Assets/ZRNAssets/005339_08932_25_14/Materials/005339_08932_L_-90289_0_01_01_6.mat
  artifactKey: Guid(0e18cff08bfb34ca992af16a33a12879) Importer(2089858483,0ecaa5967403d082aa24f35e1b516d23)
Start importing Assets/ZRNAssets/005339_08932_25_14/Materials/005339_08932_L_-90289_0_01_01_6.mat using Guid(0e18cff08bfb34ca992af16a33a12879) Importer(2089858483,0ecaa5967403d082aa24f35e1b516d23) [PhysX] Initialized MultithreadedTaskDispatcher with 12 workers.
 -> (artifact id: '63291adc0da81c72c12e15b5a960caab') in 0.038216 seconds
Number of updated asset objects reloaded before import = 0
Number of asset objects unloaded after import = 2
========================================================================
Received Import Request.
  Time since last request: 0.000044 seconds.
  path: Assets/ZRNAssets/005339_08932_25_14/Materials/005339_08932_25_14_unitedmat_167.mat
  artifactKey: Guid(1124a2b9268bb4c92b898b7fb59ff694) Importer(2089858483,0ecaa5967403d082aa24f35e1b516d23)
Start importing Assets/ZRNAssets/005339_08932_25_14/Materials/005339_08932_25_14_unitedmat_167.mat using Guid(1124a2b9268bb4c92b898b7fb59ff694) Importer(2089858483,0ecaa5967403d082aa24f35e1b516d23) [PhysX] Initialized MultithreadedTaskDispatcher with 12 workers.
 -> (artifact id: '3f1ae4965886959259a4107889334be0') in 0.032766 seconds
Number of updated asset objects reloaded before import = 0
Number of asset objects unloaded after import = 2
========================================================================
Received Import Request.
  Time since last request: 0.000056 seconds.
  path: Assets/ZRNAssets/005339_08932_25_14/Materials/005339_08932_25_14_unitedmat_0.mat
  artifactKey: Guid(25fe600d555c6451ca2bf915e7569c25) Importer(2089858483,0ecaa5967403d082aa24f35e1b516d23)
Start importing Assets/ZRNAssets/005339_08932_25_14/Materials/005339_08932_25_14_unitedmat_0.mat using Guid(25fe600d555c6451ca2bf915e7569c25) Importer(2089858483,0ecaa5967403d082aa24f35e1b516d23) [PhysX] Initialized MultithreadedTaskDispatcher with 12 workers.
 -> (artifact id: 'b0620257d497e5d92e2069ad1f1ddb1b') in 0.055608 seconds
Number of updated asset objects reloaded before import = 0
Number of asset objects unloaded after import = 2
========================================================================
Received Import Request.
  Time since last request: 0.000034 seconds.
  path: Assets/ZRNAssets/005339_08932_25_14/Materials/005339_08932_L_-90147_0_01_01_59.mat
  artifactKey: Guid(45665d6b963844b1e8a2e8f577c80432) Importer(2089858483,0ecaa5967403d082aa24f35e1b516d23)
Start importing Assets/ZRNAssets/005339_08932_25_14/Materials/005339_08932_L_-90147_0_01_01_59.mat using Guid(45665d6b963844b1e8a2e8f577c80432) Importer(2089858483,0ecaa5967403d082aa24f35e1b516d23) [PhysX] Initialized MultithreadedTaskDispatcher with 12 workers.
 -> (artifact id: '3aae3a5951f1acac20dcb8fbf51146b6') in 0.035942 seconds
Number of updated asset objects reloaded before import = 0
Number of asset objects unloaded after import = 2
========================================================================
Received Import Request.
  Time since last request: 0.058233 seconds.
  path: Assets/ZRNAssets/005339_08932_25_14/Materials/S_G_000163_F.mat
  artifactKey: Guid(6263b79af97ea4fc9a22c0affd7cf356) Importer(2089858483,0ecaa5967403d082aa24f35e1b516d23)
Start importing Assets/ZRNAssets/005339_08932_25_14/Materials/S_G_000163_F.mat using Guid(6263b79af97ea4fc9a22c0affd7cf356) Importer(2089858483,0ecaa5967403d082aa24f35e1b516d23) [PhysX] Initialized MultithreadedTaskDispatcher with 12 workers.
 -> (artifact id: '7f842b6a54adbb16e279e2ecbb0f20b1') in 0.044570 seconds
Number of updated asset objects reloaded before import = 0
Number of asset objects unloaded after import = 2
========================================================================
Received Import Request.
  Time since last request: 0.000037 seconds.
  path: Assets/ZRNAssets/005339_08932_25_14/Materials/S_G_000172_E.mat
  artifactKey: Guid(e3549c30dab5f4d03b6bc64b8a8d465c) Importer(2089858483,0ecaa5967403d082aa24f35e1b516d23)
Start importing Assets/ZRNAssets/005339_08932_25_14/Materials/S_G_000172_E.mat using Guid(e3549c30dab5f4d03b6bc64b8a8d465c) Importer(2089858483,0ecaa5967403d082aa24f35e1b516d23) [PhysX] Initialized MultithreadedTaskDispatcher with 12 workers.
 -> (artifact id: '9035ab6afec801e1f717ed383303c9bc') in 0.082346 seconds
Number of updated asset objects reloaded before import = 0
Number of asset objects unloaded after import = 2
========================================================================
Received Import Request.
  Time since last request: 0.000046 seconds.
  path: Assets/ZRNAssets/005339_08932_25_14/Materials/S_G_000128_S.mat
  artifactKey: Guid(7b08c0d462792405391c7f91168bf758) Importer(2089858483,0ecaa5967403d082aa24f35e1b516d23)
Start importing Assets/ZRNAssets/005339_08932_25_14/Materials/S_G_000128_S.mat using Guid(7b08c0d462792405391c7f91168bf758) Importer(2089858483,0ecaa5967403d082aa24f35e1b516d23) [PhysX] Initialized MultithreadedTaskDispatcher with 12 workers.
 -> (artifact id: '12cc9badb211434e2492a1d67f5f1138') in 0.085863 seconds
Number of updated asset objects reloaded before import = 0
Number of asset objects unloaded after import = 2
========================================================================
Received Import Request.
  Time since last request: 0.000040 seconds.
  path: Assets/ZRNAssets/005339_08932_25_14/Materials/005339_08932_unitedmat_145.mat
  artifactKey: Guid(accfb821e33db4d349947bb2f59ac025) Importer(2089858483,0ecaa5967403d082aa24f35e1b516d23)
Start importing Assets/ZRNAssets/005339_08932_25_14/Materials/005339_08932_unitedmat_145.mat using Guid(accfb821e33db4d349947bb2f59ac025) Importer(2089858483,0ecaa5967403d082aa24f35e1b516d23) [PhysX] Initialized MultithreadedTaskDispatcher with 12 workers.
 -> (artifact id: '608d7a955e892bfca6bc11af956f3b63') in 0.025613 seconds
Number of updated asset objects reloaded before import = 0
Number of asset objects unloaded after import = 1
========================================================================
Received Import Request.
  Time since last request: 0.000038 seconds.
  path: Assets/ZRNAssets/005339_08932_25_14/Materials/S_G_000152_S.mat
  artifactKey: Guid(e4942c480d1e54b2bbe207ac26c7867f) Importer(2089858483,0ecaa5967403d082aa24f35e1b516d23)
Start importing Assets/ZRNAssets/005339_08932_25_14/Materials/S_G_000152_S.mat using Guid(e4942c480d1e54b2bbe207ac26c7867f) Importer(2089858483,0ecaa5967403d082aa24f35e1b516d23) [PhysX] Initialized MultithreadedTaskDispatcher with 12 workers.
 -> (artifact id: 'ad6321bdac6dee2541feffe461b74a96') in 0.036746 seconds
Number of updated asset objects reloaded before import = 0
Number of asset objects unloaded after import = 2
========================================================================
Received Import Request.
  Time since last request: 0.000157 seconds.
  path: Assets/ZRNAssets/005339_08932_25_14/Materials/005339_08932_25_14_unitedmat_77.mat
  artifactKey: Guid(abc9a78c5f99944b4a6a4cdb73483966) Importer(2089858483,0ecaa5967403d082aa24f35e1b516d23)
Start importing Assets/ZRNAssets/005339_08932_25_14/Materials/005339_08932_25_14_unitedmat_77.mat using Guid(abc9a78c5f99944b4a6a4cdb73483966) Importer(2089858483,0ecaa5967403d082aa24f35e1b516d23) [PhysX] Initialized MultithreadedTaskDispatcher with 12 workers.
 -> (artifact id: 'c27707b2dfe2ccdbaef0c9deba91ec7c') in 0.056418 seconds
Number of updated asset objects reloaded before import = 0
Number of asset objects unloaded after import = 2
========================================================================
Received Import Request.
  Time since last request: 0.000053 seconds.
  path: Assets/ZRNAssets/005339_08932_25_14/Materials/S_G_000127_S1.mat
  artifactKey: Guid(6395095c85a8e4598934c89e5189283b) Importer(2089858483,0ecaa5967403d082aa24f35e1b516d23)
Start importing Assets/ZRNAssets/005339_08932_25_14/Materials/S_G_000127_S1.mat using Guid(6395095c85a8e4598934c89e5189283b) Importer(2089858483,0ecaa5967403d082aa24f35e1b516d23) [PhysX] Initialized MultithreadedTaskDispatcher with 12 workers.
 -> (artifact id: '9206222245ae4415d64af80d75593715') in 0.040682 seconds
Number of updated asset objects reloaded before import = 0
Number of asset objects unloaded after import = 2
========================================================================
Received Import Request.
  Time since last request: 0.000056 seconds.
  path: Assets/ZRNAssets/005339_08932_25_14/Materials/005339_08932_25_14_unitedmat_119.mat
  artifactKey: Guid(d1fb7d8fad3214856962ed545cd49530) Importer(2089858483,0ecaa5967403d082aa24f35e1b516d23)
Start importing Assets/ZRNAssets/005339_08932_25_14/Materials/005339_08932_25_14_unitedmat_119.mat using Guid(d1fb7d8fad3214856962ed545cd49530) Importer(2089858483,0ecaa5967403d082aa24f35e1b516d23) [PhysX] Initialized MultithreadedTaskDispatcher with 12 workers.
 -> (artifact id: '2061368dba586ef3e2fb1e85d862a3cb') in 0.053872 seconds
Number of updated asset objects reloaded before import = 0
Number of asset objects unloaded after import = 2
========================================================================
Received Import Request.
  Time since last request: 0.000035 seconds.
  path: Assets/ZRNAssets/005339_08932_25_14/Materials/S_G_000150_F.mat
  artifactKey: Guid(1852e59924e324d3e83f670fe4929b7f) Importer(2089858483,0ecaa5967403d082aa24f35e1b516d23)
Start importing Assets/ZRNAssets/005339_08932_25_14/Materials/S_G_000150_F.mat using Guid(1852e59924e324d3e83f670fe4929b7f) Importer(2089858483,0ecaa5967403d082aa24f35e1b516d23) [PhysX] Initialized MultithreadedTaskDispatcher with 12 workers.
 -> (artifact id: 'd18ba94ff76e80c3551fb4ed595abdd0') in 0.042456 seconds
Number of updated asset objects reloaded before import = 0
Number of asset objects unloaded after import = 2
========================================================================
Received Import Request.
  Time since last request: 0.000041 seconds.
  path: Assets/ZRNAssets/005339_08932_25_14/Materials/005339_08932_L_-103562_0_01_01_17.mat
  artifactKey: Guid(f345897fad476418cb910c0bddbfb775) Importer(2089858483,0ecaa5967403d082aa24f35e1b516d23)
Start importing Assets/ZRNAssets/005339_08932_25_14/Materials/005339_08932_L_-103562_0_01_01_17.mat using Guid(f345897fad476418cb910c0bddbfb775) Importer(2089858483,0ecaa5967403d082aa24f35e1b516d23) [PhysX] Initialized MultithreadedTaskDispatcher with 12 workers.
 -> (artifact id: '23e22b9d034999ed93f25749fdce7677') in 0.045013 seconds
Number of updated asset objects reloaded before import = 0
Number of asset objects unloaded after import = 2
========================================================================
Received Import Request.
  Time since last request: 0.000042 seconds.
  path: Assets/ZRNAssets/005339_08932_25_14/Materials/005339_08932_L_-90270_0_01_01_9.mat
  artifactKey: Guid(590764cc6b6ad49cd85688a89b355a5b) Importer(2089858483,0ecaa5967403d082aa24f35e1b516d23)
Start importing Assets/ZRNAssets/005339_08932_25_14/Materials/005339_08932_L_-90270_0_01_01_9.mat using Guid(590764cc6b6ad49cd85688a89b355a5b) Importer(2089858483,0ecaa5967403d082aa24f35e1b516d23) [PhysX] Initialized MultithreadedTaskDispatcher with 12 workers.
 -> (artifact id: '22415eaf6db3b50de6bf148f63fdf01f') in 0.049624 seconds
Number of updated asset objects reloaded before import = 0
Number of asset objects unloaded after import = 2
========================================================================
Received Import Request.
  Time since last request: 0.000036 seconds.
  path: Assets/ZRNAssets/005339_08932_25_14/Materials/S_G_000009_F1.mat
  artifactKey: Guid(1a2a679262dfa4f0687c690e2902b945) Importer(2089858483,0ecaa5967403d082aa24f35e1b516d23)
Start importing Assets/ZRNAssets/005339_08932_25_14/Materials/S_G_000009_F1.mat using Guid(1a2a679262dfa4f0687c690e2902b945) Importer(2089858483,0ecaa5967403d082aa24f35e1b516d23) [PhysX] Initialized MultithreadedTaskDispatcher with 12 workers.
 -> (artifact id: '5afb0c3ce5ca520a7868585136f9758a') in 0.047755 seconds
Number of updated asset objects reloaded before import = 0
Number of asset objects unloaded after import = 2
========================================================================
Received Import Request.
  Time since last request: 0.000074 seconds.
  path: Assets/Scripts/Tienda/Kanas/Kanas2.asset
  artifactKey: Guid(1b598c8156f9aa64cb24927c547d32fb) Importer(2089858483,0ecaa5967403d082aa24f35e1b516d23)
Start importing Assets/Scripts/Tienda/Kanas/Kanas2.asset using Guid(1b598c8156f9aa64cb24927c547d32fb) Importer(2089858483,0ecaa5967403d082aa24f35e1b516d23) [PhysX] Initialized MultithreadedTaskDispatcher with 12 workers.
 -> (artifact id: '2b47863859d8fd6c33f531c38ce824fb') in 0.065769 seconds
Number of updated asset objects reloaded before import = 0
Number of asset objects unloaded after import = 1
========================================================================
Received Import Request.
  Time since last request: 0.000036 seconds.
  path: Assets/ZRNAssets/005339_08932_25_14/Materials/z_demo_mat_ground.mat
  artifactKey: Guid(f6c7ee20788474bc0a0de3ff28bc2da7) Importer(2089858483,0ecaa5967403d082aa24f35e1b516d23)
Start importing Assets/ZRNAssets/005339_08932_25_14/Materials/z_demo_mat_ground.mat using Guid(f6c7ee20788474bc0a0de3ff28bc2da7) Importer(2089858483,0ecaa5967403d082aa24f35e1b516d23) [PhysX] Initialized MultithreadedTaskDispatcher with 12 workers.
 -> (artifact id: '7ebf8e3fb7221325ed067c9c67d455c1') in 0.026912 seconds
Number of updated asset objects reloaded before import = 0
Number of asset objects unloaded after import = 1
========================================================================
Received Import Request.
  Time since last request: 0.000044 seconds.
  path: Assets/ZRNAssets/005339_08932_25_14/Materials/005339_08932_L_-90241_0_01_01_15.mat
  artifactKey: Guid(8f0fa4e84b0b6432786b83a022aaf3e4) Importer(2089858483,0ecaa5967403d082aa24f35e1b516d23)
Start importing Assets/ZRNAssets/005339_08932_25_14/Materials/005339_08932_L_-90241_0_01_01_15.mat using Guid(8f0fa4e84b0b6432786b83a022aaf3e4) Importer(2089858483,0ecaa5967403d082aa24f35e1b516d23) [PhysX] Initialized MultithreadedTaskDispatcher with 12 workers.
 -> (artifact id: 'c407e39d074770e929bd172a61b6b9c9') in 0.045545 seconds
Number of updated asset objects reloaded before import = 0
Number of asset objects unloaded after import = 2
========================================================================
Received Import Request.
  Time since last request: 0.000048 seconds.
  path: Assets/Scripts/NPC1/Cartas/hiragana-i.jpg
  artifactKey: Guid(a24adcf8079392c4c9276d047f809371) Importer(2089858483,0ecaa5967403d082aa24f35e1b516d23)
Start importing Assets/Scripts/NPC1/Cartas/hiragana-i.jpg using Guid(a24adcf8079392c4c9276d047f809371) Importer(2089858483,0ecaa5967403d082aa24f35e1b516d23) [PhysX] Initialized MultithreadedTaskDispatcher with 12 workers.
 -> (artifact id: '408384d4b081e2438104e2a2716e3a1b') in 0.183214 seconds
Number of updated asset objects reloaded before import = 0
Number of asset objects unloaded after import = 3
========================================================================
Received Import Request.
  Time since last request: 0.000039 seconds.
  path: Assets/ZRNAssets/005339_08932_25_14/Materials/005339_08932_unitedmat_151.mat
  artifactKey: Guid(27e0c303a701f47a1953c7c60105ac50) Importer(2089858483,0ecaa5967403d082aa24f35e1b516d23)
Start importing Assets/ZRNAssets/005339_08932_25_14/Materials/005339_08932_unitedmat_151.mat using Guid(27e0c303a701f47a1953c7c60105ac50) Importer(2089858483,0ecaa5967403d082aa24f35e1b516d23) [PhysX] Initialized MultithreadedTaskDispatcher with 12 workers.
 -> (artifact id: '2fce3f2799b872c819948829a44105de') in 0.029119 seconds
Number of updated asset objects reloaded before import = 0
Number of asset objects unloaded after import = 1
========================================================================
Received Import Request.
  Time since last request: 0.000069 seconds.
  path: Assets/Dialogos/Dialogos NPC6
  artifactKey: Guid(29616d27cfad88b4babd6aac516ce5dc) Importer(2089858483,0ecaa5967403d082aa24f35e1b516d23)
Start importing Assets/Dialogos/Dialogos NPC6 using Guid(29616d27cfad88b4babd6aac516ce5dc) Importer(2089858483,0ecaa5967403d082aa24f35e1b516d23) [PhysX] Initialized MultithreadedTaskDispatcher with 12 workers.
 -> (artifact id: '7618a7d8e88dad0dd9d70e0071510d3f') in 0.022389 seconds
Number of updated asset objects reloaded before import = 0
Number of asset objects unloaded after import = 1
========================================================================
Received Import Request.
  Time since last request: 0.000047 seconds.
  path: Assets/Scripts/NPC1/Cartas/67514691-simples-negrito-hiragana-personagem-carta-uma-japones-escrevendo-sistema-simbolo-vetor.jpg
  artifactKey: Guid(03d4b5fc60b4ba1448ba8be036bad4e7) Importer(2089858483,0ecaa5967403d082aa24f35e1b516d23)
Start importing Assets/Scripts/NPC1/Cartas/67514691-simples-negrito-hiragana-personagem-carta-uma-japones-escrevendo-sistema-simbolo-vetor.jpg using Guid(03d4b5fc60b4ba1448ba8be036bad4e7) Importer(2089858483,0ecaa5967403d082aa24f35e1b516d23) [PhysX] Initialized MultithreadedTaskDispatcher with 12 workers.
 -> (artifact id: 'd88d2ca7977f472ed44fb47977c1da93') in 0.058383 seconds
Number of updated asset objects reloaded before import = 0
Number of asset objects unloaded after import = 3
========================================================================
Received Import Request.
  Time since last request: 0.000055 seconds.
  path: Assets/ZRNAssets/005339_08932_25_14/Materials/S_G_000126_F1.mat
  artifactKey: Guid(2ddef6440847049dabd8a277622124be) Importer(2089858483,0ecaa5967403d082aa24f35e1b516d23)
Start importing Assets/ZRNAssets/005339_08932_25_14/Materials/S_G_000126_F1.mat using Guid(2ddef6440847049dabd8a277622124be) Importer(2089858483,0ecaa5967403d082aa24f35e1b516d23) [PhysX] Initialized MultithreadedTaskDispatcher with 12 workers.
 -> (artifact id: 'afb865280899c44537d0cad5b2aa6377') in 0.036300 seconds
Number of updated asset objects reloaded before import = 0
Number of asset objects unloaded after import = 2
========================================================================
Received Import Request.
  Time since last request: 0.000047 seconds.
  path: Assets/Dialogos/Dialogos Director
  artifactKey: Guid(92a0972a5b55bf145a757b2dbcc5cb26) Importer(2089858483,0ecaa5967403d082aa24f35e1b516d23)
Start importing Assets/Dialogos/Dialogos Director using Guid(92a0972a5b55bf145a757b2dbcc5cb26) Importer(2089858483,0ecaa5967403d082aa24f35e1b516d23) [PhysX] Initialized MultithreadedTaskDispatcher with 12 workers.
 -> (artifact id: '59c7da4698de9cbbc4cd9ae01d1db289') in 0.033470 seconds
Number of updated asset objects reloaded before import = 0
Number of asset objects unloaded after import = 1
========================================================================
Received Import Request.
  Time since last request: 0.000046 seconds.
  path: Assets/Dialogos/Dialogos NPC2
  artifactKey: Guid(db076bbbee8a15b4da8bc49c7b1c8ed3) Importer(2089858483,0ecaa5967403d082aa24f35e1b516d23)
Start importing Assets/Dialogos/Dialogos NPC2 using Guid(db076bbbee8a15b4da8bc49c7b1c8ed3) Importer(2089858483,0ecaa5967403d082aa24f35e1b516d23) [PhysX] Initialized MultithreadedTaskDispatcher with 12 workers.
 -> (artifact id: '335e5dd4eb8126570acbc26727174cd2') in 0.043615 seconds
Number of updated asset objects reloaded before import = 0
Number of asset objects unloaded after import = 1
========================================================================
Received Import Request.
  Time since last request: 0.000126 seconds.
  path: Assets/EditorPersonajes/Data/Hair/Hair_03.asset
  artifactKey: Guid(5b60619ad2b3c3544842a93628d16975) Importer(2089858483,0ecaa5967403d082aa24f35e1b516d23)
Start importing Assets/EditorPersonajes/Data/Hair/Hair_03.asset using Guid(5b60619ad2b3c3544842a93628d16975) Importer(2089858483,0ecaa5967403d082aa24f35e1b516d23) [PhysX] Initialized MultithreadedTaskDispatcher with 12 workers.
 -> (artifact id: 'ed351bef3ea415ef4fc97a232693f155') in 0.063614 seconds
Number of updated asset objects reloaded before import = 0
Number of asset objects unloaded after import = 2
========================================================================
Received Import Request.
  Time since last request: 0.000061 seconds.
  path: Assets/EditorPersonajes/Data/Bottoms/Skirt_03.asset
  artifactKey: Guid(132c44a0a1752e3458387d45111a7400) Importer(2089858483,0ecaa5967403d082aa24f35e1b516d23)
Start importing Assets/EditorPersonajes/Data/Bottoms/Skirt_03.asset using Guid(132c44a0a1752e3458387d45111a7400) Importer(2089858483,0ecaa5967403d082aa24f35e1b516d23) [PhysX] Initialized MultithreadedTaskDispatcher with 12 workers.
 -> (artifact id: '9da75d07e64530f2affb19fc65670408') in 0.034405 seconds
Number of updated asset objects reloaded before import = 0
Number of asset objects unloaded after import = 2
========================================================================
Received Import Request.
  Time since last request: 0.000075 seconds.
  path: Assets/Scenes/EditorPersonaje.unity
  artifactKey: Guid(669daae0c7c5fbe40bac2f9a778a2b45) Importer(2089858483,0ecaa5967403d082aa24f35e1b516d23)
Start importing Assets/Scenes/EditorPersonaje.unity using Guid(669daae0c7c5fbe40bac2f9a778a2b45) Importer(2089858483,0ecaa5967403d082aa24f35e1b516d23) [PhysX] Initialized MultithreadedTaskDispatcher with 12 workers.
 -> (artifact id: '633efc75066b51098927731c17ed6f1e') in 0.030609 seconds
Number of updated asset objects reloaded before import = 0
Number of asset objects unloaded after import = 1
========================================================================
Received Import Request.
  Time since last request: 0.000041 seconds.
  path: Assets/EditorPersonajes/Data/Bottoms/Skirt_04.asset
  artifactKey: Guid(97276aa5cdea5a647bc6fe4afcb3de0a) Importer(2089858483,0ecaa5967403d082aa24f35e1b516d23)
Start importing Assets/EditorPersonajes/Data/Bottoms/Skirt_04.asset using Guid(97276aa5cdea5a647bc6fe4afcb3de0a) Importer(2089858483,0ecaa5967403d082aa24f35e1b516d23) [PhysX] Initialized MultithreadedTaskDispatcher with 12 workers.
 -> (artifact id: '02ca8972f0839e0eac01201715f6c36f') in 0.191917 seconds
Number of updated asset objects reloaded before import = 0
Number of asset objects unloaded after import = 2
========================================================================
Received Import Request.
  Time since last request: 0.000066 seconds.
  path: Assets/Dialogos/Dialogos NPC8/No.asset
  artifactKey: Guid(d47df1301d5a1fe4cbdd48a5882d5bf2) Importer(2089858483,0ecaa5967403d082aa24f35e1b516d23)
Start importing Assets/Dialogos/Dialogos NPC8/No.asset using Guid(d47df1301d5a1fe4cbdd48a5882d5bf2) Importer(2089858483,0ecaa5967403d082aa24f35e1b516d23) [PhysX] Initialized MultithreadedTaskDispatcher with 12 workers.
 -> (artifact id: 'a295a989267efb7244db467be4f000f3') in 0.043586 seconds
Number of updated asset objects reloaded before import = 0
Number of asset objects unloaded after import = 1
========================================================================
Received Import Request.
  Time since last request: 0.000258 seconds.
  path: Assets/EditorPersonajes/Data
  artifactKey: Guid(4b59997de4516634081e7117623b2247) Importer(2089858483,0ecaa5967403d082aa24f35e1b516d23)
Start importing Assets/EditorPersonajes/Data using Guid(4b59997de4516634081e7117623b2247) Importer(2089858483,0ecaa5967403d082aa24f35e1b516d23) [PhysX] Initialized MultithreadedTaskDispatcher with 12 workers.
 -> (artifact id: '644c57cf323d0296cb9db36bfef06f48') in 0.025963 seconds
Number of updated asset objects reloaded before import = 0
Number of asset objects unloaded after import = 1
========================================================================
Received Import Request.
  Time since last request: 0.000041 seconds.
  path: Assets/EditorPersonajes/Sprites/Accessories/Acc_2.png
  artifactKey: Guid(20bb6ddc6bfa69f4aaf11c6a29d910aa) Importer(2089858483,0ecaa5967403d082aa24f35e1b516d23)
Start importing Assets/EditorPersonajes/Sprites/Accessories/Acc_2.png using Guid(20bb6ddc6bfa69f4aaf11c6a29d910aa) Importer(2089858483,0ecaa5967403d082aa24f35e1b516d23) [PhysX] Initialized MultithreadedTaskDispatcher with 12 workers.
 -> (artifact id: '03c87f1810ddaaf524562049003d8a16') in 0.074120 seconds
Number of updated asset objects reloaded before import = 0
Number of asset objects unloaded after import = 3
========================================================================
Received Import Request.
  Time since last request: 0.000037 seconds.
  path: Assets/DEMO_MegaCozyUIPack_doboui - copia/Containers/NotebookContainers/NotebookContainer1_cream.png
  artifactKey: Guid(14bcca70a882419458476ef5a72829cf) Importer(2089858483,0ecaa5967403d082aa24f35e1b516d23)
Start importing Assets/DEMO_MegaCozyUIPack_doboui - copia/Containers/NotebookContainers/NotebookContainer1_cream.png using Guid(14bcca70a882419458476ef5a72829cf) Importer(2089858483,0ecaa5967403d082aa24f35e1b516d23) [PhysX] Initialized MultithreadedTaskDispatcher with 12 workers.
 -> (artifact id: '7699e5b1de4d49f611c1169e83fe6292') in 0.065680 seconds
Number of updated asset objects reloaded before import = 0
Number of asset objects unloaded after import = 1
========================================================================
Received Import Request.
  Time since last request: 0.000067 seconds.
  path: Assets/Sounds/crowdtalk4.wav
  artifactKey: Guid(06084cdca3890d540bc93ddb3e5822e1) Importer(2089858483,0ecaa5967403d082aa24f35e1b516d23)
Start importing Assets/Sounds/crowdtalk4.wav using Guid(06084cdca3890d540bc93ddb3e5822e1) Importer(2089858483,0ecaa5967403d082aa24f35e1b516d23) [PhysX] Initialized MultithreadedTaskDispatcher with 12 workers.
 -> (artifact id: '735888711bc54135c17cfb2eec93afbc') in 0.085171 seconds
Number of updated asset objects reloaded before import = 0
Number of asset objects unloaded after import = 1
========================================================================
Received Import Request.
  Time since last request: 0.000048 seconds.
  path: Assets/EditorPersonajes/Data/Shirts/Shirt_02.asset
  artifactKey: Guid(d7de72de3be571646a1901c0a31343e4) Importer(2089858483,0ecaa5967403d082aa24f35e1b516d23)
Start importing Assets/EditorPersonajes/Data/Shirts/Shirt_02.asset using Guid(d7de72de3be571646a1901c0a31343e4) Importer(2089858483,0ecaa5967403d082aa24f35e1b516d23) [PhysX] Initialized MultithreadedTaskDispatcher with 12 workers.
 -> (artifact id: '7aceff0626ed5912b3e3669e435ca606') in 0.047761 seconds
Number of updated asset objects reloaded before import = 0
Number of asset objects unloaded after import = 2
========================================================================
Received Import Request.
  Time since last request: 0.000030 seconds.
  path: Assets/EditorPersonajes/Data/Dresses/Dress_01.asset
  artifactKey: Guid(672b3abacfbe9294d91eac817dc96e98) Importer(2089858483,0ecaa5967403d082aa24f35e1b516d23)
Start importing Assets/EditorPersonajes/Data/Dresses/Dress_01.asset using Guid(672b3abacfbe9294d91eac817dc96e98) Importer(2089858483,0ecaa5967403d082aa24f35e1b516d23) [PhysX] Initialized MultithreadedTaskDispatcher with 12 workers.
 -> (artifact id: '4869e0c4e2c83e25b3d5e21ad75864bd') in 0.036443 seconds
Number of updated asset objects reloaded before import = 0
Number of asset objects unloaded after import = 2
========================================================================
Received Import Request.
  Time since last request: 0.000039 seconds.
  path: Assets/TextMesh Pro/Fonts/NotoSerifJP-Regular.ttf
  artifactKey: Guid(b3006ee464e15b741b7cdd3a47926064) Importer(2089858483,0ecaa5967403d082aa24f35e1b516d23)
Start importing Assets/TextMesh Pro/Fonts/NotoSerifJP-Regular.ttf using Guid(b3006ee464e15b741b7cdd3a47926064) Importer(2089858483,0ecaa5967403d082aa24f35e1b516d23) [PhysX] Initialized MultithreadedTaskDispatcher with 12 workers.
 -> (artifact id: '14781584d03358b4c871085f98d8d59a') in 0.070713 seconds
Number of updated asset objects reloaded before import = 0
Number of asset objects unloaded after import = 3
========================================================================
Received Import Request.
  Time since last request: 0.000034 seconds.
  path: Assets/ZRNAssets/005339_08932_25_14/Materials/005339_08932_25_14_unitedmat_160.mat
  artifactKey: Guid(33ce2dbc576854d7fb00f5a349925d2c) Importer(2089858483,0ecaa5967403d082aa24f35e1b516d23)
Start importing Assets/ZRNAssets/005339_08932_25_14/Materials/005339_08932_25_14_unitedmat_160.mat using Guid(33ce2dbc576854d7fb00f5a349925d2c) Importer(2089858483,0ecaa5967403d082aa24f35e1b516d23) [PhysX] Initialized MultithreadedTaskDispatcher with 12 workers.
 -> (artifact id: '0d8f24609ebbecf2b6a9bd96e95d0051') in 0.028707 seconds
Number of updated asset objects reloaded before import = 0
Number of asset objects unloaded after import = 2
========================================================================
Received Import Request.
  Time since last request: 0.000065 seconds.
  path: Assets/Dialogos/Dialogos NPC8/EmpezarOCHO.asset
  artifactKey: Guid(03bef49d9f12961498bf61d63711b105) Importer(2089858483,0ecaa5967403d082aa24f35e1b516d23)
Start importing Assets/Dialogos/Dialogos NPC8/EmpezarOCHO.asset using Guid(03bef49d9f12961498bf61d63711b105) Importer(2089858483,0ecaa5967403d082aa24f35e1b516d23) [PhysX] Initialized MultithreadedTaskDispatcher with 12 workers.
 -> (artifact id: 'faa906db6bc5e3774044aaebb5c759fb') in 0.041678 seconds
Number of updated asset objects reloaded before import = 0
Number of asset objects unloaded after import = 3
========================================================================
Received Import Request.
  Time since last request: 0.000448 seconds.
  path: Assets/DEMO_MegaCozyUIPack_doboui - copia/Containers/RopeContainers/RopeContainer1_green.png
  artifactKey: Guid(27f6214c25626074ba35f561fdb7263d) Importer(2089858483,0ecaa5967403d082aa24f35e1b516d23)
Start importing Assets/DEMO_MegaCozyUIPack_doboui - copia/Containers/RopeContainers/RopeContainer1_green.png using Guid(27f6214c25626074ba35f561fdb7263d) Importer(2089858483,0ecaa5967403d082aa24f35e1b516d23) [PhysX] Initialized MultithreadedTaskDispatcher with 12 workers.
 -> (artifact id: '451143c54ad70ab1e0f160efb4aa3c72') in 0.058780 seconds
Number of updated asset objects reloaded before import = 0
Number of asset objects unloaded after import = 1
========================================================================
Received Import Request.
  Time since last request: 0.000039 seconds.
  path: Assets/DEMO_MegaCozyUIPack_doboui - copia/Frames/Frame1_wood.png
  artifactKey: Guid(8d79b9b757b339e468d9bc2f90d35644) Importer(2089858483,0ecaa5967403d082aa24f35e1b516d23)
Start importing Assets/DEMO_MegaCozyUIPack_doboui - copia/Frames/Frame1_wood.png using Guid(8d79b9b757b339e468d9bc2f90d35644) Importer(2089858483,0ecaa5967403d082aa24f35e1b516d23) [PhysX] Initialized MultithreadedTaskDispatcher with 12 workers.
 -> (artifact id: '4cbb728bb9d6500d4b719c5e21f807fa') in 0.068966 seconds
Number of updated asset objects reloaded before import = 0
Number of asset objects unloaded after import = 1
========================================================================
Received Import Request.
  Time since last request: 0.000042 seconds.
  path: Assets/DEMO_MegaCozyUIPack_doboui - copia/Buttons/Hexagonal/IsPressed/HexagonalPressedButton1_yellow.png
  artifactKey: Guid(47fa12568420a9d46b532daa2e60f9a9) Importer(2089858483,0ecaa5967403d082aa24f35e1b516d23)
Start importing Assets/DEMO_MegaCozyUIPack_doboui - copia/Buttons/Hexagonal/IsPressed/HexagonalPressedButton1_yellow.png using Guid(47fa12568420a9d46b532daa2e60f9a9) Importer(2089858483,0ecaa5967403d082aa24f35e1b516d23) [PhysX] Initialized MultithreadedTaskDispatcher with 12 workers.
 -> (artifact id: 'f35273a5737ac7d3e18a43cf136a1273') in 0.056870 seconds
Number of updated asset objects reloaded before import = 0
Number of asset objects unloaded after import = 1
========================================================================
Received Import Request.
  Time since last request: 0.000072 seconds.
  path: Assets/DEMO_MegaCozyUIPack_doboui - copia/Headers/Header1_green.png
  artifactKey: Guid(e4458c3a97a7d764a98d50b761b27fa9) Importer(2089858483,0ecaa5967403d082aa24f35e1b516d23)
Start importing Assets/DEMO_MegaCozyUIPack_doboui - copia/Headers/Header1_green.png using Guid(e4458c3a97a7d764a98d50b761b27fa9) Importer(2089858483,0ecaa5967403d082aa24f35e1b516d23) [PhysX] Initialized MultithreadedTaskDispatcher with 12 workers.
 -> (artifact id: '705bb4064264dbd5f1e5e0333666a1d1') in 0.097892 seconds
Number of updated asset objects reloaded before import = 0
Number of asset objects unloaded after import = 1
========================================================================
Received Import Request.
  Time since last request: 0.000096 seconds.
  path: Assets/DEMO_MegaCozyUIPack_doboui - copia/Containers/DoubleStripeContainer/DoubleStripeContainer1_purple.png
  artifactKey: Guid(be139c44a70ce8b46ba60c749a3864ea) Importer(2089858483,0ecaa5967403d082aa24f35e1b516d23)
Start importing Assets/DEMO_MegaCozyUIPack_doboui - copia/Containers/DoubleStripeContainer/DoubleStripeContainer1_purple.png using Guid(be139c44a70ce8b46ba60c749a3864ea) Importer(2089858483,0ecaa5967403d082aa24f35e1b516d23) [PhysX] Initialized MultithreadedTaskDispatcher with 12 workers.
 -> (artifact id: 'aa015d98ce3d4d154ee6ee1d377a2cb6') in 0.073986 seconds
Number of updated asset objects reloaded before import = 0
Number of asset objects unloaded after import = 1
========================================================================
Received Import Request.
  Time since last request: 0.000055 seconds.
  path: Assets/DEMO_MegaCozyUIPack_doboui - copia/Labels/Label1_yellow.png
  artifactKey: Guid(749e75b5cf4061846a299ba259328612) Importer(2089858483,0ecaa5967403d082aa24f35e1b516d23)
Start importing Assets/DEMO_MegaCozyUIPack_doboui - copia/Labels/Label1_yellow.png using Guid(749e75b5cf4061846a299ba259328612) Importer(2089858483,0ecaa5967403d082aa24f35e1b516d23) [PhysX] Initialized MultithreadedTaskDispatcher with 12 workers.
 -> (artifact id: '363a706475785b02b9790ce2df2d257d') in 0.070250 seconds
Number of updated asset objects reloaded before import = 0
Number of asset objects unloaded after import = 1
========================================================================
Received Import Request.
  Time since last request: 0.000039 seconds.
  path: Assets/EditorPersonajes/Sprites/Clothes
  artifactKey: Guid(12001cfe78e97fb4f8a874a41cfc55f8) Importer(2089858483,0ecaa5967403d082aa24f35e1b516d23)
Start importing Assets/EditorPersonajes/Sprites/Clothes using Guid(12001cfe78e97fb4f8a874a41cfc55f8) Importer(2089858483,0ecaa5967403d082aa24f35e1b516d23) [PhysX] Initialized MultithreadedTaskDispatcher with 12 workers.
 -> (artifact id: '8cc3961ad942e206f3477507b9feb057') in 0.025677 seconds
Number of updated asset objects reloaded before import = 0
Number of asset objects unloaded after import = 1
========================================================================
Received Import Request.
  Time since last request: 0.000067 seconds.
  path: Assets/DEMO_MegaCozyUIPack_doboui - copia/Buttons/Round/DefaultSize
  artifactKey: Guid(7ca3b0936c320514aa4d6a804bff66e1) Importer(2089858483,0ecaa5967403d082aa24f35e1b516d23)
Start importing Assets/DEMO_MegaCozyUIPack_doboui - copia/Buttons/Round/DefaultSize using Guid(7ca3b0936c320514aa4d6a804bff66e1) Importer(2089858483,0ecaa5967403d082aa24f35e1b516d23) [PhysX] Initialized MultithreadedTaskDispatcher with 12 workers.
 -> (artifact id: 'baf5caac9b2e2e4354822fe1ca33ffbb') in 0.029723 seconds
Number of updated asset objects reloaded before import = 0
Number of asset objects unloaded after import = 1
========================================================================
Received Import Request.
  Time since last request: 0.002827 seconds.
  path: Assets/DEMO_MegaCozyUIPack_doboui - copia/Containers/SimpleColorContainers/SimpleColorContainer1_yellow.png
  artifactKey: Guid(37ab410309cfe664eb43a90a9491cf48) Importer(2089858483,0ecaa5967403d082aa24f35e1b516d23)
Start importing Assets/DEMO_MegaCozyUIPack_doboui - copia/Containers/SimpleColorContainers/SimpleColorContainer1_yellow.png using Guid(37ab410309cfe664eb43a90a9491cf48) Importer(2089858483,0ecaa5967403d082aa24f35e1b516d23) [PhysX] Initialized MultithreadedTaskDispatcher with 12 workers.
 -> (artifact id: '10f003d67e1451371d1198dd59568aac') in 0.074794 seconds
Number of updated asset objects reloaded before import = 0
Number of asset objects unloaded after import = 1
========================================================================
Received Import Request.
  Time since last request: 0.000052 seconds.
  path: Assets/DEMO_MegaCozyUIPack_doboui - copia/Icons/IconsOutline_16px/Icon15.png
  artifactKey: Guid(ad85b2bf3bc1fc945bdcbf13180ec0f1) Importer(2089858483,0ecaa5967403d082aa24f35e1b516d23)
Start importing Assets/DEMO_MegaCozyUIPack_doboui - copia/Icons/IconsOutline_16px/Icon15.png using Guid(ad85b2bf3bc1fc945bdcbf13180ec0f1) Importer(2089858483,0ecaa5967403d082aa24f35e1b516d23) [PhysX] Initialized MultithreadedTaskDispatcher with 12 workers.
 -> (artifact id: 'f9deb0d9a66eb89c48bbb1b2e4bd14c3') in 0.057073 seconds
Number of updated asset objects reloaded before import = 0
Number of asset objects unloaded after import = 3
========================================================================
Received Import Request.
  Time since last request: 0.000115 seconds.
  path: Assets/DEMO_MegaCozyUIPack_doboui - copia/Buttons/Hexagonal/HexagonalButton1_yellow.png
  artifactKey: Guid(3ee753627f6b05245875e81f67674346) Importer(2089858483,0ecaa5967403d082aa24f35e1b516d23)
Start importing Assets/DEMO_MegaCozyUIPack_doboui - copia/Buttons/Hexagonal/HexagonalButton1_yellow.png using Guid(3ee753627f6b05245875e81f67674346) Importer(2089858483,0ecaa5967403d082aa24f35e1b516d23) [PhysX] Initialized MultithreadedTaskDispatcher with 12 workers.
 -> (artifact id: '37d21809ecdf1cafc1a4eea42b74714d') in 0.069789 seconds
Number of updated asset objects reloaded before import = 0
Number of asset objects unloaded after import = 1
========================================================================
Received Import Request.
  Time since last request: 0.000044 seconds.
  path: Assets/DEMO_MegaCozyUIPack_doboui - copia/Frames/Frame1_gray.png
  artifactKey: Guid(0a9989335f753fc46904a9d64f864fb8) Importer(2089858483,0ecaa5967403d082aa24f35e1b516d23)
Start importing Assets/DEMO_MegaCozyUIPack_doboui - copia/Frames/Frame1_gray.png using Guid(0a9989335f753fc46904a9d64f864fb8) Importer(2089858483,0ecaa5967403d082aa24f35e1b516d23) [PhysX] Initialized MultithreadedTaskDispatcher with 12 workers.
 -> (artifact id: '0f7c642200b5c5146b80ca697d12ccd6') in 0.059644 seconds
Number of updated asset objects reloaded before import = 0
Number of asset objects unloaded after import = 1
========================================================================
Received Import Request.
  Time since last request: 0.000042 seconds.
  path: Assets/EditorPersonajes/Sprites/Body_Base/Base Hair Brunette.png
  artifactKey: Guid(58dba44d5021b4c45a2484947ba21fe9) Importer(2089858483,0ecaa5967403d082aa24f35e1b516d23)
Start importing Assets/EditorPersonajes/Sprites/Body_Base/Base Hair Brunette.png using Guid(58dba44d5021b4c45a2484947ba21fe9) Importer(2089858483,0ecaa5967403d082aa24f35e1b516d23) [PhysX] Initialized MultithreadedTaskDispatcher with 12 workers.
 -> (artifact id: 'f24406e0015bd82c04ff47fce47d4b3e') in 0.048760 seconds
Number of updated asset objects reloaded before import = 0
Number of asset objects unloaded after import = 3
========================================================================
Received Import Request.
  Time since last request: 0.000034 seconds.
  path: Assets/ZRNAssets/005339_08932_25_14/Materials/005339_08932_25_14_unitedmat_131.mat
  artifactKey: Guid(9cbc3d1f6fd9346a7abff8c9dbb3ace0) Importer(2089858483,0ecaa5967403d082aa24f35e1b516d23)
Start importing Assets/ZRNAssets/005339_08932_25_14/Materials/005339_08932_25_14_unitedmat_131.mat using Guid(9cbc3d1f6fd9346a7abff8c9dbb3ace0) Importer(2089858483,0ecaa5967403d082aa24f35e1b516d23) [PhysX] Initialized MultithreadedTaskDispatcher with 12 workers.
 -> (artifact id: '7eccbb47b01562e207d9c741f2659723') in 0.027806 seconds
Number of updated asset objects reloaded before import = 0
Number of asset objects unloaded after import = 2
========================================================================
Received Import Request.
  Time since last request: 0.000032 seconds.
  path: Assets/Scripts/Tienda/Kanas/Kanas9.asset
  artifactKey: Guid(a9ca4d09ff834af4e8f85edeef1be79d) Importer(2089858483,0ecaa5967403d082aa24f35e1b516d23)
Start importing Assets/Scripts/Tienda/Kanas/Kanas9.asset using Guid(a9ca4d09ff834af4e8f85edeef1be79d) Importer(2089858483,0ecaa5967403d082aa24f35e1b516d23) [PhysX] Initialized MultithreadedTaskDispatcher with 12 workers.
 -> (artifact id: 'cce74595a51811babbdaf4a7a719598e') in 0.031034 seconds
Number of updated asset objects reloaded before import = 0
Number of asset objects unloaded after import = 1
========================================================================
Received Import Request.
  Time since last request: 0.000045 seconds.
  path: Assets/DEMO_MegaCozyUIPack_doboui - copia/Frames/Frame1_cream.png
  artifactKey: Guid(bfa28392f5a851148af0bda41e8d3913) Importer(2089858483,0ecaa5967403d082aa24f35e1b516d23)
Start importing Assets/DEMO_MegaCozyUIPack_doboui - copia/Frames/Frame1_cream.png using Guid(bfa28392f5a851148af0bda41e8d3913) Importer(2089858483,0ecaa5967403d082aa24f35e1b516d23) [PhysX] Initialized MultithreadedTaskDispatcher with 12 workers.
 -> (artifact id: 'bd9c3b9c83bfd99ab3a78f5abf6c983f') in 0.066692 seconds
Number of updated asset objects reloaded before import = 0
Number of asset objects unloaded after import = 1
========================================================================
Received Import Request.
  Time since last request: 0.003403 seconds.
  path: Assets/DEMO_MegaCozyUIPack_doboui - copia/Containers/PromoContainers/PromoContainer1_wood.png
  artifactKey: Guid(9cd8f3b52bd0d66408acb7d0ca8a9b17) Importer(2089858483,0ecaa5967403d082aa24f35e1b516d23)
Start importing Assets/DEMO_MegaCozyUIPack_doboui - copia/Containers/PromoContainers/PromoContainer1_wood.png using Guid(9cd8f3b52bd0d66408acb7d0ca8a9b17) Importer(2089858483,0ecaa5967403d082aa24f35e1b516d23) [PhysX] Initialized MultithreadedTaskDispatcher with 12 workers.
 -> (artifact id: 'dfcdf65955ef6fd0a52707c77a32d977') in 0.072729 seconds
Number of updated asset objects reloaded before import = 0
Number of asset objects unloaded after import = 1
========================================================================
Received Import Request.
  Time since last request: 0.001847 seconds.
  path: Assets/DEMO_MegaCozyUIPack_doboui - copia
  artifactKey: Guid(075897eb60f108d4b851a4570445cc9f) Importer(2089858483,0ecaa5967403d082aa24f35e1b516d23)
Start importing Assets/DEMO_MegaCozyUIPack_doboui - copia using Guid(075897eb60f108d4b851a4570445cc9f) Importer(2089858483,0ecaa5967403d082aa24f35e1b516d23) [PhysX] Initialized MultithreadedTaskDispatcher with 12 workers.
 -> (artifact id: '86b2bad8b77e8eef3674a3efe7c7d2d3') in 0.073422 seconds
Number of updated asset objects reloaded before import = 0
Number of asset objects unloaded after import = 1
========================================================================
Received Import Request.
  Time since last request: 0.000041 seconds.
  path: Assets/DEMO_MegaCozyUIPack_doboui - copia/Containers/DoubleStripeContainer/DoubleStripeContainer1_wood.png
  artifactKey: Guid(9b8ce4b0746444d45b04d134e8b38506) Importer(2089858483,0ecaa5967403d082aa24f35e1b516d23)
Start importing Assets/DEMO_MegaCozyUIPack_doboui - copia/Containers/DoubleStripeContainer/DoubleStripeContainer1_wood.png using Guid(9b8ce4b0746444d45b04d134e8b38506) Importer(2089858483,0ecaa5967403d082aa24f35e1b516d23) [PhysX] Initialized MultithreadedTaskDispatcher with 12 workers.
 -> (artifact id: 'c590b23457aa4457a6ab8260e0108b52') in 0.068434 seconds
Number of updated asset objects reloaded before import = 0
Number of asset objects unloaded after import = 1
========================================================================
Received Import Request.
  Time since last request: 0.000190 seconds.
  path: Assets/EditorPersonajes/Sprites/Body_Base
  artifactKey: Guid(7ab3ad9b4f55bd04a9ee0a875f6857dd) Importer(2089858483,0ecaa5967403d082aa24f35e1b516d23)
Start importing Assets/EditorPersonajes/Sprites/Body_Base using Guid(7ab3ad9b4f55bd04a9ee0a875f6857dd) Importer(2089858483,0ecaa5967403d082aa24f35e1b516d23) [PhysX] Initialized MultithreadedTaskDispatcher with 12 workers.
 -> (artifact id: '9173f7a1ed4091d91dd89f284687611a') in 0.089838 seconds
Number of updated asset objects reloaded before import = 0
Number of asset objects unloaded after import = 1
========================================================================
Received Import Request.
  Time since last request: 0.000035 seconds.
  path: Assets/Dialogos/Dialogos NPC 3/Comenzar.asset
  artifactKey: Guid(ae77f9fbee79f07418750ca7284a0537) Importer(2089858483,0ecaa5967403d082aa24f35e1b516d23)
Start importing Assets/Dialogos/Dialogos NPC 3/Comenzar.asset using Guid(ae77f9fbee79f07418750ca7284a0537) Importer(2089858483,0ecaa5967403d082aa24f35e1b516d23) [PhysX] Initialized MultithreadedTaskDispatcher with 12 workers.
 -> (artifact id: '404d58898112e86aa84762c3d9a0ece7') in 0.032349 seconds
Number of updated asset objects reloaded before import = 0
Number of asset objects unloaded after import = 4
========================================================================
Received Import Request.
  Time since last request: 0.009845 seconds.
  path: Assets/DEMO_MegaCozyUIPack_doboui - copia/Buttons/Inflated/InflatedlButton1_gray.png
  artifactKey: Guid(6a1ca3c18b0a17e40850156b97282b51) Importer(2089858483,0ecaa5967403d082aa24f35e1b516d23)
Start importing Assets/DEMO_MegaCozyUIPack_doboui - copia/Buttons/Inflated/InflatedlButton1_gray.png using Guid(6a1ca3c18b0a17e40850156b97282b51) Importer(2089858483,0ecaa5967403d082aa24f35e1b516d23) [PhysX] Initialized MultithreadedTaskDispatcher with 12 workers.
 -> (artifact id: '8e6b1a7458840c5b243cb2c28b0f1889') in 0.066976 seconds
Number of updated asset objects reloaded before import = 0
Number of asset objects unloaded after import = 3
========================================================================
Received Import Request.
  Time since last request: 0.006031 seconds.
  path: Assets/DEMO_MegaCozyUIPack_doboui - copia/Buttons/Hexagonal
  artifactKey: Guid(32ecdd2a57bbaf94d80617392dcfda67) Importer(2089858483,0ecaa5967403d082aa24f35e1b516d23)
Start importing Assets/DEMO_MegaCozyUIPack_doboui - copia/Buttons/Hexagonal using Guid(32ecdd2a57bbaf94d80617392dcfda67) Importer(2089858483,0ecaa5967403d082aa24f35e1b516d23) [PhysX] Initialized MultithreadedTaskDispatcher with 12 workers.
 -> (artifact id: '156f148ec2697c0cf0114af0a591b949') in 0.030343 seconds
Number of updated asset objects reloaded before import = 0
Number of asset objects unloaded after import = 1
========================================================================
Received Import Request.
  Time since last request: 0.000037 seconds.
  path: Assets/Anims/Journal/Journal.anim
  artifactKey: Guid(9303707fc6029604b8cc4e4e7b933766) Importer(2089858483,0ecaa5967403d082aa24f35e1b516d23)
Start importing Assets/Anims/Journal/Journal.anim using Guid(9303707fc6029604b8cc4e4e7b933766) Importer(2089858483,0ecaa5967403d082aa24f35e1b516d23) [PhysX] Initialized MultithreadedTaskDispatcher with 12 workers.
 -> (artifact id: 'ee70a8fcfa7dfcffbcfc65d9f36b5b40') in 0.055191 seconds
Number of updated asset objects reloaded before import = 0
Number of asset objects unloaded after import = 1
========================================================================
Received Import Request.
  Time since last request: 0.000081 seconds.
  path: Assets/DEMO_MegaCozyUIPack_doboui - copia/Toggles/Toggle3.png
  artifactKey: Guid(afcfc56345cbc9b498942d35f3da9b68) Importer(2089858483,0ecaa5967403d082aa24f35e1b516d23)
Start importing Assets/DEMO_MegaCozyUIPack_doboui - copia/Toggles/Toggle3.png using Guid(afcfc56345cbc9b498942d35f3da9b68) Importer(2089858483,0ecaa5967403d082aa24f35e1b516d23) [PhysX] Initialized MultithreadedTaskDispatcher with 12 workers.
 -> (artifact id: '86339c9603f3a68bb9d402e3122665f0') in 0.076506 seconds
Number of updated asset objects reloaded before import = 0
Number of asset objects unloaded after import = 1
========================================================================
Received Import Request.
  Time since last request: 0.000362 seconds.
  path: Assets/DEMO_MegaCozyUIPack_doboui - copia/Frames/GoldenFrameELements/GoldenCorner (1).png
  artifactKey: Guid(a5bc88a81792f62488ccc80bfee7028f) Importer(2089858483,0ecaa5967403d082aa24f35e1b516d23)
Start importing Assets/DEMO_MegaCozyUIPack_doboui - copia/Frames/GoldenFrameELements/GoldenCorner (1).png using Guid(a5bc88a81792f62488ccc80bfee7028f) Importer(2089858483,0ecaa5967403d082aa24f35e1b516d23) [PhysX] Initialized MultithreadedTaskDispatcher with 12 workers.
 -> (artifact id: '0e8d6d16ceb91fc02f362882913c7b64') in 0.064188 seconds
Number of updated asset objects reloaded before import = 0
Number of asset objects unloaded after import = 1
========================================================================
Received Import Request.
  Time since last request: 0.000061 seconds.
  path: Assets/ZRNAssets/005339_08932_25_14/Materials/S_G_000192_F.mat
  artifactKey: Guid(2297ff57ed32840868559b871e9c7471) Importer(2089858483,0ecaa5967403d082aa24f35e1b516d23)
Start importing Assets/ZRNAssets/005339_08932_25_14/Materials/S_G_000192_F.mat using Guid(2297ff57ed32840868559b871e9c7471) Importer(2089858483,0ecaa5967403d082aa24f35e1b516d23) [PhysX] Initialized MultithreadedTaskDispatcher with 12 workers.
 -> (artifact id: '400f1e9b868e83a705a16ba8f928c720') in 0.032227 seconds
Number of updated asset objects reloaded before import = 0
Number of asset objects unloaded after import = 2
========================================================================
Received Import Request.
  Time since last request: 0.000049 seconds.
  path: Assets/ZRNAssets/005339_08932_25_14/Materials/005339_08932_25_14_unitedmat_48.mat
  artifactKey: Guid(e393d18f411934f04a8d79f4b4126223) Importer(2089858483,0ecaa5967403d082aa24f35e1b516d23)
Start importing Assets/ZRNAssets/005339_08932_25_14/Materials/005339_08932_25_14_unitedmat_48.mat using Guid(e393d18f411934f04a8d79f4b4126223) Importer(2089858483,0ecaa5967403d082aa24f35e1b516d23) [PhysX] Initialized MultithreadedTaskDispatcher with 12 workers.
 -> (artifact id: 'e168a021459fc5dfd0afe7e9b7ea6082') in 0.029256 seconds
Number of updated asset objects reloaded before import = 0
Number of asset objects unloaded after import = 2
========================================================================
Received Import Request.
  Time since last request: 0.000034 seconds.
  path: Assets/ZRNAssets/005339_08932_25_14/Materials/005339_08932_L_-90265_0_01_01_4.mat
  artifactKey: Guid(cbd46f6fd8c22424886ef1ba5aab88aa) Importer(2089858483,0ecaa5967403d082aa24f35e1b516d23)
Start importing Assets/ZRNAssets/005339_08932_25_14/Materials/005339_08932_L_-90265_0_01_01_4.mat using Guid(cbd46f6fd8c22424886ef1ba5aab88aa) Importer(2089858483,0ecaa5967403d082aa24f35e1b516d23) [PhysX] Initialized MultithreadedTaskDispatcher with 12 workers.
 -> (artifact id: 'c1673c08077b1cebfd3475dc4b079dc9') in 0.052210 seconds
Number of updated asset objects reloaded before import = 0
Number of asset objects unloaded after import = 2
========================================================================
Received Import Request.
  Time since last request: 0.000035 seconds.
  path: Assets/Polytope Studio/Lowpoly_Environments/Sources/Meshes/Trees/PT_Pine_Tree_03_green_cut.fbx
  artifactKey: Guid(2a5e649cde00dd847885c694eb77f1fb) Importer(2089858483,0ecaa5967403d082aa24f35e1b516d23)
Start importing Assets/Polytope Studio/Lowpoly_Environments/Sources/Meshes/Trees/PT_Pine_Tree_03_green_cut.fbx using Guid(2a5e649cde00dd847885c694eb77f1fb) Importer(2089858483,0ecaa5967403d082aa24f35e1b516d23) [PhysX] Initialized MultithreadedTaskDispatcher with 12 workers.
 -> (artifact id: '7723207b99b1fdad996ae78fc6610dfb') in 0.131911 seconds
Number of updated asset objects reloaded before import = 0
Number of asset objects unloaded after import = 7
========================================================================
Received Import Request.
  Time since last request: 0.000047 seconds.
  path: Assets/Polytope Studio/Lowpoly_Environments/Sources/Shaders
  artifactKey: Guid(14ce2d65946738f43a28d751e95a91c2) Importer(2089858483,0ecaa5967403d082aa24f35e1b516d23)
Start importing Assets/Polytope Studio/Lowpoly_Environments/Sources/Shaders using Guid(14ce2d65946738f43a28d751e95a91c2) Importer(2089858483,0ecaa5967403d082aa24f35e1b516d23) [PhysX] Initialized MultithreadedTaskDispatcher with 12 workers.
 -> (artifact id: '5ecfd90049cd1f249c19311ff64b4c4d') in 0.042411 seconds
Number of updated asset objects reloaded before import = 0
Number of asset objects unloaded after import = 1
========================================================================
Received Import Request.
  Time since last request: 0.000054 seconds.
  path: Assets/Resources/Carteles/10-Figure3-1.png
  artifactKey: Guid(a5e3a5f7f7c2a9c49a2f84a83762c620) Importer(2089858483,0ecaa5967403d082aa24f35e1b516d23)
Start importing Assets/Resources/Carteles/10-Figure3-1.png using Guid(a5e3a5f7f7c2a9c49a2f84a83762c620) Importer(2089858483,0ecaa5967403d082aa24f35e1b516d23) [PhysX] Initialized MultithreadedTaskDispatcher with 12 workers.
 -> (artifact id: 'e75d76cc3c5d2eaca85544af02cbef24') in 0.043865 seconds
Number of updated asset objects reloaded before import = 0
Number of asset objects unloaded after import = 1
========================================================================
Received Import Request.
  Time since last request: 0.000051 seconds.
  path: Assets/Resources/Carteles/97e4d079b472f7efcc98640a5ac14a54.jpg
  artifactKey: Guid(bb768cdd9381d2743968433f38144b17) Importer(2089858483,0ecaa5967403d082aa24f35e1b516d23)
Start importing Assets/Resources/Carteles/97e4d079b472f7efcc98640a5ac14a54.jpg using Guid(bb768cdd9381d2743968433f38144b17) Importer(2089858483,0ecaa5967403d082aa24f35e1b516d23) [PhysX] Initialized MultithreadedTaskDispatcher with 12 workers.
 -> (artifact id: 'df6d18dbd03a95a0caa226cd49bf3522') in 0.075513 seconds
Number of updated asset objects reloaded before import = 0
Number of asset objects unloaded after import = 1
========================================================================
Received Import Request.
  Time since last request: 0.000037 seconds.
  path: Assets/Dialogos/Dialogos NPC 4/Success.asset
  artifactKey: Guid(1598c5118705f014bb54900145d61442) Importer(2089858483,0ecaa5967403d082aa24f35e1b516d23)
Start importing Assets/Dialogos/Dialogos NPC 4/Success.asset using Guid(1598c5118705f014bb54900145d61442) Importer(2089858483,0ecaa5967403d082aa24f35e1b516d23) [PhysX] Initialized MultithreadedTaskDispatcher with 12 workers.
 -> (artifact id: '1d9922d299794fafce76fc2554e41a8f') in 0.046514 seconds
Number of updated asset objects reloaded before import = 0
Number of asset objects unloaded after import = 1
========================================================================
Received Import Request.
  Time since last request: 0.000358 seconds.
  path: Assets/Polytope Studio/Lowpoly_Environments/Sources/Materials/PT_Pine_Tree_Trunk_Mat.mat
  artifactKey: Guid(f43a7dc4f39c5654a8211b83259e32a9) Importer(2089858483,0ecaa5967403d082aa24f35e1b516d23)
Start importing Assets/Polytope Studio/Lowpoly_Environments/Sources/Materials/PT_Pine_Tree_Trunk_Mat.mat using Guid(f43a7dc4f39c5654a8211b83259e32a9) Importer(2089858483,0ecaa5967403d082aa24f35e1b516d23) [PhysX] Initialized MultithreadedTaskDispatcher with 12 workers.
 -> (artifact id: 'c302f63b866eb6e3a8796518c1ba0a8f') in 0.043327 seconds
Number of updated asset objects reloaded before import = 0
Number of asset objects unloaded after import = 2
========================================================================
Received Import Request.
  Time since last request: 0.000108 seconds.
  path: Assets/Polytope Studio/Lowpoly_Environments/Sources/Meshes/Trees/PT_Fruit_Tree_01_green_cut.fbx
  artifactKey: Guid(1500a5535a073af4797d5ba960824cb3) Importer(2089858483,0ecaa5967403d082aa24f35e1b516d23)
Start importing Assets/Polytope Studio/Lowpoly_Environments/Sources/Meshes/Trees/PT_Fruit_Tree_01_green_cut.fbx using Guid(1500a5535a073af4797d5ba960824cb3) Importer(2089858483,0ecaa5967403d082aa24f35e1b516d23) [PhysX] Initialized MultithreadedTaskDispatcher with 12 workers.
 -> (artifact id: '6a400f3726ce2f29d29efe0bcdf7f035') in 0.064646 seconds
Number of updated asset objects reloaded before import = 0
Number of asset objects unloaded after import = 7
========================================================================
Received Import Request.
  Time since last request: 0.000061 seconds.
  path: Assets/Polytope Studio/Lowpoly_Environments/Sources/Materials/PT_Poppy_mat.mat
  artifactKey: Guid(67c85a5a0248e2a4a98e653c8e7eeb9e) Importer(2089858483,0ecaa5967403d082aa24f35e1b516d23)
Start importing Assets/Polytope Studio/Lowpoly_Environments/Sources/Materials/PT_Poppy_mat.mat using Guid(67c85a5a0248e2a4a98e653c8e7eeb9e) Importer(2089858483,0ecaa5967403d082aa24f35e1b516d23) [PhysX] Initialized MultithreadedTaskDispatcher with 12 workers.
 -> (artifact id: 'f959653a7aee9b635127d609c4b36689') in 0.061253 seconds
Number of updated asset objects reloaded before import = 0
Number of asset objects unloaded after import = 2
========================================================================
Received Import Request.
  Time since last request: 0.000170 seconds.
  path: Assets/Polytope Studio/Lowpoly_Environments/Sources/Meshes/Shrubs
  artifactKey: Guid(372b3a07e412e84429b47816bcf7d59b) Importer(2089858483,0ecaa5967403d082aa24f35e1b516d23)
Start importing Assets/Polytope Studio/Lowpoly_Environments/Sources/Meshes/Shrubs using Guid(372b3a07e412e84429b47816bcf7d59b) Importer(2089858483,0ecaa5967403d082aa24f35e1b516d23) [PhysX] Initialized MultithreadedTaskDispatcher with 12 workers.
 -> (artifact id: 'e567d63d0e4bbbc03be8626f6e53a525') in 0.033265 seconds
Number of updated asset objects reloaded before import = 0
Number of asset objects unloaded after import = 1
========================================================================
Received Import Request.
  Time since last request: 0.000076 seconds.
  path: Assets/Polytope Studio/Lowpoly_Environments/Prefabs/Rocks/PT_Menhir_Rock_02.prefab
  artifactKey: Guid(0f3d14a9a6b2ceb469c15d151552a614) Importer(2089858483,0ecaa5967403d082aa24f35e1b516d23)
Start importing Assets/Polytope Studio/Lowpoly_Environments/Prefabs/Rocks/PT_Menhir_Rock_02.prefab using Guid(0f3d14a9a6b2ceb469c15d151552a614) Importer(2089858483,0ecaa5967403d082aa24f35e1b516d23) [PhysX] Initialized MultithreadedTaskDispatcher with 12 workers.
 -> (artifact id: '3fceed4ac52809eb9d4da9a009289cf3') in 0.073394 seconds
Number of updated asset objects reloaded before import = 0
Number of asset objects unloaded after import = 20
========================================================================
Received Import Request.
  Time since last request: 0.000031 seconds.
  path: Assets/Polytope Studio/Lowpoly_Environments/Sources/Meshes/Trees/PT_Pine_Tree_03_dead.fbx
  artifactKey: Guid(021e9eaa88033da4c94bcdeddffe6562) Importer(2089858483,0ecaa5967403d082aa24f35e1b516d23)
Start importing Assets/Polytope Studio/Lowpoly_Environments/Sources/Meshes/Trees/PT_Pine_Tree_03_dead.fbx using Guid(021e9eaa88033da4c94bcdeddffe6562) Importer(2089858483,0ecaa5967403d082aa24f35e1b516d23) [PhysX] Initialized MultithreadedTaskDispatcher with 12 workers.
 -> (artifact id: '2bca16fc0fc65b342a7cc0beb2530816') in 0.080885 seconds
Number of updated asset objects reloaded before import = 0
Number of asset objects unloaded after import = 20
========================================================================
Received Import Request.
  Time since last request: 0.000030 seconds.
  path: Assets/Polytope Studio/Lowpoly_Environments/Sources/Materials/PT_Mushrooms_mat.mat
  artifactKey: Guid(c522ec7c62be0c145bc320ad11705a67) Importer(2089858483,0ecaa5967403d082aa24f35e1b516d23)
Start importing Assets/Polytope Studio/Lowpoly_Environments/Sources/Materials/PT_Mushrooms_mat.mat using Guid(c522ec7c62be0c145bc320ad11705a67) Importer(2089858483,0ecaa5967403d082aa24f35e1b516d23) [PhysX] Initialized MultithreadedTaskDispatcher with 12 workers.
 -> (artifact id: 'd29ee8264bd3248eb026052bd442d6f1') in 0.059062 seconds
Number of updated asset objects reloaded before import = 0
Number of asset objects unloaded after import = 2
========================================================================
Received Import Request.
  Time since last request: 0.000044 seconds.
  path: Assets/TextMesh Pro/Examples & Extras/Materials/Small Crate_diffuse.mat
  artifactKey: Guid(22262639920f43d6be32430e4e58350d) Importer(2089858483,0ecaa5967403d082aa24f35e1b516d23)
Start importing Assets/TextMesh Pro/Examples & Extras/Materials/Small Crate_diffuse.mat using Guid(22262639920f43d6be32430e4e58350d) Importer(2089858483,0ecaa5967403d082aa24f35e1b516d23) [PhysX] Initialized MultithreadedTaskDispatcher with 12 workers.
 -> (artifact id: '38dfd4d6dca54077a32c9414f4e0cc72') in 0.037261 seconds
Number of updated asset objects reloaded before import = 0
Number of asset objects unloaded after import = 3
========================================================================
Received Import Request.
  Time since last request: 0.002814 seconds.
  path: Assets/Dialogos/Dialogos NPC 3/ComienzoJuego.asset
  artifactKey: Guid(fd8227ae5d07d914ea85cbc7c2f62a5e) Importer(2089858483,0ecaa5967403d082aa24f35e1b516d23)
Start importing Assets/Dialogos/Dialogos NPC 3/ComienzoJuego.asset using Guid(fd8227ae5d07d914ea85cbc7c2f62a5e) Importer(2089858483,0ecaa5967403d082aa24f35e1b516d23) [PhysX] Initialized MultithreadedTaskDispatcher with 12 workers.
 -> (artifact id: '17db26b4504bade385c649ba64ee65a5') in 0.043206 seconds
Number of updated asset objects reloaded before import = 0
Number of asset objects unloaded after import = 1
========================================================================
Received Import Request.
  Time since last request: 0.000049 seconds.
  path: Assets/TextMesh Pro/Examples & Extras/Materials/Ground - Logo Scene.mat
  artifactKey: Guid(c719e38f25a9480abd2480ab621a2949) Importer(2089858483,0ecaa5967403d082aa24f35e1b516d23)
Start importing Assets/TextMesh Pro/Examples & Extras/Materials/Ground - Logo Scene.mat using Guid(c719e38f25a9480abd2480ab621a2949) Importer(2089858483,0ecaa5967403d082aa24f35e1b516d23) [PhysX] Initialized MultithreadedTaskDispatcher with 12 workers.
 -> (artifact id: '7cd66bf8b9a507c1c67ce095bb8098b1') in 0.031722 seconds
Number of updated asset objects reloaded before import = 0
Number of asset objects unloaded after import = 2
========================================================================
Received Import Request.
  Time since last request: 0.000055 seconds.
  path: Assets/TextMesh Pro/fibberish.ttf
  artifactKey: Guid(3426b29a7b66bd8458955075fb19cacf) Importer(2089858483,0ecaa5967403d082aa24f35e1b516d23)
Start importing Assets/TextMesh Pro/fibberish.ttf using Guid(3426b29a7b66bd8458955075fb19cacf) Importer(2089858483,0ecaa5967403d082aa24f35e1b516d23) [PhysX] Initialized MultithreadedTaskDispatcher with 12 workers.
 -> (artifact id: '83b6432204532f6952c15d3f928c6c53') in 0.043609 seconds
Number of updated asset objects reloaded before import = 0
Number of asset objects unloaded after import = 3
========================================================================
Received Import Request.
  Time since last request: 0.000042 seconds.
  path: Assets/DEMO_MegaCozyUIPack_doboui - copia/Buttons/ButtonsBuild/PlayButton.png
  artifactKey: Guid(3e1371aeff65e1b4bb1b64a491e3e511) Importer(2089858483,0ecaa5967403d082aa24f35e1b516d23)
Start importing Assets/DEMO_MegaCozyUIPack_doboui - copia/Buttons/ButtonsBuild/PlayButton.png using Guid(3e1371aeff65e1b4bb1b64a491e3e511) Importer(2089858483,0ecaa5967403d082aa24f35e1b516d23) [PhysX] Initialized MultithreadedTaskDispatcher with 12 workers.
 -> (artifact id: '051e81203887b00709af6767f86ebdd6') in 0.075741 seconds
Number of updated asset objects reloaded before import = 0
Number of asset objects unloaded after import = 1
========================================================================
Received Import Request.
  Time since last request: 0.000048 seconds.
  path: Assets/ZRNAssets/005339_08932_25_14/Materials/S_G_000178_S1.mat
  artifactKey: Guid(fab0fcc47e0dd4996b79576f92a93f62) Importer(2089858483,0ecaa5967403d082aa24f35e1b516d23)
Start importing Assets/ZRNAssets/005339_08932_25_14/Materials/S_G_000178_S1.mat using Guid(fab0fcc47e0dd4996b79576f92a93f62) Importer(2089858483,0ecaa5967403d082aa24f35e1b516d23) [PhysX] Initialized MultithreadedTaskDispatcher with 12 workers.
 -> (artifact id: '20cc0292dcc2fda4df0960403ec7f1c5') in 0.038646 seconds
Number of updated asset objects reloaded before import = 0
Number of asset objects unloaded after import = 2
========================================================================
Received Import Request.
  Time since last request: 0.000067 seconds.
  path: Assets/DEMO_MegaCozyUIPack_doboui - copia/Containers/WoodenContainers/WoodenContainer3.png
  artifactKey: Guid(35690b5f4782b1843b32a4a037ea54cb) Importer(2089858483,0ecaa5967403d082aa24f35e1b516d23)
Start importing Assets/DEMO_MegaCozyUIPack_doboui - copia/Containers/WoodenContainers/WoodenContainer3.png using Guid(35690b5f4782b1843b32a4a037ea54cb) Importer(2089858483,0ecaa5967403d082aa24f35e1b516d23) [PhysX] Initialized MultithreadedTaskDispatcher with 12 workers.
 -> (artifact id: '27aff735f66990646a80e01c7082de3f') in 0.078940 seconds
Number of updated asset objects reloaded before import = 0
Number of asset objects unloaded after import = 1
========================================================================
Received Import Request.
  Time since last request: 0.000070 seconds.
  path: Assets/ZRNAssets/005339_08932_25_14/Materials/005339_08932_L_-90227_0_01_01_5.mat
  artifactKey: Guid(c86c73e35219c4049b6c05061bf24f13) Importer(2089858483,0ecaa5967403d082aa24f35e1b516d23)
Start importing Assets/ZRNAssets/005339_08932_25_14/Materials/005339_08932_L_-90227_0_01_01_5.mat using Guid(c86c73e35219c4049b6c05061bf24f13) Importer(2089858483,0ecaa5967403d082aa24f35e1b516d23) [PhysX] Initialized MultithreadedTaskDispatcher with 12 workers.
 -> (artifact id: 'a727a76009e16e27f27dc6c944c34d09') in 0.056817 seconds
Number of updated asset objects reloaded before import = 0
Number of asset objects unloaded after import = 2
========================================================================
Received Import Request.
  Time since last request: 0.001361 seconds.
  path: Assets/Polytope Studio/Lowpoly_Environments/Sources/Materials/PT_Generic_Tree_Trunk_mat.mat
  artifactKey: Guid(e6ce4253a748b0849a04b87f33cc539d) Importer(2089858483,0ecaa5967403d082aa24f35e1b516d23)
Start importing Assets/Polytope Studio/Lowpoly_Environments/Sources/Materials/PT_Generic_Tree_Trunk_mat.mat using Guid(e6ce4253a748b0849a04b87f33cc539d) Importer(2089858483,0ecaa5967403d082aa24f35e1b516d23) [PhysX] Initialized MultithreadedTaskDispatcher with 12 workers.
 -> (artifact id: '598e86ce313f335c05f4d35260bbf656') in 0.062507 seconds
Number of updated asset objects reloaded before import = 0
Number of asset objects unloaded after import = 2
========================================================================
Received Import Request.
  Time since last request: 0.000043 seconds.
  path: Assets/ZRNAssets/005339_08932_25_14/Materials/005339_08932_L_-101698_0_01_01_4.mat
  artifactKey: Guid(8391c9263ecb2429f8f199ca98a799e9) Importer(2089858483,0ecaa5967403d082aa24f35e1b516d23)
Start importing Assets/ZRNAssets/005339_08932_25_14/Materials/005339_08932_L_-101698_0_01_01_4.mat using Guid(8391c9263ecb2429f8f199ca98a799e9) Importer(2089858483,0ecaa5967403d082aa24f35e1b516d23) [PhysX] Initialized MultithreadedTaskDispatcher with 12 workers.
 -> (artifact id: '287e354fc056bc97dbc8c4ddd3238909') in 0.060181 seconds
Number of updated asset objects reloaded before import = 0
Number of asset objects unloaded after import = 2
========================================================================
Received Import Request.
  Time since last request: 0.000056 seconds.
  path: Assets/DEMO_MegaCozyUIPack_doboui - copia/Icons/IconsOutline_16px/Icon49.png
  artifactKey: Guid(a273272eb0b9e994b8ddff0b09b1a08f) Importer(2089858483,0ecaa5967403d082aa24f35e1b516d23)
Start importing Assets/DEMO_MegaCozyUIPack_doboui - copia/Icons/IconsOutline_16px/Icon49.png using Guid(a273272eb0b9e994b8ddff0b09b1a08f) Importer(2089858483,0ecaa5967403d082aa24f35e1b516d23) [PhysX] Initialized MultithreadedTaskDispatcher with 12 workers.
 -> (artifact id: 'c19faf2e0b799944ce043491d51f578b') in 0.056157 seconds
Number of updated asset objects reloaded before import = 0
Number of asset objects unloaded after import = 1
========================================================================
Received Import Request.
  Time since last request: 88.009439 seconds.
  path: Assets/TextMesh Pro/Examples & Extras/Scenes/02 - Multi-line TextMesh Pro.unity
  artifactKey: Guid(251716609f634449bfe8ce75c0ed78fe) Importer(2089858483,0ecaa5967403d082aa24f35e1b516d23)
Start importing Assets/TextMesh Pro/Examples & Extras/Scenes/02 - Multi-line TextMesh Pro.unity using Guid(251716609f634449bfe8ce75c0ed78fe) Importer(2089858483,0ecaa5967403d082aa24f35e1b516d23) [PhysX] Initialized MultithreadedTaskDispatcher with 12 workers.
 -> (artifact id: '094d7fea049820f7fe36ebd505c1b2d7') in 0.027031 seconds
Number of updated asset objects reloaded before import = 0
Number of asset objects unloaded after import = 1
========================================================================
Received Import Request.
  Time since last request: 0.000037 seconds.
  path: Assets/TextMesh Pro/Examples & Extras/Scenes/05 - Style TagsSettings.lighting
  artifactKey: Guid(5890ed4faa5548e4d9b6eaaf418be69d) Importer(2089858483,0ecaa5967403d082aa24f35e1b516d23)
Start importing Assets/TextMesh Pro/Examples & Extras/Scenes/05 - Style TagsSettings.lighting using Guid(5890ed4faa5548e4d9b6eaaf418be69d) Importer(2089858483,0ecaa5967403d082aa24f35e1b516d23) [PhysX] Initialized MultithreadedTaskDispatcher with 12 workers.
LightingSettings: switching bake backend from 1 to 0.
 -> (artifact id: '02630745aef6d21cf148ba976a9cd27e') in 0.175216 seconds
Number of updated asset objects reloaded before import = 0
Number of asset objects unloaded after import = 1
========================================================================
Received Import Request.
  Time since last request: 0.000041 seconds.
  path: Assets/TextMesh Pro/Examples & Extras/Scenes/06 - Extra Rich Text ExamplesSettings.lighting
  artifactKey: Guid(0ce67262e0ba3244db729cd719af45ed) Importer(2089858483,0ecaa5967403d082aa24f35e1b516d23)
Start importing Assets/TextMesh Pro/Examples & Extras/Scenes/06 - Extra Rich Text ExamplesSettings.lighting using Guid(0ce67262e0ba3244db729cd719af45ed) Importer(2089858483,0ecaa5967403d082aa24f35e1b516d23) [PhysX] Initialized MultithreadedTaskDispatcher with 12 workers.
LightingSettings: switching bake backend from 1 to 0.
 -> (artifact id: 'df9f0b1a2747072580a1076a1c3aa6b6') in 0.020171 seconds
Number of updated asset objects reloaded before import = 0
Number of asset objects unloaded after import = 1
========================================================================
Received Import Request.
  Time since last request: 0.000084 seconds.
  path: Assets/TextMesh Pro/Examples & Extras/Scenes/11 - The Style TagSettings.lighting
  artifactKey: Guid(e3fc88e45b295334db19869a32fc6d28) Importer(2089858483,0ecaa5967403d082aa24f35e1b516d23)
Start importing Assets/TextMesh Pro/Examples & Extras/Scenes/11 - The Style TagSettings.lighting using Guid(e3fc88e45b295334db19869a32fc6d28) Importer(2089858483,0ecaa5967403d082aa24f35e1b516d23) [PhysX] Initialized MultithreadedTaskDispatcher with 12 workers.
LightingSettings: switching bake backend from 1 to 0.
 -> (artifact id: 'da1180a150eb1a3a8a3ce39ca53ecddb') in 0.022462 seconds
Number of updated asset objects reloaded before import = 0
Number of asset objects unloaded after import = 1
========================================================================
Received Import Request.
  Time since last request: 0.000033 seconds.
  path: Assets/TextMesh Pro/Examples & Extras/Scenes/26 - Dropdown Placeholder ExampleSettings.lighting
  artifactKey: Guid(c07c48b463d1f5c419761ca0909276cd) Importer(2089858483,0ecaa5967403d082aa24f35e1b516d23)
Start importing Assets/TextMesh Pro/Examples & Extras/Scenes/26 - Dropdown Placeholder ExampleSettings.lighting using Guid(c07c48b463d1f5c419761ca0909276cd) Importer(2089858483,0ecaa5967403d082aa24f35e1b516d23) [PhysX] Initialized MultithreadedTaskDispatcher with 12 workers.
LightingSettings: switching bake backend from 1 to 0.
 -> (artifact id: '322efb59286a07cca7d8adc5e5f1c8c8') in 0.019026 seconds
Number of updated asset objects reloaded before import = 0
Number of asset objects unloaded after import = 1
========================================================================
Received Import Request.
  Time since last request: 0.000038 seconds.
  path: Assets/TextMesh Pro/Examples & Extras/Scenes/13 - Soft Hyphenation.unity
  artifactKey: Guid(875684baf40f4d008ce806d03e2a81b2) Importer(2089858483,0ecaa5967403d082aa24f35e1b516d23)
Start importing Assets/TextMesh Pro/Examples & Extras/Scenes/13 - Soft Hyphenation.unity using Guid(875684baf40f4d008ce806d03e2a81b2) Importer(2089858483,0ecaa5967403d082aa24f35e1b516d23) [PhysX] Initialized MultithreadedTaskDispatcher with 12 workers.
 -> (artifact id: 'ad72f68884cc49258c104a27d7a47251') in 0.015784 seconds
Number of updated asset objects reloaded before import = 0
Number of asset objects unloaded after import = 1
========================================================================
Received Import Request.
  Time since last request: 0.000029 seconds.
  path: Assets/TextMesh Pro/Examples & Extras/Scenes/07 - Superscript & Subscript Example.unity
  artifactKey: Guid(03ec435d4b7140e9b2d87f79136d8374) Importer(2089858483,0ecaa5967403d082aa24f35e1b516d23)
Start importing Assets/TextMesh Pro/Examples & Extras/Scenes/07 - Superscript & Subscript Example.unity using Guid(03ec435d4b7140e9b2d87f79136d8374) Importer(2089858483,0ecaa5967403d082aa24f35e1b516d23) [PhysX] Initialized MultithreadedTaskDispatcher with 12 workers.
 -> (artifact id: 'afe8ead5b8eb05121a79b8fe3039c4a3') in 0.016113 seconds
Number of updated asset objects reloaded before import = 0
Number of asset objects unloaded after import = 1
========================================================================
Received Import Request.
  Time since last request: 0.000027 seconds.
  path: Assets/TextMesh Pro/Examples & Extras/Scenes/13 - Soft HyphenationSettings.lighting
  artifactKey: Guid(4e4c529e709dc364ca2503296d27c168) Importer(2089858483,0ecaa5967403d082aa24f35e1b516d23)
Start importing Assets/TextMesh Pro/Examples & Extras/Scenes/13 - Soft HyphenationSettings.lighting using Guid(4e4c529e709dc364ca2503296d27c168) Importer(2089858483,0ecaa5967403d082aa24f35e1b516d23) [PhysX] Initialized MultithreadedTaskDispatcher with 12 workers.
LightingSettings: switching bake backend from 1 to 0.
 -> (artifact id: 'f467334d5ecdf2f7981e31166029a1ed') in 0.023802 seconds
Number of updated asset objects reloaded before import = 0
Number of asset objects unloaded after import = 1
========================================================================
Received Import Request.
  Time since last request: 0.000046 seconds.
  path: Assets/TextMesh Pro/Examples & Extras/Scenes/24 - Surface Shader Example.unity
  artifactKey: Guid(8c4969fd8ba94a68b07cf11f3e7a5137) Importer(2089858483,0ecaa5967403d082aa24f35e1b516d23)
Start importing Assets/TextMesh Pro/Examples & Extras/Scenes/24 - Surface Shader Example.unity using Guid(8c4969fd8ba94a68b07cf11f3e7a5137) Importer(2089858483,0ecaa5967403d082aa24f35e1b516d23) [PhysX] Initialized MultithreadedTaskDispatcher with 12 workers.
 -> (artifact id: '4fc2f0d3d31ef694e5d9e2e087e713c3') in 0.019020 seconds
Number of updated asset objects reloaded before import = 0
Number of asset objects unloaded after import = 1
========================================================================
Received Import Request.
  Time since last request: 0.000029 seconds.
  path: Assets/TextMesh Pro/Examples & Extras/Scenes/12 - Link ExampleSettings.lighting
  artifactKey: Guid(23aab0d83ff12c0478c7eb238459adcb) Importer(2089858483,0ecaa5967403d082aa24f35e1b516d23)
Start importing Assets/TextMesh Pro/Examples & Extras/Scenes/12 - Link ExampleSettings.lighting using Guid(23aab0d83ff12c0478c7eb238459adcb) Importer(2089858483,0ecaa5967403d082aa24f35e1b516d23) [PhysX] Initialized MultithreadedTaskDispatcher with 12 workers.
LightingSettings: switching bake backend from 1 to 0.
 -> (artifact id: '79133c23635207867a1682776e58e8de') in 0.035354 seconds
Number of updated asset objects reloaded before import = 0
Number of asset objects unloaded after import = 1
========================================================================
Received Import Request.
  Time since last request: 0.000232 seconds.
  path: Assets/TextMesh Pro/Examples & Extras/Resources/Fonts & Materials/Bangers SDF.asset
  artifactKey: Guid(125cb55b44b24c4393181402bc6200e6) Importer(2089858483,0ecaa5967403d082aa24f35e1b516d23)
Start importing Assets/TextMesh Pro/Examples & Extras/Resources/Fonts & Materials/Bangers SDF.asset using Guid(125cb55b44b24c4393181402bc6200e6) Importer(2089858483,0ecaa5967403d082aa24f35e1b516d23) [PhysX] Initialized MultithreadedTaskDispatcher with 12 workers.
 -> (artifact id: 'dd7e41789f6bdb78734a7de8e9c5065b') in 0.049195 seconds
Number of updated asset objects reloaded before import = 0
Number of asset objects unloaded after import = 5
========================================================================
Received Import Request.
  Time since last request: 0.000025 seconds.
  path: Assets/TextMesh Pro/Examples & Extras/Scenes/19 - Masking Texture & Soft MaskSettings.lighting
  artifactKey: Guid(a835a3c011c0643419bf28a3af959b2b) Importer(2089858483,0ecaa5967403d082aa24f35e1b516d23)
Start importing Assets/TextMesh Pro/Examples & Extras/Scenes/19 - Masking Texture & Soft MaskSettings.lighting using Guid(a835a3c011c0643419bf28a3af959b2b) Importer(2089858483,0ecaa5967403d082aa24f35e1b516d23) [PhysX] Initialized MultithreadedTaskDispatcher with 12 workers.
LightingSettings: switching bake backend from 1 to 0.
 -> (artifact id: '8f43bf3f005adc951be177deb8eb26e9') in 0.022247 seconds
Number of updated asset objects reloaded before import = 0
Number of asset objects unloaded after import = 1
========================================================================
Received Import Request.
  Time since last request: 0.000040 seconds.
  path: Assets/TextMesh Pro/Examples & Extras/Scenes/17 - Old Computer TerminalSettings.lighting
  artifactKey: Guid(3b5f10d41be069e4396fc50234201008) Importer(2089858483,0ecaa5967403d082aa24f35e1b516d23)
Start importing Assets/TextMesh Pro/Examples & Extras/Scenes/17 - Old Computer TerminalSettings.lighting using Guid(3b5f10d41be069e4396fc50234201008) Importer(2089858483,0ecaa5967403d082aa24f35e1b516d23) [PhysX] Initialized MultithreadedTaskDispatcher with 12 workers.
LightingSettings: switching bake backend from 1 to 0.
 -> (artifact id: '8cd903cda965a679702f7a33a6da5be9') in 0.023141 seconds
Number of updated asset objects reloaded before import = 0
Number of asset objects unloaded after import = 1
========================================================================
Received Import Request.
  Time since last request: 0.000048 seconds.
  path: Assets/TextMesh Pro/Examples & Extras/Scenes/16 - Linked text overflow mode example.unity
  artifactKey: Guid(9442cda25baa4a0bb544c4d095b00caa) Importer(2089858483,0ecaa5967403d082aa24f35e1b516d23)
Start importing Assets/TextMesh Pro/Examples & Extras/Scenes/16 - Linked text overflow mode example.unity using Guid(9442cda25baa4a0bb544c4d095b00caa) Importer(2089858483,0ecaa5967403d082aa24f35e1b516d23) [PhysX] Initialized MultithreadedTaskDispatcher with 12 workers.
 -> (artifact id: '57c0b0571d78d1a73ed7a66911f71883') in 0.015764 seconds
Number of updated asset objects reloaded before import = 0
Number of asset objects unloaded after import = 1
========================================================================
Received Import Request.
  Time since last request: 0.000034 seconds.
  path: Assets/TextMesh Pro/Examples & Extras/Resources/Fonts & Materials/Roboto-Bold SDF.asset
  artifactKey: Guid(5302535af1044152a457ed104f1f4b91) Importer(2089858483,0ecaa5967403d082aa24f35e1b516d23)
Start importing Assets/TextMesh Pro/Examples & Extras/Resources/Fonts & Materials/Roboto-Bold SDF.asset using Guid(5302535af1044152a457ed104f1f4b91) Importer(2089858483,0ecaa5967403d082aa24f35e1b516d23) [PhysX] Initialized MultithreadedTaskDispatcher with 12 workers.
 -> (artifact id: '172f4c12f4d084845c8b59312a4aa148') in 0.045555 seconds
Number of updated asset objects reloaded before import = 0
Number of asset objects unloaded after import = 5
========================================================================
Received Import Request.
  Time since last request: 0.000033 seconds.
  path: Assets/TextMesh Pro/Examples & Extras/Scenes/04 - Word Wrapping.unity
  artifactKey: Guid(8f7137eacd7042d5b17ef0efe5e744f5) Importer(2089858483,0ecaa5967403d082aa24f35e1b516d23)
Start importing Assets/TextMesh Pro/Examples & Extras/Scenes/04 - Word Wrapping.unity using Guid(8f7137eacd7042d5b17ef0efe5e744f5) Importer(2089858483,0ecaa5967403d082aa24f35e1b516d23) [PhysX] Initialized MultithreadedTaskDispatcher with 12 workers.
 -> (artifact id: '95849b91959c8c8b15de982223087ea7') in 0.015023 seconds
Number of updated asset objects reloaded before import = 0
Number of asset objects unloaded after import = 1
========================================================================
Received Import Request.
  Time since last request: 0.000049 seconds.
  path: Assets/TextMesh Pro/Examples & Extras/Scenes/12a - Text Interactions.unity
  artifactKey: Guid(08572ab7713642c8a60789750f0bce5c) Importer(2089858483,0ecaa5967403d082aa24f35e1b516d23)
Start importing Assets/TextMesh Pro/Examples & Extras/Scenes/12a - Text Interactions.unity using Guid(08572ab7713642c8a60789750f0bce5c) Importer(2089858483,0ecaa5967403d082aa24f35e1b516d23) [PhysX] Initialized MultithreadedTaskDispatcher with 12 workers.
 -> (artifact id: '6b27eceb33fc866c707858fbfd144307') in 0.015153 seconds
Number of updated asset objects reloaded before import = 0
Number of asset objects unloaded after import = 1
========================================================================
Received Import Request.
  Time since last request: 0.000027 seconds.
  path: Assets/Scenes/MainGameScene.unity
  artifactKey: Guid(99c9720ab356a0642a771bea13969a05) Importer(2089858483,0ecaa5967403d082aa24f35e1b516d23)
Start importing Assets/Scenes/MainGameScene.unity using Guid(99c9720ab356a0642a771bea13969a05) Importer(2089858483,0ecaa5967403d082aa24f35e1b516d23) [PhysX] Initialized MultithreadedTaskDispatcher with 12 workers.
 -> (artifact id: '7b19bfc29e66a9cfb5eb24846303e5b4') in 0.015334 seconds
Number of updated asset objects reloaded before import = 0
Number of asset objects unloaded after import = 1
========================================================================
Received Import Request.
  Time since last request: 0.000037 seconds.
  path: Assets/TextMesh Pro/Examples & Extras/Scenes/12 - Link Example.unity
  artifactKey: Guid(9747140c28254be2adc582210dfb89b8) Importer(2089858483,0ecaa5967403d082aa24f35e1b516d23)
Start importing Assets/TextMesh Pro/Examples & Extras/Scenes/12 - Link Example.unity using Guid(9747140c28254be2adc582210dfb89b8) Importer(2089858483,0ecaa5967403d082aa24f35e1b516d23) [PhysX] Initialized MultithreadedTaskDispatcher with 12 workers.
 -> (artifact id: '2537d053fc22ab328276b4f1c038b440') in 0.014462 seconds
Number of updated asset objects reloaded before import = 0
Number of asset objects unloaded after import = 1
========================================================================
Received Import Request.
  Time since last request: 0.000028 seconds.
  path: Assets/TextMesh Pro/Examples & Extras/Scenes/18 - ScrollRect & Masking & LayoutSettings.lighting
  artifactKey: Guid(5f6932bb1d14e734a984bb5c8da71be1) Importer(2089858483,0ecaa5967403d082aa24f35e1b516d23)
Start importing Assets/TextMesh Pro/Examples & Extras/Scenes/18 - ScrollRect & Masking & LayoutSettings.lighting using Guid(5f6932bb1d14e734a984bb5c8da71be1) Importer(2089858483,0ecaa5967403d082aa24f35e1b516d23) [PhysX] Initialized MultithreadedTaskDispatcher with 12 workers.
LightingSettings: switching bake backend from 1 to 0.
 -> (artifact id: '7e7484332a91e914b02bc8a69cc2f97c') in 0.025845 seconds
Number of updated asset objects reloaded before import = 0
Number of asset objects unloaded after import = 1
========================================================================
Received Import Request.
  Time since last request: 0.000059 seconds.
  path: Assets/TextMesh Pro/Examples & Extras/Prefabs/TextMeshPro - Prefab 2.prefab
  artifactKey: Guid(fdad9d952ae84cafb74c63f2e694d042) Importer(2089858483,0ecaa5967403d082aa24f35e1b516d23)
Start importing Assets/TextMesh Pro/Examples & Extras/Prefabs/TextMeshPro - Prefab 2.prefab using Guid(fdad9d952ae84cafb74c63f2e694d042) Importer(2089858483,0ecaa5967403d082aa24f35e1b516d23) [PhysX] Initialized MultithreadedTaskDispatcher with 12 workers.
 -> (artifact id: '545c220e73776292b19af4b341819a64') in 0.098207 seconds
Number of updated asset objects reloaded before import = 0
Number of asset objects unloaded after import = 16
========================================================================
Received Import Request.
  Time since last request: 0.000035 seconds.
  path: Assets/TextMesh Pro/Examples & Extras/Scenes/18 - ScrollRect & Masking & Layout.unity
  artifactKey: Guid(03f9d74cec8e4b94a29d2dfd177c821b) Importer(2089858483,0ecaa5967403d082aa24f35e1b516d23)
Start importing Assets/TextMesh Pro/Examples & Extras/Scenes/18 - ScrollRect & Masking & Layout.unity using Guid(03f9d74cec8e4b94a29d2dfd177c821b) Importer(2089858483,0ecaa5967403d082aa24f35e1b516d23) [PhysX] Initialized MultithreadedTaskDispatcher with 12 workers.
 -> (artifact id: '9bac6fb3e09fded7278f52092e87c9ac') in 0.018489 seconds
Number of updated asset objects reloaded before import = 0
Number of asset objects unloaded after import = 1
========================================================================
Received Import Request.
  Time since last request: 0.000061 seconds.
  path: Assets/TextMesh Pro/Examples & Extras/Scenes/25 - Sunny Days Example.unity
  artifactKey: Guid(f9b4c22e15cff344ba9fc6542a58dd07) Importer(2089858483,0ecaa5967403d082aa24f35e1b516d23)
Start importing Assets/TextMesh Pro/Examples & Extras/Scenes/25 - Sunny Days Example.unity using Guid(f9b4c22e15cff344ba9fc6542a58dd07) Importer(2089858483,0ecaa5967403d082aa24f35e1b516d23) [PhysX] Initialized MultithreadedTaskDispatcher with 12 workers.
 -> (artifact id: 'c49874b2126f361d47df1c8aafe8705b') in 0.020036 seconds
Number of updated asset objects reloaded before import = 0
Number of asset objects unloaded after import = 1
========================================================================
Received Import Request.
  Time since last request: 0.000032 seconds.
  path: Assets/TextMesh Pro/Examples & Extras/Scenes/23 - Animating Vertex AttributesSettings.lighting
  artifactKey: Guid(6780e678840f1c2418bfa36bfbfe3576) Importer(2089858483,0ecaa5967403d082aa24f35e1b516d23)
Start importing Assets/TextMesh Pro/Examples & Extras/Scenes/23 - Animating Vertex AttributesSettings.lighting using Guid(6780e678840f1c2418bfa36bfbfe3576) Importer(2089858483,0ecaa5967403d082aa24f35e1b516d23) [PhysX] Initialized MultithreadedTaskDispatcher with 12 workers.
LightingSettings: switching bake backend from 1 to 0.
 -> (artifact id: '1863ccb3d897846d2ff8c83cf357abad') in 0.022510 seconds
Number of updated asset objects reloaded before import = 0
Number of asset objects unloaded after import = 1
========================================================================
Received Import Request.
  Time since last request: 0.000032 seconds.
  path: Assets/TextMesh Pro/Examples & Extras/Scenes/05 - Style Tags.unity
  artifactKey: Guid(70615243e2be4a81afaab9bf5d273d65) Importer(2089858483,0ecaa5967403d082aa24f35e1b516d23)
Start importing Assets/TextMesh Pro/Examples & Extras/Scenes/05 - Style Tags.unity using Guid(70615243e2be4a81afaab9bf5d273d65) Importer(2089858483,0ecaa5967403d082aa24f35e1b516d23) [PhysX] Initialized MultithreadedTaskDispatcher with 12 workers.
 -> (artifact id: '73edb8c97da7e239c6100ad985e72898') in 0.018179 seconds
Number of updated asset objects reloaded before import = 0
Number of asset objects unloaded after import = 1
========================================================================
Received Import Request.
  Time since last request: 0.000044 seconds.
  path: Assets/TextMesh Pro/Examples & Extras/Scenes/14 - Multi Font & Sprites.unity
  artifactKey: Guid(22a2fba786ad4c40ac0ba09f0b933100) Importer(2089858483,0ecaa5967403d082aa24f35e1b516d23)
Start importing Assets/TextMesh Pro/Examples & Extras/Scenes/14 - Multi Font & Sprites.unity using Guid(22a2fba786ad4c40ac0ba09f0b933100) Importer(2089858483,0ecaa5967403d082aa24f35e1b516d23) [PhysX] Initialized MultithreadedTaskDispatcher with 12 workers.
 -> (artifact id: 'c8d40bc1932be18205428a3df9da5ac4') in 0.015726 seconds
Number of updated asset objects reloaded before import = 0
Number of asset objects unloaded after import = 1
========================================================================
Received Import Request.
  Time since last request: 0.000047 seconds.
  path: Assets/TextMesh Pro/Examples & Extras/Scenes/09 - Margin Tag Example.unity
  artifactKey: Guid(349f38d3606449708c7340d26740e1e2) Importer(2089858483,0ecaa5967403d082aa24f35e1b516d23)
Start importing Assets/TextMesh Pro/Examples & Extras/Scenes/09 - Margin Tag Example.unity using Guid(349f38d3606449708c7340d26740e1e2) Importer(2089858483,0ecaa5967403d082aa24f35e1b516d23) [PhysX] Initialized MultithreadedTaskDispatcher with 12 workers.
 -> (artifact id: '5736c7608359b5f2b541fdf457ecf49d') in 0.015712 seconds
Number of updated asset objects reloaded before import = 0
Number of asset objects unloaded after import = 1
========================================================================
Received Import Request.
  Time since last request: 0.000030 seconds.
  path: Assets/TextMesh Pro/Examples & Extras/Scenes/16 - Linked text overflow mode exampleSettings.lighting
  artifactKey: Guid(fcee2ed6eaf2c374b89e409d5541bc69) Importer(2089858483,0ecaa5967403d082aa24f35e1b516d23)
Start importing Assets/TextMesh Pro/Examples & Extras/Scenes/16 - Linked text overflow mode exampleSettings.lighting using Guid(fcee2ed6eaf2c374b89e409d5541bc69) Importer(2089858483,0ecaa5967403d082aa24f35e1b516d23) [PhysX] Initialized MultithreadedTaskDispatcher with 12 workers.
LightingSettings: switching bake backend from 1 to 0.
 -> (artifact id: '18362c2ed40d7078e4c5de18d0d0b060') in 0.018379 seconds
Number of updated asset objects reloaded before import = 0
Number of asset objects unloaded after import = 1
========================================================================
Received Import Request.
  Time since last request: 12.772269 seconds.
  path: Assets/Polytope Studio/Lowpoly_Environments/Sources/Meshes/Rocks/PT_Menhir_Rock_02.fbx
  artifactKey: Guid(e0fe1b80592a0144babd1bf297ad32ad) Importer(815301076,1909f56bfc062723c751e8b465ee728b)
Start importing Assets/Polytope Studio/Lowpoly_Environments/Sources/Meshes/Rocks/PT_Menhir_Rock_02.fbx using Guid(e0fe1b80592a0144babd1bf297ad32ad) Importer(815301076,1909f56bfc062723c751e8b465ee728b) [PhysX] Initialized MultithreadedTaskDispatcher with 12 workers.
[PhysX] Initialized MultithreadedTaskDispatcher with 12 workers.
[PhysX] Initialized MultithreadedTaskDispatcher with 12 workers.
[PhysX] Initialized MultithreadedTaskDispatcher with 12 workers.
[PhysX] Initialized MultithreadedTaskDispatcher with 12 workers.
[PhysX] Initialized MultithreadedTaskDispatcher with 12 workers.
[PhysX] Initialized MultithreadedTaskDispatcher with 12 workers.
[PhysX] Initialized MultithreadedTaskDispatcher with 12 workers.
 -> (artifact id: '2bc4c07d9dfec84c2e6dc87aa227ddf4') in 0.362902 seconds
Number of updated asset objects reloaded before import = 0
Number of asset objects unloaded after import = 43
========================================================================
Received Import Request.
  Time since last request: 0.000043 seconds.
  path: Assets/Polytope Studio/Lowpoly_Environments/Sources/Meshes/Rocks/PT_Ore_Rock_01_split.fbx
  artifactKey: Guid(e011a827265c38e44baeae9310a2a9e2) Importer(815301076,1909f56bfc062723c751e8b465ee728b)
Start importing Assets/Polytope Studio/Lowpoly_Environments/Sources/Meshes/Rocks/PT_Ore_Rock_01_split.fbx using Guid(e011a827265c38e44baeae9310a2a9e2) Importer(815301076,1909f56bfc062723c751e8b465ee728b) [PhysX] Initialized MultithreadedTaskDispatcher with 12 workers.
[PhysX] Initialized MultithreadedTaskDispatcher with 12 workers.
[PhysX] Initialized MultithreadedTaskDispatcher with 12 workers.
[PhysX] Initialized MultithreadedTaskDispatcher with 12 workers.
[PhysX] Initialized MultithreadedTaskDispatcher with 12 workers.
[PhysX] Initialized MultithreadedTaskDispatcher with 12 workers.
[PhysX] Initialized MultithreadedTaskDispatcher with 12 workers.
[PhysX] Initialized MultithreadedTaskDispatcher with 12 workers.
 -> (artifact id: 'c8e788e0c626d0cff2acdc400b8a7966') in 0.063927 seconds
Number of updated asset objects reloaded before import = 0
Number of asset objects unloaded after import = 24
========================================================================
Received Import Request.
  Time since last request: 163.288561 seconds.
  path: Assets/Polytope Studio/Lowpoly_Environments/Sources/Meshes/Shrubs
  artifactKey: Guid(372b3a07e412e84429b47816bcf7d59b) Importer(815301076,1909f56bfc062723c751e8b465ee728b)
Start importing Assets/Polytope Studio/Lowpoly_Environments/Sources/Meshes/Shrubs using Guid(372b3a07e412e84429b47816bcf7d59b) Importer(815301076,1909f56bfc062723c751e8b465ee728b) [PhysX] Initialized MultithreadedTaskDispatcher with 12 workers.
 -> (artifact id: '0f12f836b617f275aca15ffb3a299c2d') in 0.001022 seconds
Number of updated asset objects reloaded before import = 0
Number of asset objects unloaded after import = 0
========================================================================
Received Import Request.
  Time since last request: 0.035499 seconds.
  path: Assets/Polytope Studio/Lowpoly_Environments/Sources/Meshes/Shrubs/PT_Generic_Shrub_01_dead.fbx
  artifactKey: Guid(0101712be5ca1c7449afe15d548c8817) Importer(815301076,1909f56bfc062723c751e8b465ee728b)
Start importing Assets/Polytope Studio/Lowpoly_Environments/Sources/Meshes/Shrubs/PT_Generic_Shrub_01_dead.fbx using Guid(0101712be5ca1c7449afe15d548c8817) Importer(815301076,1909f56bfc062723c751e8b465ee728b) [PhysX] Initialized MultithreadedTaskDispatcher with 12 workers.
[PhysX] Initialized MultithreadedTaskDispatcher with 12 workers.
[PhysX] Initialized MultithreadedTaskDispatcher with 12 workers.
[PhysX] Initialized MultithreadedTaskDispatcher with 12 workers.
[PhysX] Initialized MultithreadedTaskDispatcher with 12 workers.
[PhysX] Initialized MultithreadedTaskDispatcher with 12 workers.
[PhysX] Initialized MultithreadedTaskDispatcher with 12 workers.
[PhysX] Initialized MultithreadedTaskDispatcher with 12 workers.
 -> (artifact id: '00a6ac130c7baab99168892d6e09e55d') in 0.048395 seconds
Number of updated asset objects reloaded before import = 0
Number of asset objects unloaded after import = 23
========================================================================
Received Import Request.
  Time since last request: 2.754118 seconds.
  path: Assets/Polytope Studio/Lowpoly_Environments/Sources/Meshes/Plants
  artifactKey: Guid(7201153531db4b04e8c60b3351b1d959) Importer(815301076,1909f56bfc062723c751e8b465ee728b)
Start importing Assets/Polytope Studio/Lowpoly_Environments/Sources/Meshes/Plants using Guid(7201153531db4b04e8c60b3351b1d959) Importer(815301076,1909f56bfc062723c751e8b465ee728b) [PhysX] Initialized MultithreadedTaskDispatcher with 12 workers.
 -> (artifact id: 'c9431c140ca8bc5f59a5fe695a076088') in 0.000984 seconds
Number of updated asset objects reloaded before import = 0
Number of asset objects unloaded after import = 0
========================================================================
Received Import Request.
  Time since last request: 0.028247 seconds.
  path: Assets/Polytope Studio/Lowpoly_Environments/Sources/Meshes/Plants/PT_Grass_02.fbx
  artifactKey: Guid(8c71f03fcb0c13644a30696cafc5cda8) Importer(815301076,1909f56bfc062723c751e8b465ee728b)
Start importing Assets/Polytope Studio/Lowpoly_Environments/Sources/Meshes/Plants/PT_Grass_02.fbx using Guid(8c71f03fcb0c13644a30696cafc5cda8) Importer(815301076,1909f56bfc062723c751e8b465ee728b) [PhysX] Initialized MultithreadedTaskDispatcher with 12 workers.
[PhysX] Initialized MultithreadedTaskDispatcher with 12 workers.
[PhysX] Initialized MultithreadedTaskDispatcher with 12 workers.
[PhysX] Initialized MultithreadedTaskDispatcher with 12 workers.
[PhysX] Initialized MultithreadedTaskDispatcher with 12 workers.
[PhysX] Initialized MultithreadedTaskDispatcher with 12 workers.
[PhysX] Initialized MultithreadedTaskDispatcher with 12 workers.
[PhysX] Initialized MultithreadedTaskDispatcher with 12 workers.
 -> (artifact id: 'c558c884bff778f70724684e7100e5c4') in 0.036518 seconds
Number of updated asset objects reloaded before import = 0
Number of asset objects unloaded after import = 23
========================================================================
Received Import Request.
  Time since last request: 1.379510 seconds.
  path: Assets/Polytope Studio/Lowpoly_Environments/Sources/Meshes/Mushrooms
  artifactKey: Guid(7a3bbc3a2bec9f747b42252d4c80a793) Importer(815301076,1909f56bfc062723c751e8b465ee728b)
Start importing Assets/Polytope Studio/Lowpoly_Environments/Sources/Meshes/Mushrooms using Guid(7a3bbc3a2bec9f747b42252d4c80a793) Importer(815301076,1909f56bfc062723c751e8b465ee728b) [PhysX] Initialized MultithreadedTaskDispatcher with 12 workers.
 -> (artifact id: 'cbcb962e2426aa9fa439c932f5416ea3') in 0.001035 seconds
Number of updated asset objects reloaded before import = 0
Number of asset objects unloaded after import = 0
========================================================================
Received Import Request.
  Time since last request: 0.047279 seconds.
  path: Assets/Polytope Studio/Lowpoly_Environments/Sources/Meshes/Mushrooms/PT_Caesars_Mushroom_01.fbx
  artifactKey: Guid(2ec966d90911a454c9760fa28789a4f8) Importer(815301076,1909f56bfc062723c751e8b465ee728b)
Start importing Assets/Polytope Studio/Lowpoly_Environments/Sources/Meshes/Mushrooms/PT_Caesars_Mushroom_01.fbx using Guid(2ec966d90911a454c9760fa28789a4f8) Importer(815301076,1909f56bfc062723c751e8b465ee728b) [PhysX] Initialized MultithreadedTaskDispatcher with 12 workers.
[PhysX] Initialized MultithreadedTaskDispatcher with 12 workers.
[PhysX] Initialized MultithreadedTaskDispatcher with 12 workers.
 -> (artifact id: '406658277aad654a0c7766ef71265e9d') in 0.020202 seconds
Number of updated asset objects reloaded before import = 0
Number of asset objects unloaded after import = 10
========================================================================
Received Import Request.
  Time since last request: 1.251791 seconds.
  path: Assets/Polytope Studio/Lowpoly_Environments/Sources/Meshes/Flowers
  artifactKey: Guid(62117514495abd046b014d1c85ba4c7a) Importer(815301076,1909f56bfc062723c751e8b465ee728b)
Start importing Assets/Polytope Studio/Lowpoly_Environments/Sources/Meshes/Flowers using Guid(62117514495abd046b014d1c85ba4c7a) Importer(815301076,1909f56bfc062723c751e8b465ee728b) [PhysX] Initialized MultithreadedTaskDispatcher with 12 workers.
 -> (artifact id: '2c796508628cde907147268e2fbe897e') in 0.001166 seconds
Number of updated asset objects reloaded before import = 0
Number of asset objects unloaded after import = 0
========================================================================
Received Import Request.
  Time since last request: 0.054387 seconds.
  path: Assets/Polytope Studio/Lowpoly_Environments/Sources/Meshes/Flowers/PT_Poppy_02.fbx
  artifactKey: Guid(5c7de3ea78afce6468d2ebe76dd0bf6d) Importer(815301076,1909f56bfc062723c751e8b465ee728b)
Start importing Assets/Polytope Studio/Lowpoly_Environments/Sources/Meshes/Flowers/PT_Poppy_02.fbx using Guid(5c7de3ea78afce6468d2ebe76dd0bf6d) Importer(815301076,1909f56bfc062723c751e8b465ee728b) [PhysX] Initialized MultithreadedTaskDispatcher with 12 workers.
[PhysX] Initialized MultithreadedTaskDispatcher with 12 workers.
[PhysX] Initialized MultithreadedTaskDispatcher with 12 workers.
[PhysX] Initialized MultithreadedTaskDispatcher with 12 workers.
[PhysX] Initialized MultithreadedTaskDispatcher with 12 workers.
[PhysX] Initialized MultithreadedTaskDispatcher with 12 workers.
[PhysX] Initialized MultithreadedTaskDispatcher with 12 workers.
[PhysX] Initialized MultithreadedTaskDispatcher with 12 workers.
 -> (artifact id: '050b0dc1ea1baa9cbb7a911fd9606cd5') in 0.042476 seconds
Number of updated asset objects reloaded before import = 0
Number of asset objects unloaded after import = 23
========================================================================
Received Import Request.
  Time since last request: 515.918907 seconds.
  path: Assets/Models/female_secretary.fbx
  artifactKey: Guid(b15b2ea9b9a6b484685e0c860d80c0b8) Importer(815301076,1909f56bfc062723c751e8b465ee728b)
Start importing Assets/Models/female_secretary.fbx using Guid(b15b2ea9b9a6b484685e0c860d80c0b8) Importer(815301076,1909f56bfc062723c751e8b465ee728b) [PhysX] Initialized MultithreadedTaskDispatcher with 12 workers.
[PhysX] Initialized MultithreadedTaskDispatcher with 12 workers.
[PhysX] Initialized MultithreadedTaskDispatcher with 12 workers.
[PhysX] Initialized MultithreadedTaskDispatcher with 12 workers.
[PhysX] Initialized MultithreadedTaskDispatcher with 12 workers.
 -> (artifact id: '5b86dbdf189d076ad067580804dcf58b') in 0.940765 seconds
Number of updated asset objects reloaded before import = 6
Number of asset objects unloaded after import = 71
========================================================================
Received Import Request.
  Time since last request: 0.000046 seconds.
  path: Assets/Models/MaleVillager.fbx
  artifactKey: Guid(83a24f1fefbd5d14c89e07ca588b08bd) Importer(815301076,1909f56bfc062723c751e8b465ee728b)
Start importing Assets/Models/MaleVillager.fbx using Guid(83a24f1fefbd5d14c89e07ca588b08bd) Importer(815301076,1909f56bfc062723c751e8b465ee728b) [PhysX] Initialized MultithreadedTaskDispatcher with 12 workers.
[PhysX] Initialized MultithreadedTaskDispatcher with 12 workers.
[PhysX] Initialized MultithreadedTaskDispatcher with 12 workers.
[PhysX] Initialized MultithreadedTaskDispatcher with 12 workers.
[PhysX] Initialized MultithreadedTaskDispatcher with 12 workers.
[PhysX] Initialized MultithreadedTaskDispatcher with 12 workers.
[PhysX] Initialized MultithreadedTaskDispatcher with 12 workers.
 -> (artifact id: 'b8537acd66459cc49b2e79a9f00d5ff5') in 0.047256 seconds
Number of updated asset objects reloaded before import = 0
Number of asset objects unloaded after import = 62
========================================================================
Received Prepare
Caller must complete domain reload
Begin MonoManager ReloadAssembly
- Loaded All Assemblies, in  0.900 seconds
Native extension for WindowsStandalone target not found
Native extension for Android target not found
Mono: successfully reloaded assembly
- Finished resetting the current domain, in  4.124 seconds
Domain Reload Profiling: 5019ms
	BeginReloadAssembly (290ms)
		ExecutionOrderSort (0ms)
		DisableScriptedObjects (12ms)
		BackupInstance (0ms)
		ReleaseScriptingObjects (0ms)
		CreateAndSetChildDomain (126ms)
	RebuildCommonClasses (31ms)
	RebuildNativeTypeToScriptingClass (9ms)
	initialDomainReloadingComplete (40ms)
	LoadAllAssembliesAndSetupDomain (525ms)
		LoadAssemblies (560ms)
		RebuildTransferFunctionScriptingTraits (0ms)
		AnalyzeDomain (76ms)
			TypeCache.Refresh (24ms)
				TypeCache.ScanAssembly (2ms)
			ScanForSourceGeneratedMonoScriptInfo (34ms)
			ResolveRequiredComponents (15ms)
	FinalizeReload (4124ms)
		ReleaseScriptCaches (0ms)
		RebuildScriptCaches (0ms)
		SetupLoadedEditorAssemblies (495ms)
			LogAssemblyErrors (0ms)
			InitializePlatformSupportModulesInManaged (21ms)
			SetLoadedEditorAssemblies (4ms)
			RefreshPlugins (0ms)
			BeforeProcessingInitializeOnLoad (86ms)
			ProcessInitializeOnLoadAttributes (311ms)
			ProcessInitializeOnLoadMethodAttributes (64ms)
			AfterProcessingInitializeOnLoad (9ms)
			EditorAssembliesLoaded (0ms)
		ExecutionOrderSort2 (0ms)
		AwakeInstancesAfterBackupRestoration (21ms)
Refreshing native plugins compatible for Editor in 8.09 ms, found 4 plugins.
Preloading 0 native plugins for Editor in 0.00 ms.
Unloading 5277 Unused Serialized files (Serialized files now loaded: 0)
Unloading 25 unused Assets / (3.9 MB). Loaded Objects now: 6008.
Memory consumption went from 211.6 MB to 207.7 MB.
Total: 12.003300 ms (FindLiveObjects: 1.624200 ms CreateObjectMapping: 1.049400 ms MarkObjects: 8.554600 ms  DeleteObjects: 0.772900 ms)

Prepare: number of updated asset objects reloaded= 4
AssetImportParameters requested are different than current active one (requested -> active):
  custom:container-demuxer-ogg: 62fdf1f143b41e24485cea50d1cbac27 -> 
  custom:scripting/monoscript/fileName/PT_PlayerMovement.cs: 82e118343a3ed9cb0fa63f022548ea3d -> 
  custom:video-decoder-ogg-theora: a1e56fd34408186e4bbccfd4996cb3dc -> 
  custom:framework-win-MediaFoundation: 216162199b28c13a410421893ffa2e32 -> 
  custom:scripting/monoscript/fileName/PT_MouseLook.cs: 8a0ae6c60e179e6b647ff07dfe41b7e1 -> 
  custom:CustomObjectIndexerAttribute: 72b91833f83ae208fae7752999fa3104 -> 
  custom:container-demuxer-webm: 4f35f7cbe854078d1ac9338744f61a02 -> 
  custom:container-muxer-webm: aa71ff27fc2769a1b78a27578f13a17b -> 
  custom:video-decoder-webm-vp8: 9c59270c3fd7afecdb556c50c9e8de78 -> 
  custom:SearchIndexIgnoredProperties: e643bd26f0fe6173181afceb89e7c659 -> 
  custom:AudioImporter_EditorPlatform: d09bf68614088b80899f8185d706f6e7 -> 
  custom:video-encoder-webm-vp8: eb34c28f22e8b96e1ab97ce403110664 -> 
  custom:audio-decoder-ogg-vorbis: bf7c407c2cedff20999df2af8eb42d56 -> 
  custom:audio-encoder-webm-vorbis: bf7c407c2cedff20999df2af8eb42d56 -> 
  custom:scripting/precompiled-assembly-types:Assembly-CSharp-Editor: c7998e212b9576fe95a97cdae82ccc8e -> aca7125a3389c5f4127a11b74e5e93cb
  custom:scripting/precompiled-assembly-types:Assembly-CSharp: efdcf6f795d96cb03f93f3b1ab851226 -> 64ebdeec8d3996ef538814d12357fc4b
  custom:scripting/monoscript/fileName/PT_Welcome_Screen.cs: 2c6b5d46b9243f77f697a3b2912cf19f -> 
========================================================================
Received Import Request.
  Time since last request: 541.846370 seconds.
  path: Assets/Polytope Studio/Lowpoly_Village/Sources
  artifactKey: Guid(db696abb7e2d76c409c7c5cdb95101a0) Importer(815301076,1909f56bfc062723c751e8b465ee728b)
Start importing Assets/Polytope Studio/Lowpoly_Village/Sources using Guid(db696abb7e2d76c409c7c5cdb95101a0) Importer(815301076,1909f56bfc062723c751e8b465ee728b) [PhysX] Initialized MultithreadedTaskDispatcher with 12 workers.
 -> (artifact id: 'c15bedc300f7fab05119310b35ea4eb0') in 0.003319 seconds
Number of updated asset objects reloaded before import = 0
Number of asset objects unloaded after import = 0
========================================================================
Received Import Request.
  Time since last request: 1.994666 seconds.
  path: Assets/Polytope Studio/Lowpoly_Village/Sources/Shaders
  artifactKey: Guid(38004d1b0c9563f4a9a518dcee0bb83d) Importer(815301076,1909f56bfc062723c751e8b465ee728b)
Start importing Assets/Polytope Studio/Lowpoly_Village/Sources/Shaders using Guid(38004d1b0c9563f4a9a518dcee0bb83d) Importer(815301076,1909f56bfc062723c751e8b465ee728b) [PhysX] Initialized MultithreadedTaskDispatcher with 12 workers.
 -> (artifact id: 'ddc3832e67e28ba77e2f62dde9131b51') in 0.000722 seconds
Number of updated asset objects reloaded before import = 0
Number of asset objects unloaded after import = 0
========================================================================
Received Import Request.
  Time since last request: 1.646693 seconds.
  path: Assets/Polytope Studio/Lowpoly_Village/Sources/Textures
  artifactKey: Guid(23d085a7de850f946becfd79d8937027) Importer(815301076,1909f56bfc062723c751e8b465ee728b)
Start importing Assets/Polytope Studio/Lowpoly_Village/Sources/Textures using Guid(23d085a7de850f946becfd79d8937027) Importer(815301076,1909f56bfc062723c751e8b465ee728b) [PhysX] Initialized MultithreadedTaskDispatcher with 12 workers.
 -> (artifact id: 'ff0b4955c287d0c659381ce1595ec362') in 0.000889 seconds
Number of updated asset objects reloaded before import = 0
Number of asset objects unloaded after import = 0
========================================================================
Received Import Request.
  Time since last request: 0.056185 seconds.
  path: Assets/Polytope Studio/Lowpoly_Village/Sources/Textures/PT_Medieval_Buildings_Texture_01.png
  artifactKey: Guid(34892be16c52f1948b4b5666052d6bf5) Importer(815301076,1909f56bfc062723c751e8b465ee728b)
Start importing Assets/Polytope Studio/Lowpoly_Village/Sources/Textures/PT_Medieval_Buildings_Texture_01.png using Guid(34892be16c52f1948b4b5666052d6bf5) Importer(815301076,1909f56bfc062723c751e8b465ee728b) [PhysX] Initialized MultithreadedTaskDispatcher with 12 workers.
[PhysX] Initialized MultithreadedTaskDispatcher with 12 workers.
 -> (artifact id: '799933a8f911b5a6c99902c14fec118a') in 0.044117 seconds
Number of updated asset objects reloaded before import = 0
Number of asset objects unloaded after import = 2
========================================================================
Received Import Request.
  Time since last request: 0.000025 seconds.
  path: Assets/Polytope Studio/Lowpoly_Village/Sources/Textures/PT_Medieval_Buildings_Texture_Mask_01.png
  artifactKey: Guid(c91055552562c3941a1c318e8d5bc5c5) Importer(815301076,1909f56bfc062723c751e8b465ee728b)
Start importing Assets/Polytope Studio/Lowpoly_Village/Sources/Textures/PT_Medieval_Buildings_Texture_Mask_01.png using Guid(c91055552562c3941a1c318e8d5bc5c5) Importer(815301076,1909f56bfc062723c751e8b465ee728b) [PhysX] Initialized MultithreadedTaskDispatcher with 12 workers.
[PhysX] Initialized MultithreadedTaskDispatcher with 12 workers.
 -> (artifact id: 'a7ead73fc6befa45b248420445adc50a') in 0.019001 seconds
Number of updated asset objects reloaded before import = 0
Number of asset objects unloaded after import = 2
========================================================================
Received Import Request.
  Time since last request: 1.291259 seconds.
  path: Assets/Polytope Studio/Lowpoly_Village/Sources/Meshes
  artifactKey: Guid(6250bab4ccf188c4d97251a33d790370) Importer(815301076,1909f56bfc062723c751e8b465ee728b)
Start importing Assets/Polytope Studio/Lowpoly_Village/Sources/Meshes using Guid(6250bab4ccf188c4d97251a33d790370) Importer(815301076,1909f56bfc062723c751e8b465ee728b) [PhysX] Initialized MultithreadedTaskDispatcher with 12 workers.
 -> (artifact id: '986fdb3811531a6fe79245ef0277186e') in 0.000818 seconds
Number of updated asset objects reloaded before import = 0
Number of asset objects unloaded after import = 0
========================================================================
Received Import Request.
  Time since last request: 0.707398 seconds.
  path: Assets/Polytope Studio/Lowpoly_Village/Sources/Meshes/Modular
  artifactKey: Guid(d8296f87fe19df9428b94eeb6cc479c3) Importer(815301076,1909f56bfc062723c751e8b465ee728b)
Start importing Assets/Polytope Studio/Lowpoly_Village/Sources/Meshes/Modular using Guid(d8296f87fe19df9428b94eeb6cc479c3) Importer(815301076,1909f56bfc062723c751e8b465ee728b) [PhysX] Initialized MultithreadedTaskDispatcher with 12 workers.
 -> (artifact id: '99a1fd55ae71c74c0aa23dcd1abba4dd') in 0.001099 seconds
Number of updated asset objects reloaded before import = 0
Number of asset objects unloaded after import = 0
========================================================================
Received Import Request.
  Time since last request: 0.670647 seconds.
  path: Assets/Polytope Studio/Lowpoly_Village/Sources/Meshes/Modular/Fence
  artifactKey: Guid(3a80f621645a05340824ecc31bbef546) Importer(815301076,1909f56bfc062723c751e8b465ee728b)
Start importing Assets/Polytope Studio/Lowpoly_Village/Sources/Meshes/Modular/Fence using Guid(3a80f621645a05340824ecc31bbef546) Importer(815301076,1909f56bfc062723c751e8b465ee728b) [PhysX] Initialized MultithreadedTaskDispatcher with 12 workers.
 -> (artifact id: '173bc874c1f15b0e71824d7ab38122a4') in 0.001019 seconds
Number of updated asset objects reloaded before import = 0
Number of asset objects unloaded after import = 0
========================================================================
Received Import Request.
  Time since last request: 0.016048 seconds.
  path: Assets/Polytope Studio/Lowpoly_Village/Sources/Meshes/Modular/Fence/PT_Modular_Fence_Wood_01.fbx
  artifactKey: Guid(ed920bad5318ee347ad3e34dd82e273f) Importer(815301076,1909f56bfc062723c751e8b465ee728b)
Start importing Assets/Polytope Studio/Lowpoly_Village/Sources/Meshes/Modular/Fence/PT_Modular_Fence_Wood_01.fbx using Guid(ed920bad5318ee347ad3e34dd82e273f) Importer(815301076,1909f56bfc062723c751e8b465ee728b) [PhysX] Initialized MultithreadedTaskDispatcher with 12 workers.
[PhysX] Initialized MultithreadedTaskDispatcher with 12 workers.
[PhysX] Initialized MultithreadedTaskDispatcher with 12 workers.
 -> (artifact id: 'b8ddddaee99be071e6b098df3a613c08') in 0.305858 seconds
Number of updated asset objects reloaded before import = 0
Number of asset objects unloaded after import = 32
========================================================================
Received Import Request.
  Time since last request: 0.000040 seconds.
  path: Assets/Polytope Studio/Lowpoly_Village/Sources/Meshes/Modular/Fence/PT_Modular_Fence_Wood_03.fbx
  artifactKey: Guid(955f7ab7f12013b42b2aa2e494846f3a) Importer(815301076,1909f56bfc062723c751e8b465ee728b)
Start importing Assets/Polytope Studio/Lowpoly_Village/Sources/Meshes/Modular/Fence/PT_Modular_Fence_Wood_03.fbx using Guid(955f7ab7f12013b42b2aa2e494846f3a) Importer(815301076,1909f56bfc062723c751e8b465ee728b) [PhysX] Initialized MultithreadedTaskDispatcher with 12 workers.
[PhysX] Initialized MultithreadedTaskDispatcher with 12 workers.
[PhysX] Initialized MultithreadedTaskDispatcher with 12 workers.
 -> (artifact id: 'a94b921ec4812e6a158aa1966d34757f') in 0.031582 seconds
Number of updated asset objects reloaded before import = 0
Number of asset objects unloaded after import = 13
========================================================================
Received Import Request.
  Time since last request: 50.509938 seconds.
  path: Assets/Polytope Studio/Lowpoly_Environments/Sources/Meshes/Mushrooms/PT_Caesars_Mushroom_01.fbx
  artifactKey: Guid(2ec966d90911a454c9760fa28789a4f8) Importer(815301076,1909f56bfc062723c751e8b465ee728b)
Start importing Assets/Polytope Studio/Lowpoly_Environments/Sources/Meshes/Mushrooms/PT_Caesars_Mushroom_01.fbx using Guid(2ec966d90911a454c9760fa28789a4f8) Importer(815301076,1909f56bfc062723c751e8b465ee728b) [PhysX] Initialized MultithreadedTaskDispatcher with 12 workers.
[PhysX] Initialized MultithreadedTaskDispatcher with 12 workers.
[PhysX] Initialized MultithreadedTaskDispatcher with 12 workers.
 -> (artifact id: '9e9ea0ca4fcd1859aae03bc357703077') in 1.157464 seconds
Number of updated asset objects reloaded before import = 4
Number of asset objects unloaded after import = 10
========================================================================
Received Import Request.
  Time since last request: 3.363985 seconds.
  path: Assets/Polytope Studio/Lowpoly_Environments/Sources/Meshes/Trees/PT_Fruit_Tree_01_apples.fbx
  artifactKey: Guid(fb0559a36ae9650449b6e3c26d5076a5) Importer(815301076,1909f56bfc062723c751e8b465ee728b)
Start importing Assets/Polytope Studio/Lowpoly_Environments/Sources/Meshes/Trees/PT_Fruit_Tree_01_apples.fbx using Guid(fb0559a36ae9650449b6e3c26d5076a5) Importer(815301076,1909f56bfc062723c751e8b465ee728b) [PhysX] Initialized MultithreadedTaskDispatcher with 12 workers.
[PhysX] Initialized MultithreadedTaskDispatcher with 12 workers.
[PhysX] Initialized MultithreadedTaskDispatcher with 12 workers.
[PhysX] Initialized MultithreadedTaskDispatcher with 12 workers.
[PhysX] Initialized MultithreadedTaskDispatcher with 12 workers.
[PhysX] Initialized MultithreadedTaskDispatcher with 12 workers.
[PhysX] Initialized MultithreadedTaskDispatcher with 12 workers.
[PhysX] Initialized MultithreadedTaskDispatcher with 12 workers.
 -> (artifact id: '2327c37b0d0ba40ea424ceed69e2c182') in 1.799781 seconds
Number of updated asset objects reloaded before import = 0
Number of asset objects unloaded after import = 26
========================================================================
Received Import Request.
  Time since last request: 0.000045 seconds.
  path: Assets/Polytope Studio/Lowpoly_Environments/Sources/Meshes/Trees/PT_Fruit_Tree_01_green.fbx
  artifactKey: Guid(f222748f1796b2e49a56a2fbf7563247) Importer(815301076,1909f56bfc062723c751e8b465ee728b)
Start importing Assets/Polytope Studio/Lowpoly_Environments/Sources/Meshes/Trees/PT_Fruit_Tree_01_green.fbx using Guid(f222748f1796b2e49a56a2fbf7563247) Importer(815301076,1909f56bfc062723c751e8b465ee728b) [PhysX] Initialized MultithreadedTaskDispatcher with 12 workers.
[PhysX] Initialized MultithreadedTaskDispatcher with 12 workers.
[PhysX] Initialized MultithreadedTaskDispatcher with 12 workers.
[PhysX] Initialized MultithreadedTaskDispatcher with 12 workers.
[PhysX] Initialized MultithreadedTaskDispatcher with 12 workers.
[PhysX] Initialized MultithreadedTaskDispatcher with 12 workers.
[PhysX] Initialized MultithreadedTaskDispatcher with 12 workers.
[PhysX] Initialized MultithreadedTaskDispatcher with 12 workers.
 -> (artifact id: '6fdab9e9039fe94477ce8b08356c0676') in 0.068157 seconds
Number of updated asset objects reloaded before import = 0
Number of asset objects unloaded after import = 26
========================================================================
Received Import Request.
  Time since last request: 0.000054 seconds.
  path: Assets/Polytope Studio/Lowpoly_Environments/Sources/Meshes/Trees/PT_Fruit_Tree_01_pears.fbx
  artifactKey: Guid(ab5654911e4a8494190af9551d81ea81) Importer(815301076,1909f56bfc062723c751e8b465ee728b)
Start importing Assets/Polytope Studio/Lowpoly_Environments/Sources/Meshes/Trees/PT_Fruit_Tree_01_pears.fbx using Guid(ab5654911e4a8494190af9551d81ea81) Importer(815301076,1909f56bfc062723c751e8b465ee728b) [PhysX] Initialized MultithreadedTaskDispatcher with 12 workers.
[PhysX] Initialized MultithreadedTaskDispatcher with 12 workers.
[PhysX] Initialized MultithreadedTaskDispatcher with 12 workers.
[PhysX] Initialized MultithreadedTaskDispatcher with 12 workers.
[PhysX] Initialized MultithreadedTaskDispatcher with 12 workers.
[PhysX] Initialized MultithreadedTaskDispatcher with 12 workers.
[PhysX] Initialized MultithreadedTaskDispatcher with 12 workers.
[PhysX] Initialized MultithreadedTaskDispatcher with 12 workers.
 -> (artifact id: '48484c26c5cea6b62004a77191820603') in 0.066310 seconds
Number of updated asset objects reloaded before import = 0
Number of asset objects unloaded after import = 26
========================================================================
Received Import Request.
  Time since last request: 0.000031 seconds.
  path: Assets/Polytope Studio/Lowpoly_Environments/Sources/Meshes/Trees/PT_Fruit_Tree_01_dead_cut.fbx
  artifactKey: Guid(ddcbcdd7a43212c4d86fe33f77dac074) Importer(815301076,1909f56bfc062723c751e8b465ee728b)
Start importing Assets/Polytope Studio/Lowpoly_Environments/Sources/Meshes/Trees/PT_Fruit_Tree_01_dead_cut.fbx using Guid(ddcbcdd7a43212c4d86fe33f77dac074) Importer(815301076,1909f56bfc062723c751e8b465ee728b) [PhysX] Initialized MultithreadedTaskDispatcher with 12 workers.
[PhysX] Initialized MultithreadedTaskDispatcher with 12 workers.
[PhysX] Initialized MultithreadedTaskDispatcher with 12 workers.
 -> (artifact id: '0ac30f8d6de3bb3d8b2ae04fba5f5e84') in 0.034340 seconds
Number of updated asset objects reloaded before import = 0
Number of asset objects unloaded after import = 10
========================================================================
Received Import Request.
  Time since last request: 0.000029 seconds.
  path: Assets/Polytope Studio/Lowpoly_Environments/Sources/Meshes/Trees/PT_Pine_Tree_03_green.fbx
  artifactKey: Guid(c2dcabc4d03cc9b4098225e59529d20d) Importer(815301076,1909f56bfc062723c751e8b465ee728b)
Start importing Assets/Polytope Studio/Lowpoly_Environments/Sources/Meshes/Trees/PT_Pine_Tree_03_green.fbx using Guid(c2dcabc4d03cc9b4098225e59529d20d) Importer(815301076,1909f56bfc062723c751e8b465ee728b) [PhysX] Initialized MultithreadedTaskDispatcher with 12 workers.
[PhysX] Initialized MultithreadedTaskDispatcher with 12 workers.
[PhysX] Initialized MultithreadedTaskDispatcher with 12 workers.
[PhysX] Initialized MultithreadedTaskDispatcher with 12 workers.
[PhysX] Initialized MultithreadedTaskDispatcher with 12 workers.
[PhysX] Initialized MultithreadedTaskDispatcher with 12 workers.
[PhysX] Initialized MultithreadedTaskDispatcher with 12 workers.
[PhysX] Initialized MultithreadedTaskDispatcher with 12 workers.
 -> (artifact id: '91b56a5fdfb3e6ad40d72a99e2ae3d9f') in 0.073626 seconds
Number of updated asset objects reloaded before import = 0
Number of asset objects unloaded after import = 26
========================================================================
Received Import Request.
  Time since last request: 0.000029 seconds.
  path: Assets/Polytope Studio/Lowpoly_Environments/Sources/Meshes/Trees/PT_Fruit_Tree_01_stump.fbx
  artifactKey: Guid(f42a2ed0c78e45643bba339ed33235d4) Importer(815301076,1909f56bfc062723c751e8b465ee728b)
Start importing Assets/Polytope Studio/Lowpoly_Environments/Sources/Meshes/Trees/PT_Fruit_Tree_01_stump.fbx using Guid(f42a2ed0c78e45643bba339ed33235d4) Importer(815301076,1909f56bfc062723c751e8b465ee728b) [PhysX] Initialized MultithreadedTaskDispatcher with 12 workers.
[PhysX] Initialized MultithreadedTaskDispatcher with 12 workers.
[PhysX] Initialized MultithreadedTaskDispatcher with 12 workers.
 -> (artifact id: 'b43eb27bd3e79f9eddea1ab4252f8956') in 0.029161 seconds
Number of updated asset objects reloaded before import = 0
Number of asset objects unloaded after import = 10
========================================================================
Received Import Request.
  Time since last request: 0.000046 seconds.
  path: Assets/Polytope Studio/Lowpoly_Environments/Sources/Meshes/Trees/PT_Fruit_Tree_01_plums.fbx
  artifactKey: Guid(0ef9f3b550a8ffd40ab0be1ae6034fe1) Importer(815301076,1909f56bfc062723c751e8b465ee728b)
Start importing Assets/Polytope Studio/Lowpoly_Environments/Sources/Meshes/Trees/PT_Fruit_Tree_01_plums.fbx using Guid(0ef9f3b550a8ffd40ab0be1ae6034fe1) Importer(815301076,1909f56bfc062723c751e8b465ee728b) [PhysX] Initialized MultithreadedTaskDispatcher with 12 workers.
[PhysX] Initialized MultithreadedTaskDispatcher with 12 workers.
[PhysX] Initialized MultithreadedTaskDispatcher with 12 workers.
[PhysX] Initialized MultithreadedTaskDispatcher with 12 workers.
[PhysX] Initialized MultithreadedTaskDispatcher with 12 workers.
[PhysX] Initialized MultithreadedTaskDispatcher with 12 workers.
[PhysX] Initialized MultithreadedTaskDispatcher with 12 workers.
[PhysX] Initialized MultithreadedTaskDispatcher with 12 workers.
 -> (artifact id: 'c8302992317ee621ad5aa99d7f318cf9') in 0.080578 seconds
Number of updated asset objects reloaded before import = 0
Number of asset objects unloaded after import = 26
========================================================================
Received Import Request.
  Time since last request: 0.000045 seconds.
  path: Assets/Polytope Studio/Lowpoly_Environments/Sources/Meshes/Trees/PT_Fruit_Tree_01_logs.fbx
  artifactKey: Guid(268a14e7ef45f1542a7d335b0a20d200) Importer(815301076,1909f56bfc062723c751e8b465ee728b)
Start importing Assets/Polytope Studio/Lowpoly_Environments/Sources/Meshes/Trees/PT_Fruit_Tree_01_logs.fbx using Guid(268a14e7ef45f1542a7d335b0a20d200) Importer(815301076,1909f56bfc062723c751e8b465ee728b) [PhysX] Initialized MultithreadedTaskDispatcher with 12 workers.
[PhysX] Initialized MultithreadedTaskDispatcher with 12 workers.
[PhysX] Initialized MultithreadedTaskDispatcher with 12 workers.
 -> (artifact id: 'ee7200e4c5cd56c055c488f4c271f981') in 0.030183 seconds
Number of updated asset objects reloaded before import = 0
Number of asset objects unloaded after import = 10
========================================================================
Received Import Request.
  Time since last request: 0.000035 seconds.
  path: Assets/Polytope Studio/Lowpoly_Environments/Sources/Meshes/Trees/PT_Pine_Tree_03_green_cut.fbx
  artifactKey: Guid(2a5e649cde00dd847885c694eb77f1fb) Importer(815301076,1909f56bfc062723c751e8b465ee728b)
Start importing Assets/Polytope Studio/Lowpoly_Environments/Sources/Meshes/Trees/PT_Pine_Tree_03_green_cut.fbx using Guid(2a5e649cde00dd847885c694eb77f1fb) Importer(815301076,1909f56bfc062723c751e8b465ee728b) [PhysX] Initialized MultithreadedTaskDispatcher with 12 workers.
[PhysX] Initialized MultithreadedTaskDispatcher with 12 workers.
[PhysX] Initialized MultithreadedTaskDispatcher with 12 workers.
 -> (artifact id: '61ae47eccf305e7410bc904002e43392') in 0.040477 seconds
Number of updated asset objects reloaded before import = 0
Number of asset objects unloaded after import = 13
========================================================================
Received Import Request.
  Time since last request: 237.118685 seconds.
  path: Assets/Polytope Studio/Lowpoly_Environments/Sources/Meshes/Plants/PT_Grass_02.fbx
  artifactKey: Guid(8c71f03fcb0c13644a30696cafc5cda8) Importer(815301076,1909f56bfc062723c751e8b465ee728b)
Start importing Assets/Polytope Studio/Lowpoly_Environments/Sources/Meshes/Plants/PT_Grass_02.fbx using Guid(8c71f03fcb0c13644a30696cafc5cda8) Importer(815301076,1909f56bfc062723c751e8b465ee728b) [PhysX] Initialized MultithreadedTaskDispatcher with 12 workers.
[PhysX] Initialized MultithreadedTaskDispatcher with 12 workers.
[PhysX] Initialized MultithreadedTaskDispatcher with 12 workers.
[PhysX] Initialized MultithreadedTaskDispatcher with 12 workers.
[PhysX] Initialized MultithreadedTaskDispatcher with 12 workers.
[PhysX] Initialized MultithreadedTaskDispatcher with 12 workers.
[PhysX] Initialized MultithreadedTaskDispatcher with 12 workers.
[PhysX] Initialized MultithreadedTaskDispatcher with 12 workers.
 -> (artifact id: '21cee802b9c23293ba2ca7fd88b197a8') in 1.049939 seconds
Number of updated asset objects reloaded before import = 0
Number of asset objects unloaded after import = 25
========================================================================
Received Import Request.
  Time since last request: 3.628710 seconds.
  path: Assets/Polytope Studio/Lowpoly_Environments/Sources/Meshes/Flowers/PT_Poppy_02.fbx
  artifactKey: Guid(5c7de3ea78afce6468d2ebe76dd0bf6d) Importer(815301076,1909f56bfc062723c751e8b465ee728b)
Start importing Assets/Polytope Studio/Lowpoly_Environments/Sources/Meshes/Flowers/PT_Poppy_02.fbx using Guid(5c7de3ea78afce6468d2ebe76dd0bf6d) Importer(815301076,1909f56bfc062723c751e8b465ee728b) [PhysX] Initialized MultithreadedTaskDispatcher with 12 workers.
[PhysX] Initialized MultithreadedTaskDispatcher with 12 workers.
[PhysX] Initialized MultithreadedTaskDispatcher with 12 workers.
[PhysX] Initialized MultithreadedTaskDispatcher with 12 workers.
[PhysX] Initialized MultithreadedTaskDispatcher with 12 workers.
[PhysX] Initialized MultithreadedTaskDispatcher with 12 workers.
[PhysX] Initialized MultithreadedTaskDispatcher with 12 workers.
[PhysX] Initialized MultithreadedTaskDispatcher with 12 workers.
 -> (artifact id: '8b0a8ae9c819450967b413c5dde714db') in 0.871045 seconds
Number of updated asset objects reloaded before import = 0
Number of asset objects unloaded after import = 23
========================================================================
Received Import Request.
  Time since last request: 1.670417 seconds.
  path: Assets/Polytope Studio/Lowpoly_Environments/Sources/Meshes/Shrubs/PT_Generic_Shrub_01_dead.fbx
  artifactKey: Guid(0101712be5ca1c7449afe15d548c8817) Importer(815301076,1909f56bfc062723c751e8b465ee728b)
Start importing Assets/Polytope Studio/Lowpoly_Environments/Sources/Meshes/Shrubs/PT_Generic_Shrub_01_dead.fbx using Guid(0101712be5ca1c7449afe15d548c8817) Importer(815301076,1909f56bfc062723c751e8b465ee728b) [PhysX] Initialized MultithreadedTaskDispatcher with 12 workers.
[PhysX] Initialized MultithreadedTaskDispatcher with 12 workers.
[PhysX] Initialized MultithreadedTaskDispatcher with 12 workers.
[PhysX] Initialized MultithreadedTaskDispatcher with 12 workers.
[PhysX] Initialized MultithreadedTaskDispatcher with 12 workers.
[PhysX] Initialized MultithreadedTaskDispatcher with 12 workers.
[PhysX] Initialized MultithreadedTaskDispatcher with 12 workers.
[PhysX] Initialized MultithreadedTaskDispatcher with 12 workers.
 -> (artifact id: 'db9211f3c183119a5935f33b6f5dbadf') in 0.043169 seconds
Number of updated asset objects reloaded before import = 0
Number of asset objects unloaded after import = 23
========================================================================
Received Import Request.
  Time since last request: 112.340126 seconds.
  path: Assets/Polytope Studio/Lowpoly_Environments/Sources/Materials/PT_Fruit_Tree_Opaque_mat.mat
  artifactKey: Guid(3922c043c1c52cb47a7b1bfed562a4b6) Importer(815301076,1909f56bfc062723c751e8b465ee728b)
Start importing Assets/Polytope Studio/Lowpoly_Environments/Sources/Materials/PT_Fruit_Tree_Opaque_mat.mat using Guid(3922c043c1c52cb47a7b1bfed562a4b6) Importer(815301076,1909f56bfc062723c751e8b465ee728b) [PhysX] Initialized MultithreadedTaskDispatcher with 12 workers.
[PhysX] Initialized MultithreadedTaskDispatcher with 12 workers.
 -> (artifact id: '277c721fb8ef8764d2ee0388faf9807b') in 0.056729 seconds
Number of updated asset objects reloaded before import = 0
Number of asset objects unloaded after import = 3
========================================================================
Received Import Request.
  Time since last request: 0.000041 seconds.
  path: Assets/Polytope Studio/Lowpoly_Environments/Sources/Materials/PT_Generic_Tree_Trunk_mat.mat
  artifactKey: Guid(e6ce4253a748b0849a04b87f33cc539d) Importer(815301076,1909f56bfc062723c751e8b465ee728b)
Start importing Assets/Polytope Studio/Lowpoly_Environments/Sources/Materials/PT_Generic_Tree_Trunk_mat.mat using Guid(e6ce4253a748b0849a04b87f33cc539d) Importer(815301076,1909f56bfc062723c751e8b465ee728b) [PhysX] Initialized MultithreadedTaskDispatcher with 12 workers.
[PhysX] Initialized MultithreadedTaskDispatcher with 12 workers.
 -> (artifact id: '3b5b4dd25e2f8f33978261e2b791af60') in 0.027623 seconds
Number of updated asset objects reloaded before import = 0
Number of asset objects unloaded after import = 3
========================================================================
Received Import Request.
  Time since last request: 0.000028 seconds.
  path: Assets/Polytope Studio/Lowpoly_Environments/Sources/Materials/PT_Pine_Tree_Leaves_Mat.mat
  artifactKey: Guid(823cb446423dd7747b7454d5cf133e75) Importer(815301076,1909f56bfc062723c751e8b465ee728b)
Start importing Assets/Polytope Studio/Lowpoly_Environments/Sources/Materials/PT_Pine_Tree_Leaves_Mat.mat using Guid(823cb446423dd7747b7454d5cf133e75) Importer(815301076,1909f56bfc062723c751e8b465ee728b) [PhysX] Initialized MultithreadedTaskDispatcher with 12 workers.
[PhysX] Initialized MultithreadedTaskDispatcher with 12 workers.
 -> (artifact id: '1f9bb3c8761ef2feaf66bf1bd40c0c23') in 0.026016 seconds
Number of updated asset objects reloaded before import = 0
Number of asset objects unloaded after import = 4
========================================================================
Received Import Request.
  Time since last request: 0.000039 seconds.
  path: Assets/Polytope Studio/Lowpoly_Environments/Sources/Materials/PT_Grass_Mat.mat
  artifactKey: Guid(09473d06882d1414b84b1fdb7a095516) Importer(815301076,1909f56bfc062723c751e8b465ee728b)
Start importing Assets/Polytope Studio/Lowpoly_Environments/Sources/Materials/PT_Grass_Mat.mat using Guid(09473d06882d1414b84b1fdb7a095516) Importer(815301076,1909f56bfc062723c751e8b465ee728b) [PhysX] Initialized MultithreadedTaskDispatcher with 12 workers.
[PhysX] Initialized MultithreadedTaskDispatcher with 12 workers.
 -> (artifact id: '4358f88cc0db461b2526af800904b52c') in 0.032661 seconds
Number of updated asset objects reloaded before import = 0
Number of asset objects unloaded after import = 5
========================================================================
Received Import Request.
  Time since last request: 0.000028 seconds.
  path: Assets/Polytope Studio/Lowpoly_Environments/Sources/Materials/PT_Pine_Tree_Trunk_Mat.mat
  artifactKey: Guid(f43a7dc4f39c5654a8211b83259e32a9) Importer(815301076,1909f56bfc062723c751e8b465ee728b)
Start importing Assets/Polytope Studio/Lowpoly_Environments/Sources/Materials/PT_Pine_Tree_Trunk_Mat.mat using Guid(f43a7dc4f39c5654a8211b83259e32a9) Importer(815301076,1909f56bfc062723c751e8b465ee728b) [PhysX] Initialized MultithreadedTaskDispatcher with 12 workers.
[PhysX] Initialized MultithreadedTaskDispatcher with 12 workers.
 -> (artifact id: '6cdf55eee8b6ae55e6d0e1092f7f133f') in 0.023717 seconds
Number of updated asset objects reloaded before import = 0
Number of asset objects unloaded after import = 3
========================================================================
Received Import Request.
  Time since last request: 0.000035 seconds.
  path: Assets/Polytope Studio/Lowpoly_Environments/Sources/Materials/PT_Rocks_mat.mat
  artifactKey: Guid(93415edde47040648869ae6638d33ced) Importer(815301076,1909f56bfc062723c751e8b465ee728b)
Start importing Assets/Polytope Studio/Lowpoly_Environments/Sources/Materials/PT_Rocks_mat.mat using Guid(93415edde47040648869ae6638d33ced) Importer(815301076,1909f56bfc062723c751e8b465ee728b) [PhysX] Initialized MultithreadedTaskDispatcher with 12 workers.
[PhysX] Initialized MultithreadedTaskDispatcher with 12 workers.
 -> (artifact id: '0ae91e6eb2e92dfcfdd34cdf4d0bc5f0') in 1.470164 seconds
Number of updated asset objects reloaded before import = 0
Number of asset objects unloaded after import = 4
Editor requested this worker to shutdown with reason: Scaling down because of idle timeout
TcpMessagingSession - receive error: operation aborted. errorcode: 995, details: La operación de E/S se anuló por una salida de subproceso o por una solicitud de aplicación.
AssetImportWorker is now disconnected from the server
Process exiting
Exiting without the bug reporter. Application will terminate with return code 0