Using pre-set license
Built from '2022.3/respin/2022.3.62f2-4af31df585-v2' branch; Version is '2022.3.62f3 (96770f904ca7) revision 9860879'; Using compiler version '192829333'; Build Type 'Release'
OS: 'Windows 10  (10.0.19045) 64bit CoreSingleLanguage' Language: 'es' Physical Memory: 15042 MB
BatchMode: 1, IsHumanControllingUs: 0, StartBugReporterOnCrash: 0, Is64bit: 1, IsPro: 1

COMMAND LINE ARGUMENTS:
C:\Program Files\Unity\Hub\2022.3.62f3\Editor\Unity.exe
-adb2
-batchMode
-noUpm
-name
AssetImportWorker15
-projectPath
C:/Users/Cheee/OneDrive/Documentos/GitHub/VisualNovelExp/VisualNovelExp
-logFile
Logs/AssetImportWorker15.log
-srvPort
53192
Successfully changed project path to: C:/Users/Cheee/OneDrive/Documentos/GitHub/VisualNovelExp/VisualNovelExp
C:/Users/Cheee/OneDrive/Documentos/GitHub/VisualNovelExp/VisualNovelExp
[UnityMemory] Configuration Parameters - Can be set up in boot.config
    "memorysetup-bucket-allocator-granularity=16"
    "memorysetup-bucket-allocator-bucket-count=8"
    "memorysetup-bucket-allocator-block-size=33554432"
    "memorysetup-bucket-allocator-block-count=8"
    "memorysetup-main-allocator-block-size=16777216"
    "memorysetup-thread-allocator-block-size=16777216"
    "memorysetup-gfx-main-allocator-block-size=16777216"
    "memorysetup-gfx-thread-allocator-block-size=16777216"
    "memorysetup-cache-allocator-block-size=4194304"
    "memorysetup-typetree-allocator-block-size=2097152"
    "memorysetup-profiler-bucket-allocator-granularity=16"
    "memorysetup-profiler-bucket-allocator-bucket-count=8"
    "memorysetup-profiler-bucket-allocator-block-size=33554432"
    "memorysetup-profiler-bucket-allocator-block-count=8"
    "memorysetup-profiler-allocator-block-size=16777216"
    "memorysetup-profiler-editor-allocator-block-size=1048576"
    "memorysetup-temp-allocator-size-main=16777216"
    "memorysetup-job-temp-allocator-block-size=2097152"
    "memorysetup-job-temp-allocator-block-size-background=1048576"
    "memorysetup-job-temp-allocator-reduction-small-platforms=262144"
    "memorysetup-allocator-temp-initial-block-size-main=262144"
    "memorysetup-allocator-temp-initial-block-size-worker=262144"
    "memorysetup-temp-allocator-size-background-worker=32768"
    "memorysetup-temp-allocator-size-job-worker=262144"
    "memorysetup-temp-allocator-size-preload-manager=33554432"
    "memorysetup-temp-allocator-size-nav-mesh-worker=65536"
    "memorysetup-temp-allocator-size-audio-worker=65536"
    "memorysetup-temp-allocator-size-cloud-worker=32768"
    "memorysetup-temp-allocator-size-gi-baking-worker=262144"
    "memorysetup-temp-allocator-size-gfx=262144"
Player connection [30880]  Target information:

Player connection [30880]  * "[IP] 192.168.0.15 [Port] 0 [Flags] 2 [Guid] 3330111819 [EditorId] 3330111819 [Version] 1048832 [Id] WindowsEditor(7,DESKTOP-3OIPDIC) [Debug] 1 [PackageName] WindowsEditor [ProjectName] Editor" 

Player connection [30880] Host joined multi-casting on [225.0.0.222:54997]...
Player connection [30880] Host joined alternative multi-casting on [225.0.0.222:34997]...
Input System module state changed to: Initialized.
[PhysX] Initialized MultithreadedTaskDispatcher with 12 workers.
Refreshing native plugins compatible for Editor in 148.67 ms, found 4 plugins.
Preloading 0 native plugins for Editor in 0.00 ms.
Initialize engine version: 2022.3.62f3 (96770f904ca7)
[Subsystems] Discovering subsystems at path C:/Program Files/Unity/Hub/2022.3.62f3/Editor/Data/Resources/UnitySubsystems
[Subsystems] Discovering subsystems at path C:/Users/Cheee/OneDrive/Documentos/GitHub/VisualNovelExp/VisualNovelExp/Assets
GfxDevice: creating device client; threaded=0; jobified=0
Direct3D:
    Version:  Direct3D 11.0 [level 11.1]
    Renderer: AMD Radeon RX 5500 XT (ID=0x7340)
    Vendor:   ATI
    VRAM:     4055 MB
    Driver:   32.0.21045.1000
Initialize mono
Mono path[0] = 'C:/Program Files/Unity/Hub/2022.3.62f3/Editor/Data/Managed'
Mono path[1] = 'C:/Program Files/Unity/Hub/2022.3.62f3/Editor/Data/MonoBleedingEdge/lib/mono/unityjit-win32'
Mono config path = 'C:/Program Files/Unity/Hub/2022.3.62f3/Editor/Data/MonoBleedingEdge/etc'
Using monoOptions --debugger-agent=transport=dt_socket,embedding=1,server=y,suspend=n,address=127.0.0.1:56836
Begin MonoManager ReloadAssembly
Registering precompiled unity dll's ...
Register platform support module: C:/Program Files/Unity/Hub/2022.3.62f3/Editor/Data/PlaybackEngines/AndroidPlayer/UnityEditor.Android.Extensions.dll
Register platform support module: C:/Program Files/Unity/Hub/2022.3.62f3/Editor/Data/PlaybackEngines/WindowsStandaloneSupport/UnityEditor.WindowsStandalone.Extensions.dll
Registered in 0.082618 seconds.
- Loaded All Assemblies, in  2.200 seconds
Native extension for WindowsStandalone target not found
Native extension for Android target not found
Android Extension - Scanning For ADB Devices 2627 ms
Mono: successfully reloaded assembly
- Finished resetting the current domain, in  3.589 seconds
Domain Reload Profiling: 5781ms
	BeginReloadAssembly (601ms)
		ExecutionOrderSort (0ms)
		DisableScriptedObjects (0ms)
		BackupInstance (0ms)
		ReleaseScriptingObjects (0ms)
		CreateAndSetChildDomain (2ms)
	RebuildCommonClasses (144ms)
	RebuildNativeTypeToScriptingClass (31ms)
	initialDomainReloadingComplete (465ms)
	LoadAllAssembliesAndSetupDomain (952ms)
		LoadAssemblies (592ms)
		RebuildTransferFunctionScriptingTraits (0ms)
		AnalyzeDomain (930ms)
			TypeCache.Refresh (911ms)
				TypeCache.ScanAssembly (816ms)
			ScanForSourceGeneratedMonoScriptInfo (1ms)
			ResolveRequiredComponents (14ms)
	FinalizeReload (3589ms)
		ReleaseScriptCaches (0ms)
		RebuildScriptCaches (0ms)
		SetupLoadedEditorAssemblies (3401ms)
			LogAssemblyErrors (0ms)
			InitializePlatformSupportModulesInManaged (2996ms)
			SetLoadedEditorAssemblies (13ms)
			RefreshPlugins (0ms)
			BeforeProcessingInitializeOnLoad (3ms)
			ProcessInitializeOnLoadAttributes (315ms)
			ProcessInitializeOnLoadMethodAttributes (73ms)
			AfterProcessingInitializeOnLoad (0ms)
			EditorAssembliesLoaded (0ms)
		ExecutionOrderSort2 (0ms)
		AwakeInstancesAfterBackupRestoration (0ms)
========================================================================
Worker process is ready to serve import requests
Caller must complete domain reload
Begin MonoManager ReloadAssembly
- Loaded All Assemblies, in  3.450 seconds
Native extension for WindowsStandalone target not found
Native extension for Android target not found
Mono: successfully reloaded assembly
- Finished resetting the current domain, in  1.822 seconds
Domain Reload Profiling: 5260ms
	BeginReloadAssembly (472ms)
		ExecutionOrderSort (0ms)
		DisableScriptedObjects (8ms)
		BackupInstance (0ms)
		ReleaseScriptingObjects (1ms)
		CreateAndSetChildDomain (54ms)
	RebuildCommonClasses (56ms)
	RebuildNativeTypeToScriptingClass (22ms)
	initialDomainReloadingComplete (146ms)
	LoadAllAssembliesAndSetupDomain (2740ms)
		LoadAssemblies (2500ms)
		RebuildTransferFunctionScriptingTraits (0ms)
		AnalyzeDomain (557ms)
			TypeCache.Refresh (497ms)
				TypeCache.ScanAssembly (427ms)
			ScanForSourceGeneratedMonoScriptInfo (40ms)
			ResolveRequiredComponents (17ms)
	FinalizeReload (1824ms)
		ReleaseScriptCaches (0ms)
		RebuildScriptCaches (0ms)
		SetupLoadedEditorAssemblies (1470ms)
			LogAssemblyErrors (0ms)
			InitializePlatformSupportModulesInManaged (56ms)
			SetLoadedEditorAssemblies (6ms)
			RefreshPlugins (0ms)
			BeforeProcessingInitializeOnLoad (187ms)
			ProcessInitializeOnLoadAttributes (956ms)
			ProcessInitializeOnLoadMethodAttributes (241ms)
			AfterProcessingInitializeOnLoad (24ms)
			EditorAssembliesLoaded (0ms)
		ExecutionOrderSort2 (0ms)
		AwakeInstancesAfterBackupRestoration (12ms)
Launched and connected shader compiler UnityShaderCompiler.exe after 0.16 seconds
Refreshing native plugins compatible for Editor in 26.67 ms, found 4 plugins.
Preloading 0 native plugins for Editor in 0.00 ms.
Unloading 5443 Unused Serialized files (Serialized files now loaded: 0)
Unloading 27 unused Assets / (352.9 KB). Loaded Objects now: 5913.
Memory consumption went from 232.7 MB to 232.4 MB.
Total: 13.387300 ms (FindLiveObjects: 1.164900 ms CreateObjectMapping: 0.730400 ms MarkObjects: 11.013600 ms  DeleteObjects: 0.476200 ms)

AssetImportParameters requested are different than current active one (requested -> active):
  custom:container-demuxer-ogg: 62fdf1f143b41e24485cea50d1cbac27 -> 
  custom:video-decoder-ogg-theora: a1e56fd34408186e4bbccfd4996cb3dc -> 
  custom:framework-win-MediaFoundation: 216162199b28c13a410421893ffa2e32 -> 
  custom:CustomObjectIndexerAttribute: 72b91833f83ae208fae7752999fa3104 -> 
  custom:container-demuxer-webm: 4f35f7cbe854078d1ac9338744f61a02 -> 
  custom:container-muxer-webm: aa71ff27fc2769a1b78a27578f13a17b -> 
  custom:video-decoder-webm-vp8: 9c59270c3fd7afecdb556c50c9e8de78 -> 
  custom:SearchIndexIgnoredProperties: e643bd26f0fe6173181afceb89e7c659 -> 
  custom:AudioImporter_EditorPlatform: d09bf68614088b80899f8185d706f6e7 -> 
  custom:video-encoder-webm-vp8: eb34c28f22e8b96e1ab97ce403110664 -> 
  custom:audio-decoder-ogg-vorbis: bf7c407c2cedff20999df2af8eb42d56 -> 
  custom:audio-encoder-webm-vorbis: bf7c407c2cedff20999df2af8eb42d56 -> 
========================================================================
Received Import Request.
  Time since last request: 537149.516015 seconds.
  path: Assets/ZRNAssets/005339_08932_25_14/Materials/mat.0356.mat
  artifactKey: Guid(86a9c523f95bc49f3967f1ef8acbe9e6) Importer(2089858483,0ecaa5967403d082aa24f35e1b516d23)
Start importing Assets/ZRNAssets/005339_08932_25_14/Materials/mat.0356.mat using Guid(86a9c523f95bc49f3967f1ef8acbe9e6) Importer(2089858483,0ecaa5967403d082aa24f35e1b516d23) [PhysX] Initialized MultithreadedTaskDispatcher with 12 workers.
 -> (artifact id: 'e5ed500715dbfd2a98749a35735a5834') in 0.684451 seconds
Number of updated asset objects reloaded before import = 0
Number of asset objects unloaded after import = 1
========================================================================
Received Import Request.
  Time since last request: 0.000061 seconds.
  path: Assets/Polytope Studio/Lowpoly_Environments/Prefabs/Rocks/PT_Generic_Rock_01.prefab
  artifactKey: Guid(58cd8dc8c2359174baa15aa31e302c8b) Importer(2089858483,3d70f49cd1c2eb9ae422958d1c652c6b)
Start importing Assets/Polytope Studio/Lowpoly_Environments/Prefabs/Rocks/PT_Generic_Rock_01.prefab using Guid(58cd8dc8c2359174baa15aa31e302c8b) Importer(2089858483,3d70f49cd1c2eb9ae422958d1c652c6b) [PhysX] Initialized MultithreadedTaskDispatcher with 12 workers.
 -> (artifact id: 'cea0a34ac80a90839dca5176c390fbb2') in 0.105472 seconds
Number of updated asset objects reloaded before import = 0
Number of asset objects unloaded after import = 21
========================================================================
Received Import Request.
  Time since last request: 0.001259 seconds.
  path: Assets/Prefabs/SlotPalabra.prefab
  artifactKey: Guid(c80d9d5526357534bb5a592d60a89624) Importer(2089858483,3d70f49cd1c2eb9ae422958d1c652c6b)
Start importing Assets/Prefabs/SlotPalabra.prefab using Guid(c80d9d5526357534bb5a592d60a89624) Importer(2089858483,3d70f49cd1c2eb9ae422958d1c652c6b) [PhysX] Initialized MultithreadedTaskDispatcher with 12 workers.
 -> (artifact id: '0a60982712a605f59538315999500de1') in 0.053119 seconds
Number of updated asset objects reloaded before import = 0
Number of asset objects unloaded after import = 8
========================================================================
Received Import Request.
  Time since last request: 0.000281 seconds.
  path: Assets/ZRNAssets/005339_08932_25_14/Materials/005339_08932_unitedmat_162.mat
  artifactKey: Guid(ded20d9bd899d48059c00ec6269746a8) Importer(2089858483,0ecaa5967403d082aa24f35e1b516d23)
Start importing Assets/ZRNAssets/005339_08932_25_14/Materials/005339_08932_unitedmat_162.mat using Guid(ded20d9bd899d48059c00ec6269746a8) Importer(2089858483,0ecaa5967403d082aa24f35e1b516d23) [PhysX] Initialized MultithreadedTaskDispatcher with 12 workers.
 -> (artifact id: '97aece506f34eccf591eff322152bede') in 0.108529 seconds
Number of updated asset objects reloaded before import = 0
Number of asset objects unloaded after import = 1
========================================================================
Received Import Request.
  Time since last request: 0.000098 seconds.
  path: Assets/TextMesh Pro/Examples & Extras/Scenes/17 - Old Computer Terminal.unity
  artifactKey: Guid(3e2e4d7b0bed4cf9ab827e9f32448f69) Importer(2089858483,3d70f49cd1c2eb9ae422958d1c652c6b)
Start importing Assets/TextMesh Pro/Examples & Extras/Scenes/17 - Old Computer Terminal.unity using Guid(3e2e4d7b0bed4cf9ab827e9f32448f69) Importer(2089858483,3d70f49cd1c2eb9ae422958d1c652c6b) [PhysX] Initialized MultithreadedTaskDispatcher with 12 workers.
Opening scene 'Assets/TextMesh Pro/Examples & Extras/Scenes/17 - Old Computer Terminal.unity additively'
LightingSettings: switching bake backend from 1 to 0.
Loaded scene 'Assets/TextMesh Pro/Examples & Extras/Scenes/17 - Old Computer Terminal.unity'
	Deserialize:            128.906 ms
	Integration:            218.364 ms
	Integration of assets:  10.204 ms
	Thread Wait Time:       0.309 ms
	Total Operation Time:   357.783 ms
 -> (artifact id: 'f7e8756ad8726efbe575845ce20d50ab') in 0.443282 seconds
Number of updated asset objects reloaded before import = 0
Number of asset objects unloaded after import = 29
========================================================================
Received Import Request.
  Time since last request: 0.000044 seconds.
  path: Assets/Dialogos/Dialogos NPC 4/NoReintentar.asset
  artifactKey: Guid(eb78132a1f8fedd4ba2cf0f8cda18b51) Importer(2089858483,3d70f49cd1c2eb9ae422958d1c652c6b)
Start importing Assets/Dialogos/Dialogos NPC 4/NoReintentar.asset using Guid(eb78132a1f8fedd4ba2cf0f8cda18b51) Importer(2089858483,3d70f49cd1c2eb9ae422958d1c652c6b) [PhysX] Initialized MultithreadedTaskDispatcher with 12 workers.
 -> (artifact id: 'f0447a6a8c154b62da12a0dadfb7419e') in 0.036254 seconds
Number of updated asset objects reloaded before import = 0
Number of asset objects unloaded after import = 0
========================================================================
Received Import Request.
  Time since last request: 0.000056 seconds.
  path: Assets/TextMesh Pro/Examples & Extras/Scenes/19 - Masking Texture & Soft Mask.unity
  artifactKey: Guid(9abcd5bd764646568a6ea70d00f9264c) Importer(2089858483,3d70f49cd1c2eb9ae422958d1c652c6b)
Start importing Assets/TextMesh Pro/Examples & Extras/Scenes/19 - Masking Texture & Soft Mask.unity using Guid(9abcd5bd764646568a6ea70d00f9264c) Importer(2089858483,3d70f49cd1c2eb9ae422958d1c652c6b) [PhysX] Initialized MultithreadedTaskDispatcher with 12 workers.
Opening scene 'Assets/TextMesh Pro/Examples & Extras/Scenes/19 - Masking Texture & Soft Mask.unity additively'
LightingSettings: switching bake backend from 1 to 0.
Loaded scene 'Assets/TextMesh Pro/Examples & Extras/Scenes/19 - Masking Texture & Soft Mask.unity'
	Deserialize:            52.455 ms
	Integration:            24.838 ms
	Integration of assets:  2.983 ms
	Thread Wait Time:       1.533 ms
	Total Operation Time:   81.809 ms
 -> (artifact id: '246d224349c70162318c8e85259a4b2b') in 0.129220 seconds
Number of updated asset objects reloaded before import = 0
Number of asset objects unloaded after import = 20
========================================================================
Received Import Request.
  Time since last request: 0.000040 seconds.
  path: Assets/ZRNAssets/005339_08932_25_14/Materials/s_tetudou_protectwall.mat
  artifactKey: Guid(34484e353a2794a76974ae79b535a31b) Importer(2089858483,0ecaa5967403d082aa24f35e1b516d23)
Start importing Assets/ZRNAssets/005339_08932_25_14/Materials/s_tetudou_protectwall.mat using Guid(34484e353a2794a76974ae79b535a31b) Importer(2089858483,0ecaa5967403d082aa24f35e1b516d23) [PhysX] Initialized MultithreadedTaskDispatcher with 12 workers.
 -> (artifact id: '512aba90d22a5702e97ef51658d87662') in 0.061046 seconds
Number of updated asset objects reloaded before import = 0
Number of asset objects unloaded after import = 2
========================================================================
Received Import Request.
  Time since last request: 0.000055 seconds.
  path: Assets/TextMesh Pro/Examples & Extras/Resources/Color Gradient Presets/Dark to Light Green - Vertical.asset
  artifactKey: Guid(4c86a3366cd840348ebe8dc438570ee4) Importer(2089858483,3d70f49cd1c2eb9ae422958d1c652c6b)
Start importing Assets/TextMesh Pro/Examples & Extras/Resources/Color Gradient Presets/Dark to Light Green - Vertical.asset using Guid(4c86a3366cd840348ebe8dc438570ee4) Importer(2089858483,3d70f49cd1c2eb9ae422958d1c652c6b) [PhysX] Initialized MultithreadedTaskDispatcher with 12 workers.
 -> (artifact id: 'f3c54babc879b9ada5aab848ebc5f2ea') in 0.054448 seconds
Number of updated asset objects reloaded before import = 0
Number of asset objects unloaded after import = 0
========================================================================
Received Import Request.
  Time since last request: 0.000072 seconds.
  path: Assets/Scripts/PlayerProgress.asset
  artifactKey: Guid(a2287b95c78e0ad48898d23931b08749) Importer(2089858483,3d70f49cd1c2eb9ae422958d1c652c6b)
Start importing Assets/Scripts/PlayerProgress.asset using Guid(a2287b95c78e0ad48898d23931b08749) Importer(2089858483,3d70f49cd1c2eb9ae422958d1c652c6b) [PhysX] Initialized MultithreadedTaskDispatcher with 12 workers.
 -> (artifact id: 'c7132286f6cb53313b51832f6b5adaa2') in 0.029483 seconds
Number of updated asset objects reloaded before import = 0
Number of asset objects unloaded after import = 0
========================================================================
Received Import Request.
  Time since last request: 0.000040 seconds.
  path: Assets/CartoonLowPolyCityLite/Prefabs/House_16.prefab
  artifactKey: Guid(dab3d93fd2764dc45988adf7d412c1b3) Importer(2089858483,3d70f49cd1c2eb9ae422958d1c652c6b)
Start importing Assets/CartoonLowPolyCityLite/Prefabs/House_16.prefab using Guid(dab3d93fd2764dc45988adf7d412c1b3) Importer(2089858483,3d70f49cd1c2eb9ae422958d1c652c6b) [PhysX] Initialized MultithreadedTaskDispatcher with 12 workers.
 -> (artifact id: '16aa0e718665281bf935eca38c0f5728') in 0.057376 seconds
Number of updated asset objects reloaded before import = 0
Number of asset objects unloaded after import = 9
========================================================================
Received Import Request.
  Time since last request: 0.000046 seconds.
  path: Assets/TextMesh Pro/Examples & Extras/Scenes/07 - Superscript & Subscript Example.unity
  artifactKey: Guid(03ec435d4b7140e9b2d87f79136d8374) Importer(2089858483,3d70f49cd1c2eb9ae422958d1c652c6b)
Start importing Assets/TextMesh Pro/Examples & Extras/Scenes/07 - Superscript & Subscript Example.unity using Guid(03ec435d4b7140e9b2d87f79136d8374) Importer(2089858483,3d70f49cd1c2eb9ae422958d1c652c6b) [PhysX] Initialized MultithreadedTaskDispatcher with 12 workers.
Opening scene 'Assets/TextMesh Pro/Examples & Extras/Scenes/07 - Superscript & Subscript Example.unity additively'
Loaded scene 'Assets/TextMesh Pro/Examples & Extras/Scenes/07 - Superscript & Subscript Example.unity'
	Deserialize:            44.664 ms
	Integration:            26.184 ms
	Integration of assets:  1.573 ms
	Thread Wait Time:       0.011 ms
	Total Operation Time:   72.433 ms
 -> (artifact id: 'bf5f80d46ac04174d93f3892fa86ff5b') in 0.146033 seconds
Number of updated asset objects reloaded before import = 0
Number of asset objects unloaded after import = 18
========================================================================
Received Import Request.
  Time since last request: 0.000071 seconds.
  path: Assets/Scripts/Tienda/Kanas/TiendaDialogo.asset
  artifactKey: Guid(a46e808c7a18e7f4495d1134f0a64dfd) Importer(2089858483,3d70f49cd1c2eb9ae422958d1c652c6b)
Start importing Assets/Scripts/Tienda/Kanas/TiendaDialogo.asset using Guid(a46e808c7a18e7f4495d1134f0a64dfd) Importer(2089858483,3d70f49cd1c2eb9ae422958d1c652c6b) [PhysX] Initialized MultithreadedTaskDispatcher with 12 workers.
 -> (artifact id: 'a7bbf45ff792fdfa84e48710c38c2981') in 0.042632 seconds
Number of updated asset objects reloaded before import = 0
Number of asset objects unloaded after import = 0
========================================================================
Received Import Request.
  Time since last request: 0.000246 seconds.
  path: Assets/ZRNAssets/005339_08932_25_14/Materials/005339_08932_L_-90300_0_01_01_26.mat
  artifactKey: Guid(5efd9a6b650c94692ac329f851c86e75) Importer(2089858483,0ecaa5967403d082aa24f35e1b516d23)
Start importing Assets/ZRNAssets/005339_08932_25_14/Materials/005339_08932_L_-90300_0_01_01_26.mat using Guid(5efd9a6b650c94692ac329f851c86e75) Importer(2089858483,0ecaa5967403d082aa24f35e1b516d23) [PhysX] Initialized MultithreadedTaskDispatcher with 12 workers.
 -> (artifact id: '50c5fa56ed2b48967d3180dc73d26e85') in 0.073974 seconds
Number of updated asset objects reloaded before import = 0
Number of asset objects unloaded after import = 2
========================================================================
Received Import Request.
  Time since last request: 0.000038 seconds.
  path: Assets/TextMesh Pro/Examples & Extras/Resources/Sprite Assets/DropCap Numbers.asset
  artifactKey: Guid(14aa93acbb234d16aaef0e8b46814db6) Importer(2089858483,3d70f49cd1c2eb9ae422958d1c652c6b)
Start importing Assets/TextMesh Pro/Examples & Extras/Resources/Sprite Assets/DropCap Numbers.asset using Guid(14aa93acbb234d16aaef0e8b46814db6) Importer(2089858483,3d70f49cd1c2eb9ae422958d1c652c6b) [PhysX] Initialized MultithreadedTaskDispatcher with 12 workers.
 -> (artifact id: '31aa49d41541552c8dd028962fdb4c28') in 0.037231 seconds
Number of updated asset objects reloaded before import = 0
Number of asset objects unloaded after import = 2
========================================================================
Received Import Request.
  Time since last request: 0.000049 seconds.
  path: Assets/Dialogos/Dialogos Director/Comienzo.asset
  artifactKey: Guid(69597a7de3afbc64d85d404ff541de50) Importer(2089858483,3d70f49cd1c2eb9ae422958d1c652c6b)
Start importing Assets/Dialogos/Dialogos Director/Comienzo.asset using Guid(69597a7de3afbc64d85d404ff541de50) Importer(2089858483,3d70f49cd1c2eb9ae422958d1c652c6b) [PhysX] Initialized MultithreadedTaskDispatcher with 12 workers.
 -> (artifact id: '854f5427de105be7a8d1840125ccc30a') in 0.033972 seconds
Number of updated asset objects reloaded before import = 0
Number of asset objects unloaded after import = 4
========================================================================
Received Import Request.
  Time since last request: 0.000048 seconds.
  path: Assets/ZRNAssets/005339_08932_25_14/Materials/005339_08932_25_14_unitedmat_15.mat
  artifactKey: Guid(97c2d3da7fc9341ecaa56cce1cc3c443) Importer(2089858483,0ecaa5967403d082aa24f35e1b516d23)
Start importing Assets/ZRNAssets/005339_08932_25_14/Materials/005339_08932_25_14_unitedmat_15.mat using Guid(97c2d3da7fc9341ecaa56cce1cc3c443) Importer(2089858483,0ecaa5967403d082aa24f35e1b516d23) [PhysX] Initialized MultithreadedTaskDispatcher with 12 workers.
 -> (artifact id: '78603ec7d0bd3d0dabce17f1b2ece56b') in 0.071433 seconds
Number of updated asset objects reloaded before import = 0
Number of asset objects unloaded after import = 2
========================================================================
Received Import Request.
  Time since last request: 0.000075 seconds.
  path: Assets/ZRNAssets/005339_08932_25_14/Materials/005339_08932_25_14_unitedmat_83.mat
  artifactKey: Guid(e24da30727bc24ef584884a182b11861) Importer(2089858483,0ecaa5967403d082aa24f35e1b516d23)
Start importing Assets/ZRNAssets/005339_08932_25_14/Materials/005339_08932_25_14_unitedmat_83.mat using Guid(e24da30727bc24ef584884a182b11861) Importer(2089858483,0ecaa5967403d082aa24f35e1b516d23) [PhysX] Initialized MultithreadedTaskDispatcher with 12 workers.
 -> (artifact id: 'ca76691d566435305ba1083abf542b92') in 0.085959 seconds
Number of updated asset objects reloaded before import = 0
Number of asset objects unloaded after import = 2
========================================================================
Received Import Request.
  Time since last request: 0.000195 seconds.
  path: Assets/Polytope Studio/Lowpoly_Environments/Prefabs/Trees/PT_Fruit_Tree_01_logs.prefab
  artifactKey: Guid(c0c32672766a81647b04690fc9ed3595) Importer(2089858483,3d70f49cd1c2eb9ae422958d1c652c6b)
Start importing Assets/Polytope Studio/Lowpoly_Environments/Prefabs/Trees/PT_Fruit_Tree_01_logs.prefab using Guid(c0c32672766a81647b04690fc9ed3595) Importer(2089858483,3d70f49cd1c2eb9ae422958d1c652c6b) [PhysX] Initialized MultithreadedTaskDispatcher with 12 workers.
 -> (artifact id: '7e515334f9f8356cb96ebac1997c9c23') in 0.063046 seconds
Number of updated asset objects reloaded before import = 0
Number of asset objects unloaded after import = 8
========================================================================
Received Import Request.
  Time since last request: 0.000061 seconds.
  path: Assets/Scripts/Tienda/Canvas.prefab
  artifactKey: Guid(8c0c09b936b39c246bbaab2ac766cb93) Importer(2089858483,3d70f49cd1c2eb9ae422958d1c652c6b)
Start importing Assets/Scripts/Tienda/Canvas.prefab using Guid(8c0c09b936b39c246bbaab2ac766cb93) Importer(2089858483,3d70f49cd1c2eb9ae422958d1c652c6b) [PhysX] Initialized MultithreadedTaskDispatcher with 12 workers.
The method get_fontSharedMaterials was not found on Nombre. This property will not be indexed.
UnityEngine.StackTraceUtility:ExtractStackTrace ()
UnityEngine.DebugLogHandler:LogFormat (UnityEngine.LogType,UnityEngine.Object,string,object[])
UnityEngine.Logger:Log (UnityEngine.LogType,object)
UnityEngine.Debug:LogWarning (object)
UnityEditor.Rendering.Universal.MaterialReferenceBuilder:GetMaterialFromMethod (System.Reflection.MethodInfo,UnityEngine.Object,System.Func`3<string, string, string>) (at ./Library/PackageCache/com.unity.render-pipelines.universal@14.0.12/Editor/Converter/MaterialReferenceBuilder.cs:133)
UnityEditor.Rendering.Universal.ConversionIndexers:ConversionIndexer (UnityEditor.Search.CustomObjectIndexerTarget,UnityEditor.Search.ObjectIndexer) (at ./Library/PackageCache/com.unity.render-pipelines.universal@14.0.12/Editor/Converter/ConversionIndexers.cs:21)
UnityEditor.Search.ObjectIndexer:CallCustomIndexers (string,int,UnityEngine.Object,UnityEditor.SerializedObject,bool)
UnityEditor.Search.ObjectIndexer:IndexCustomProperties (string,int,UnityEngine.Object)
UnityEditor.Search.AssetIndexer:IndexCustomGameObjectProperties (string,int,UnityEngine.GameObject)
UnityEditor.Search.AssetIndexer:IndexObjects (UnityEngine.GameObject[],string,string,string,bool)
UnityEditor.Search.AssetIndexer:IndexPrefab (string,bool)
UnityEditor.Search.AssetIndexer:IndexSceneDocument (string,bool)
UnityEditor.Search.AssetIndexer:IndexDocument (string,bool)
UnityEditor.Search.SearchIndexEntryImporter:OnImportAsset (UnityEditor.AssetImporters.AssetImportContext)
UnityEditor.AssetImporters.ScriptedImporter:GenerateAssetData (UnityEditor.AssetImporters.AssetImportContext)

(Filename: ./Library/PackageCache/com.unity.render-pipelines.universal@14.0.12/Editor/Converter/MaterialReferenceBuilder.cs Line: 133)

The method get_fontSharedMaterials was not found on Costo. This property will not be indexed.
UnityEngine.StackTraceUtility:ExtractStackTrace ()
UnityEngine.DebugLogHandler:LogFormat (UnityEngine.LogType,UnityEngine.Object,string,object[])
UnityEngine.Logger:Log (UnityEngine.LogType,object)
UnityEngine.Debug:LogWarning (object)
UnityEditor.Rendering.Universal.MaterialReferenceBuilder:GetMaterialFromMethod (System.Reflection.MethodInfo,UnityEngine.Object,System.Func`3<string, string, string>) (at ./Library/PackageCache/com.unity.render-pipelines.universal@14.0.12/Editor/Converter/MaterialReferenceBuilder.cs:133)
UnityEditor.Rendering.Universal.ConversionIndexers:ConversionIndexer (UnityEditor.Search.CustomObjectIndexerTarget,UnityEditor.Search.ObjectIndexer) (at ./Library/PackageCache/com.unity.render-pipelines.universal@14.0.12/Editor/Converter/ConversionIndexers.cs:21)
UnityEditor.Search.ObjectIndexer:CallCustomIndexers (string,int,UnityEngine.Object,UnityEditor.SerializedObject,bool)
UnityEditor.Search.ObjectIndexer:IndexCustomProperties (string,int,UnityEngine.Object)
UnityEditor.Search.AssetIndexer:IndexCustomGameObjectProperties (string,int,UnityEngine.GameObject)
UnityEditor.Search.AssetIndexer:IndexObjects (UnityEngine.GameObject[],string,string,string,bool)
UnityEditor.Search.AssetIndexer:IndexPrefab (string,bool)
UnityEditor.Search.AssetIndexer:IndexSceneDocument (string,bool)
UnityEditor.Search.AssetIndexer:IndexDocument (string,bool)
UnityEditor.Search.SearchIndexEntryImporter:OnImportAsset (UnityEditor.AssetImporters.AssetImportContext)
UnityEditor.AssetImporters.ScriptedImporter:GenerateAssetData (UnityEditor.AssetImporters.AssetImportContext)

(Filename: ./Library/PackageCache/com.unity.render-pipelines.universal@14.0.12/Editor/Converter/MaterialReferenceBuilder.cs Line: 133)

The method get_fontSharedMaterials was not found on Estado. This property will not be indexed.
UnityEngine.StackTraceUtility:ExtractStackTrace ()
UnityEngine.DebugLogHandler:LogFormat (UnityEngine.LogType,UnityEngine.Object,string,object[])
UnityEngine.Logger:Log (UnityEngine.LogType,object)
UnityEngine.Debug:LogWarning (object)
UnityEditor.Rendering.Universal.MaterialReferenceBuilder:GetMaterialFromMethod (System.Reflection.MethodInfo,UnityEngine.Object,System.Func`3<string, string, string>) (at ./Library/PackageCache/com.unity.render-pipelines.universal@14.0.12/Editor/Converter/MaterialReferenceBuilder.cs:133)
UnityEditor.Rendering.Universal.ConversionIndexers:ConversionIndexer (UnityEditor.Search.CustomObjectIndexerTarget,UnityEditor.Search.ObjectIndexer) (at ./Library/PackageCache/com.unity.render-pipelines.universal@14.0.12/Editor/Converter/ConversionIndexers.cs:21)
UnityEditor.Search.ObjectIndexer:CallCustomIndexers (string,int,UnityEngine.Object,UnityEditor.SerializedObject,bool)
UnityEditor.Search.ObjectIndexer:IndexCustomProperties (string,int,UnityEngine.Object)
UnityEditor.Search.AssetIndexer:IndexCustomGameObjectProperties (string,int,UnityEngine.GameObject)
UnityEditor.Search.AssetIndexer:IndexObjects (UnityEngine.GameObject[],string,string,string,bool)
UnityEditor.Search.AssetIndexer:IndexPrefab (string,bool)
UnityEditor.Search.AssetIndexer:IndexSceneDocument (string,bool)
UnityEditor.Search.AssetIndexer:IndexDocument (string,bool)
UnityEditor.Search.SearchIndexEntryImporter:OnImportAsset (UnityEditor.AssetImporters.AssetImportContext)
UnityEditor.AssetImporters.ScriptedImporter:GenerateAssetData (UnityEditor.AssetImporters.AssetImportContext)

(Filename: ./Library/PackageCache/com.unity.render-pipelines.universal@14.0.12/Editor/Converter/MaterialReferenceBuilder.cs Line: 133)

The method get_fontSharedMaterials was not found on Text (TMP). This property will not be indexed.
UnityEngine.StackTraceUtility:ExtractStackTrace ()
UnityEngine.DebugLogHandler:LogFormat (UnityEngine.LogType,UnityEngine.Object,string,object[])
UnityEngine.Logger:Log (UnityEngine.LogType,object)
UnityEngine.Debug:LogWarning (object)
UnityEditor.Rendering.Universal.MaterialReferenceBuilder:GetMaterialFromMethod (System.Reflection.MethodInfo,UnityEngine.Object,System.Func`3<string, string, string>) (at ./Library/PackageCache/com.unity.render-pipelines.universal@14.0.12/Editor/Converter/MaterialReferenceBuilder.cs:133)
UnityEditor.Rendering.Universal.ConversionIndexers:ConversionIndexer (UnityEditor.Search.CustomObjectIndexerTarget,UnityEditor.Search.ObjectIndexer) (at ./Library/PackageCache/com.unity.render-pipelines.universal@14.0.12/Editor/Converter/ConversionIndexers.cs:21)
UnityEditor.Search.ObjectIndexer:CallCustomIndexers (string,int,UnityEngine.Object,UnityEditor.SerializedObject,bool)
UnityEditor.Search.ObjectIndexer:IndexCustomProperties (string,int,UnityEngine.Object)
UnityEditor.Search.AssetIndexer:IndexCustomGameObjectProperties (string,int,UnityEngine.GameObject)
UnityEditor.Search.AssetIndexer:IndexObjects (UnityEngine.GameObject[],string,string,string,bool)
UnityEditor.Search.AssetIndexer:IndexPrefab (string,bool)
UnityEditor.Search.AssetIndexer:IndexSceneDocument (string,bool)
UnityEditor.Search.AssetIndexer:IndexDocument (string,bool)
UnityEditor.Search.SearchIndexEntryImporter:OnImportAsset (UnityEditor.AssetImporters.AssetImportContext)
UnityEditor.AssetImporters.ScriptedImporter:GenerateAssetData (UnityEditor.AssetImporters.AssetImportContext)

(Filename: ./Library/PackageCache/com.unity.render-pipelines.universal@14.0.12/Editor/Converter/MaterialReferenceBuilder.cs Line: 133)

 -> (artifact id: '4c01cfc98978108a71822649dd32878e') in 0.227600 seconds
Number of updated asset objects reloaded before import = 0
Number of asset objects unloaded after import = 46
========================================================================
Received Import Request.
  Time since last request: 0.000063 seconds.
  path: Assets/ZRNAssets/PQAssets/Query-Chan/Scenes/03_OperateQuery_Attack.unity
  artifactKey: Guid(c21e2294d0fef41829ebea76d58b81cf) Importer(2089858483,3d70f49cd1c2eb9ae422958d1c652c6b)
Start importing Assets/ZRNAssets/PQAssets/Query-Chan/Scenes/03_OperateQuery_Attack.unity using Guid(c21e2294d0fef41829ebea76d58b81cf) Importer(2089858483,3d70f49cd1c2eb9ae422958d1c652c6b) [PhysX] Initialized MultithreadedTaskDispatcher with 12 workers.
Opening scene 'Assets/ZRNAssets/PQAssets/Query-Chan/Scenes/03_OperateQuery_Attack.unity additively'
LightingSettings: switching bake backend from 1 to 0.
Loaded scene 'Assets/ZRNAssets/PQAssets/Query-Chan/Scenes/03_OperateQuery_Attack.unity'
	Deserialize:            61.034 ms
	Integration:            24.070 ms
	Integration of assets:  2.787 ms
	Thread Wait Time:       1.660 ms
	Total Operation Time:   89.552 ms
 -> (artifact id: '498fe08e0ab5a8330f78a2938e7c6078') in 0.162121 seconds
Number of updated asset objects reloaded before import = 0
Number of asset objects unloaded after import = 230
========================================================================
Received Import Request.
  Time since last request: 0.000072 seconds.
  path: Assets/ZRNAssets/005339_08932_25_14/Materials/005339_08932_L_-90209_0_01_01_6.mat
  artifactKey: Guid(822ec40a74f0d4e93b6ea918d7dbd222) Importer(2089858483,0ecaa5967403d082aa24f35e1b516d23)
Start importing Assets/ZRNAssets/005339_08932_25_14/Materials/005339_08932_L_-90209_0_01_01_6.mat using Guid(822ec40a74f0d4e93b6ea918d7dbd222) Importer(2089858483,0ecaa5967403d082aa24f35e1b516d23) [PhysX] Initialized MultithreadedTaskDispatcher with 12 workers.
 -> (artifact id: '4c5b37770772f911781987b426f8e240') in 0.053692 seconds
Number of updated asset objects reloaded before import = 0
Number of asset objects unloaded after import = 2
========================================================================
Received Import Request.
  Time since last request: 0.000978 seconds.
  path: Assets/Scenes/EditorPersonaje.unity
  artifactKey: Guid(669daae0c7c5fbe40bac2f9a778a2b45) Importer(2089858483,3d70f49cd1c2eb9ae422958d1c652c6b)
Start importing Assets/Scenes/EditorPersonaje.unity using Guid(669daae0c7c5fbe40bac2f9a778a2b45) Importer(2089858483,3d70f49cd1c2eb9ae422958d1c652c6b) [PhysX] Initialized MultithreadedTaskDispatcher with 12 workers.
Opening scene 'Assets/Scenes/EditorPersonaje.unity additively'
Loaded scene 'Assets/Scenes/EditorPersonaje.unity'
	Deserialize:            100.084 ms
	Integration:            57.280 ms
	Integration of assets:  2.826 ms
	Thread Wait Time:       0.051 ms
	Total Operation Time:   160.241 ms
 -> (artifact id: '249c730153197deb5ef780925f0ab07d') in 0.257630 seconds
Number of updated asset objects reloaded before import = 0
Number of asset objects unloaded after import = 141
========================================================================
Received Import Request.
  Time since last request: 0.000053 seconds.
  path: Assets/ZRNAssets/005339_08932_25_14/Materials/005339_08932_25_14_unitedmat_128.mat
  artifactKey: Guid(68a45e9e5df8d4fbd8fb1becfbc18206) Importer(2089858483,0ecaa5967403d082aa24f35e1b516d23)
Start importing Assets/ZRNAssets/005339_08932_25_14/Materials/005339_08932_25_14_unitedmat_128.mat using Guid(68a45e9e5df8d4fbd8fb1becfbc18206) Importer(2089858483,0ecaa5967403d082aa24f35e1b516d23) [PhysX] Initialized MultithreadedTaskDispatcher with 12 workers.
 -> (artifact id: '87d88cb5469603ddf9a86bfcdf6ef661') in 0.054629 seconds
Number of updated asset objects reloaded before import = 0
Number of asset objects unloaded after import = 2
========================================================================
Received Import Request.
  Time since last request: 0.000241 seconds.
  path: Assets/ZRNAssets/005339_08932_25_14/Materials/005339_08932_L_-90310_0_01_01_5.mat
  artifactKey: Guid(0831a30d64eb5458fb8dfd855f96535e) Importer(2089858483,0ecaa5967403d082aa24f35e1b516d23)
Start importing Assets/ZRNAssets/005339_08932_25_14/Materials/005339_08932_L_-90310_0_01_01_5.mat using Guid(0831a30d64eb5458fb8dfd855f96535e) Importer(2089858483,0ecaa5967403d082aa24f35e1b516d23) [PhysX] Initialized MultithreadedTaskDispatcher with 12 workers.
 -> (artifact id: '8faa36f2b4428c5c471323900590cf14') in 0.058182 seconds
Number of updated asset objects reloaded before import = 0
Number of asset objects unloaded after import = 2
========================================================================
Received Import Request.
  Time since last request: 0.000060 seconds.
  path: Assets/ZRNAssets/005339_08932_25_14/Materials/005339_08932_L_-101702_0_01_01_4.mat
  artifactKey: Guid(40325cafbb07f4309b0826764105e4b0) Importer(2089858483,0ecaa5967403d082aa24f35e1b516d23)
Start importing Assets/ZRNAssets/005339_08932_25_14/Materials/005339_08932_L_-101702_0_01_01_4.mat using Guid(40325cafbb07f4309b0826764105e4b0) Importer(2089858483,0ecaa5967403d082aa24f35e1b516d23) [PhysX] Initialized MultithreadedTaskDispatcher with 12 workers.
 -> (artifact id: '916bde474c995188f4b757aab2449bd3') in 0.054425 seconds
Number of updated asset objects reloaded before import = 0
Number of asset objects unloaded after import = 2
========================================================================
Received Import Request.
  Time since last request: 0.002099 seconds.
  path: Assets/ZRNAssets/005339_08932_25_14/Materials/005339_08932_L_-90262_0_01_01_8.mat
  artifactKey: Guid(3a1680eceb245435181bb1e82bfc92d7) Importer(2089858483,0ecaa5967403d082aa24f35e1b516d23)
Start importing Assets/ZRNAssets/005339_08932_25_14/Materials/005339_08932_L_-90262_0_01_01_8.mat using Guid(3a1680eceb245435181bb1e82bfc92d7) Importer(2089858483,0ecaa5967403d082aa24f35e1b516d23) [PhysX] Initialized MultithreadedTaskDispatcher with 12 workers.
 -> (artifact id: '90dfaeee21436560a2f9b325d108fa91') in 0.047221 seconds
Number of updated asset objects reloaded before import = 0
Number of asset objects unloaded after import = 2
========================================================================
Received Import Request.
  Time since last request: 0.000042 seconds.
  path: Assets/ZRNAssets/005339_08932_25_14/Materials/005339_08932_L_-90303_0_01_01_99.mat
  artifactKey: Guid(84651d9e9e72f4bf3ae34659a639cd18) Importer(2089858483,0ecaa5967403d082aa24f35e1b516d23)
Start importing Assets/ZRNAssets/005339_08932_25_14/Materials/005339_08932_L_-90303_0_01_01_99.mat using Guid(84651d9e9e72f4bf3ae34659a639cd18) Importer(2089858483,0ecaa5967403d082aa24f35e1b516d23) [PhysX] Initialized MultithreadedTaskDispatcher with 12 workers.
 -> (artifact id: 'cf9d98b57c23fcaeb15bdb962b75ebf8') in 0.047446 seconds
Number of updated asset objects reloaded before import = 0
Number of asset objects unloaded after import = 2
========================================================================
Received Import Request.
  Time since last request: 0.000059 seconds.
  path: Assets/ZRNAssets/005339_08932_25_14/Materials/s_uekomi.mat
  artifactKey: Guid(d901e35388362404c96615c354bfec26) Importer(2089858483,0ecaa5967403d082aa24f35e1b516d23)
Start importing Assets/ZRNAssets/005339_08932_25_14/Materials/s_uekomi.mat using Guid(d901e35388362404c96615c354bfec26) Importer(2089858483,0ecaa5967403d082aa24f35e1b516d23) [PhysX] Initialized MultithreadedTaskDispatcher with 12 workers.
 -> (artifact id: 'bc4e25aad736b1e7a97b4e353683aa25') in 0.049031 seconds
Number of updated asset objects reloaded before import = 0
Number of asset objects unloaded after import = 2
========================================================================
Received Import Request.
  Time since last request: 0.000049 seconds.
  path: Assets/ZRNAssets/005339_08932_25_14/Materials/005339_08932_L_-90200_0_01_01_27.mat
  artifactKey: Guid(8c896f0f913f94c359ddfc264e89548b) Importer(2089858483,0ecaa5967403d082aa24f35e1b516d23)
Start importing Assets/ZRNAssets/005339_08932_25_14/Materials/005339_08932_L_-90200_0_01_01_27.mat using Guid(8c896f0f913f94c359ddfc264e89548b) Importer(2089858483,0ecaa5967403d082aa24f35e1b516d23) [PhysX] Initialized MultithreadedTaskDispatcher with 12 workers.
 -> (artifact id: 'f2f8009dd9d28b3f72b91aa8a44ae8e8') in 0.049806 seconds
Number of updated asset objects reloaded before import = 0
Number of asset objects unloaded after import = 2
========================================================================
Received Import Request.
  Time since last request: 0.000051 seconds.
  path: Assets/ZRNAssets/005339_08932_25_14/Materials/005339_08932_25_14_unitedmat_56.mat
  artifactKey: Guid(f00ea7c79322e49a78ee645160f395f8) Importer(2089858483,0ecaa5967403d082aa24f35e1b516d23)
Start importing Assets/ZRNAssets/005339_08932_25_14/Materials/005339_08932_25_14_unitedmat_56.mat using Guid(f00ea7c79322e49a78ee645160f395f8) Importer(2089858483,0ecaa5967403d082aa24f35e1b516d23) [PhysX] Initialized MultithreadedTaskDispatcher with 12 workers.
 -> (artifact id: '2c6f559b75dbed803b6d8fa18b79eccd') in 0.058839 seconds
Number of updated asset objects reloaded before import = 0
Number of asset objects unloaded after import = 2
========================================================================
Received Import Request.
  Time since last request: 0.000037 seconds.
  path: Assets/ZRNAssets/005339_08932_25_14/Materials/005339_08932_L_-90129_0_01_01_1.mat
  artifactKey: Guid(a211b7a229c6d42ccb25c12e77326cae) Importer(2089858483,0ecaa5967403d082aa24f35e1b516d23)
Start importing Assets/ZRNAssets/005339_08932_25_14/Materials/005339_08932_L_-90129_0_01_01_1.mat using Guid(a211b7a229c6d42ccb25c12e77326cae) Importer(2089858483,0ecaa5967403d082aa24f35e1b516d23) [PhysX] Initialized MultithreadedTaskDispatcher with 12 workers.
 -> (artifact id: 'f266b82faeacf0ea62e5ef2f878afa87') in 0.043538 seconds
Number of updated asset objects reloaded before import = 0
Number of asset objects unloaded after import = 2
========================================================================
Received Import Request.
  Time since last request: 0.000052 seconds.
  path: Assets/Dialogos/Dialogos NPC5/Si VOF.asset
  artifactKey: Guid(aafb8c3c9f298c345891f0383eb0d62d) Importer(2089858483,3d70f49cd1c2eb9ae422958d1c652c6b)
Start importing Assets/Dialogos/Dialogos NPC5/Si VOF.asset using Guid(aafb8c3c9f298c345891f0383eb0d62d) Importer(2089858483,3d70f49cd1c2eb9ae422958d1c652c6b) [PhysX] Initialized MultithreadedTaskDispatcher with 12 workers.
 -> (artifact id: 'a737c4c28b9421ebfb7066ff3cfb1973') in 0.029146 seconds
Number of updated asset objects reloaded before import = 0
Number of asset objects unloaded after import = 0
========================================================================
Received Import Request.
  Time since last request: 0.000771 seconds.
  path: Assets/ZRNAssets/005339_08932_25_14/Materials/s_FootBridgeSide_TransP.mat
  artifactKey: Guid(f0f0c8291380b490983f8171afe74a6a) Importer(2089858483,0ecaa5967403d082aa24f35e1b516d23)
Start importing Assets/ZRNAssets/005339_08932_25_14/Materials/s_FootBridgeSide_TransP.mat using Guid(f0f0c8291380b490983f8171afe74a6a) Importer(2089858483,0ecaa5967403d082aa24f35e1b516d23) [PhysX] Initialized MultithreadedTaskDispatcher with 12 workers.
 -> (artifact id: '6ab8dcd5e829ad127d7aa5b6e64ff42e') in 0.044180 seconds
Number of updated asset objects reloaded before import = 0
Number of asset objects unloaded after import = 2
========================================================================
Received Import Request.
  Time since last request: 0.000067 seconds.
  path: Assets/TextMesh Pro/Fonts/NotoSansJP-VariableFont_wght SDF.asset
  artifactKey: Guid(79f74ba5002609e45ad18b86003d94f6) Importer(2089858483,3d70f49cd1c2eb9ae422958d1c652c6b)
Start importing Assets/TextMesh Pro/Fonts/NotoSansJP-VariableFont_wght SDF.asset using Guid(79f74ba5002609e45ad18b86003d94f6) Importer(2089858483,3d70f49cd1c2eb9ae422958d1c652c6b) [PhysX] Initialized MultithreadedTaskDispatcher with 12 workers.
 -> (artifact id: 'b5e947cc6385882baa647cd3e3c59d03') in 0.830000 seconds
Number of updated asset objects reloaded before import = 0
Number of asset objects unloaded after import = 4
========================================================================
Received Import Request.
  Time since last request: 0.000057 seconds.
  path: Assets/ZRNAssets/005339_08932_25_14/Materials/005339_08932_25_14_unitedmat_79.mat
  artifactKey: Guid(db9e4566fb70142e49bc4720257dab0f) Importer(2089858483,0ecaa5967403d082aa24f35e1b516d23)
Start importing Assets/ZRNAssets/005339_08932_25_14/Materials/005339_08932_25_14_unitedmat_79.mat using Guid(db9e4566fb70142e49bc4720257dab0f) Importer(2089858483,0ecaa5967403d082aa24f35e1b516d23) [PhysX] Initialized MultithreadedTaskDispatcher with 12 workers.
 -> (artifact id: 'ee3a03792f49aa36a4cb7dc0d045e29e') in 0.073647 seconds
Number of updated asset objects reloaded before import = 0
Number of asset objects unloaded after import = 2
========================================================================
Received Import Request.
  Time since last request: 0.000164 seconds.
  path: Assets/ZRNAssets/005339_08932_25_14/Materials/S_G_000177_S.mat
  artifactKey: Guid(853148d3fb7344ae3bcd60b6c7f24329) Importer(2089858483,0ecaa5967403d082aa24f35e1b516d23)
Start importing Assets/ZRNAssets/005339_08932_25_14/Materials/S_G_000177_S.mat using Guid(853148d3fb7344ae3bcd60b6c7f24329) Importer(2089858483,0ecaa5967403d082aa24f35e1b516d23) [PhysX] Initialized MultithreadedTaskDispatcher with 12 workers.
 -> (artifact id: 'e6d4655af009bd62f3c55901e1bbbb80') in 0.065665 seconds
Number of updated asset objects reloaded before import = 0
Number of asset objects unloaded after import = 2
========================================================================
Received Import Request.
  Time since last request: 0.000076 seconds.
  path: Assets/ZRNAssets/005339_08932_25_14/Materials/mat.0000_0.mat
  artifactKey: Guid(011fd18da41084a39b07a41cea41c3c6) Importer(2089858483,0ecaa5967403d082aa24f35e1b516d23)
Start importing Assets/ZRNAssets/005339_08932_25_14/Materials/mat.0000_0.mat using Guid(011fd18da41084a39b07a41cea41c3c6) Importer(2089858483,0ecaa5967403d082aa24f35e1b516d23) [PhysX] Initialized MultithreadedTaskDispatcher with 12 workers.
 -> (artifact id: 'fa9f8caa238e4faa6c4c7a399409679b') in 0.026731 seconds
Number of updated asset objects reloaded before import = 0
Number of asset objects unloaded after import = 1
========================================================================
Received Import Request.
  Time since last request: 0.000120 seconds.
  path: Assets/ZRNAssets/005339_08932_25_14/Materials/005339_08932_25_14_unitedmat_53.mat
  artifactKey: Guid(f9ba9c82115dd4330b298fe3d0d28932) Importer(2089858483,0ecaa5967403d082aa24f35e1b516d23)
Start importing Assets/ZRNAssets/005339_08932_25_14/Materials/005339_08932_25_14_unitedmat_53.mat using Guid(f9ba9c82115dd4330b298fe3d0d28932) Importer(2089858483,0ecaa5967403d082aa24f35e1b516d23) [PhysX] Initialized MultithreadedTaskDispatcher with 12 workers.
 -> (artifact id: 'd75d64b85d738f1e8857c4e92a79247c') in 0.041394 seconds
Number of updated asset objects reloaded before import = 0
Number of asset objects unloaded after import = 2
========================================================================
Received Import Request.
  Time since last request: 0.000281 seconds.
  path: Assets/ZRNAssets/005339_08932_25_14/Textures/00_TexturesPlus/Materials/denki-building-3.mat
  artifactKey: Guid(1e24c5e4307104a8da0a0d48cc09cb95) Importer(2089858483,0ecaa5967403d082aa24f35e1b516d23)
Start importing Assets/ZRNAssets/005339_08932_25_14/Textures/00_TexturesPlus/Materials/denki-building-3.mat using Guid(1e24c5e4307104a8da0a0d48cc09cb95) Importer(2089858483,0ecaa5967403d082aa24f35e1b516d23) [PhysX] Initialized MultithreadedTaskDispatcher with 12 workers.
 -> (artifact id: 'a50a0f53147d453421595c6863819fe8') in 0.048375 seconds
Number of updated asset objects reloaded before import = 0
Number of asset objects unloaded after import = 2
========================================================================
Received Import Request.
  Time since last request: 0.000054 seconds.
  path: Assets/ZRNAssets/005339_08932_25_14/Textures/00_TexturesPlus/Materials/building-1.mat
  artifactKey: Guid(6047c739c86e143189de0b65de74bc4f) Importer(2089858483,0ecaa5967403d082aa24f35e1b516d23)
Start importing Assets/ZRNAssets/005339_08932_25_14/Textures/00_TexturesPlus/Materials/building-1.mat using Guid(6047c739c86e143189de0b65de74bc4f) Importer(2089858483,0ecaa5967403d082aa24f35e1b516d23) [PhysX] Initialized MultithreadedTaskDispatcher with 12 workers.
 -> (artifact id: '4d36c7439291b73e31dbaddcf48730b0') in 0.045415 seconds
Number of updated asset objects reloaded before import = 0
Number of asset objects unloaded after import = 2
========================================================================
Received Import Request.
  Time since last request: 0.000055 seconds.
  path: Assets/ZRNAssets/005339_08932_25_14/Materials/005339_08932_25_14_unitedmat_69.mat
  artifactKey: Guid(0951ace41c9a34cbf9a7c387e51f92a4) Importer(2089858483,0ecaa5967403d082aa24f35e1b516d23)
Start importing Assets/ZRNAssets/005339_08932_25_14/Materials/005339_08932_25_14_unitedmat_69.mat using Guid(0951ace41c9a34cbf9a7c387e51f92a4) Importer(2089858483,0ecaa5967403d082aa24f35e1b516d23) [PhysX] Initialized MultithreadedTaskDispatcher with 12 workers.
 -> (artifact id: '0e6d1744ffba103b8b08aef685ff05cc') in 0.065720 seconds
Number of updated asset objects reloaded before import = 0
Number of asset objects unloaded after import = 2
========================================================================
Received Import Request.
  Time since last request: 0.000116 seconds.
  path: Assets/ZRNAssets/005339_08932_25_14/Materials/005339_08932_25_14_unitedmat_13.mat
  artifactKey: Guid(d7cf477c6fb014ce4a98049fb0401e42) Importer(2089858483,0ecaa5967403d082aa24f35e1b516d23)
Start importing Assets/ZRNAssets/005339_08932_25_14/Materials/005339_08932_25_14_unitedmat_13.mat using Guid(d7cf477c6fb014ce4a98049fb0401e42) Importer(2089858483,0ecaa5967403d082aa24f35e1b516d23) [PhysX] Initialized MultithreadedTaskDispatcher with 12 workers.
 -> (artifact id: '6629cc7093d1fa2a26bd0aec9169b530') in 0.024820 seconds
Number of updated asset objects reloaded before import = 0
Number of asset objects unloaded after import = 2
========================================================================
Received Import Request.
  Time since last request: 0.000037 seconds.
  path: Assets/ZRNAssets/005339_08932_25_14/Materials/005339_08932_25_14_TransP_unitedmat_6.mat
  artifactKey: Guid(7f90e7514c6914b43868c168537fd19f) Importer(2089858483,0ecaa5967403d082aa24f35e1b516d23)
Start importing Assets/ZRNAssets/005339_08932_25_14/Materials/005339_08932_25_14_TransP_unitedmat_6.mat using Guid(7f90e7514c6914b43868c168537fd19f) Importer(2089858483,0ecaa5967403d082aa24f35e1b516d23) [PhysX] Initialized MultithreadedTaskDispatcher with 12 workers.
 -> (artifact id: '200343322a5b0f74743a2a55bd4961bd') in 0.058572 seconds
Number of updated asset objects reloaded before import = 0
Number of asset objects unloaded after import = 1
========================================================================
Received Import Request.
  Time since last request: 0.000031 seconds.
  path: Assets/ZRNAssets/005339_08932_25_14/Materials/mat.0141.mat
  artifactKey: Guid(8b7a8ec4352af4e3891d66355aa214bd) Importer(2089858483,0ecaa5967403d082aa24f35e1b516d23)
Start importing Assets/ZRNAssets/005339_08932_25_14/Materials/mat.0141.mat using Guid(8b7a8ec4352af4e3891d66355aa214bd) Importer(2089858483,0ecaa5967403d082aa24f35e1b516d23) [PhysX] Initialized MultithreadedTaskDispatcher with 12 workers.
 -> (artifact id: '85483f2a3f5ee4b37feee1c074d4a068') in 0.039472 seconds
Number of updated asset objects reloaded before import = 0
Number of asset objects unloaded after import = 1
========================================================================
Received Import Request.
  Time since last request: 0.000038 seconds.
  path: Assets/ZRNAssets/005339_08932_25_14/Materials/S_G_000124_S1.mat
  artifactKey: Guid(de58dc573538543cda13f627aef7fa10) Importer(2089858483,0ecaa5967403d082aa24f35e1b516d23)
Start importing Assets/ZRNAssets/005339_08932_25_14/Materials/S_G_000124_S1.mat using Guid(de58dc573538543cda13f627aef7fa10) Importer(2089858483,0ecaa5967403d082aa24f35e1b516d23) [PhysX] Initialized MultithreadedTaskDispatcher with 12 workers.
 -> (artifact id: 'c5e957e60dcef87f87d5b0e61313fc0c') in 0.074082 seconds
Number of updated asset objects reloaded before import = 0
Number of asset objects unloaded after import = 2
========================================================================
Received Import Request.
  Time since last request: 0.000049 seconds.
  path: Assets/ZRNAssets/005339_08932_25_14/Materials/005339_08932_L_-90313_0_01_01_5.mat
  artifactKey: Guid(5b901fe7f94ae40809223c26471778c5) Importer(2089858483,0ecaa5967403d082aa24f35e1b516d23)
Start importing Assets/ZRNAssets/005339_08932_25_14/Materials/005339_08932_L_-90313_0_01_01_5.mat using Guid(5b901fe7f94ae40809223c26471778c5) Importer(2089858483,0ecaa5967403d082aa24f35e1b516d23) [PhysX] Initialized MultithreadedTaskDispatcher with 12 workers.
 -> (artifact id: '88d1ea1fe107300b477064d525712215') in 0.053487 seconds
Number of updated asset objects reloaded before import = 0
Number of asset objects unloaded after import = 2
========================================================================
Received Import Request.
  Time since last request: 0.000037 seconds.
  path: Assets/ZRNAssets/005339_08932_25_14/Materials/S_G_000184_S.mat
  artifactKey: Guid(39071c3314ecf470b8d26ed35dfebd3f) Importer(2089858483,0ecaa5967403d082aa24f35e1b516d23)
Start importing Assets/ZRNAssets/005339_08932_25_14/Materials/S_G_000184_S.mat using Guid(39071c3314ecf470b8d26ed35dfebd3f) Importer(2089858483,0ecaa5967403d082aa24f35e1b516d23) [PhysX] Initialized MultithreadedTaskDispatcher with 12 workers.
 -> (artifact id: '2e066a12f2086a778ca2392c6e40d48d') in 0.033789 seconds
Number of updated asset objects reloaded before import = 0
Number of asset objects unloaded after import = 2
========================================================================
Received Import Request.
  Time since last request: 0.000051 seconds.
  path: Assets/ZRNAssets/005339_08932_25_14/Materials/005339_08932_25_14_unitedmat_97.mat
  artifactKey: Guid(24b6bae141ec1416e956842bc6989f90) Importer(2089858483,0ecaa5967403d082aa24f35e1b516d23)
Start importing Assets/ZRNAssets/005339_08932_25_14/Materials/005339_08932_25_14_unitedmat_97.mat using Guid(24b6bae141ec1416e956842bc6989f90) Importer(2089858483,0ecaa5967403d082aa24f35e1b516d23) [PhysX] Initialized MultithreadedTaskDispatcher with 12 workers.
 -> (artifact id: '5ecd1d91c0cfc59c614f558b0a2581cc') in 0.049902 seconds
Number of updated asset objects reloaded before import = 0
Number of asset objects unloaded after import = 2
========================================================================
Received Import Request.
  Time since last request: 0.000029 seconds.
  path: Assets/ZRNAssets/005339_08932_25_14/Materials/005339_08932_25_14_unitedmat_81.mat
  artifactKey: Guid(bd8fecc485c3e4a7c93482a1ad28f65b) Importer(2089858483,0ecaa5967403d082aa24f35e1b516d23)
Start importing Assets/ZRNAssets/005339_08932_25_14/Materials/005339_08932_25_14_unitedmat_81.mat using Guid(bd8fecc485c3e4a7c93482a1ad28f65b) Importer(2089858483,0ecaa5967403d082aa24f35e1b516d23) [PhysX] Initialized MultithreadedTaskDispatcher with 12 workers.
 -> (artifact id: '752294865bc3f7bcb06b555f18173b4f') in 0.046315 seconds
Number of updated asset objects reloaded before import = 0
Number of asset objects unloaded after import = 2
========================================================================
Received Import Request.
  Time since last request: 0.000873 seconds.
  path: Assets/ZRNAssets/005339_08932_25_14/Materials/005339_08932_unitedmat_158.mat
  artifactKey: Guid(999fe2416f2cb4fe0bfefa8c2b71eb72) Importer(2089858483,0ecaa5967403d082aa24f35e1b516d23)
Start importing Assets/ZRNAssets/005339_08932_25_14/Materials/005339_08932_unitedmat_158.mat using Guid(999fe2416f2cb4fe0bfefa8c2b71eb72) Importer(2089858483,0ecaa5967403d082aa24f35e1b516d23) [PhysX] Initialized MultithreadedTaskDispatcher with 12 workers.
 -> (artifact id: 'f9f1b24be5969a8801616ccf53912fa4') in 0.053937 seconds
Number of updated asset objects reloaded before import = 0
Number of asset objects unloaded after import = 1
========================================================================
Received Import Request.
  Time since last request: 0.000331 seconds.
  path: Assets/ZRNAssets/005339_08932_25_14/Materials/005339_08932_L_-90283_0_01_01_8.mat
  artifactKey: Guid(d12704f7fe3714c5bb6d6455ab08e105) Importer(2089858483,0ecaa5967403d082aa24f35e1b516d23)
Start importing Assets/ZRNAssets/005339_08932_25_14/Materials/005339_08932_L_-90283_0_01_01_8.mat using Guid(d12704f7fe3714c5bb6d6455ab08e105) Importer(2089858483,0ecaa5967403d082aa24f35e1b516d23) [PhysX] Initialized MultithreadedTaskDispatcher with 12 workers.
 -> (artifact id: '6be48a6e51ec48e7ecbf38d915a66324') in 0.042269 seconds
Number of updated asset objects reloaded before import = 0
Number of asset objects unloaded after import = 2
========================================================================
Received Import Request.
  Time since last request: 0.090970 seconds.
  path: Assets/ZRNAssets/005339_08932_25_14/Materials/005339_08932_unitedmat_221.mat
  artifactKey: Guid(e68410a93b4bf4568b438ece689dbb83) Importer(2089858483,0ecaa5967403d082aa24f35e1b516d23)
Start importing Assets/ZRNAssets/005339_08932_25_14/Materials/005339_08932_unitedmat_221.mat using Guid(e68410a93b4bf4568b438ece689dbb83) Importer(2089858483,0ecaa5967403d082aa24f35e1b516d23) [PhysX] Initialized MultithreadedTaskDispatcher with 12 workers.
 -> (artifact id: '922d100b03fbf32369ed5cc0aff092de') in 0.029627 seconds
Number of updated asset objects reloaded before import = 0
Number of asset objects unloaded after import = 1
========================================================================
Received Import Request.
  Time since last request: 0.000038 seconds.
  path: Assets/ZRNAssets/005339_08932_25_14/Materials/005339_08932_L_-90261_0_01_01_11.mat
  artifactKey: Guid(78d2ac7536326464999eb2f49e46006b) Importer(2089858483,0ecaa5967403d082aa24f35e1b516d23)
Start importing Assets/ZRNAssets/005339_08932_25_14/Materials/005339_08932_L_-90261_0_01_01_11.mat using Guid(78d2ac7536326464999eb2f49e46006b) Importer(2089858483,0ecaa5967403d082aa24f35e1b516d23) [PhysX] Initialized MultithreadedTaskDispatcher with 12 workers.
 -> (artifact id: '6baf155880afb7b364ab84768127002a') in 0.084837 seconds
Number of updated asset objects reloaded before import = 0
Number of asset objects unloaded after import = 2
========================================================================
Received Import Request.
  Time since last request: 0.000038 seconds.
  path: Assets/ZRNAssets/005339_08932_25_14/Materials/005339_08932_unitedmat_171.mat
  artifactKey: Guid(04add81aa46674b8d9ccb4deb57d14cf) Importer(2089858483,0ecaa5967403d082aa24f35e1b516d23)
Start importing Assets/ZRNAssets/005339_08932_25_14/Materials/005339_08932_unitedmat_171.mat using Guid(04add81aa46674b8d9ccb4deb57d14cf) Importer(2089858483,0ecaa5967403d082aa24f35e1b516d23) [PhysX] Initialized MultithreadedTaskDispatcher with 12 workers.
 -> (artifact id: '3f28a6ede2c272194554a85f1ab695e5') in 0.097878 seconds
Number of updated asset objects reloaded before import = 0
Number of asset objects unloaded after import = 1
========================================================================
Received Import Request.
  Time since last request: 0.000096 seconds.
  path: Assets/ZRNAssets/005339_08932_25_14/Materials/005339_08932_25_14_unitedmat_9.mat
  artifactKey: Guid(fd15907f3602d49c39fac82df2c48667) Importer(2089858483,0ecaa5967403d082aa24f35e1b516d23)
Start importing Assets/ZRNAssets/005339_08932_25_14/Materials/005339_08932_25_14_unitedmat_9.mat using Guid(fd15907f3602d49c39fac82df2c48667) Importer(2089858483,0ecaa5967403d082aa24f35e1b516d23) [PhysX] Initialized MultithreadedTaskDispatcher with 12 workers.
 -> (artifact id: 'f2949bbf0318cda3385cd3dc0ffc114c') in 0.029846 seconds
Number of updated asset objects reloaded before import = 0
Number of asset objects unloaded after import = 2
========================================================================
Received Import Request.
  Time since last request: 0.000145 seconds.
  path: Assets/ZRNAssets/005339_08932_25_14/Materials/005339_08932_unitedmat_205.mat
  artifactKey: Guid(3b032fcae1aea404183e0a5d790828b2) Importer(2089858483,0ecaa5967403d082aa24f35e1b516d23)
Start importing Assets/ZRNAssets/005339_08932_25_14/Materials/005339_08932_unitedmat_205.mat using Guid(3b032fcae1aea404183e0a5d790828b2) Importer(2089858483,0ecaa5967403d082aa24f35e1b516d23) [PhysX] Initialized MultithreadedTaskDispatcher with 12 workers.
 -> (artifact id: '62cc9a93733e289ad278b817988514b9') in 0.034197 seconds
Number of updated asset objects reloaded before import = 0
Number of asset objects unloaded after import = 1
========================================================================
Received Import Request.
  Time since last request: 0.000032 seconds.
  path: Assets/ZRNAssets/005339_08932_25_14/Materials/S_G_000187_S.mat
  artifactKey: Guid(6f5a9546b41844aad9c8bc7670c5a367) Importer(2089858483,0ecaa5967403d082aa24f35e1b516d23)
Start importing Assets/ZRNAssets/005339_08932_25_14/Materials/S_G_000187_S.mat using Guid(6f5a9546b41844aad9c8bc7670c5a367) Importer(2089858483,0ecaa5967403d082aa24f35e1b516d23) [PhysX] Initialized MultithreadedTaskDispatcher with 12 workers.
 -> (artifact id: 'ef57e9446728914ecb1c4e482a8ce381') in 0.031651 seconds
Number of updated asset objects reloaded before import = 0
Number of asset objects unloaded after import = 2
========================================================================
Received Import Request.
  Time since last request: 0.000032 seconds.
  path: Assets/ZRNAssets/005339_08932_25_14/Materials/s_Roof1Under.mat
  artifactKey: Guid(4692f280d0c7f410e8f7fead3454a933) Importer(2089858483,0ecaa5967403d082aa24f35e1b516d23)
Start importing Assets/ZRNAssets/005339_08932_25_14/Materials/s_Roof1Under.mat using Guid(4692f280d0c7f410e8f7fead3454a933) Importer(2089858483,0ecaa5967403d082aa24f35e1b516d23) [PhysX] Initialized MultithreadedTaskDispatcher with 12 workers.
 -> (artifact id: '586157b9d2a9e3fc75acbe51f5a0397b') in 0.053033 seconds
Number of updated asset objects reloaded before import = 0
Number of asset objects unloaded after import = 2
========================================================================
Received Import Request.
  Time since last request: 0.000034 seconds.
  path: Assets/ZRNAssets/005339_08932_25_14/Materials/S_G_000102_F.mat
  artifactKey: Guid(064d39cb10af14fc4b75a6683e52a7a9) Importer(2089858483,0ecaa5967403d082aa24f35e1b516d23)
Start importing Assets/ZRNAssets/005339_08932_25_14/Materials/S_G_000102_F.mat using Guid(064d39cb10af14fc4b75a6683e52a7a9) Importer(2089858483,0ecaa5967403d082aa24f35e1b516d23) [PhysX] Initialized MultithreadedTaskDispatcher with 12 workers.
 -> (artifact id: 'a84d2f4ad2d98166f662c612c3010d4b') in 0.045089 seconds
Number of updated asset objects reloaded before import = 0
Number of asset objects unloaded after import = 2
========================================================================
Received Import Request.
  Time since last request: 0.000045 seconds.
  path: Assets/ZRNAssets/005339_08932_25_14/Materials/S_G_000156_F.mat
  artifactKey: Guid(f8981878d816541f5929503ab8a9a9f7) Importer(2089858483,0ecaa5967403d082aa24f35e1b516d23)
Start importing Assets/ZRNAssets/005339_08932_25_14/Materials/S_G_000156_F.mat using Guid(f8981878d816541f5929503ab8a9a9f7) Importer(2089858483,0ecaa5967403d082aa24f35e1b516d23) [PhysX] Initialized MultithreadedTaskDispatcher with 12 workers.
 -> (artifact id: '94096671ccbec51810486f6f6829299a') in 0.043276 seconds
Number of updated asset objects reloaded before import = 0
Number of asset objects unloaded after import = 2
========================================================================
Received Import Request.
  Time since last request: 0.000050 seconds.
  path: Assets/ZRNAssets/005339_08932_25_14/Materials/S_G_000122_S.mat
  artifactKey: Guid(5f09e9ca5f1954ee595c38377a3be7eb) Importer(2089858483,0ecaa5967403d082aa24f35e1b516d23)
Start importing Assets/ZRNAssets/005339_08932_25_14/Materials/S_G_000122_S.mat using Guid(5f09e9ca5f1954ee595c38377a3be7eb) Importer(2089858483,0ecaa5967403d082aa24f35e1b516d23) [PhysX] Initialized MultithreadedTaskDispatcher with 12 workers.
 -> (artifact id: '35df946b9dfe139d4b6c4a77cdc32c82') in 0.038001 seconds
Number of updated asset objects reloaded before import = 0
Number of asset objects unloaded after import = 2
========================================================================
Received Import Request.
  Time since last request: 0.000038 seconds.
  path: Assets/ZRNAssets/005339_08932_25_14/Materials/005339_08932_L_-90303_0_01_01_102.mat
  artifactKey: Guid(54a1e186b61b54dc99f3b603b45e50c9) Importer(2089858483,0ecaa5967403d082aa24f35e1b516d23)
Start importing Assets/ZRNAssets/005339_08932_25_14/Materials/005339_08932_L_-90303_0_01_01_102.mat using Guid(54a1e186b61b54dc99f3b603b45e50c9) Importer(2089858483,0ecaa5967403d082aa24f35e1b516d23) [PhysX] Initialized MultithreadedTaskDispatcher with 12 workers.
 -> (artifact id: 'b21f08ee63f647c9ef333da52ee20475') in 0.049398 seconds
Number of updated asset objects reloaded before import = 0
Number of asset objects unloaded after import = 2
========================================================================
Received Import Request.
  Time since last request: 0.001244 seconds.
  path: Assets/ZRNAssets/005339_08932_25_14/Materials/005339_08932_25_14_unitedmat_17.mat
  artifactKey: Guid(0b0bf8b78c38e411b97d5ff96ee62e95) Importer(2089858483,0ecaa5967403d082aa24f35e1b516d23)
Start importing Assets/ZRNAssets/005339_08932_25_14/Materials/005339_08932_25_14_unitedmat_17.mat using Guid(0b0bf8b78c38e411b97d5ff96ee62e95) Importer(2089858483,0ecaa5967403d082aa24f35e1b516d23) [PhysX] Initialized MultithreadedTaskDispatcher with 12 workers.
 -> (artifact id: '4ee1ec821e52bed03efda6bf528f7bcc') in 0.035744 seconds
Number of updated asset objects reloaded before import = 0
Number of asset objects unloaded after import = 2
========================================================================
Received Import Request.
  Time since last request: 0.000042 seconds.
  path: Assets/Scripts/Minijuego 1/Manager_Minijuego.cs
  artifactKey: Guid(c6d9e591d26d1354cb1d943c9677888c) Importer(2089858483,0ecaa5967403d082aa24f35e1b516d23)
Start importing Assets/Scripts/Minijuego 1/Manager_Minijuego.cs using Guid(c6d9e591d26d1354cb1d943c9677888c) Importer(2089858483,0ecaa5967403d082aa24f35e1b516d23) [PhysX] Initialized MultithreadedTaskDispatcher with 12 workers.
 -> (artifact id: 'daefb706b61775327d3b1fbc802e4e96') in 0.053762 seconds
Number of updated asset objects reloaded before import = 0
Number of asset objects unloaded after import = 1
========================================================================
Received Import Request.
  Time since last request: 0.000064 seconds.
  path: Assets/ZRNAssets/005339_08932_25_14/Materials/S_G_000144_S.mat
  artifactKey: Guid(31d304b66c15f4f538dca40e5a26f35f) Importer(2089858483,0ecaa5967403d082aa24f35e1b516d23)
Start importing Assets/ZRNAssets/005339_08932_25_14/Materials/S_G_000144_S.mat using Guid(31d304b66c15f4f538dca40e5a26f35f) Importer(2089858483,0ecaa5967403d082aa24f35e1b516d23) [PhysX] Initialized MultithreadedTaskDispatcher with 12 workers.
 -> (artifact id: 'bc599a68b20b52685db764633944e4ed') in 0.033135 seconds
Number of updated asset objects reloaded before import = 0
Number of asset objects unloaded after import = 2
========================================================================
Received Import Request.
  Time since last request: 0.000053 seconds.
  path: Assets/ZRNAssets/005339_08932_25_14/Materials/005339_08932_L_-90205_0_01_01_6.mat
  artifactKey: Guid(8e66d9198593f4431adb706820ea1261) Importer(2089858483,0ecaa5967403d082aa24f35e1b516d23)
Start importing Assets/ZRNAssets/005339_08932_25_14/Materials/005339_08932_L_-90205_0_01_01_6.mat using Guid(8e66d9198593f4431adb706820ea1261) Importer(2089858483,0ecaa5967403d082aa24f35e1b516d23) [PhysX] Initialized MultithreadedTaskDispatcher with 12 workers.
 -> (artifact id: '298bcd71185efc837fdf238bdcbe1b51') in 0.051453 seconds
Number of updated asset objects reloaded before import = 0
Number of asset objects unloaded after import = 2
========================================================================
Received Import Request.
  Time since last request: 0.000042 seconds.
  path: Assets/ZRNAssets/005339_08932_25_14/Materials/005339_08932_25_14_unitedmat_42.mat
  artifactKey: Guid(d7701904ccf6e47a29fb3db10b8ce56a) Importer(2089858483,0ecaa5967403d082aa24f35e1b516d23)
Start importing Assets/ZRNAssets/005339_08932_25_14/Materials/005339_08932_25_14_unitedmat_42.mat using Guid(d7701904ccf6e47a29fb3db10b8ce56a) Importer(2089858483,0ecaa5967403d082aa24f35e1b516d23) [PhysX] Initialized MultithreadedTaskDispatcher with 12 workers.
 -> (artifact id: '94ea257a5c25ce0dc6badfe8c2fe1932') in 0.034629 seconds
Number of updated asset objects reloaded before import = 0
Number of asset objects unloaded after import = 2
========================================================================
Received Import Request.
  Time since last request: 0.000287 seconds.
  path: Assets/Scripts/Entrevista/NPC_Director.cs
  artifactKey: Guid(dfece4016eaec1745b7ae826315f231e) Importer(2089858483,0ecaa5967403d082aa24f35e1b516d23)
Start importing Assets/Scripts/Entrevista/NPC_Director.cs using Guid(dfece4016eaec1745b7ae826315f231e) Importer(2089858483,0ecaa5967403d082aa24f35e1b516d23) [PhysX] Initialized MultithreadedTaskDispatcher with 12 workers.
 -> (artifact id: '43ce5f564f070e0659da4e4b82bd3d4a') in 0.030653 seconds
Number of updated asset objects reloaded before import = 0
Number of asset objects unloaded after import = 1
========================================================================
Received Import Request.
  Time since last request: 0.000046 seconds.
  path: Assets/Scripts/NPC1/Manager_LimpiezaCartel.cs
  artifactKey: Guid(762915668d3af6348bdc4429346ba294) Importer(2089858483,0ecaa5967403d082aa24f35e1b516d23)
Start importing Assets/Scripts/NPC1/Manager_LimpiezaCartel.cs using Guid(762915668d3af6348bdc4429346ba294) Importer(2089858483,0ecaa5967403d082aa24f35e1b516d23) [PhysX] Initialized MultithreadedTaskDispatcher with 12 workers.
 -> (artifact id: '30e27e7ddc3f87d2c0cf9209e60e6bac') in 0.028152 seconds
Number of updated asset objects reloaded before import = 0
Number of asset objects unloaded after import = 1
========================================================================
Received Import Request.
  Time since last request: 0.000063 seconds.
  path: Assets/ZRNAssets/005339_08932_25_14/Materials/005339_08932_L_-90216_0_01_01_11.mat
  artifactKey: Guid(470d95042a04743e980d96d60ac102d3) Importer(2089858483,0ecaa5967403d082aa24f35e1b516d23)
Start importing Assets/ZRNAssets/005339_08932_25_14/Materials/005339_08932_L_-90216_0_01_01_11.mat using Guid(470d95042a04743e980d96d60ac102d3) Importer(2089858483,0ecaa5967403d082aa24f35e1b516d23) [PhysX] Initialized MultithreadedTaskDispatcher with 12 workers.
 -> (artifact id: '8af3f01d78085a7d0eca29699dab2073') in 0.047008 seconds
Number of updated asset objects reloaded before import = 0
Number of asset objects unloaded after import = 2
========================================================================
Received Import Request.
  Time since last request: 0.000076 seconds.
  path: Assets/ZRNAssets/005339_08932_25_14/Materials/005339_08932_25_14_unitedmat_105.mat
  artifactKey: Guid(7c826a011e06b4e49b7a022fb5274f35) Importer(2089858483,0ecaa5967403d082aa24f35e1b516d23)
Start importing Assets/ZRNAssets/005339_08932_25_14/Materials/005339_08932_25_14_unitedmat_105.mat using Guid(7c826a011e06b4e49b7a022fb5274f35) Importer(2089858483,0ecaa5967403d082aa24f35e1b516d23) [PhysX] Initialized MultithreadedTaskDispatcher with 12 workers.
 -> (artifact id: 'eb77cb1009073bfd02ce539cb782838a') in 0.051092 seconds
Number of updated asset objects reloaded before import = 0
Number of asset objects unloaded after import = 2
========================================================================
Received Import Request.
  Time since last request: 0.000033 seconds.
  path: Assets/Scripts/Tienda/Kanas/TiendaDialogo.asset
  artifactKey: Guid(a46e808c7a18e7f4495d1134f0a64dfd) Importer(2089858483,0ecaa5967403d082aa24f35e1b516d23)
Start importing Assets/Scripts/Tienda/Kanas/TiendaDialogo.asset using Guid(a46e808c7a18e7f4495d1134f0a64dfd) Importer(2089858483,0ecaa5967403d082aa24f35e1b516d23) [PhysX] Initialized MultithreadedTaskDispatcher with 12 workers.
 -> (artifact id: '6b07e710527036d2ea254564272330bf') in 0.075976 seconds
Number of updated asset objects reloaded before import = 0
Number of asset objects unloaded after import = 1
========================================================================
Received Import Request.
  Time since last request: 0.000045 seconds.
  path: Assets/Dialogos/Dialogos NPC 4/Continuar2.asset
  artifactKey: Guid(46831545b1957524e98eedc90a76bca3) Importer(2089858483,0ecaa5967403d082aa24f35e1b516d23)
Start importing Assets/Dialogos/Dialogos NPC 4/Continuar2.asset using Guid(46831545b1957524e98eedc90a76bca3) Importer(2089858483,0ecaa5967403d082aa24f35e1b516d23) [PhysX] Initialized MultithreadedTaskDispatcher with 12 workers.
 -> (artifact id: 'a573e76562685877b6be39547aeaf563') in 0.028958 seconds
Number of updated asset objects reloaded before import = 0
Number of asset objects unloaded after import = 1
========================================================================
Received Import Request.
  Time since last request: 0.000048 seconds.
  path: Assets/Dialogos/Dialogos NPC 4/Continuar1.asset
  artifactKey: Guid(5457e2dddaaed5e43a0e13a33c30aaa8) Importer(2089858483,0ecaa5967403d082aa24f35e1b516d23)
Start importing Assets/Dialogos/Dialogos NPC 4/Continuar1.asset using Guid(5457e2dddaaed5e43a0e13a33c30aaa8) Importer(2089858483,0ecaa5967403d082aa24f35e1b516d23) [PhysX] Initialized MultithreadedTaskDispatcher with 12 workers.
 -> (artifact id: '5fb0b6653733d2e25bb5b29b0e55c3de') in 0.033884 seconds
Number of updated asset objects reloaded before import = 0
Number of asset objects unloaded after import = 3
========================================================================
Received Import Request.
  Time since last request: 0.000047 seconds.
  path: Assets/Scripts/Tienda/KanaInventario.cs
  artifactKey: Guid(5fb261df784bfe94b9edc2764cd1b6f7) Importer(2089858483,0ecaa5967403d082aa24f35e1b516d23)
Start importing Assets/Scripts/Tienda/KanaInventario.cs using Guid(5fb261df784bfe94b9edc2764cd1b6f7) Importer(2089858483,0ecaa5967403d082aa24f35e1b516d23) [PhysX] Initialized MultithreadedTaskDispatcher with 12 workers.
 -> (artifact id: '719dd327a761fcb01745a590214a829b') in 0.033677 seconds
Number of updated asset objects reloaded before import = 0
Number of asset objects unloaded after import = 1
========================================================================
Received Import Request.
  Time since last request: 0.000069 seconds.
  path: Assets/EditorPersonajes/Data/Shirts/Shirt_01.asset
  artifactKey: Guid(607d672b3245baa4a89bc828cf1634dd) Importer(2089858483,0ecaa5967403d082aa24f35e1b516d23)
Start importing Assets/EditorPersonajes/Data/Shirts/Shirt_01.asset using Guid(607d672b3245baa4a89bc828cf1634dd) Importer(2089858483,0ecaa5967403d082aa24f35e1b516d23) [PhysX] Initialized MultithreadedTaskDispatcher with 12 workers.
 -> (artifact id: 'e42dfeef262139bc9f906c219c7431ae') in 0.031919 seconds
Number of updated asset objects reloaded before import = 0
Number of asset objects unloaded after import = 2
========================================================================
Received Import Request.
  Time since last request: 0.000042 seconds.
  path: Assets/Prefabs/BloquePalabra.prefab
  artifactKey: Guid(41dc012eed9840544aab1b92bcbe147d) Importer(2089858483,0ecaa5967403d082aa24f35e1b516d23)
Start importing Assets/Prefabs/BloquePalabra.prefab using Guid(41dc012eed9840544aab1b92bcbe147d) Importer(2089858483,0ecaa5967403d082aa24f35e1b516d23) [PhysX] Initialized MultithreadedTaskDispatcher with 12 workers.
 -> (artifact id: 'a8783c9dfeca7f2c0d00dc8a9d950978') in 0.407195 seconds
Number of updated asset objects reloaded before import = 0
Number of asset objects unloaded after import = 18
========================================================================
Received Import Request.
  Time since last request: 0.000046 seconds.
  path: Assets/EditorPersonajes/Sprites/Accessories/Acc_5.png
  artifactKey: Guid(001f4bd4483f0914b8ccd2296beed7f8) Importer(2089858483,0ecaa5967403d082aa24f35e1b516d23)
Start importing Assets/EditorPersonajes/Sprites/Accessories/Acc_5.png using Guid(001f4bd4483f0914b8ccd2296beed7f8) Importer(2089858483,0ecaa5967403d082aa24f35e1b516d23) [PhysX] Initialized MultithreadedTaskDispatcher with 12 workers.
 -> (artifact id: '7ba56f6c6671d95a0d56971d63aa5a1a') in 0.187236 seconds
Number of updated asset objects reloaded before import = 0
Number of asset objects unloaded after import = 3
========================================================================
Received Import Request.
  Time since last request: 0.000780 seconds.
  path: Assets/EditorPersonajes/Scripts/CategoryPanel.cs
  artifactKey: Guid(376192da7313ba244a3fd14f7f31ff5f) Importer(2089858483,0ecaa5967403d082aa24f35e1b516d23)
Start importing Assets/EditorPersonajes/Scripts/CategoryPanel.cs using Guid(376192da7313ba244a3fd14f7f31ff5f) Importer(2089858483,0ecaa5967403d082aa24f35e1b516d23) [PhysX] Initialized MultithreadedTaskDispatcher with 12 workers.
 -> (artifact id: 'c7d9b21aefb7bc1cc9ecc8bfec51c411') in 0.027347 seconds
Number of updated asset objects reloaded before import = 0
Number of asset objects unloaded after import = 1
========================================================================
Received Import Request.
  Time since last request: 0.000050 seconds.
  path: Assets/DEMO_MegaCozyUIPack_doboui - copia/Containers/RopeContainers/RopeContainer1_purple.png
  artifactKey: Guid(ea9cb1584f5be4640bff8553fe3b1adc) Importer(2089858483,0ecaa5967403d082aa24f35e1b516d23)
Start importing Assets/DEMO_MegaCozyUIPack_doboui - copia/Containers/RopeContainers/RopeContainer1_purple.png using Guid(ea9cb1584f5be4640bff8553fe3b1adc) Importer(2089858483,0ecaa5967403d082aa24f35e1b516d23) [PhysX] Initialized MultithreadedTaskDispatcher with 12 workers.
 -> (artifact id: 'b4f1b360d37434357230610f0482c29d') in 0.073660 seconds
Number of updated asset objects reloaded before import = 0
Number of asset objects unloaded after import = 1
========================================================================
Received Import Request.
  Time since last request: 0.000107 seconds.
  path: Assets/Prefabs/Entrada.prefab
  artifactKey: Guid(00848c53cfea3bd42a121cc3fdd5a993) Importer(2089858483,0ecaa5967403d082aa24f35e1b516d23)
Start importing Assets/Prefabs/Entrada.prefab using Guid(00848c53cfea3bd42a121cc3fdd5a993) Importer(2089858483,0ecaa5967403d082aa24f35e1b516d23) [PhysX] Initialized MultithreadedTaskDispatcher with 12 workers.
 -> (artifact id: '45269392a61df010213487aec39c6e19') in 0.153206 seconds
Number of updated asset objects reloaded before import = 0
Number of asset objects unloaded after import = 27
========================================================================
Received Import Request.
  Time since last request: 0.000054 seconds.
  path: Assets/EditorPersonajes/Sprites/Shoes
  artifactKey: Guid(967d9b8cb9a9de641bfb7e5c60758d85) Importer(2089858483,0ecaa5967403d082aa24f35e1b516d23)
Start importing Assets/EditorPersonajes/Sprites/Shoes using Guid(967d9b8cb9a9de641bfb7e5c60758d85) Importer(2089858483,0ecaa5967403d082aa24f35e1b516d23) [PhysX] Initialized MultithreadedTaskDispatcher with 12 workers.
 -> (artifact id: '5415a240894828551d91b9302e77c555') in 0.025825 seconds
Number of updated asset objects reloaded before import = 0
Number of asset objects unloaded after import = 1
========================================================================
Received Import Request.
  Time since last request: 0.001114 seconds.
  path: Assets/EditorPersonajes/Sprites/Accessories/Acc_3.png
  artifactKey: Guid(de653d4692620cd48946b810e3346a5a) Importer(2089858483,0ecaa5967403d082aa24f35e1b516d23)
Start importing Assets/EditorPersonajes/Sprites/Accessories/Acc_3.png using Guid(de653d4692620cd48946b810e3346a5a) Importer(2089858483,0ecaa5967403d082aa24f35e1b516d23) [PhysX] Initialized MultithreadedTaskDispatcher with 12 workers.
 -> (artifact id: '41c76c64da29204357d58bd6803e0e19') in 0.090968 seconds
Number of updated asset objects reloaded before import = 0
Number of asset objects unloaded after import = 3
========================================================================
Received Import Request.
  Time since last request: 0.000353 seconds.
  path: Assets/DEMO_MegaCozyUIPack_doboui - copia/Buttons/ButtonsBuild/CancelButton.png
  artifactKey: Guid(e09055ae33dd14e4db7af83a41879dc1) Importer(2089858483,0ecaa5967403d082aa24f35e1b516d23)
Start importing Assets/DEMO_MegaCozyUIPack_doboui - copia/Buttons/ButtonsBuild/CancelButton.png using Guid(e09055ae33dd14e4db7af83a41879dc1) Importer(2089858483,0ecaa5967403d082aa24f35e1b516d23) [PhysX] Initialized MultithreadedTaskDispatcher with 12 workers.
 -> (artifact id: '21e9a4bccae20269b7d7c05f4c2b480c') in 0.060895 seconds
Number of updated asset objects reloaded before import = 0
Number of asset objects unloaded after import = 1
========================================================================
Received Import Request.
  Time since last request: 0.000078 seconds.
  path: Assets/DEMO_MegaCozyUIPack_doboui - copia/Buttons/ButtonsBuild/SaveButton.png
  artifactKey: Guid(6462d55051cc72648b8eb32950040a58) Importer(2089858483,0ecaa5967403d082aa24f35e1b516d23)
Start importing Assets/DEMO_MegaCozyUIPack_doboui - copia/Buttons/ButtonsBuild/SaveButton.png using Guid(6462d55051cc72648b8eb32950040a58) Importer(2089858483,0ecaa5967403d082aa24f35e1b516d23) [PhysX] Initialized MultithreadedTaskDispatcher with 12 workers.
 -> (artifact id: '22455d5222622e3c7e0077838636095c') in 0.070801 seconds
Number of updated asset objects reloaded before import = 0
Number of asset objects unloaded after import = 1
========================================================================
Received Import Request.
  Time since last request: 0.033901 seconds.
  path: Assets/DEMO_MegaCozyUIPack_doboui - copia/Containers/WoodenContainers/WoodenContainer2.png
  artifactKey: Guid(f120788ecbe151c4ca65c6b438b1c876) Importer(2089858483,0ecaa5967403d082aa24f35e1b516d23)
Start importing Assets/DEMO_MegaCozyUIPack_doboui - copia/Containers/WoodenContainers/WoodenContainer2.png using Guid(f120788ecbe151c4ca65c6b438b1c876) Importer(2089858483,0ecaa5967403d082aa24f35e1b516d23) [PhysX] Initialized MultithreadedTaskDispatcher with 12 workers.
 -> (artifact id: 'e27a6bf4daea681587c6d600426e8fc8') in 0.073311 seconds
Number of updated asset objects reloaded before import = 0
Number of asset objects unloaded after import = 1
========================================================================
Received Import Request.
  Time since last request: 0.000036 seconds.
  path: Assets/DEMO_MegaCozyUIPack_doboui - copia/Buttons/ButtonsBuild/SettingsButton.png
  artifactKey: Guid(dc508da2cebee344e80bb55e67794323) Importer(2089858483,0ecaa5967403d082aa24f35e1b516d23)
Start importing Assets/DEMO_MegaCozyUIPack_doboui - copia/Buttons/ButtonsBuild/SettingsButton.png using Guid(dc508da2cebee344e80bb55e67794323) Importer(2089858483,0ecaa5967403d082aa24f35e1b516d23) [PhysX] Initialized MultithreadedTaskDispatcher with 12 workers.
 -> (artifact id: 'b8f17f1cacaba987d0e22d0968f0c4d1') in 0.108360 seconds
Number of updated asset objects reloaded before import = 0
Number of asset objects unloaded after import = 1
========================================================================
Received Import Request.
  Time since last request: 0.000634 seconds.
  path: Assets/DEMO_MegaCozyUIPack_doboui - copia/Buttons/Square/IsPressed/SquarePressedButton1_pink.png
  artifactKey: Guid(f6955ff698177814890b43f34aafcd67) Importer(2089858483,0ecaa5967403d082aa24f35e1b516d23)
Start importing Assets/DEMO_MegaCozyUIPack_doboui - copia/Buttons/Square/IsPressed/SquarePressedButton1_pink.png using Guid(f6955ff698177814890b43f34aafcd67) Importer(2089858483,0ecaa5967403d082aa24f35e1b516d23) [PhysX] Initialized MultithreadedTaskDispatcher with 12 workers.
 -> (artifact id: '3478bbd666d45d9ef9960459e5f39ee2') in 0.073716 seconds
Number of updated asset objects reloaded before import = 0
Number of asset objects unloaded after import = 1
========================================================================
Received Import Request.
  Time since last request: 0.002154 seconds.
  path: Assets/EditorPersonajes/Sprites/Body_Base/Body_3.png
  artifactKey: Guid(bf2406093254b4345a36b9c46a10e1ca) Importer(2089858483,0ecaa5967403d082aa24f35e1b516d23)
Start importing Assets/EditorPersonajes/Sprites/Body_Base/Body_3.png using Guid(bf2406093254b4345a36b9c46a10e1ca) Importer(2089858483,0ecaa5967403d082aa24f35e1b516d23) [PhysX] Initialized MultithreadedTaskDispatcher with 12 workers.
 -> (artifact id: '5292621c0d7f46b493da7757222e4966') in 0.091831 seconds
Number of updated asset objects reloaded before import = 0
Number of asset objects unloaded after import = 3
========================================================================
Received Import Request.
  Time since last request: 0.000035 seconds.
  path: Assets/DEMO_MegaCozyUIPack_doboui - copia/Containers/NotebookContainers/NotebookContainer1_blue.png
  artifactKey: Guid(a32a7818ac0255149ae69aa80d1a7d3c) Importer(2089858483,0ecaa5967403d082aa24f35e1b516d23)
Start importing Assets/DEMO_MegaCozyUIPack_doboui - copia/Containers/NotebookContainers/NotebookContainer1_blue.png using Guid(a32a7818ac0255149ae69aa80d1a7d3c) Importer(2089858483,0ecaa5967403d082aa24f35e1b516d23) [PhysX] Initialized MultithreadedTaskDispatcher with 12 workers.
 -> (artifact id: 'cd3ea5308f3391743a0e381124df59f2') in 0.057707 seconds
Number of updated asset objects reloaded before import = 0
Number of asset objects unloaded after import = 3
========================================================================
Received Import Request.
  Time since last request: 0.000150 seconds.
  path: Assets/DEMO_MegaCozyUIPack_doboui - copia/Checkboxes/RadioBoxes/Radiobox8.png
  artifactKey: Guid(5e2268e790f829940bf69b1c5dc8b496) Importer(2089858483,0ecaa5967403d082aa24f35e1b516d23)
Start importing Assets/DEMO_MegaCozyUIPack_doboui - copia/Checkboxes/RadioBoxes/Radiobox8.png using Guid(5e2268e790f829940bf69b1c5dc8b496) Importer(2089858483,0ecaa5967403d082aa24f35e1b516d23) [PhysX] Initialized MultithreadedTaskDispatcher with 12 workers.
 -> (artifact id: 'ee892f3b315a7e500f6e02d592901716') in 0.096780 seconds
Number of updated asset objects reloaded before import = 0
Number of asset objects unloaded after import = 1
========================================================================
Received Import Request.
  Time since last request: 0.000081 seconds.
  path: Assets/DEMO_MegaCozyUIPack_doboui - copia/Buttons/Round/SmallSize/IsPressed/SmallRoundPressedButton1_cream.png
  artifactKey: Guid(45ad0002677e14d469f8f0133a1fee30) Importer(2089858483,0ecaa5967403d082aa24f35e1b516d23)
Start importing Assets/DEMO_MegaCozyUIPack_doboui - copia/Buttons/Round/SmallSize/IsPressed/SmallRoundPressedButton1_cream.png using Guid(45ad0002677e14d469f8f0133a1fee30) Importer(2089858483,0ecaa5967403d082aa24f35e1b516d23) [PhysX] Initialized MultithreadedTaskDispatcher with 12 workers.
 -> (artifact id: '37585d3ae44a1eef6df10540a0ecd6aa') in 0.083359 seconds
Number of updated asset objects reloaded before import = 0
Number of asset objects unloaded after import = 1
========================================================================
Received Import Request.
  Time since last request: 0.000050 seconds.
  path: Assets/ZRNAssets/005339_08932_25_14/Materials/005339_08932_L_-90207_0_01_01_7.mat
  artifactKey: Guid(6aead2c2f8a8642b3b5a17e44e50fdcb) Importer(2089858483,0ecaa5967403d082aa24f35e1b516d23)
Start importing Assets/ZRNAssets/005339_08932_25_14/Materials/005339_08932_L_-90207_0_01_01_7.mat using Guid(6aead2c2f8a8642b3b5a17e44e50fdcb) Importer(2089858483,0ecaa5967403d082aa24f35e1b516d23) [PhysX] Initialized MultithreadedTaskDispatcher with 12 workers.
 -> (artifact id: 'cf9f1bd8a5637192fe07c7288a53a9a6') in 0.068164 seconds
Number of updated asset objects reloaded before import = 0
Number of asset objects unloaded after import = 2
========================================================================
Received Import Request.
  Time since last request: 0.000054 seconds.
  path: Assets/Dialogos/Dialogos NPC1/EmpezarUno.asset
  artifactKey: Guid(5d3f2aa7cc3e3cb41937de36b400467e) Importer(2089858483,0ecaa5967403d082aa24f35e1b516d23)
Start importing Assets/Dialogos/Dialogos NPC1/EmpezarUno.asset using Guid(5d3f2aa7cc3e3cb41937de36b400467e) Importer(2089858483,0ecaa5967403d082aa24f35e1b516d23) [PhysX] Initialized MultithreadedTaskDispatcher with 12 workers.
 -> (artifact id: 'd2bcff1304e77f5b3d278117feb43c1c') in 0.033539 seconds
Number of updated asset objects reloaded before import = 0
Number of asset objects unloaded after import = 3
========================================================================
Received Import Request.
  Time since last request: 0.000044 seconds.
  path: Assets/DEMO_MegaCozyUIPack_doboui - copia/ProgressBars/SteppedProgressBar/SteppedProgressBarFill1_marine.png
  artifactKey: Guid(b41773074a8c061449784c508a51ed8c) Importer(2089858483,0ecaa5967403d082aa24f35e1b516d23)
Start importing Assets/DEMO_MegaCozyUIPack_doboui - copia/ProgressBars/SteppedProgressBar/SteppedProgressBarFill1_marine.png using Guid(b41773074a8c061449784c508a51ed8c) Importer(2089858483,0ecaa5967403d082aa24f35e1b516d23) [PhysX] Initialized MultithreadedTaskDispatcher with 12 workers.
 -> (artifact id: 'de1227b7f18e2c0126d5e63ef3a9af19') in 0.090617 seconds
Number of updated asset objects reloaded before import = 0
Number of asset objects unloaded after import = 1
========================================================================
Received Import Request.
  Time since last request: 0.000122 seconds.
  path: Assets/DEMO_MegaCozyUIPack_doboui - copia/Buttons/Inflated/InflatedlButton1_marine.png
  artifactKey: Guid(24d84e7892c6d364eb4d601eb27fdc58) Importer(2089858483,0ecaa5967403d082aa24f35e1b516d23)
Start importing Assets/DEMO_MegaCozyUIPack_doboui - copia/Buttons/Inflated/InflatedlButton1_marine.png using Guid(24d84e7892c6d364eb4d601eb27fdc58) Importer(2089858483,0ecaa5967403d082aa24f35e1b516d23) [PhysX] Initialized MultithreadedTaskDispatcher with 12 workers.
 -> (artifact id: 'a9dbe260365c25253670204ef7e61d0a') in 0.074800 seconds
Number of updated asset objects reloaded before import = 0
Number of asset objects unloaded after import = 1
========================================================================
Received Import Request.
  Time since last request: 0.001001 seconds.
  path: Assets/DEMO_MegaCozyUIPack_doboui - copia/Cards/Card1_purple.png
  artifactKey: Guid(2b63106c892ad2c4f8bcc3b7b38d58a9) Importer(2089858483,0ecaa5967403d082aa24f35e1b516d23)
Start importing Assets/DEMO_MegaCozyUIPack_doboui - copia/Cards/Card1_purple.png using Guid(2b63106c892ad2c4f8bcc3b7b38d58a9) Importer(2089858483,0ecaa5967403d082aa24f35e1b516d23) [PhysX] Initialized MultithreadedTaskDispatcher with 12 workers.
 -> (artifact id: '27af19a53f50e9c793a148cd23aeca82') in 0.098161 seconds
Number of updated asset objects reloaded before import = 0
Number of asset objects unloaded after import = 1
========================================================================
Received Import Request.
  Time since last request: 0.000055 seconds.
  path: Assets/DEMO_MegaCozyUIPack_doboui - copia/Toggles/Toggle4.png
  artifactKey: Guid(7667bc14a2301ad44a46459c932250aa) Importer(2089858483,0ecaa5967403d082aa24f35e1b516d23)
Start importing Assets/DEMO_MegaCozyUIPack_doboui - copia/Toggles/Toggle4.png using Guid(7667bc14a2301ad44a46459c932250aa) Importer(2089858483,0ecaa5967403d082aa24f35e1b516d23) [PhysX] Initialized MultithreadedTaskDispatcher with 12 workers.
 -> (artifact id: '30950aa46aeb7b573d5d64b366d1115a') in 0.069772 seconds
Number of updated asset objects reloaded before import = 0
Number of asset objects unloaded after import = 1
========================================================================
Received Import Request.
  Time since last request: 0.000045 seconds.
  path: Assets/DEMO_MegaCozyUIPack_doboui - copia/Frames/Frame1_green.png
  artifactKey: Guid(ad1734642fe6206428a86f6a7f2f4d89) Importer(2089858483,0ecaa5967403d082aa24f35e1b516d23)
Start importing Assets/DEMO_MegaCozyUIPack_doboui - copia/Frames/Frame1_green.png using Guid(ad1734642fe6206428a86f6a7f2f4d89) Importer(2089858483,0ecaa5967403d082aa24f35e1b516d23) [PhysX] Initialized MultithreadedTaskDispatcher with 12 workers.
 -> (artifact id: '4729a305d4885b0b987356e56f8ba051') in 0.141454 seconds
Number of updated asset objects reloaded before import = 0
Number of asset objects unloaded after import = 1
========================================================================
Received Import Request.
  Time since last request: 0.001876 seconds.
  path: Assets/Dialogos/Dialogos Director/Claro.asset
  artifactKey: Guid(0fd5a99626847a64984e0df78d10d298) Importer(2089858483,0ecaa5967403d082aa24f35e1b516d23)
Start importing Assets/Dialogos/Dialogos Director/Claro.asset using Guid(0fd5a99626847a64984e0df78d10d298) Importer(2089858483,0ecaa5967403d082aa24f35e1b516d23) [PhysX] Initialized MultithreadedTaskDispatcher with 12 workers.
 -> (artifact id: '3c31dc01e8282268b8dcf9e5ce88f8d9') in 0.043562 seconds
Number of updated asset objects reloaded before import = 0
Number of asset objects unloaded after import = 3
========================================================================
Received Import Request.
  Time since last request: 0.000039 seconds.
  path: Assets/DEMO_MegaCozyUIPack_doboui - copia/Toggles/Toggle1.png
  artifactKey: Guid(8270bfb87a237124d80d2ba9847effe6) Importer(2089858483,0ecaa5967403d082aa24f35e1b516d23)
Start importing Assets/DEMO_MegaCozyUIPack_doboui - copia/Toggles/Toggle1.png using Guid(8270bfb87a237124d80d2ba9847effe6) Importer(2089858483,0ecaa5967403d082aa24f35e1b516d23) [PhysX] Initialized MultithreadedTaskDispatcher with 12 workers.
 -> (artifact id: '39fa47f56d5203183ecfafdd1f6c3f22') in 0.057080 seconds
Number of updated asset objects reloaded before import = 0
Number of asset objects unloaded after import = 1
========================================================================
Received Import Request.
  Time since last request: 0.000062 seconds.
  path: Assets/Dialogos/Dialogos Entrevistado/Despedir.asset
  artifactKey: Guid(aa51d966a8ef82f49950f6579c4e3262) Importer(2089858483,0ecaa5967403d082aa24f35e1b516d23)
Start importing Assets/Dialogos/Dialogos Entrevistado/Despedir.asset using Guid(aa51d966a8ef82f49950f6579c4e3262) Importer(2089858483,0ecaa5967403d082aa24f35e1b516d23) [PhysX] Initialized MultithreadedTaskDispatcher with 12 workers.
 -> (artifact id: '6701f5da024bddca4e583b493f4845e8') in 0.028140 seconds
Number of updated asset objects reloaded before import = 0
Number of asset objects unloaded after import = 1
========================================================================
Received Import Request.
  Time since last request: 0.000038 seconds.
  path: Assets/Anims/Shop/Open.anim
  artifactKey: Guid(ba87bb38fa4d25a4eaa59d5e7fe6a9fb) Importer(2089858483,0ecaa5967403d082aa24f35e1b516d23)
Start importing Assets/Anims/Shop/Open.anim using Guid(ba87bb38fa4d25a4eaa59d5e7fe6a9fb) Importer(2089858483,0ecaa5967403d082aa24f35e1b516d23) [PhysX] Initialized MultithreadedTaskDispatcher with 12 workers.
 -> (artifact id: 'd5ccccb0c7b0305e75271c6faef34c0f') in 0.056193 seconds
Number of updated asset objects reloaded before import = 0
Number of asset objects unloaded after import = 1
========================================================================
Received Import Request.
  Time since last request: 0.000726 seconds.
  path: Assets/Dialogos/Dialogos NPC 4/Fail.asset
  artifactKey: Guid(d65a2e35dea834b4c9bdeb5fd9fb79a8) Importer(2089858483,0ecaa5967403d082aa24f35e1b516d23)
Start importing Assets/Dialogos/Dialogos NPC 4/Fail.asset using Guid(d65a2e35dea834b4c9bdeb5fd9fb79a8) Importer(2089858483,0ecaa5967403d082aa24f35e1b516d23) [PhysX] Initialized MultithreadedTaskDispatcher with 12 workers.
 -> (artifact id: '17f0df149f5fc1d45de98e75b306db98') in 0.029441 seconds
Number of updated asset objects reloaded before import = 0
Number of asset objects unloaded after import = 3
========================================================================
Received Import Request.
  Time since last request: 0.000035 seconds.
  path: Assets/DEMO_MegaCozyUIPack_doboui - copia/Cards/Card4_pink.png
  artifactKey: Guid(d39ba9451452447468f9e74d6a04ba33) Importer(2089858483,0ecaa5967403d082aa24f35e1b516d23)
Start importing Assets/DEMO_MegaCozyUIPack_doboui - copia/Cards/Card4_pink.png using Guid(d39ba9451452447468f9e74d6a04ba33) Importer(2089858483,0ecaa5967403d082aa24f35e1b516d23) [PhysX] Initialized MultithreadedTaskDispatcher with 12 workers.
 -> (artifact id: 'c0461713f4f4bb5290f28dda17afff9c') in 0.051277 seconds
Number of updated asset objects reloaded before import = 0
Number of asset objects unloaded after import = 1
========================================================================
Received Import Request.
  Time since last request: 0.000040 seconds.
  path: Assets/DEMO_MegaCozyUIPack_doboui - copia/Containers/FramedContainers
  artifactKey: Guid(0edc9a47d3c80dc4f91ce181cfa80b61) Importer(2089858483,0ecaa5967403d082aa24f35e1b516d23)
Start importing Assets/DEMO_MegaCozyUIPack_doboui - copia/Containers/FramedContainers using Guid(0edc9a47d3c80dc4f91ce181cfa80b61) Importer(2089858483,0ecaa5967403d082aa24f35e1b516d23) [PhysX] Initialized MultithreadedTaskDispatcher with 12 workers.
 -> (artifact id: 'd319d495513be915c4bea2f48934f878') in 0.028412 seconds
Number of updated asset objects reloaded before import = 0
Number of asset objects unloaded after import = 1
========================================================================
Received Import Request.
  Time since last request: 0.002421 seconds.
  path: Assets/Dialogos/Dialogos Director/De Acuerdo.asset
  artifactKey: Guid(f39e2929091379d4e9e706ebe8d84b0c) Importer(2089858483,0ecaa5967403d082aa24f35e1b516d23)
Start importing Assets/Dialogos/Dialogos Director/De Acuerdo.asset using Guid(f39e2929091379d4e9e706ebe8d84b0c) Importer(2089858483,0ecaa5967403d082aa24f35e1b516d23) [PhysX] Initialized MultithreadedTaskDispatcher with 12 workers.
 -> (artifact id: '757f6ee92f4f406ee0cfa4e3f55fe74b') in 0.026682 seconds
Number of updated asset objects reloaded before import = 0
Number of asset objects unloaded after import = 2
========================================================================
Received Import Request.
  Time since last request: 0.000035 seconds.
  path: Assets/Dialogos/Dialogos NPC5/Si VOF.asset
  artifactKey: Guid(aafb8c3c9f298c345891f0383eb0d62d) Importer(2089858483,0ecaa5967403d082aa24f35e1b516d23)
Start importing Assets/Dialogos/Dialogos NPC5/Si VOF.asset using Guid(aafb8c3c9f298c345891f0383eb0d62d) Importer(2089858483,0ecaa5967403d082aa24f35e1b516d23) [PhysX] Initialized MultithreadedTaskDispatcher with 12 workers.
 -> (artifact id: 'a0e23aa1ff57a3986dda6cda06ce66f6') in 0.035972 seconds
Number of updated asset objects reloaded before import = 0
Number of asset objects unloaded after import = 1
========================================================================
Received Import Request.
  Time since last request: 0.004379 seconds.
  path: Assets/Models/Materials/MaleVillagerTexture.mat
  artifactKey: Guid(5405851a66b518b458f09520654f3ad4) Importer(2089858483,0ecaa5967403d082aa24f35e1b516d23)
Start importing Assets/Models/Materials/MaleVillagerTexture.mat using Guid(5405851a66b518b458f09520654f3ad4) Importer(2089858483,0ecaa5967403d082aa24f35e1b516d23) [PhysX] Initialized MultithreadedTaskDispatcher with 12 workers.
 -> (artifact id: '8417ba274c9fe4512bd9f3eacdeea3c8') in 0.047768 seconds
Number of updated asset objects reloaded before import = 0
Number of asset objects unloaded after import = 2
========================================================================
Received Import Request.
  Time since last request: 0.000045 seconds.
  path: Assets/Resources/Carteles/Materials/01cf8e7ef5972edff3613069687d1e12.mat
  artifactKey: Guid(b63b27a19e101b24dbc09576480d08ba) Importer(2089858483,0ecaa5967403d082aa24f35e1b516d23)
Start importing Assets/Resources/Carteles/Materials/01cf8e7ef5972edff3613069687d1e12.mat using Guid(b63b27a19e101b24dbc09576480d08ba) Importer(2089858483,0ecaa5967403d082aa24f35e1b516d23) [PhysX] Initialized MultithreadedTaskDispatcher with 12 workers.
 -> (artifact id: '35b740b44a3e7ba57236baf000774261') in 0.052399 seconds
Number of updated asset objects reloaded before import = 0
Number of asset objects unloaded after import = 2
========================================================================
Received Import Request.
  Time since last request: 0.000055 seconds.
  path: Assets/Resources/Carteles/Materials/Rice-Media-International-Standard-Train-Ad-1024x845.mat
  artifactKey: Guid(5af02d18e0b560645b586b2581efcd8d) Importer(2089858483,0ecaa5967403d082aa24f35e1b516d23)
Start importing Assets/Resources/Carteles/Materials/Rice-Media-International-Standard-Train-Ad-1024x845.mat using Guid(5af02d18e0b560645b586b2581efcd8d) Importer(2089858483,0ecaa5967403d082aa24f35e1b516d23) [PhysX] Initialized MultithreadedTaskDispatcher with 12 workers.
 -> (artifact id: 'f4864741b491898286e513b6926aea23') in 0.036237 seconds
Number of updated asset objects reloaded before import = 0
Number of asset objects unloaded after import = 2
========================================================================
Received Import Request.
  Time since last request: 0.000068 seconds.
  path: Assets/Polytope Studio/Lowpoly_Environments/Sources/Textures/PT_Fruit_Tree_Flowers_01.png
  artifactKey: Guid(724a83e90c1cd7b4b9d1b71dd08962b6) Importer(2089858483,0ecaa5967403d082aa24f35e1b516d23)
Start importing Assets/Polytope Studio/Lowpoly_Environments/Sources/Textures/PT_Fruit_Tree_Flowers_01.png using Guid(724a83e90c1cd7b4b9d1b71dd08962b6) Importer(2089858483,0ecaa5967403d082aa24f35e1b516d23) [PhysX] Initialized MultithreadedTaskDispatcher with 12 workers.
 -> (artifact id: '2e830a8285af54c27d0ab9c87453ebaf') in 0.067165 seconds
Number of updated asset objects reloaded before import = 0
Number of asset objects unloaded after import = 1
========================================================================
Received Import Request.
  Time since last request: 0.000033 seconds.
  path: Assets/Dialogos/Dialogos Director/MisionMal.asset
  artifactKey: Guid(fc5f3c38bd63314439bee34a00431653) Importer(2089858483,0ecaa5967403d082aa24f35e1b516d23)
Start importing Assets/Dialogos/Dialogos Director/MisionMal.asset using Guid(fc5f3c38bd63314439bee34a00431653) Importer(2089858483,0ecaa5967403d082aa24f35e1b516d23) [PhysX] Initialized MultithreadedTaskDispatcher with 12 workers.
 -> (artifact id: 'acbb65205de16b02492b4f012d3767ab') in 0.029335 seconds
Number of updated asset objects reloaded before import = 0
Number of asset objects unloaded after import = 1
========================================================================
Received Import Request.
  Time since last request: 0.000961 seconds.
  path: Assets/DEMO_MegaCozyUIPack_doboui - copia/Buttons/Square/SquareButton1_wood.png
  artifactKey: Guid(dd4c84a68702f0e48bab1a6bd4a4b706) Importer(2089858483,0ecaa5967403d082aa24f35e1b516d23)
Start importing Assets/DEMO_MegaCozyUIPack_doboui - copia/Buttons/Square/SquareButton1_wood.png using Guid(dd4c84a68702f0e48bab1a6bd4a4b706) Importer(2089858483,0ecaa5967403d082aa24f35e1b516d23) [PhysX] Initialized MultithreadedTaskDispatcher with 12 workers.
 -> (artifact id: '39d615eabf1ce7c186f6b8f2e06e349d') in 0.076413 seconds
Number of updated asset objects reloaded before import = 0
Number of asset objects unloaded after import = 1
========================================================================
Received Import Request.
  Time since last request: 0.000343 seconds.
  path: Assets/Polytope Studio/Lowpoly_Environments/Sources/Meshes/Mushrooms/PT_Caesars_Mushroom_01.fbx
  artifactKey: Guid(2ec966d90911a454c9760fa28789a4f8) Importer(2089858483,0ecaa5967403d082aa24f35e1b516d23)
Start importing Assets/Polytope Studio/Lowpoly_Environments/Sources/Meshes/Mushrooms/PT_Caesars_Mushroom_01.fbx using Guid(2ec966d90911a454c9760fa28789a4f8) Importer(2089858483,0ecaa5967403d082aa24f35e1b516d23) [PhysX] Initialized MultithreadedTaskDispatcher with 12 workers.
 -> (artifact id: '13948ae657ddf659833053900ec4e6c8') in 0.149532 seconds
Number of updated asset objects reloaded before import = 0
Number of asset objects unloaded after import = 7
========================================================================
Received Import Request.
  Time since last request: 0.000073 seconds.
  path: Assets/Polytope Studio/Lowpoly_Environments/Prefabs/Trees/PT_Fruit_Tree_01_stump.prefab
  artifactKey: Guid(fb070a2d31206d9499ecc8a77be0ebf0) Importer(2089858483,0ecaa5967403d082aa24f35e1b516d23)
Start importing Assets/Polytope Studio/Lowpoly_Environments/Prefabs/Trees/PT_Fruit_Tree_01_stump.prefab using Guid(fb070a2d31206d9499ecc8a77be0ebf0) Importer(2089858483,0ecaa5967403d082aa24f35e1b516d23) [PhysX] Initialized MultithreadedTaskDispatcher with 12 workers.
 -> (artifact id: 'df2b214517c989ba868a4ea32ccfb584') in 0.046796 seconds
Number of updated asset objects reloaded before import = 0
Number of asset objects unloaded after import = 7
========================================================================
Received Import Request.
  Time since last request: 0.000272 seconds.
  path: Assets/Polytope Studio/Lowpoly_Environments/Prefabs/Shrubs/PT_Generic_Shrub_01_green.prefab
  artifactKey: Guid(ef8374d642969b14baa54045236c5fb0) Importer(2089858483,0ecaa5967403d082aa24f35e1b516d23)
Start importing Assets/Polytope Studio/Lowpoly_Environments/Prefabs/Shrubs/PT_Generic_Shrub_01_green.prefab using Guid(ef8374d642969b14baa54045236c5fb0) Importer(2089858483,0ecaa5967403d082aa24f35e1b516d23) [PhysX] Initialized MultithreadedTaskDispatcher with 12 workers.
 -> (artifact id: 'eb39bb90fe043e10483f338eb0802a6b') in 0.044335 seconds
Number of updated asset objects reloaded before import = 0
Number of asset objects unloaded after import = 20
========================================================================
Received Import Request.
  Time since last request: 0.000074 seconds.
  path: Assets/Polytope Studio/Lowpoly_Environments/Sources/Meshes/Trees/PT_Fruit_Tree_01_green.fbx
  artifactKey: Guid(f222748f1796b2e49a56a2fbf7563247) Importer(2089858483,0ecaa5967403d082aa24f35e1b516d23)
Start importing Assets/Polytope Studio/Lowpoly_Environments/Sources/Meshes/Trees/PT_Fruit_Tree_01_green.fbx using Guid(f222748f1796b2e49a56a2fbf7563247) Importer(2089858483,0ecaa5967403d082aa24f35e1b516d23) [PhysX] Initialized MultithreadedTaskDispatcher with 12 workers.
 -> (artifact id: '3526abff645383bff4bd7abfbe3958d0') in 0.077179 seconds
Number of updated asset objects reloaded before import = 0
Number of asset objects unloaded after import = 20
========================================================================
Received Import Request.
  Time since last request: 0.000048 seconds.
  path: Assets/Polytope Studio/Lowpoly_Environments/Sources/Meshes/Shrubs/PT_Generic_Shrub_01_green.fbx
  artifactKey: Guid(cc43ed905f6a9d24a86d3eb531265e85) Importer(2089858483,0ecaa5967403d082aa24f35e1b516d23)
Start importing Assets/Polytope Studio/Lowpoly_Environments/Sources/Meshes/Shrubs/PT_Generic_Shrub_01_green.fbx using Guid(cc43ed905f6a9d24a86d3eb531265e85) Importer(2089858483,0ecaa5967403d082aa24f35e1b516d23) [PhysX] Initialized MultithreadedTaskDispatcher with 12 workers.
 -> (artifact id: 'd8afbc9ce9bc665bedc35aa0be45e444') in 0.096060 seconds
Number of updated asset objects reloaded before import = 0
Number of asset objects unloaded after import = 20
========================================================================
Received Import Request.
  Time since last request: 0.000120 seconds.
  path: Assets/Polytope Studio/Lowpoly_Environments/URP/PT_Nature_Free_URP_17.unitypackage
  artifactKey: Guid(68d9417a84829c6459075121b8ac78bd) Importer(2089858483,0ecaa5967403d082aa24f35e1b516d23)
Start importing Assets/Polytope Studio/Lowpoly_Environments/URP/PT_Nature_Free_URP_17.unitypackage using Guid(68d9417a84829c6459075121b8ac78bd) Importer(2089858483,0ecaa5967403d082aa24f35e1b516d23) [PhysX] Initialized MultithreadedTaskDispatcher with 12 workers.
 -> (artifact id: 'd6d717fec5c34d53c9ae3974dcd5725a') in 0.031621 seconds
Number of updated asset objects reloaded before import = 0
Number of asset objects unloaded after import = 1
========================================================================
Received Import Request.
  Time since last request: 0.000058 seconds.
  path: Assets/Dialogos/Dialogos NPC 4/Reintentar.asset
  artifactKey: Guid(216f1bb038f85f145b790a82ebbf03aa) Importer(2089858483,0ecaa5967403d082aa24f35e1b516d23)
Start importing Assets/Dialogos/Dialogos NPC 4/Reintentar.asset using Guid(216f1bb038f85f145b790a82ebbf03aa) Importer(2089858483,0ecaa5967403d082aa24f35e1b516d23) [PhysX] Initialized MultithreadedTaskDispatcher with 12 workers.
 -> (artifact id: 'a39c182db20cbfacdcec8f802fabac75') in 0.032889 seconds
Number of updated asset objects reloaded before import = 0
Number of asset objects unloaded after import = 1
========================================================================
Received Import Request.
  Time since last request: 0.000040 seconds.
  path: Assets/Dialogos/Dialogos Director/NoTengo.asset
  artifactKey: Guid(3e4675392e75d0e4ea6147ad5a3764df) Importer(2089858483,0ecaa5967403d082aa24f35e1b516d23)
Start importing Assets/Dialogos/Dialogos Director/NoTengo.asset using Guid(3e4675392e75d0e4ea6147ad5a3764df) Importer(2089858483,0ecaa5967403d082aa24f35e1b516d23) [PhysX] Initialized MultithreadedTaskDispatcher with 12 workers.
 -> (artifact id: '75239305a98988cafd3ed13fb35185b0') in 0.026266 seconds
Number of updated asset objects reloaded before import = 0
Number of asset objects unloaded after import = 1
========================================================================
Received Import Request.
  Time since last request: 0.000351 seconds.
  path: Assets/Dialogos/Dialogos Director/No ahora.asset
  artifactKey: Guid(4aabc3f6eb8780a4298ae90728cd295c) Importer(2089858483,0ecaa5967403d082aa24f35e1b516d23)
Start importing Assets/Dialogos/Dialogos Director/No ahora.asset using Guid(4aabc3f6eb8780a4298ae90728cd295c) Importer(2089858483,0ecaa5967403d082aa24f35e1b516d23) [PhysX] Initialized MultithreadedTaskDispatcher with 12 workers.
 -> (artifact id: 'dbd8be445af752acdb3a2dae0aa608e9') in 0.040537 seconds
Number of updated asset objects reloaded before import = 0
Number of asset objects unloaded after import = 1
========================================================================
Received Import Request.
  Time since last request: 0.000063 seconds.
  path: Assets/Polytope Studio/Lowpoly_Environments/Sources/Textures/PT_Pine_Tree_01.png
  artifactKey: Guid(47c82777887e3fc46bc141849b1b3ccb) Importer(2089858483,0ecaa5967403d082aa24f35e1b516d23)
Start importing Assets/Polytope Studio/Lowpoly_Environments/Sources/Textures/PT_Pine_Tree_01.png using Guid(47c82777887e3fc46bc141849b1b3ccb) Importer(2089858483,0ecaa5967403d082aa24f35e1b516d23) [PhysX] Initialized MultithreadedTaskDispatcher with 12 workers.
 -> (artifact id: '4b49e6785cb8bfea278657256f2901d7') in 0.042597 seconds
Number of updated asset objects reloaded before import = 0
Number of asset objects unloaded after import = 1
========================================================================
Received Import Request.
  Time since last request: 0.000037 seconds.
  path: Assets/DEMO_MegaCozyUIPack_doboui - copia/Buttons/ButtonsBuild/ContinueButton.png
  artifactKey: Guid(a98e7b99d03556f4f83444d91d0706e8) Importer(2089858483,0ecaa5967403d082aa24f35e1b516d23)
Start importing Assets/DEMO_MegaCozyUIPack_doboui - copia/Buttons/ButtonsBuild/ContinueButton.png using Guid(a98e7b99d03556f4f83444d91d0706e8) Importer(2089858483,0ecaa5967403d082aa24f35e1b516d23) [PhysX] Initialized MultithreadedTaskDispatcher with 12 workers.
 -> (artifact id: '7f79c780c6a8e860035ddf144a9dab50') in 0.092161 seconds
Number of updated asset objects reloaded before import = 0
Number of asset objects unloaded after import = 1
========================================================================
Received Import Request.
  Time since last request: 0.001258 seconds.
  path: Assets/ZRNAssets/005339_08932_25_14/Materials/005339_08932_25_14_unitedmat_32.mat
  artifactKey: Guid(491b8b02e83054e9e82bad1b41da15e9) Importer(2089858483,0ecaa5967403d082aa24f35e1b516d23)
Start importing Assets/ZRNAssets/005339_08932_25_14/Materials/005339_08932_25_14_unitedmat_32.mat using Guid(491b8b02e83054e9e82bad1b41da15e9) Importer(2089858483,0ecaa5967403d082aa24f35e1b516d23) [PhysX] Initialized MultithreadedTaskDispatcher with 12 workers.
 -> (artifact id: '7804882d60361e21d7efb38299516061') in 0.045900 seconds
Number of updated asset objects reloaded before import = 0
Number of asset objects unloaded after import = 2
========================================================================
Received Import Request.
  Time since last request: 0.000057 seconds.
  path: Assets/EditorPersonajes/Sprites/Body_Base/Body_2.png
  artifactKey: Guid(d3578cc9384103f42a37c18cfcf3e700) Importer(2089858483,0ecaa5967403d082aa24f35e1b516d23)
Start importing Assets/EditorPersonajes/Sprites/Body_Base/Body_2.png using Guid(d3578cc9384103f42a37c18cfcf3e700) Importer(2089858483,0ecaa5967403d082aa24f35e1b516d23) [PhysX] Initialized MultithreadedTaskDispatcher with 12 workers.
 -> (artifact id: '181ca4edb3e6796710b93e4a741ab206') in 0.072698 seconds
Number of updated asset objects reloaded before import = 0
Number of asset objects unloaded after import = 3
========================================================================
Received Import Request.
  Time since last request: 0.000070 seconds.
  path: Assets/Polytope Studio/Lowpoly_Environments/Sources/Shaders/PT_Water_Shader.shader
  artifactKey: Guid(39cf68574afc7f248bd78a99c3800e00) Importer(2089858483,0ecaa5967403d082aa24f35e1b516d23)
Start importing Assets/Polytope Studio/Lowpoly_Environments/Sources/Shaders/PT_Water_Shader.shader using Guid(39cf68574afc7f248bd78a99c3800e00) Importer(2089858483,0ecaa5967403d082aa24f35e1b516d23) [PhysX] Initialized MultithreadedTaskDispatcher with 12 workers.
 -> (artifact id: '7ec4971c2f3c38fea950eda0e0fd7a86') in 0.044213 seconds
Number of updated asset objects reloaded before import = 0
Number of asset objects unloaded after import = 1
========================================================================
Received Import Request.
  Time since last request: 0.000218 seconds.
  path: Assets/Polytope Studio/Lowpoly_Environments/Sources/Textures/PT_Generic_Tree_Leaves_01.png
  artifactKey: Guid(f2ee3ef6a109f0f4b8bfd6f7c1e310f4) Importer(2089858483,0ecaa5967403d082aa24f35e1b516d23)
Start importing Assets/Polytope Studio/Lowpoly_Environments/Sources/Textures/PT_Generic_Tree_Leaves_01.png using Guid(f2ee3ef6a109f0f4b8bfd6f7c1e310f4) Importer(2089858483,0ecaa5967403d082aa24f35e1b516d23) [PhysX] Initialized MultithreadedTaskDispatcher with 12 workers.
 -> (artifact id: 'ed6bd03b291d7c8c77897cf791ffed12') in 0.070016 seconds
Number of updated asset objects reloaded before import = 0
Number of asset objects unloaded after import = 1
========================================================================
Received Import Request.
  Time since last request: 0.000069 seconds.
  path: Assets/DEMO_MegaCozyUIPack_doboui - copia/ProgressBars/SteppedProgressBar/SteppedProgressBarFill2_marine.png
  artifactKey: Guid(a139df0f591224b45800a61f5abbc226) Importer(2089858483,0ecaa5967403d082aa24f35e1b516d23)
Start importing Assets/DEMO_MegaCozyUIPack_doboui - copia/ProgressBars/SteppedProgressBar/SteppedProgressBarFill2_marine.png using Guid(a139df0f591224b45800a61f5abbc226) Importer(2089858483,0ecaa5967403d082aa24f35e1b516d23) [PhysX] Initialized MultithreadedTaskDispatcher with 12 workers.
 -> (artifact id: '7d3a4a847a5b265cd9cf40522b2be5b2') in 0.061087 seconds
Number of updated asset objects reloaded before import = 0
Number of asset objects unloaded after import = 1
========================================================================
Received Import Request.
  Time since last request: 0.000040 seconds.
  path: Assets/Polytope Studio/Lowpoly_Environments/Prefabs/Trees/PT_Fruit_Tree_01_pears.prefab
  artifactKey: Guid(b62637568d07eb141b948ab45ea8c3d4) Importer(2089858483,0ecaa5967403d082aa24f35e1b516d23)
Start importing Assets/Polytope Studio/Lowpoly_Environments/Prefabs/Trees/PT_Fruit_Tree_01_pears.prefab using Guid(b62637568d07eb141b948ab45ea8c3d4) Importer(2089858483,0ecaa5967403d082aa24f35e1b516d23) [PhysX] Initialized MultithreadedTaskDispatcher with 12 workers.
 -> (artifact id: '880fdf45f73d950e9eded5c8bc1dde02') in 0.026757 seconds
Number of updated asset objects reloaded before import = 0
Number of asset objects unloaded after import = 20
Editor requested this worker to shutdown with reason: balancing worker count downwards
TcpMessagingSession - receive error: operation aborted. errorcode: 995, details: La operación de E/S se anuló por una salida de subproceso o por una solicitud de aplicación.
AssetImportWorker is now disconnected from the server
Process exiting
Exiting without the bug reporter. Application will terminate with return code 0