Using pre-set license
Built from '2022.3/respin/2022.3.62f2-4af31df585-v2' branch; Version is '2022.3.62f3 (96770f904ca7) revision 9860879'; Using compiler version '192829333'; Build Type 'Release'
OS: 'Windows 10  (10.0.19045) 64bit CoreSingleLanguage' Language: 'es' Physical Memory: 15042 MB
BatchMode: 1, IsHumanControllingUs: 0, StartBugReporterOnCrash: 0, Is64bit: 1, IsPro: 1

COMMAND LINE ARGUMENTS:
C:\Program Files\Unity\Hub\2022.3.62f3\Editor\Unity.exe
-adb2
-batchMode
-noUpm
-name
AssetImportWorker18
-projectPath
C:/Users/Cheee/OneDrive/Documentos/GitHub/VisualNovelExp/VisualNovelExp
-logFile
Logs/AssetImportWorker18.log
-srvPort
53192
Successfully changed project path to: C:/Users/Cheee/OneDrive/Documentos/GitHub/VisualNovelExp/VisualNovelExp
C:/Users/Cheee/OneDrive/Documentos/GitHub/VisualNovelExp/VisualNovelExp
[UnityMemory] Configuration Parameters - Can be set up in boot.config
    "memorysetup-bucket-allocator-granularity=16"
    "memorysetup-bucket-allocator-bucket-count=8"
    "memorysetup-bucket-allocator-block-size=33554432"
    "memorysetup-bucket-allocator-block-count=8"
    "memorysetup-main-allocator-block-size=16777216"
    "memorysetup-thread-allocator-block-size=16777216"
    "memorysetup-gfx-main-allocator-block-size=16777216"
    "memorysetup-gfx-thread-allocator-block-size=16777216"
    "memorysetup-cache-allocator-block-size=4194304"
    "memorysetup-typetree-allocator-block-size=2097152"
    "memorysetup-profiler-bucket-allocator-granularity=16"
    "memorysetup-profiler-bucket-allocator-bucket-count=8"
    "memorysetup-profiler-bucket-allocator-block-size=33554432"
    "memorysetup-profiler-bucket-allocator-block-count=8"
    "memorysetup-profiler-allocator-block-size=16777216"
    "memorysetup-profiler-editor-allocator-block-size=1048576"
    "memorysetup-temp-allocator-size-main=16777216"
    "memorysetup-job-temp-allocator-block-size=2097152"
    "memorysetup-job-temp-allocator-block-size-background=1048576"
    "memorysetup-job-temp-allocator-reduction-small-platforms=262144"
    "memorysetup-allocator-temp-initial-block-size-main=262144"
    "memorysetup-allocator-temp-initial-block-size-worker=262144"
    "memorysetup-temp-allocator-size-background-worker=32768"
    "memorysetup-temp-allocator-size-job-worker=262144"
    "memorysetup-temp-allocator-size-preload-manager=33554432"
    "memorysetup-temp-allocator-size-nav-mesh-worker=65536"
    "memorysetup-temp-allocator-size-audio-worker=65536"
    "memorysetup-temp-allocator-size-cloud-worker=32768"
    "memorysetup-temp-allocator-size-gi-baking-worker=262144"
    "memorysetup-temp-allocator-size-gfx=262144"
Player connection [22796]  Target information:

Player connection [22796]  * "[IP] 192.168.0.15 [Port] 0 [Flags] 2 [Guid] 1937832486 [EditorId] 1937832486 [Version] 1048832 [Id] WindowsEditor(7,DESKTOP-3OIPDIC) [Debug] 1 [PackageName] WindowsEditor [ProjectName] Editor" 

Player connection [22796] Host joined multi-casting on [225.0.0.222:54997]...
Player connection [22796] Host joined alternative multi-casting on [225.0.0.222:34997]...
Input System module state changed to: Initialized.
[PhysX] Initialized MultithreadedTaskDispatcher with 12 workers.
Refreshing native plugins compatible for Editor in 50.60 ms, found 4 plugins.
Preloading 0 native plugins for Editor in 0.00 ms.
Initialize engine version: 2022.3.62f3 (96770f904ca7)
[Subsystems] Discovering subsystems at path C:/Program Files/Unity/Hub/2022.3.62f3/Editor/Data/Resources/UnitySubsystems
[Subsystems] Discovering subsystems at path C:/Users/Cheee/OneDrive/Documentos/GitHub/VisualNovelExp/VisualNovelExp/Assets
GfxDevice: creating device client; threaded=0; jobified=0
Direct3D:
    Version:  Direct3D 11.0 [level 11.1]
    Renderer: AMD Radeon RX 5500 XT (ID=0x7340)
    Vendor:   ATI
    VRAM:     4055 MB
    Driver:   32.0.21045.1000
Initialize mono
Mono path[0] = 'C:/Program Files/Unity/Hub/2022.3.62f3/Editor/Data/Managed'
Mono path[1] = 'C:/Program Files/Unity/Hub/2022.3.62f3/Editor/Data/MonoBleedingEdge/lib/mono/unityjit-win32'
Mono config path = 'C:/Program Files/Unity/Hub/2022.3.62f3/Editor/Data/MonoBleedingEdge/etc'
Using monoOptions --debugger-agent=transport=dt_socket,embedding=1,server=y,suspend=n,address=127.0.0.1:56936
Begin MonoManager ReloadAssembly
Registering precompiled unity dll's ...
Register platform support module: C:/Program Files/Unity/Hub/2022.3.62f3/Editor/Data/PlaybackEngines/AndroidPlayer/UnityEditor.Android.Extensions.dll
Register platform support module: C:/Program Files/Unity/Hub/2022.3.62f3/Editor/Data/PlaybackEngines/WindowsStandaloneSupport/UnityEditor.WindowsStandalone.Extensions.dll
Registered in 0.031033 seconds.
- Loaded All Assemblies, in  2.276 seconds
Native extension for WindowsStandalone target not found
Native extension for Android target not found
Android Extension - Scanning For ADB Devices 1550 ms
Mono: successfully reloaded assembly
- Finished resetting the current domain, in  2.464 seconds
Domain Reload Profiling: 4651ms
	BeginReloadAssembly (950ms)
		ExecutionOrderSort (0ms)
		DisableScriptedObjects (0ms)
		BackupInstance (0ms)
		ReleaseScriptingObjects (0ms)
		CreateAndSetChildDomain (2ms)
	RebuildCommonClasses (183ms)
	RebuildNativeTypeToScriptingClass (38ms)
	initialDomainReloadingComplete (219ms)
	LoadAllAssembliesAndSetupDomain (795ms)
		LoadAssemblies (944ms)
		RebuildTransferFunctionScriptingTraits (0ms)
		AnalyzeDomain (781ms)
			TypeCache.Refresh (776ms)
				TypeCache.ScanAssembly (611ms)
			ScanForSourceGeneratedMonoScriptInfo (1ms)
			ResolveRequiredComponents (2ms)
	FinalizeReload (2465ms)
		ReleaseScriptCaches (0ms)
		RebuildScriptCaches (0ms)
		SetupLoadedEditorAssemblies (2217ms)
			LogAssemblyErrors (0ms)
			InitializePlatformSupportModulesInManaged (1837ms)
			SetLoadedEditorAssemblies (8ms)
			RefreshPlugins (0ms)
			BeforeProcessingInitializeOnLoad (3ms)
			ProcessInitializeOnLoadAttributes (278ms)
			ProcessInitializeOnLoadMethodAttributes (90ms)
			AfterProcessingInitializeOnLoad (0ms)
			EditorAssembliesLoaded (0ms)
		ExecutionOrderSort2 (0ms)
		AwakeInstancesAfterBackupRestoration (0ms)
========================================================================
Worker process is ready to serve import requests
Caller must complete domain reload
Begin MonoManager ReloadAssembly
- Loaded All Assemblies, in  3.551 seconds
Native extension for WindowsStandalone target not found
Native extension for Android target not found
Mono: successfully reloaded assembly
- Finished resetting the current domain, in  1.665 seconds
Domain Reload Profiling: 5201ms
	BeginReloadAssembly (475ms)
		ExecutionOrderSort (0ms)
		DisableScriptedObjects (9ms)
		BackupInstance (0ms)
		ReleaseScriptingObjects (1ms)
		CreateAndSetChildDomain (50ms)
	RebuildCommonClasses (82ms)
	RebuildNativeTypeToScriptingClass (17ms)
	initialDomainReloadingComplete (114ms)
	LoadAllAssembliesAndSetupDomain (2847ms)
		LoadAssemblies (2570ms)
		RebuildTransferFunctionScriptingTraits (0ms)
		AnalyzeDomain (604ms)
			TypeCache.Refresh (541ms)
				TypeCache.ScanAssembly (505ms)
			ScanForSourceGeneratedMonoScriptInfo (42ms)
			ResolveRequiredComponents (17ms)
	FinalizeReload (1666ms)
		ReleaseScriptCaches (0ms)
		RebuildScriptCaches (0ms)
		SetupLoadedEditorAssemblies (1314ms)
			LogAssemblyErrors (0ms)
			InitializePlatformSupportModulesInManaged (45ms)
			SetLoadedEditorAssemblies (12ms)
			RefreshPlugins (0ms)
			BeforeProcessingInitializeOnLoad (194ms)
			ProcessInitializeOnLoadAttributes (824ms)
			ProcessInitializeOnLoadMethodAttributes (214ms)
			AfterProcessingInitializeOnLoad (25ms)
			EditorAssembliesLoaded (0ms)
		ExecutionOrderSort2 (0ms)
		AwakeInstancesAfterBackupRestoration (12ms)
Launched and connected shader compiler UnityShaderCompiler.exe after 0.20 seconds
Refreshing native plugins compatible for Editor in 22.49 ms, found 4 plugins.
Preloading 0 native plugins for Editor in 0.00 ms.
Unloading 5443 Unused Serialized files (Serialized files now loaded: 0)
Unloading 27 unused Assets / (350.1 KB). Loaded Objects now: 5913.
Memory consumption went from 233.1 MB to 232.7 MB.
Total: 14.879600 ms (FindLiveObjects: 1.344400 ms CreateObjectMapping: 1.111600 ms MarkObjects: 11.949300 ms  DeleteObjects: 0.472600 ms)

AssetImportParameters requested are different than current active one (requested -> active):
  custom:container-demuxer-ogg: 62fdf1f143b41e24485cea50d1cbac27 -> 
  custom:video-decoder-ogg-theora: a1e56fd34408186e4bbccfd4996cb3dc -> 
  custom:framework-win-MediaFoundation: 216162199b28c13a410421893ffa2e32 -> 
  custom:CustomObjectIndexerAttribute: 72b91833f83ae208fae7752999fa3104 -> 
  custom:container-demuxer-webm: 4f35f7cbe854078d1ac9338744f61a02 -> 
  custom:container-muxer-webm: aa71ff27fc2769a1b78a27578f13a17b -> 
  custom:video-decoder-webm-vp8: 9c59270c3fd7afecdb556c50c9e8de78 -> 
  custom:SearchIndexIgnoredProperties: e643bd26f0fe6173181afceb89e7c659 -> 
  custom:AudioImporter_EditorPlatform: d09bf68614088b80899f8185d706f6e7 -> 
  custom:video-encoder-webm-vp8: eb34c28f22e8b96e1ab97ce403110664 -> 
  custom:audio-decoder-ogg-vorbis: bf7c407c2cedff20999df2af8eb42d56 -> 
  custom:audio-encoder-webm-vorbis: bf7c407c2cedff20999df2af8eb42d56 -> 
========================================================================
Received Import Request.
  Time since last request: 537149.521589 seconds.
  path: Assets/ZRNAssets/005339_08932_25_14/Materials/S_G_000196_S.mat
  artifactKey: Guid(5d82d4b7bd1ba4515b027bdd6a495dab) Importer(2089858483,0ecaa5967403d082aa24f35e1b516d23)
Start importing Assets/ZRNAssets/005339_08932_25_14/Materials/S_G_000196_S.mat using Guid(5d82d4b7bd1ba4515b027bdd6a495dab) Importer(2089858483,0ecaa5967403d082aa24f35e1b516d23) [PhysX] Initialized MultithreadedTaskDispatcher with 12 workers.
 -> (artifact id: '134e657ac207614664fb683b8e071aed') in 0.627463 seconds
Number of updated asset objects reloaded before import = 0
Number of asset objects unloaded after import = 2
========================================================================
Received Import Request.
  Time since last request: 0.000361 seconds.
  path: Assets/Dialogos/Dialogos NPC1/Si VOF.asset
  artifactKey: Guid(9e4c281a93e0441488b41f00ab0ac2d8) Importer(2089858483,3d70f49cd1c2eb9ae422958d1c652c6b)
Start importing Assets/Dialogos/Dialogos NPC1/Si VOF.asset using Guid(9e4c281a93e0441488b41f00ab0ac2d8) Importer(2089858483,3d70f49cd1c2eb9ae422958d1c652c6b) [PhysX] Initialized MultithreadedTaskDispatcher with 12 workers.
 -> (artifact id: '2a8a6d4311b1efde2061e2420e1a501e') in 0.047310 seconds
Number of updated asset objects reloaded before import = 0
Number of asset objects unloaded after import = 0
========================================================================
Received Import Request.
  Time since last request: 0.000044 seconds.
  path: Assets/Dialogos/Dialogos Entrevistado/Despedir.asset
  artifactKey: Guid(aa51d966a8ef82f49950f6579c4e3262) Importer(2089858483,3d70f49cd1c2eb9ae422958d1c652c6b)
Start importing Assets/Dialogos/Dialogos Entrevistado/Despedir.asset using Guid(aa51d966a8ef82f49950f6579c4e3262) Importer(2089858483,3d70f49cd1c2eb9ae422958d1c652c6b) [PhysX] Initialized MultithreadedTaskDispatcher with 12 workers.
 -> (artifact id: 'a19bb6cb79fe39a064d88ce97a096d90') in 0.032752 seconds
Number of updated asset objects reloaded before import = 0
Number of asset objects unloaded after import = 0
========================================================================
Received Import Request.
  Time since last request: 0.001121 seconds.
  path: Assets/CartoonLowPolyCityLite/Prefabs/Light_01.prefab
  artifactKey: Guid(cf29fabe5be425d4fa58702a405410ec) Importer(2089858483,3d70f49cd1c2eb9ae422958d1c652c6b)
Start importing Assets/CartoonLowPolyCityLite/Prefabs/Light_01.prefab using Guid(cf29fabe5be425d4fa58702a405410ec) Importer(2089858483,3d70f49cd1c2eb9ae422958d1c652c6b) [PhysX] Initialized MultithreadedTaskDispatcher with 12 workers.
 -> (artifact id: '1fe0255a40e11f6ef3d23b15a0c2886c') in 0.104769 seconds
Number of updated asset objects reloaded before import = 0
Number of asset objects unloaded after import = 9
========================================================================
Received Import Request.
  Time since last request: 0.000042 seconds.
  path: Assets/Polytope Studio/Lowpoly_Environments/Prefabs/Flowers/PT_Poppy_02.prefab
  artifactKey: Guid(f593bc20677ebf14abd27a4853408c68) Importer(2089858483,3d70f49cd1c2eb9ae422958d1c652c6b)
Start importing Assets/Polytope Studio/Lowpoly_Environments/Prefabs/Flowers/PT_Poppy_02.prefab using Guid(f593bc20677ebf14abd27a4853408c68) Importer(2089858483,3d70f49cd1c2eb9ae422958d1c652c6b) [PhysX] Initialized MultithreadedTaskDispatcher with 12 workers.
 -> (artifact id: 'fce64d1bbbdb45625b722c716b36df44') in 0.072824 seconds
Number of updated asset objects reloaded before import = 0
Number of asset objects unloaded after import = 21
========================================================================
Received Import Request.
  Time since last request: 0.000064 seconds.
  path: Assets/EditorPersonajes/Data/CharacterDatabase.asset
  artifactKey: Guid(f26c5d11bb9b3e0439244606f1d05da6) Importer(2089858483,3d70f49cd1c2eb9ae422958d1c652c6b)
Start importing Assets/EditorPersonajes/Data/CharacterDatabase.asset using Guid(f26c5d11bb9b3e0439244606f1d05da6) Importer(2089858483,3d70f49cd1c2eb9ae422958d1c652c6b) [PhysX] Initialized MultithreadedTaskDispatcher with 12 workers.
 -> (artifact id: '06f3a07b0732edda7a91ffb73047001a') in 0.067622 seconds
Number of updated asset objects reloaded before import = 0
Number of asset objects unloaded after import = 62
========================================================================
Received Import Request.
  Time since last request: 0.000046 seconds.
  path: Assets/ZRNAssets/005339_08932_25_14/Materials/S_G_000165_F.mat
  artifactKey: Guid(35b4141e0c00c43f78bd8bb0e6352d29) Importer(2089858483,0ecaa5967403d082aa24f35e1b516d23)
Start importing Assets/ZRNAssets/005339_08932_25_14/Materials/S_G_000165_F.mat using Guid(35b4141e0c00c43f78bd8bb0e6352d29) Importer(2089858483,0ecaa5967403d082aa24f35e1b516d23) [PhysX] Initialized MultithreadedTaskDispatcher with 12 workers.
 -> (artifact id: 'afb4267b970694775e96aee6a7b8dcef') in 0.070584 seconds
Number of updated asset objects reloaded before import = 0
Number of asset objects unloaded after import = 2
========================================================================
Received Import Request.
  Time since last request: 0.000032 seconds.
  path: Assets/ZRNAssets/005339_08932_25_14/Materials/005339_08932_unitedmat_139.mat
  artifactKey: Guid(ece2b7ed5052344248988bb1e5cd13fe) Importer(2089858483,0ecaa5967403d082aa24f35e1b516d23)
Start importing Assets/ZRNAssets/005339_08932_25_14/Materials/005339_08932_unitedmat_139.mat using Guid(ece2b7ed5052344248988bb1e5cd13fe) Importer(2089858483,0ecaa5967403d082aa24f35e1b516d23) [PhysX] Initialized MultithreadedTaskDispatcher with 12 workers.
 -> (artifact id: '1d2f9f3116affe28609a940594984058') in 0.056629 seconds
Number of updated asset objects reloaded before import = 0
Number of asset objects unloaded after import = 1
========================================================================
Received Import Request.
  Time since last request: 0.000284 seconds.
  path: Assets/Polytope Studio/Lowpoly_Environments/Prefabs/Trees/PT_Fruit_Tree_01_dead_cut.prefab
  artifactKey: Guid(66d0615cc71cd48408b75ff3f99c97af) Importer(2089858483,3d70f49cd1c2eb9ae422958d1c652c6b)
Start importing Assets/Polytope Studio/Lowpoly_Environments/Prefabs/Trees/PT_Fruit_Tree_01_dead_cut.prefab using Guid(66d0615cc71cd48408b75ff3f99c97af) Importer(2089858483,3d70f49cd1c2eb9ae422958d1c652c6b) [PhysX] Initialized MultithreadedTaskDispatcher with 12 workers.
 -> (artifact id: '4fb54a3b44b096213bf59b6d54b76490') in 0.041879 seconds
Number of updated asset objects reloaded before import = 0
Number of asset objects unloaded after import = 8
========================================================================
Received Import Request.
  Time since last request: 0.000044 seconds.
  path: Assets/ZRNAssets/005339_08932_25_14/Materials/S_G_000158_F1.mat
  artifactKey: Guid(57aaf74f107ba4465bc661032512cbb7) Importer(2089858483,0ecaa5967403d082aa24f35e1b516d23)
Start importing Assets/ZRNAssets/005339_08932_25_14/Materials/S_G_000158_F1.mat using Guid(57aaf74f107ba4465bc661032512cbb7) Importer(2089858483,0ecaa5967403d082aa24f35e1b516d23) [PhysX] Initialized MultithreadedTaskDispatcher with 12 workers.
 -> (artifact id: '3a64c403f672000d91b2b8fea687ace2') in 0.044518 seconds
Number of updated asset objects reloaded before import = 0
Number of asset objects unloaded after import = 2
========================================================================
Received Import Request.
  Time since last request: 0.000034 seconds.
  path: Assets/Polytope Studio/Lowpoly_Environments/Prefabs/Trees/PT_Fruit_Tree_01_plums.prefab
  artifactKey: Guid(367ab66e2689a8345a8fb8fd14a4f90c) Importer(2089858483,3d70f49cd1c2eb9ae422958d1c652c6b)
Start importing Assets/Polytope Studio/Lowpoly_Environments/Prefabs/Trees/PT_Fruit_Tree_01_plums.prefab using Guid(367ab66e2689a8345a8fb8fd14a4f90c) Importer(2089858483,3d70f49cd1c2eb9ae422958d1c652c6b) [PhysX] Initialized MultithreadedTaskDispatcher with 12 workers.
 -> (artifact id: '5df8fb3e1a7a2bf3633875fad1871210') in 0.051005 seconds
Number of updated asset objects reloaded before import = 0
Number of asset objects unloaded after import = 22
========================================================================
Received Import Request.
  Time since last request: 0.000044 seconds.
  path: Assets/ZRNAssets/005339_08932_25_14/Materials/005339_08932_unitedmat_204.mat
  artifactKey: Guid(1f9c13ee994fb40aaad5fb938971ba4f) Importer(2089858483,0ecaa5967403d082aa24f35e1b516d23)
Start importing Assets/ZRNAssets/005339_08932_25_14/Materials/005339_08932_unitedmat_204.mat using Guid(1f9c13ee994fb40aaad5fb938971ba4f) Importer(2089858483,0ecaa5967403d082aa24f35e1b516d23) [PhysX] Initialized MultithreadedTaskDispatcher with 12 workers.
 -> (artifact id: '3091800c84a0efcd7b82dd23684b9f9c') in 0.044801 seconds
Number of updated asset objects reloaded before import = 0
Number of asset objects unloaded after import = 1
========================================================================
Received Import Request.
  Time since last request: 0.000042 seconds.
  path: Assets/Polytope Studio/Lowpoly_Environments/Prefabs/Trees/PT_Fruit_Tree_01_green.prefab
  artifactKey: Guid(c31bf8ec8e29cd74f9fb9a970fde7a53) Importer(2089858483,3d70f49cd1c2eb9ae422958d1c652c6b)
Start importing Assets/Polytope Studio/Lowpoly_Environments/Prefabs/Trees/PT_Fruit_Tree_01_green.prefab using Guid(c31bf8ec8e29cd74f9fb9a970fde7a53) Importer(2089858483,3d70f49cd1c2eb9ae422958d1c652c6b) [PhysX] Initialized MultithreadedTaskDispatcher with 12 workers.
 -> (artifact id: '8fec7379c6686d9cc4bdb4c7a6756d7d') in 0.056730 seconds
Number of updated asset objects reloaded before import = 0
Number of asset objects unloaded after import = 22
========================================================================
Received Import Request.
  Time since last request: 0.000057 seconds.
  path: Assets/ZRNAssets/005339_08932_25_14/Materials/005339_08932_25_14_unitedmat_41.mat
  artifactKey: Guid(c238634b141fd43c88c936cc1a4830b9) Importer(2089858483,0ecaa5967403d082aa24f35e1b516d23)
Start importing Assets/ZRNAssets/005339_08932_25_14/Materials/005339_08932_25_14_unitedmat_41.mat using Guid(c238634b141fd43c88c936cc1a4830b9) Importer(2089858483,0ecaa5967403d082aa24f35e1b516d23) [PhysX] Initialized MultithreadedTaskDispatcher with 12 workers.
 -> (artifact id: '1aa6ac2bb74c2e0c108d40c4a251cef8') in 0.092202 seconds
Number of updated asset objects reloaded before import = 0
Number of asset objects unloaded after import = 2
========================================================================
Received Import Request.
  Time since last request: 0.000039 seconds.
  path: Assets/EditorPersonajes/Data/Shoes/Shoes_03.asset
  artifactKey: Guid(fdadacba42edee740b17dbc7a0ae9f18) Importer(2089858483,3d70f49cd1c2eb9ae422958d1c652c6b)
Start importing Assets/EditorPersonajes/Data/Shoes/Shoes_03.asset using Guid(fdadacba42edee740b17dbc7a0ae9f18) Importer(2089858483,3d70f49cd1c2eb9ae422958d1c652c6b) [PhysX] Initialized MultithreadedTaskDispatcher with 12 workers.
 -> (artifact id: '9367ab4512e887557829ef5803cd81ad') in 0.034528 seconds
Number of updated asset objects reloaded before import = 0
Number of asset objects unloaded after import = 1
========================================================================
Received Import Request.
  Time since last request: 0.000046 seconds.
  path: Assets/ZRNAssets/PQAssets/Query-Chan/Prefabs/Query-Chan.prefab
  artifactKey: Guid(c6c351e949c91492d8a587e1ec2f5121) Importer(2089858483,3d70f49cd1c2eb9ae422958d1c652c6b)
Start importing Assets/ZRNAssets/PQAssets/Query-Chan/Prefabs/Query-Chan.prefab using Guid(c6c351e949c91492d8a587e1ec2f5121) Importer(2089858483,3d70f49cd1c2eb9ae422958d1c652c6b) [PhysX] Initialized MultithreadedTaskDispatcher with 12 workers.
 -> (artifact id: 'e061e686fc9c9699a8c5ef6809fffb4b') in 0.417100 seconds
Number of updated asset objects reloaded before import = 0
Number of asset objects unloaded after import = 224
========================================================================
Received Import Request.
  Time since last request: 0.000051 seconds.
  path: Assets/ZRNAssets/005339_08932_25_14/Materials/S_G_000192_F1.mat
  artifactKey: Guid(6b72cf44d5cd14e38a570f7a93dc7af9) Importer(2089858483,0ecaa5967403d082aa24f35e1b516d23)
Start importing Assets/ZRNAssets/005339_08932_25_14/Materials/S_G_000192_F1.mat using Guid(6b72cf44d5cd14e38a570f7a93dc7af9) Importer(2089858483,0ecaa5967403d082aa24f35e1b516d23) [PhysX] Initialized MultithreadedTaskDispatcher with 12 workers.
 -> (artifact id: 'b75dc6d7fc5e1d9f5adff6326bbdc294') in 0.092650 seconds
Number of updated asset objects reloaded before import = 0
Number of asset objects unloaded after import = 2
========================================================================
Received Import Request.
  Time since last request: 0.000064 seconds.
  path: Assets/Dialogos/Dialogos Director/No ahora.asset
  artifactKey: Guid(4aabc3f6eb8780a4298ae90728cd295c) Importer(2089858483,3d70f49cd1c2eb9ae422958d1c652c6b)
Start importing Assets/Dialogos/Dialogos Director/No ahora.asset using Guid(4aabc3f6eb8780a4298ae90728cd295c) Importer(2089858483,3d70f49cd1c2eb9ae422958d1c652c6b) [PhysX] Initialized MultithreadedTaskDispatcher with 12 workers.
 -> (artifact id: '22e66388e09038ea6a8b2e71830bcd96') in 0.094302 seconds
Number of updated asset objects reloaded before import = 0
Number of asset objects unloaded after import = 0
========================================================================
Received Import Request.
  Time since last request: 0.001252 seconds.
  path: Assets/ZRNAssets/005339_08932_25_14/Materials/005339_08932_25_14_unitedmat_70.mat
  artifactKey: Guid(fbfadfe3e581147b396d44be8ffeacae) Importer(2089858483,0ecaa5967403d082aa24f35e1b516d23)
Start importing Assets/ZRNAssets/005339_08932_25_14/Materials/005339_08932_25_14_unitedmat_70.mat using Guid(fbfadfe3e581147b396d44be8ffeacae) Importer(2089858483,0ecaa5967403d082aa24f35e1b516d23) [PhysX] Initialized MultithreadedTaskDispatcher with 12 workers.
 -> (artifact id: 'c901d1be19a7dfe78031b89ccb7544cd') in 0.082023 seconds
Number of updated asset objects reloaded before import = 0
Number of asset objects unloaded after import = 2
========================================================================
Received Import Request.
  Time since last request: 0.000047 seconds.
  path: Assets/ZRNAssets/005339_08932_25_14/Materials/S_G_000113_S1.mat
  artifactKey: Guid(c916630917bc74c9a9e1cc5d87457b01) Importer(2089858483,0ecaa5967403d082aa24f35e1b516d23)
Start importing Assets/ZRNAssets/005339_08932_25_14/Materials/S_G_000113_S1.mat using Guid(c916630917bc74c9a9e1cc5d87457b01) Importer(2089858483,0ecaa5967403d082aa24f35e1b516d23) [PhysX] Initialized MultithreadedTaskDispatcher with 12 workers.
 -> (artifact id: 'b55705a83425c7fc6b85000a718402ae') in 0.063641 seconds
Number of updated asset objects reloaded before import = 0
Number of asset objects unloaded after import = 2
========================================================================
Received Import Request.
  Time since last request: 0.000058 seconds.
  path: Assets/ZRNAssets/005339_08932_25_14/Materials/005339_08932_unitedmat_156.mat
  artifactKey: Guid(37539f4d267ec412fb932186cdff1f5c) Importer(2089858483,0ecaa5967403d082aa24f35e1b516d23)
Start importing Assets/ZRNAssets/005339_08932_25_14/Materials/005339_08932_unitedmat_156.mat using Guid(37539f4d267ec412fb932186cdff1f5c) Importer(2089858483,0ecaa5967403d082aa24f35e1b516d23) [PhysX] Initialized MultithreadedTaskDispatcher with 12 workers.
 -> (artifact id: '9218578c14f4a059ccbf111043fe6e7a') in 0.051233 seconds
Number of updated asset objects reloaded before import = 0
Number of asset objects unloaded after import = 1
========================================================================
Received Import Request.
  Time since last request: 0.000038 seconds.
  path: Assets/ZRNAssets/005339_08932_25_14/Materials/T_58000A_0_TransP.mat
  artifactKey: Guid(d5ca5bbbc7d2d41c0ab40b79cf751e62) Importer(2089858483,0ecaa5967403d082aa24f35e1b516d23)
Start importing Assets/ZRNAssets/005339_08932_25_14/Materials/T_58000A_0_TransP.mat using Guid(d5ca5bbbc7d2d41c0ab40b79cf751e62) Importer(2089858483,0ecaa5967403d082aa24f35e1b516d23) [PhysX] Initialized MultithreadedTaskDispatcher with 12 workers.
 -> (artifact id: '1ecd25abd27f6ed1ea82a12517af515a') in 0.087660 seconds
Number of updated asset objects reloaded before import = 0
Number of asset objects unloaded after import = 2
========================================================================
Received Import Request.
  Time since last request: 0.000084 seconds.
  path: Assets/ZRNAssets/PQAssets/Query-Chan/Scenes/02_OperateQuery_Flying.unity
  artifactKey: Guid(68fac5ef7ca534bf981c63440b33f04c) Importer(2089858483,3d70f49cd1c2eb9ae422958d1c652c6b)
Start importing Assets/ZRNAssets/PQAssets/Query-Chan/Scenes/02_OperateQuery_Flying.unity using Guid(68fac5ef7ca534bf981c63440b33f04c) Importer(2089858483,3d70f49cd1c2eb9ae422958d1c652c6b) [PhysX] Initialized MultithreadedTaskDispatcher with 12 workers.
Opening scene 'Assets/ZRNAssets/PQAssets/Query-Chan/Scenes/02_OperateQuery_Flying.unity additively'
LightingSettings: switching bake backend from 1 to 0.
Loaded scene 'Assets/ZRNAssets/PQAssets/Query-Chan/Scenes/02_OperateQuery_Flying.unity'
	Deserialize:            91.142 ms
	Integration:            29.080 ms
	Integration of assets:  1.267 ms
	Thread Wait Time:       0.353 ms
	Total Operation Time:   121.841 ms
 -> (artifact id: 'b3b355687e82b6d46556c9bcd369b041') in 0.211644 seconds
Number of updated asset objects reloaded before import = 0
Number of asset objects unloaded after import = 230
========================================================================
Received Import Request.
  Time since last request: 0.000047 seconds.
  path: Assets/ZRNAssets/005339_08932_25_14/Materials/005339_08932_L_-90272_0_01_01_19.mat
  artifactKey: Guid(2e63d43c5bce34c099381cc7ba31f830) Importer(2089858483,0ecaa5967403d082aa24f35e1b516d23)
Start importing Assets/ZRNAssets/005339_08932_25_14/Materials/005339_08932_L_-90272_0_01_01_19.mat using Guid(2e63d43c5bce34c099381cc7ba31f830) Importer(2089858483,0ecaa5967403d082aa24f35e1b516d23) [PhysX] Initialized MultithreadedTaskDispatcher with 12 workers.
 -> (artifact id: '2ac640d97992a697c7f4332e7af89cf3') in 0.055599 seconds
Number of updated asset objects reloaded before import = 0
Number of asset objects unloaded after import = 2
========================================================================
Received Import Request.
  Time since last request: 0.000058 seconds.
  path: Assets/ZRNAssets/005339_08932_25_14/Materials/005339_08932_L_-101063_0_01_01_13.mat
  artifactKey: Guid(0f0724abf014c40948b3381a71d71349) Importer(2089858483,0ecaa5967403d082aa24f35e1b516d23)
Start importing Assets/ZRNAssets/005339_08932_25_14/Materials/005339_08932_L_-101063_0_01_01_13.mat using Guid(0f0724abf014c40948b3381a71d71349) Importer(2089858483,0ecaa5967403d082aa24f35e1b516d23) [PhysX] Initialized MultithreadedTaskDispatcher with 12 workers.
 -> (artifact id: 'f909a7c73735b71bdd28404b3c90a85f') in 0.066378 seconds
Number of updated asset objects reloaded before import = 0
Number of asset objects unloaded after import = 2
========================================================================
Received Import Request.
  Time since last request: 0.000043 seconds.
  path: Assets/ZRNAssets/005339_08932_25_14/Materials/005339_08932_unitedmat_217.mat
  artifactKey: Guid(c8eeacdb6926e4094b1f231a8f0d6fa7) Importer(2089858483,0ecaa5967403d082aa24f35e1b516d23)
Start importing Assets/ZRNAssets/005339_08932_25_14/Materials/005339_08932_unitedmat_217.mat using Guid(c8eeacdb6926e4094b1f231a8f0d6fa7) Importer(2089858483,0ecaa5967403d082aa24f35e1b516d23) [PhysX] Initialized MultithreadedTaskDispatcher with 12 workers.
 -> (artifact id: '16d310eea9126fa09b83d96427f7e9cd') in 0.054141 seconds
Number of updated asset objects reloaded before import = 0
Number of asset objects unloaded after import = 1
========================================================================
Received Import Request.
  Time since last request: 0.000438 seconds.
  path: Assets/EditorPersonajes/Data/Shirts/Shirt_04.asset
  artifactKey: Guid(aa4bf9b7631d53940b6691f2aa0c1dbe) Importer(2089858483,3d70f49cd1c2eb9ae422958d1c652c6b)
Start importing Assets/EditorPersonajes/Data/Shirts/Shirt_04.asset using Guid(aa4bf9b7631d53940b6691f2aa0c1dbe) Importer(2089858483,3d70f49cd1c2eb9ae422958d1c652c6b) [PhysX] Initialized MultithreadedTaskDispatcher with 12 workers.
 -> (artifact id: '5d2f4eb52b46906333c9dfd78eea19a3') in 0.038574 seconds
Number of updated asset objects reloaded before import = 0
Number of asset objects unloaded after import = 1
========================================================================
Received Import Request.
  Time since last request: 0.000058 seconds.
  path: Assets/ZRNAssets/005339_08932_25_14/Materials/S_G_000192_S.mat
  artifactKey: Guid(85abc953068db43f6854c445ae6cd3a4) Importer(2089858483,0ecaa5967403d082aa24f35e1b516d23)
Start importing Assets/ZRNAssets/005339_08932_25_14/Materials/S_G_000192_S.mat using Guid(85abc953068db43f6854c445ae6cd3a4) Importer(2089858483,0ecaa5967403d082aa24f35e1b516d23) [PhysX] Initialized MultithreadedTaskDispatcher with 12 workers.
 -> (artifact id: '01caccf1098fcb6274edffb8c50415bb') in 0.065216 seconds
Number of updated asset objects reloaded before import = 0
Number of asset objects unloaded after import = 2
========================================================================
Received Import Request.
  Time since last request: 0.000073 seconds.
  path: Assets/ZRNAssets/005339_08932_25_14/Materials/S_G_000115_E1.mat
  artifactKey: Guid(f3ebbada4f57b47bfa7f0fd0d6c699ed) Importer(2089858483,0ecaa5967403d082aa24f35e1b516d23)
Start importing Assets/ZRNAssets/005339_08932_25_14/Materials/S_G_000115_E1.mat using Guid(f3ebbada4f57b47bfa7f0fd0d6c699ed) Importer(2089858483,0ecaa5967403d082aa24f35e1b516d23) [PhysX] Initialized MultithreadedTaskDispatcher with 12 workers.
 -> (artifact id: '44663444332c940f08b0f5226f406abf') in 0.034200 seconds
Number of updated asset objects reloaded before import = 0
Number of asset objects unloaded after import = 2
========================================================================
Received Import Request.
  Time since last request: 0.000041 seconds.
  path: Assets/Dialogos/Dialogos Director/EntrevistaHecha.asset
  artifactKey: Guid(c1d388cf08d8797419581eafc0c3914d) Importer(2089858483,3d70f49cd1c2eb9ae422958d1c652c6b)
Start importing Assets/Dialogos/Dialogos Director/EntrevistaHecha.asset using Guid(c1d388cf08d8797419581eafc0c3914d) Importer(2089858483,3d70f49cd1c2eb9ae422958d1c652c6b) [PhysX] Initialized MultithreadedTaskDispatcher with 12 workers.
 -> (artifact id: 'ccd87d93a4b787b9f4145550550c1665') in 0.028146 seconds
Number of updated asset objects reloaded before import = 0
Number of asset objects unloaded after import = 2
========================================================================
Received Import Request.
  Time since last request: 0.000052 seconds.
  path: Assets/Scripts/Tienda/Kanas/Kanas4.asset
  artifactKey: Guid(a2417bec72e063c46a5f239fe68f399b) Importer(2089858483,3d70f49cd1c2eb9ae422958d1c652c6b)
Start importing Assets/Scripts/Tienda/Kanas/Kanas4.asset using Guid(a2417bec72e063c46a5f239fe68f399b) Importer(2089858483,3d70f49cd1c2eb9ae422958d1c652c6b) [PhysX] Initialized MultithreadedTaskDispatcher with 12 workers.
 -> (artifact id: '5af20109b8317b715d4788ebffcbb08a') in 0.031802 seconds
Number of updated asset objects reloaded before import = 0
Number of asset objects unloaded after import = 0
========================================================================
Received Import Request.
  Time since last request: 0.000235 seconds.
  path: Assets/ZRNAssets/005339_08932_25_14/Materials/S_G_000193_F1.mat
  artifactKey: Guid(8b14a95a423f24d0f8fcf21cfe0fc56a) Importer(2089858483,0ecaa5967403d082aa24f35e1b516d23)
Start importing Assets/ZRNAssets/005339_08932_25_14/Materials/S_G_000193_F1.mat using Guid(8b14a95a423f24d0f8fcf21cfe0fc56a) Importer(2089858483,0ecaa5967403d082aa24f35e1b516d23) [PhysX] Initialized MultithreadedTaskDispatcher with 12 workers.
 -> (artifact id: '5591e11f89557af4ed5c73abac979599') in 0.080795 seconds
Number of updated asset objects reloaded before import = 0
Number of asset objects unloaded after import = 2
========================================================================
Received Import Request.
  Time since last request: 0.004282 seconds.
  path: Assets/ZRNAssets/005339_08932_25_14/Materials/005339_08932_L_-90306_0_01_01_19.mat
  artifactKey: Guid(247b879a71ef0416588cfa1d2296b305) Importer(2089858483,0ecaa5967403d082aa24f35e1b516d23)
Start importing Assets/ZRNAssets/005339_08932_25_14/Materials/005339_08932_L_-90306_0_01_01_19.mat using Guid(247b879a71ef0416588cfa1d2296b305) Importer(2089858483,0ecaa5967403d082aa24f35e1b516d23) [PhysX] Initialized MultithreadedTaskDispatcher with 12 workers.
 -> (artifact id: '9528ef7a4d84a6ba52105ede369bd785') in 0.051180 seconds
Number of updated asset objects reloaded before import = 0
Number of asset objects unloaded after import = 2
========================================================================
Received Import Request.
  Time since last request: 0.000037 seconds.
  path: Assets/ZRNAssets/005339_08932_25_14/Materials/S_G_000106_S1.mat
  artifactKey: Guid(44a4c70380984437aa9b26e6d3fdf39d) Importer(2089858483,0ecaa5967403d082aa24f35e1b516d23)
Start importing Assets/ZRNAssets/005339_08932_25_14/Materials/S_G_000106_S1.mat using Guid(44a4c70380984437aa9b26e6d3fdf39d) Importer(2089858483,0ecaa5967403d082aa24f35e1b516d23) [PhysX] Initialized MultithreadedTaskDispatcher with 12 workers.
 -> (artifact id: '14464e03b79ac4976bbf0ac9cbba6c60') in 0.058337 seconds
Number of updated asset objects reloaded before import = 0
Number of asset objects unloaded after import = 2
========================================================================
Received Import Request.
  Time since last request: 0.001606 seconds.
  path: Assets/ZRNAssets/005339_08932_25_14/Materials/005339_08932_25_14_unitedmat_112.mat
  artifactKey: Guid(667fb8487edcf427cbe37e5af1f1be22) Importer(2089858483,0ecaa5967403d082aa24f35e1b516d23)
Start importing Assets/ZRNAssets/005339_08932_25_14/Materials/005339_08932_25_14_unitedmat_112.mat using Guid(667fb8487edcf427cbe37e5af1f1be22) Importer(2089858483,0ecaa5967403d082aa24f35e1b516d23) [PhysX] Initialized MultithreadedTaskDispatcher with 12 workers.
 -> (artifact id: '1532fac1501a6de883d9ba88833181fb') in 0.045472 seconds
Number of updated asset objects reloaded before import = 0
Number of asset objects unloaded after import = 2
========================================================================
Received Import Request.
  Time since last request: 0.000036 seconds.
  path: Assets/ZRNAssets/005339_08932_25_14/Materials/005339_08932_25_14_unitedmat_116.mat
  artifactKey: Guid(253c359de5f4944c98158981f10448d1) Importer(2089858483,0ecaa5967403d082aa24f35e1b516d23)
Start importing Assets/ZRNAssets/005339_08932_25_14/Materials/005339_08932_25_14_unitedmat_116.mat using Guid(253c359de5f4944c98158981f10448d1) Importer(2089858483,0ecaa5967403d082aa24f35e1b516d23) [PhysX] Initialized MultithreadedTaskDispatcher with 12 workers.
 -> (artifact id: 'ccc20c061ef7d39f1a7f6176c6dc1cdc') in 0.059387 seconds
Number of updated asset objects reloaded before import = 0
Number of asset objects unloaded after import = 2
========================================================================
Received Import Request.
  Time since last request: 0.000062 seconds.
  path: Assets/ZRNAssets/005339_08932_25_14/Materials/S_G_000156_S.mat
  artifactKey: Guid(82e8308ae0f774482825d6d7f5a7315e) Importer(2089858483,0ecaa5967403d082aa24f35e1b516d23)
Start importing Assets/ZRNAssets/005339_08932_25_14/Materials/S_G_000156_S.mat using Guid(82e8308ae0f774482825d6d7f5a7315e) Importer(2089858483,0ecaa5967403d082aa24f35e1b516d23) [PhysX] Initialized MultithreadedTaskDispatcher with 12 workers.
 -> (artifact id: 'e2a1b50cf7e08e129b500dfa683eeb96') in 0.061028 seconds
Number of updated asset objects reloaded before import = 0
Number of asset objects unloaded after import = 2
========================================================================
Received Import Request.
  Time since last request: 0.003154 seconds.
  path: Assets/ZRNAssets/005339_08932_25_14/Materials/s_FootBridgeSide_TransP2.mat
  artifactKey: Guid(12e67df300cdf42929af6a59123ea9a1) Importer(2089858483,0ecaa5967403d082aa24f35e1b516d23)
Start importing Assets/ZRNAssets/005339_08932_25_14/Materials/s_FootBridgeSide_TransP2.mat using Guid(12e67df300cdf42929af6a59123ea9a1) Importer(2089858483,0ecaa5967403d082aa24f35e1b516d23) [PhysX] Initialized MultithreadedTaskDispatcher with 12 workers.
 -> (artifact id: '59c55f226b352bf4f12aec6cb920885f') in 0.050890 seconds
Number of updated asset objects reloaded before import = 0
Number of asset objects unloaded after import = 2
========================================================================
Received Import Request.
  Time since last request: 0.000036 seconds.
  path: Assets/ZRNAssets/005339_08932_25_14/Materials/S_G_000115_S.mat
  artifactKey: Guid(05bbbf8a2ae7e4fa497e46d0c247492e) Importer(2089858483,0ecaa5967403d082aa24f35e1b516d23)
Start importing Assets/ZRNAssets/005339_08932_25_14/Materials/S_G_000115_S.mat using Guid(05bbbf8a2ae7e4fa497e46d0c247492e) Importer(2089858483,0ecaa5967403d082aa24f35e1b516d23) [PhysX] Initialized MultithreadedTaskDispatcher with 12 workers.
 -> (artifact id: 'd407ae775ea96b8f99d9867304b91d0a') in 0.059724 seconds
Number of updated asset objects reloaded before import = 0
Number of asset objects unloaded after import = 2
========================================================================
Received Import Request.
  Time since last request: 0.000049 seconds.
  path: Assets/TextMesh Pro/Examples & Extras/Scenes/20 - Input Field with Scrollbar.unity
  artifactKey: Guid(337f92480dd24675aae9e79210fb1ad9) Importer(2089858483,3d70f49cd1c2eb9ae422958d1c652c6b)
Start importing Assets/TextMesh Pro/Examples & Extras/Scenes/20 - Input Field with Scrollbar.unity using Guid(337f92480dd24675aae9e79210fb1ad9) Importer(2089858483,3d70f49cd1c2eb9ae422958d1c652c6b) [PhysX] Initialized MultithreadedTaskDispatcher with 12 workers.
Opening scene 'Assets/TextMesh Pro/Examples & Extras/Scenes/20 - Input Field with Scrollbar.unity additively'
LightingSettings: switching bake backend from 1 to 0.
Loaded scene 'Assets/TextMesh Pro/Examples & Extras/Scenes/20 - Input Field with Scrollbar.unity'
	Deserialize:            87.317 ms
	Integration:            302.073 ms
	Integration of assets:  15.294 ms
	Thread Wait Time:       0.125 ms
	Total Operation Time:   404.809 ms
 -> (artifact id: '4e31e03decc06a5f119f1ca85a1e9192') in 0.485675 seconds
Number of updated asset objects reloaded before import = 0
Number of asset objects unloaded after import = 29
========================================================================
Received Import Request.
  Time since last request: 0.000047 seconds.
  path: Assets/ZRNAssets/005339_08932_25_14/Materials/005339_08932_unitedmat_213.mat
  artifactKey: Guid(7144dc47691db4d168bc70b02bdcc42c) Importer(2089858483,0ecaa5967403d082aa24f35e1b516d23)
Start importing Assets/ZRNAssets/005339_08932_25_14/Materials/005339_08932_unitedmat_213.mat using Guid(7144dc47691db4d168bc70b02bdcc42c) Importer(2089858483,0ecaa5967403d082aa24f35e1b516d23) [PhysX] Initialized MultithreadedTaskDispatcher with 12 workers.
 -> (artifact id: '567bdb4b5832fd8cc33ab8d69c640ba4') in 0.051393 seconds
Number of updated asset objects reloaded before import = 0
Number of asset objects unloaded after import = 1
========================================================================
Received Import Request.
  Time since last request: 0.001093 seconds.
  path: Assets/ZRNAssets/005339_08932_25_14/Materials/005339_08932_L_1295_0_01_01_4.mat
  artifactKey: Guid(84c16bf14a7844fbabd48728b3d1e8cd) Importer(2089858483,0ecaa5967403d082aa24f35e1b516d23)
Start importing Assets/ZRNAssets/005339_08932_25_14/Materials/005339_08932_L_1295_0_01_01_4.mat using Guid(84c16bf14a7844fbabd48728b3d1e8cd) Importer(2089858483,0ecaa5967403d082aa24f35e1b516d23) [PhysX] Initialized MultithreadedTaskDispatcher with 12 workers.
 -> (artifact id: '02105dbc8ea61cd7773c71e50a7672c6') in 0.046549 seconds
Number of updated asset objects reloaded before import = 0
Number of asset objects unloaded after import = 2
========================================================================
Received Import Request.
  Time since last request: 0.000036 seconds.
  path: Assets/ZRNAssets/005339_08932_25_14/Materials/S_G_000113_S.mat
  artifactKey: Guid(e789985b9948747d29825bb7b04164af) Importer(2089858483,0ecaa5967403d082aa24f35e1b516d23)
Start importing Assets/ZRNAssets/005339_08932_25_14/Materials/S_G_000113_S.mat using Guid(e789985b9948747d29825bb7b04164af) Importer(2089858483,0ecaa5967403d082aa24f35e1b516d23) [PhysX] Initialized MultithreadedTaskDispatcher with 12 workers.
 -> (artifact id: '1bb785b86f2ee11932c96e3711e9d96a') in 0.034385 seconds
Number of updated asset objects reloaded before import = 0
Number of asset objects unloaded after import = 2
========================================================================
Received Import Request.
  Time since last request: 0.000035 seconds.
  path: Assets/ZRNAssets/005339_08932_25_14/Materials/S_G_000106_F.mat
  artifactKey: Guid(1acf14ac15bce4cd5a2b374cbfe6af0e) Importer(2089858483,0ecaa5967403d082aa24f35e1b516d23)
Start importing Assets/ZRNAssets/005339_08932_25_14/Materials/S_G_000106_F.mat using Guid(1acf14ac15bce4cd5a2b374cbfe6af0e) Importer(2089858483,0ecaa5967403d082aa24f35e1b516d23) [PhysX] Initialized MultithreadedTaskDispatcher with 12 workers.
 -> (artifact id: '6eeeeab1464feb5eecb4f0601a896571') in 0.035154 seconds
Number of updated asset objects reloaded before import = 0
Number of asset objects unloaded after import = 2
========================================================================
Received Import Request.
  Time since last request: 0.000042 seconds.
  path: Assets/ZRNAssets/005339_08932_25_14/Materials/S_G_000172_S.mat
  artifactKey: Guid(9d1da2b2520214058a69d7120b9cb5b6) Importer(2089858483,0ecaa5967403d082aa24f35e1b516d23)
Start importing Assets/ZRNAssets/005339_08932_25_14/Materials/S_G_000172_S.mat using Guid(9d1da2b2520214058a69d7120b9cb5b6) Importer(2089858483,0ecaa5967403d082aa24f35e1b516d23) [PhysX] Initialized MultithreadedTaskDispatcher with 12 workers.
 -> (artifact id: '982298c6839920832799dcf3229f172e') in 0.071374 seconds
Number of updated asset objects reloaded before import = 0
Number of asset objects unloaded after import = 2
========================================================================
Received Import Request.
  Time since last request: 0.000104 seconds.
  path: Assets/ZRNAssets/005339_08932_25_14/Materials/005339_08932_L_-90296_0_01_01_4.mat
  artifactKey: Guid(03eee80d10bb4402e9e0e02ec0115d5b) Importer(2089858483,0ecaa5967403d082aa24f35e1b516d23)
Start importing Assets/ZRNAssets/005339_08932_25_14/Materials/005339_08932_L_-90296_0_01_01_4.mat using Guid(03eee80d10bb4402e9e0e02ec0115d5b) Importer(2089858483,0ecaa5967403d082aa24f35e1b516d23) [PhysX] Initialized MultithreadedTaskDispatcher with 12 workers.
 -> (artifact id: 'b4c6a5eebc0b91100cadf42844d60eef') in 0.062653 seconds
Number of updated asset objects reloaded before import = 0
Number of asset objects unloaded after import = 2
========================================================================
Received Import Request.
  Time since last request: 0.006460 seconds.
  path: Assets/ZRNAssets/005339_08932_25_14/Materials/005339_08932_L_-90209_0_01_01_5.mat
  artifactKey: Guid(33a21cdae6ba7471a8bf6cee2e2831b0) Importer(2089858483,0ecaa5967403d082aa24f35e1b516d23)
Start importing Assets/ZRNAssets/005339_08932_25_14/Materials/005339_08932_L_-90209_0_01_01_5.mat using Guid(33a21cdae6ba7471a8bf6cee2e2831b0) Importer(2089858483,0ecaa5967403d082aa24f35e1b516d23) [PhysX] Initialized MultithreadedTaskDispatcher with 12 workers.
 -> (artifact id: 'c1e1c8cb256636fadd82fe4d68751ae5') in 0.058835 seconds
Number of updated asset objects reloaded before import = 0
Number of asset objects unloaded after import = 2
========================================================================
Received Import Request.
  Time since last request: 0.000321 seconds.
  path: Assets/ZRNAssets/005339_08932_25_14/Materials/005339_08932_unitedmat_112.mat
  artifactKey: Guid(12bf88cb2a0634360946254723676584) Importer(2089858483,0ecaa5967403d082aa24f35e1b516d23)
Start importing Assets/ZRNAssets/005339_08932_25_14/Materials/005339_08932_unitedmat_112.mat using Guid(12bf88cb2a0634360946254723676584) Importer(2089858483,0ecaa5967403d082aa24f35e1b516d23) [PhysX] Initialized MultithreadedTaskDispatcher with 12 workers.
 -> (artifact id: '02a532173e1c5fc7b93b82f422689fe7') in 0.033292 seconds
Number of updated asset objects reloaded before import = 0
Number of asset objects unloaded after import = 1
========================================================================
Received Import Request.
  Time since last request: 0.001426 seconds.
  path: Assets/ZRNAssets/005339_08932_25_14/Materials/005339_08932_L_-105382_0_01_01_28.mat
  artifactKey: Guid(76e0014963aa840f893e7e7189724369) Importer(2089858483,0ecaa5967403d082aa24f35e1b516d23)
Start importing Assets/ZRNAssets/005339_08932_25_14/Materials/005339_08932_L_-105382_0_01_01_28.mat using Guid(76e0014963aa840f893e7e7189724369) Importer(2089858483,0ecaa5967403d082aa24f35e1b516d23) [PhysX] Initialized MultithreadedTaskDispatcher with 12 workers.
 -> (artifact id: '1e8b3f23529fc595a67e0020905fe6b3') in 0.068417 seconds
Number of updated asset objects reloaded before import = 0
Number of asset objects unloaded after import = 2
========================================================================
Received Import Request.
  Time since last request: 0.000446 seconds.
  path: Assets/ZRNAssets/005339_08932_25_14/Materials/005339_08932_25_14_unitedmat_27.mat
  artifactKey: Guid(830e1bc64411d4545af3a6eb6d2a2c1c) Importer(2089858483,0ecaa5967403d082aa24f35e1b516d23)
Start importing Assets/ZRNAssets/005339_08932_25_14/Materials/005339_08932_25_14_unitedmat_27.mat using Guid(830e1bc64411d4545af3a6eb6d2a2c1c) Importer(2089858483,0ecaa5967403d082aa24f35e1b516d23) [PhysX] Initialized MultithreadedTaskDispatcher with 12 workers.
 -> (artifact id: 'ea81d62cb503d64dbb26d8d9c518cca1') in 0.064753 seconds
Number of updated asset objects reloaded before import = 0
Number of asset objects unloaded after import = 2
========================================================================
Received Import Request.
  Time since last request: 0.000048 seconds.
  path: Assets/ZRNAssets/005339_08932_25_14/Materials/005339_08932_unitedmat_125.mat
  artifactKey: Guid(1cddafb4cf86c4141b3ec700f0fb05fc) Importer(2089858483,0ecaa5967403d082aa24f35e1b516d23)
Start importing Assets/ZRNAssets/005339_08932_25_14/Materials/005339_08932_unitedmat_125.mat using Guid(1cddafb4cf86c4141b3ec700f0fb05fc) Importer(2089858483,0ecaa5967403d082aa24f35e1b516d23) [PhysX] Initialized MultithreadedTaskDispatcher with 12 workers.
 -> (artifact id: 'e155fa9296b42c30851903d382cf10a2') in 0.034526 seconds
Number of updated asset objects reloaded before import = 0
Number of asset objects unloaded after import = 1
========================================================================
Received Import Request.
  Time since last request: 0.000079 seconds.
  path: Assets/ZRNAssets/005339_08932_25_14/Materials/005339_08932_L_-90275_0_01_01_8.mat
  artifactKey: Guid(9a9815335442c4d458753a52a7677cdb) Importer(2089858483,0ecaa5967403d082aa24f35e1b516d23)
Start importing Assets/ZRNAssets/005339_08932_25_14/Materials/005339_08932_L_-90275_0_01_01_8.mat using Guid(9a9815335442c4d458753a52a7677cdb) Importer(2089858483,0ecaa5967403d082aa24f35e1b516d23) [PhysX] Initialized MultithreadedTaskDispatcher with 12 workers.
 -> (artifact id: '7f2ba7ed463b258158518bbee067e0b7') in 0.049919 seconds
Number of updated asset objects reloaded before import = 0
Number of asset objects unloaded after import = 2
========================================================================
Received Import Request.
  Time since last request: 0.000072 seconds.
  path: Assets/ZRNAssets/005339_08932_25_14/Materials/S_G_000112_S.mat
  artifactKey: Guid(c710cb178ac2f49f293912bc46a413a8) Importer(2089858483,0ecaa5967403d082aa24f35e1b516d23)
Start importing Assets/ZRNAssets/005339_08932_25_14/Materials/S_G_000112_S.mat using Guid(c710cb178ac2f49f293912bc46a413a8) Importer(2089858483,0ecaa5967403d082aa24f35e1b516d23) [PhysX] Initialized MultithreadedTaskDispatcher with 12 workers.
 -> (artifact id: '301f650a3600698a861c7294125a1ca7') in 0.055721 seconds
Number of updated asset objects reloaded before import = 0
Number of asset objects unloaded after import = 2
========================================================================
Received Import Request.
  Time since last request: 0.000593 seconds.
  path: Assets/ZRNAssets/005339_08932_25_14/Materials/S_G_000168_S.mat
  artifactKey: Guid(21ece31e66c604b049425c4d233a4256) Importer(2089858483,0ecaa5967403d082aa24f35e1b516d23)
Start importing Assets/ZRNAssets/005339_08932_25_14/Materials/S_G_000168_S.mat using Guid(21ece31e66c604b049425c4d233a4256) Importer(2089858483,0ecaa5967403d082aa24f35e1b516d23) [PhysX] Initialized MultithreadedTaskDispatcher with 12 workers.
 -> (artifact id: '242fc8bdf441c67d9f02000ddc590f6c') in 0.043897 seconds
Number of updated asset objects reloaded before import = 0
Number of asset objects unloaded after import = 2
========================================================================
Received Import Request.
  Time since last request: 0.000030 seconds.
  path: Assets/ZRNAssets/005339_08932_25_14/Materials/005339_08932_unitedmat_142.mat
  artifactKey: Guid(81e7d72d9ac144faea66d607ff1f2b2f) Importer(2089858483,0ecaa5967403d082aa24f35e1b516d23)
Start importing Assets/ZRNAssets/005339_08932_25_14/Materials/005339_08932_unitedmat_142.mat using Guid(81e7d72d9ac144faea66d607ff1f2b2f) Importer(2089858483,0ecaa5967403d082aa24f35e1b516d23) [PhysX] Initialized MultithreadedTaskDispatcher with 12 workers.
 -> (artifact id: '1d5ab2d3daee9dd463c28c1215cc12c5') in 0.028994 seconds
Number of updated asset objects reloaded before import = 0
Number of asset objects unloaded after import = 1
========================================================================
Received Import Request.
  Time since last request: 0.000035 seconds.
  path: Assets/ZRNAssets/005339_08932_25_14/Materials/S_G_000152_F.mat
  artifactKey: Guid(876fa4e04b88f406cab4099ec6077127) Importer(2089858483,0ecaa5967403d082aa24f35e1b516d23)
Start importing Assets/ZRNAssets/005339_08932_25_14/Materials/S_G_000152_F.mat using Guid(876fa4e04b88f406cab4099ec6077127) Importer(2089858483,0ecaa5967403d082aa24f35e1b516d23) [PhysX] Initialized MultithreadedTaskDispatcher with 12 workers.
 -> (artifact id: '8eedd28491469ea82b0eb4a86e75d3dd') in 0.063017 seconds
Number of updated asset objects reloaded before import = 0
Number of asset objects unloaded after import = 2
========================================================================
Received Import Request.
  Time since last request: 0.001979 seconds.
  path: Assets/ZRNAssets/005339_08932_25_14/Materials/005339_08932_25_14_unitedmat_45.mat
  artifactKey: Guid(15bd903daacb7427a915b1c5053fdd5e) Importer(2089858483,0ecaa5967403d082aa24f35e1b516d23)
Start importing Assets/ZRNAssets/005339_08932_25_14/Materials/005339_08932_25_14_unitedmat_45.mat using Guid(15bd903daacb7427a915b1c5053fdd5e) Importer(2089858483,0ecaa5967403d082aa24f35e1b516d23) [PhysX] Initialized MultithreadedTaskDispatcher with 12 workers.
 -> (artifact id: '49431ac4972cfcd525de78aa193190c9') in 0.056794 seconds
Number of updated asset objects reloaded before import = 0
Number of asset objects unloaded after import = 2
========================================================================
Received Import Request.
  Time since last request: 0.000046 seconds.
  path: Assets/ZRNAssets/005339_08932_25_14/Materials/005339_08932_unitedmat_157.mat
  artifactKey: Guid(fd7468c2e27b4446496ac96d3beb8d71) Importer(2089858483,0ecaa5967403d082aa24f35e1b516d23)
Start importing Assets/ZRNAssets/005339_08932_25_14/Materials/005339_08932_unitedmat_157.mat using Guid(fd7468c2e27b4446496ac96d3beb8d71) Importer(2089858483,0ecaa5967403d082aa24f35e1b516d23) [PhysX] Initialized MultithreadedTaskDispatcher with 12 workers.
 -> (artifact id: '0c2323b2c11a43039ecfd68ddef8d2ed') in 0.040437 seconds
Number of updated asset objects reloaded before import = 0
Number of asset objects unloaded after import = 1
========================================================================
Received Import Request.
  Time since last request: 0.000230 seconds.
  path: Assets/ZRNAssets/005339_08932_25_14/Materials/S_G_000158_S1.mat
  artifactKey: Guid(12ac8eba9f7d648ec9e4327a3a24e8ac) Importer(2089858483,0ecaa5967403d082aa24f35e1b516d23)
Start importing Assets/ZRNAssets/005339_08932_25_14/Materials/S_G_000158_S1.mat using Guid(12ac8eba9f7d648ec9e4327a3a24e8ac) Importer(2089858483,0ecaa5967403d082aa24f35e1b516d23) [PhysX] Initialized MultithreadedTaskDispatcher with 12 workers.
 -> (artifact id: '91b6cc680cabfd5533088689bbc30ab4') in 0.042136 seconds
Number of updated asset objects reloaded before import = 0
Number of asset objects unloaded after import = 2
========================================================================
Received Import Request.
  Time since last request: 0.000118 seconds.
  path: Assets/ZRNAssets/005339_08932_25_14/Materials/005339_08932_25_14_unitedmat_22.mat
  artifactKey: Guid(148ed90ee4ff84d85863d0b976397beb) Importer(2089858483,0ecaa5967403d082aa24f35e1b516d23)
Start importing Assets/ZRNAssets/005339_08932_25_14/Materials/005339_08932_25_14_unitedmat_22.mat using Guid(148ed90ee4ff84d85863d0b976397beb) Importer(2089858483,0ecaa5967403d082aa24f35e1b516d23) [PhysX] Initialized MultithreadedTaskDispatcher with 12 workers.
 -> (artifact id: '22e5fbc39cd8d432705f501ae0bd3445') in 0.045533 seconds
Number of updated asset objects reloaded before import = 0
Number of asset objects unloaded after import = 2
========================================================================
Received Import Request.
  Time since last request: 0.000048 seconds.
  path: Assets/ZRNAssets/005339_08932_25_14/Materials/S_G_000163_S.mat
  artifactKey: Guid(ccd4c98c8ac874cefad12d57b3da07b4) Importer(2089858483,0ecaa5967403d082aa24f35e1b516d23)
Start importing Assets/ZRNAssets/005339_08932_25_14/Materials/S_G_000163_S.mat using Guid(ccd4c98c8ac874cefad12d57b3da07b4) Importer(2089858483,0ecaa5967403d082aa24f35e1b516d23) [PhysX] Initialized MultithreadedTaskDispatcher with 12 workers.
 -> (artifact id: '867b2c50dedf5f172a4a436c81c13585') in 0.030923 seconds
Number of updated asset objects reloaded before import = 0
Number of asset objects unloaded after import = 2
========================================================================
Received Import Request.
  Time since last request: 0.003102 seconds.
  path: Assets/ZRNAssets/005339_08932_25_14/Materials/S_G_000158_S.mat
  artifactKey: Guid(2d8fea3a33e4c4b069cfa44b10d3db57) Importer(2089858483,0ecaa5967403d082aa24f35e1b516d23)
Start importing Assets/ZRNAssets/005339_08932_25_14/Materials/S_G_000158_S.mat using Guid(2d8fea3a33e4c4b069cfa44b10d3db57) Importer(2089858483,0ecaa5967403d082aa24f35e1b516d23) [PhysX] Initialized MultithreadedTaskDispatcher with 12 workers.
 -> (artifact id: 'be9a3a5267da9c4e9d911ab0d1ff2e71') in 0.024427 seconds
Number of updated asset objects reloaded before import = 0
Number of asset objects unloaded after import = 2
========================================================================
Received Import Request.
  Time since last request: 0.000706 seconds.
  path: Assets/ZRNAssets/005339_08932_25_14/Materials/005339_08932_unitedmat_129.mat
  artifactKey: Guid(d6d7d1fdad304452db5908e115f5c070) Importer(2089858483,0ecaa5967403d082aa24f35e1b516d23)
Start importing Assets/ZRNAssets/005339_08932_25_14/Materials/005339_08932_unitedmat_129.mat using Guid(d6d7d1fdad304452db5908e115f5c070) Importer(2089858483,0ecaa5967403d082aa24f35e1b516d23) [PhysX] Initialized MultithreadedTaskDispatcher with 12 workers.
 -> (artifact id: 'fefa76980928b5cf051c0e5aa7ed3cca') in 0.030749 seconds
Number of updated asset objects reloaded before import = 0
Number of asset objects unloaded after import = 1
========================================================================
Received Import Request.
  Time since last request: 0.000046 seconds.
  path: Assets/ZRNAssets/005339_08932_25_14/Materials/005339_08932_L_-90307_0_01_01_8.mat
  artifactKey: Guid(d03a437718ecc48579e76458bbeb4021) Importer(2089858483,0ecaa5967403d082aa24f35e1b516d23)
Start importing Assets/ZRNAssets/005339_08932_25_14/Materials/005339_08932_L_-90307_0_01_01_8.mat using Guid(d03a437718ecc48579e76458bbeb4021) Importer(2089858483,0ecaa5967403d082aa24f35e1b516d23) [PhysX] Initialized MultithreadedTaskDispatcher with 12 workers.
 -> (artifact id: '77209b1c19f0b258f3db6b18c973ac6a') in 0.038377 seconds
Number of updated asset objects reloaded before import = 0
Number of asset objects unloaded after import = 2
========================================================================
Received Import Request.
  Time since last request: 0.052501 seconds.
  path: Assets/ZRNAssets/005339_08932_25_14/Materials/005339_08932_25_14_unitedmat_19.mat
  artifactKey: Guid(458e5c6f433c1411f86e0dfc36575b24) Importer(2089858483,0ecaa5967403d082aa24f35e1b516d23)
Start importing Assets/ZRNAssets/005339_08932_25_14/Materials/005339_08932_25_14_unitedmat_19.mat using Guid(458e5c6f433c1411f86e0dfc36575b24) Importer(2089858483,0ecaa5967403d082aa24f35e1b516d23) [PhysX] Initialized MultithreadedTaskDispatcher with 12 workers.
 -> (artifact id: 'e86a81ff682e5373f6cf436cef637f31') in 0.028619 seconds
Number of updated asset objects reloaded before import = 0
Number of asset objects unloaded after import = 2
========================================================================
Received Import Request.
  Time since last request: 0.000042 seconds.
  path: Assets/ZRNAssets/005339_08932_25_14/Materials/005339_08932_unitedmat_135.mat
  artifactKey: Guid(49f3ac29938434d5e95e1217a77a0ba5) Importer(2089858483,0ecaa5967403d082aa24f35e1b516d23)
Start importing Assets/ZRNAssets/005339_08932_25_14/Materials/005339_08932_unitedmat_135.mat using Guid(49f3ac29938434d5e95e1217a77a0ba5) Importer(2089858483,0ecaa5967403d082aa24f35e1b516d23) [PhysX] Initialized MultithreadedTaskDispatcher with 12 workers.
 -> (artifact id: 'e792efe99797381677ae50a6954347eb') in 0.044888 seconds
Number of updated asset objects reloaded before import = 0
Number of asset objects unloaded after import = 1
========================================================================
Received Import Request.
  Time since last request: 0.000047 seconds.
  path: Assets/ZRNAssets/005339_08932_25_14/Materials/005339_08932_25_14_unitedmat_66.mat
  artifactKey: Guid(fccb4e3e534434b87a30d214a338024d) Importer(2089858483,0ecaa5967403d082aa24f35e1b516d23)
Start importing Assets/ZRNAssets/005339_08932_25_14/Materials/005339_08932_25_14_unitedmat_66.mat using Guid(fccb4e3e534434b87a30d214a338024d) Importer(2089858483,0ecaa5967403d082aa24f35e1b516d23) [PhysX] Initialized MultithreadedTaskDispatcher with 12 workers.
 -> (artifact id: 'ef40fa5f4c61511390e8447d849a810f') in 0.138964 seconds
Number of updated asset objects reloaded before import = 0
Number of asset objects unloaded after import = 2
========================================================================
Received Import Request.
  Time since last request: 0.000292 seconds.
  path: Assets/ZRNAssets/005339_08932_25_14/Materials/005339_08932_unitedmat_117.mat
  artifactKey: Guid(9a1ff407559a442078e4fd260c21a0b3) Importer(2089858483,0ecaa5967403d082aa24f35e1b516d23)
Start importing Assets/ZRNAssets/005339_08932_25_14/Materials/005339_08932_unitedmat_117.mat using Guid(9a1ff407559a442078e4fd260c21a0b3) Importer(2089858483,0ecaa5967403d082aa24f35e1b516d23) [PhysX] Initialized MultithreadedTaskDispatcher with 12 workers.
 -> (artifact id: 'e0d0c65fd20cd950f944a1999e02129f') in 0.028258 seconds
Number of updated asset objects reloaded before import = 0
Number of asset objects unloaded after import = 1
========================================================================
Received Import Request.
  Time since last request: 0.000037 seconds.
  path: Assets/ZRNAssets/005339_08932_25_14/Materials/005339_08932_unitedmat_137.mat
  artifactKey: Guid(4cbe72c9e92724950b28c4cda19d8fcd) Importer(2089858483,0ecaa5967403d082aa24f35e1b516d23)
Start importing Assets/ZRNAssets/005339_08932_25_14/Materials/005339_08932_unitedmat_137.mat using Guid(4cbe72c9e92724950b28c4cda19d8fcd) Importer(2089858483,0ecaa5967403d082aa24f35e1b516d23) [PhysX] Initialized MultithreadedTaskDispatcher with 12 workers.
 -> (artifact id: 'c1f765b77dde940ea72901fe89007da0') in 0.034367 seconds
Number of updated asset objects reloaded before import = 0
Number of asset objects unloaded after import = 1
========================================================================
Received Import Request.
  Time since last request: 0.000137 seconds.
  path: Assets/ZRNAssets/005339_08932_25_14/Materials/S_G_000186_S1.mat
  artifactKey: Guid(714d5dcdb60b04874807cd59c964ea06) Importer(2089858483,0ecaa5967403d082aa24f35e1b516d23)
Start importing Assets/ZRNAssets/005339_08932_25_14/Materials/S_G_000186_S1.mat using Guid(714d5dcdb60b04874807cd59c964ea06) Importer(2089858483,0ecaa5967403d082aa24f35e1b516d23) [PhysX] Initialized MultithreadedTaskDispatcher with 12 workers.
 -> (artifact id: 'f2c80c2b4c0f07c41fb11979e9bed4aa') in 0.043151 seconds
Number of updated asset objects reloaded before import = 0
Number of asset objects unloaded after import = 2
========================================================================
Received Import Request.
  Time since last request: 0.000060 seconds.
  path: Assets/ZRNAssets/005339_08932_25_14/Materials/005339_08932_unitedmat_172.mat
  artifactKey: Guid(900b81bddf02449cfa81019f65cc0db6) Importer(2089858483,0ecaa5967403d082aa24f35e1b516d23)
Start importing Assets/ZRNAssets/005339_08932_25_14/Materials/005339_08932_unitedmat_172.mat using Guid(900b81bddf02449cfa81019f65cc0db6) Importer(2089858483,0ecaa5967403d082aa24f35e1b516d23) [PhysX] Initialized MultithreadedTaskDispatcher with 12 workers.
 -> (artifact id: '9647125318909ba0a027cdff9a2c95f0') in 0.040489 seconds
Number of updated asset objects reloaded before import = 0
Number of asset objects unloaded after import = 1
========================================================================
Received Import Request.
  Time since last request: 0.000042 seconds.
  path: Assets/ZRNAssets/005339_08932_25_14/Materials/s_FootBridgeTop.mat
  artifactKey: Guid(8791d252408d644b39c32400c0ede8ea) Importer(2089858483,0ecaa5967403d082aa24f35e1b516d23)
Start importing Assets/ZRNAssets/005339_08932_25_14/Materials/s_FootBridgeTop.mat using Guid(8791d252408d644b39c32400c0ede8ea) Importer(2089858483,0ecaa5967403d082aa24f35e1b516d23) [PhysX] Initialized MultithreadedTaskDispatcher with 12 workers.
 -> (artifact id: 'fa2a7bf5fd8d44786672af1dd895f48e') in 0.030556 seconds
Number of updated asset objects reloaded before import = 0
Number of asset objects unloaded after import = 2
========================================================================
Received Import Request.
  Time since last request: 0.000170 seconds.
  path: Assets/ZRNAssets/005339_08932_25_14/Materials/005339_08932_25_14_unitedmat_194.mat
  artifactKey: Guid(788156bbb5d1d4c7999358123402b0ae) Importer(2089858483,0ecaa5967403d082aa24f35e1b516d23)
Start importing Assets/ZRNAssets/005339_08932_25_14/Materials/005339_08932_25_14_unitedmat_194.mat using Guid(788156bbb5d1d4c7999358123402b0ae) Importer(2089858483,0ecaa5967403d082aa24f35e1b516d23) [PhysX] Initialized MultithreadedTaskDispatcher with 12 workers.
 -> (artifact id: '478bda96a3364afdc06e9e3ea8aad92b') in 0.049868 seconds
Number of updated asset objects reloaded before import = 0
Number of asset objects unloaded after import = 2
========================================================================
Received Import Request.
  Time since last request: 0.000040 seconds.
  path: Assets/ZRNAssets/005339_08932_25_14/Materials/S_G_000198_S.mat
  artifactKey: Guid(73dcff6a79e50404892422f4109a3cd1) Importer(2089858483,0ecaa5967403d082aa24f35e1b516d23)
Start importing Assets/ZRNAssets/005339_08932_25_14/Materials/S_G_000198_S.mat using Guid(73dcff6a79e50404892422f4109a3cd1) Importer(2089858483,0ecaa5967403d082aa24f35e1b516d23) [PhysX] Initialized MultithreadedTaskDispatcher with 12 workers.
 -> (artifact id: '9edfd79a990e7cb5e59105bfc782f9da') in 0.061842 seconds
Number of updated asset objects reloaded before import = 0
Number of asset objects unloaded after import = 2
========================================================================
Received Import Request.
  Time since last request: 0.000044 seconds.
  path: Assets/ZRNAssets/005339_08932_25_14/Materials/S_G_000131_E.mat
  artifactKey: Guid(e1bc62baf60ff4a65bbf0a5065432b4e) Importer(2089858483,0ecaa5967403d082aa24f35e1b516d23)
Start importing Assets/ZRNAssets/005339_08932_25_14/Materials/S_G_000131_E.mat using Guid(e1bc62baf60ff4a65bbf0a5065432b4e) Importer(2089858483,0ecaa5967403d082aa24f35e1b516d23) [PhysX] Initialized MultithreadedTaskDispatcher with 12 workers.
 -> (artifact id: '111f44de46eccb905b62b8a71ec88413') in 0.049495 seconds
Number of updated asset objects reloaded before import = 0
Number of asset objects unloaded after import = 2
========================================================================
Received Import Request.
  Time since last request: 0.000048 seconds.
  path: Assets/ZRNAssets/005339_08932_25_14/Materials/005339_08932_unitedmat_161.mat
  artifactKey: Guid(74f7ada827a054051b56b75801610966) Importer(2089858483,0ecaa5967403d082aa24f35e1b516d23)
Start importing Assets/ZRNAssets/005339_08932_25_14/Materials/005339_08932_unitedmat_161.mat using Guid(74f7ada827a054051b56b75801610966) Importer(2089858483,0ecaa5967403d082aa24f35e1b516d23) [PhysX] Initialized MultithreadedTaskDispatcher with 12 workers.
 -> (artifact id: 'd47e6ca53c159c018d647c9f28ac1c6f') in 0.030408 seconds
Number of updated asset objects reloaded before import = 0
Number of asset objects unloaded after import = 1
========================================================================
Received Import Request.
  Time since last request: 0.000045 seconds.
  path: Assets/ZRNAssets/005339_08932_25_14/Materials/S_G_000193_C.mat
  artifactKey: Guid(af7111e2cb1a34ba88e87b6baef24f8b) Importer(2089858483,0ecaa5967403d082aa24f35e1b516d23)
Start importing Assets/ZRNAssets/005339_08932_25_14/Materials/S_G_000193_C.mat using Guid(af7111e2cb1a34ba88e87b6baef24f8b) Importer(2089858483,0ecaa5967403d082aa24f35e1b516d23) [PhysX] Initialized MultithreadedTaskDispatcher with 12 workers.
 -> (artifact id: 'd644930b4eba5ebc52520afaff77bf60') in 0.032483 seconds
Number of updated asset objects reloaded before import = 0
Number of asset objects unloaded after import = 2
========================================================================
Received Import Request.
  Time since last request: 0.000125 seconds.
  path: Assets/ZRNAssets/005339_08932_25_14/Materials/005339_08932_25_14_unitedmat_127.mat
  artifactKey: Guid(c1c2a16a47265445abc66c50aca7b175) Importer(2089858483,0ecaa5967403d082aa24f35e1b516d23)
Start importing Assets/ZRNAssets/005339_08932_25_14/Materials/005339_08932_25_14_unitedmat_127.mat using Guid(c1c2a16a47265445abc66c50aca7b175) Importer(2089858483,0ecaa5967403d082aa24f35e1b516d23) [PhysX] Initialized MultithreadedTaskDispatcher with 12 workers.
 -> (artifact id: '7aacfb79f7c76d7f368d5724057ea832') in 0.044926 seconds
Number of updated asset objects reloaded before import = 0
Number of asset objects unloaded after import = 2
========================================================================
Received Import Request.
  Time since last request: 0.000038 seconds.
  path: Assets/Scripts/NPC1/botonOpcion.prefab
  artifactKey: Guid(6b9dfab7b225db64f9ded1c0a9d7f07a) Importer(2089858483,0ecaa5967403d082aa24f35e1b516d23)
Start importing Assets/Scripts/NPC1/botonOpcion.prefab using Guid(6b9dfab7b225db64f9ded1c0a9d7f07a) Importer(2089858483,0ecaa5967403d082aa24f35e1b516d23) [PhysX] Initialized MultithreadedTaskDispatcher with 12 workers.
 -> (artifact id: '623aec23b6f1b85bccbb373c401ea8d8') in 0.255865 seconds
Number of updated asset objects reloaded before import = 0
Number of asset objects unloaded after import = 16
========================================================================
Received Import Request.
  Time since last request: 0.000056 seconds.
  path: Assets/Scripts/NPC1/Cartas/Japanese_Hiragana_big_U.png
  artifactKey: Guid(937601243d9fdc34f9f3fcedc5c84834) Importer(2089858483,0ecaa5967403d082aa24f35e1b516d23)
Start importing Assets/Scripts/NPC1/Cartas/Japanese_Hiragana_big_U.png using Guid(937601243d9fdc34f9f3fcedc5c84834) Importer(2089858483,0ecaa5967403d082aa24f35e1b516d23) [PhysX] Initialized MultithreadedTaskDispatcher with 12 workers.
 -> (artifact id: '8348287b2932dd7b9ab8509f3ca70031') in 0.136525 seconds
Number of updated asset objects reloaded before import = 0
Number of asset objects unloaded after import = 3
========================================================================
Received Import Request.
  Time since last request: 0.000087 seconds.
  path: Assets/Scripts/Tienda/Kanas/Kanas6.asset
  artifactKey: Guid(96cad0acfb13fb840a32bab869592051) Importer(2089858483,0ecaa5967403d082aa24f35e1b516d23)
Start importing Assets/Scripts/Tienda/Kanas/Kanas6.asset using Guid(96cad0acfb13fb840a32bab869592051) Importer(2089858483,0ecaa5967403d082aa24f35e1b516d23) [PhysX] Initialized MultithreadedTaskDispatcher with 12 workers.
 -> (artifact id: 'a540379091ccabcf30494e2b8044458b') in 0.033488 seconds
Number of updated asset objects reloaded before import = 0
Number of asset objects unloaded after import = 1
========================================================================
Received Import Request.
  Time since last request: 0.000041 seconds.
  path: Assets/ZRNAssets/005339_08932_25_14/Materials/005339_08932_25_14_unitedmat_94.mat
  artifactKey: Guid(50877ae2633034fe2ade3666da64e68e) Importer(2089858483,0ecaa5967403d082aa24f35e1b516d23)
Start importing Assets/ZRNAssets/005339_08932_25_14/Materials/005339_08932_25_14_unitedmat_94.mat using Guid(50877ae2633034fe2ade3666da64e68e) Importer(2089858483,0ecaa5967403d082aa24f35e1b516d23) [PhysX] Initialized MultithreadedTaskDispatcher with 12 workers.
 -> (artifact id: 'baf8bd3a0268d12a11a63beffcd1b0d0') in 0.028851 seconds
Number of updated asset objects reloaded before import = 0
Number of asset objects unloaded after import = 2
========================================================================
Received Import Request.
  Time since last request: 0.000034 seconds.
  path: Assets/Dialogos/Dialogos NPC 4
  artifactKey: Guid(2b04bbea7feeb374685d0072dae67e20) Importer(2089858483,0ecaa5967403d082aa24f35e1b516d23)
Start importing Assets/Dialogos/Dialogos NPC 4 using Guid(2b04bbea7feeb374685d0072dae67e20) Importer(2089858483,0ecaa5967403d082aa24f35e1b516d23) [PhysX] Initialized MultithreadedTaskDispatcher with 12 workers.
 -> (artifact id: '687d82e630d21be04574afe627410644') in 0.027326 seconds
Number of updated asset objects reloaded before import = 0
Number of asset objects unloaded after import = 1
========================================================================
Received Import Request.
  Time since last request: 0.000039 seconds.
  path: Assets/Scripts/Tienda/Kanas/Kanas3.asset
  artifactKey: Guid(1cd00e3e4a33b2948835f4f377851aba) Importer(2089858483,0ecaa5967403d082aa24f35e1b516d23)
Start importing Assets/Scripts/Tienda/Kanas/Kanas3.asset using Guid(1cd00e3e4a33b2948835f4f377851aba) Importer(2089858483,0ecaa5967403d082aa24f35e1b516d23) [PhysX] Initialized MultithreadedTaskDispatcher with 12 workers.
 -> (artifact id: '1d59a065a134b0b74fc5d51f624ebf38') in 0.045031 seconds
Number of updated asset objects reloaded before import = 0
Number of asset objects unloaded after import = 1
========================================================================
Received Import Request.
  Time since last request: 0.000044 seconds.
  path: Assets/EditorPersonajes/Data/Hair
  artifactKey: Guid(33793624b3d6b3149bdf1cd48f18be96) Importer(2089858483,0ecaa5967403d082aa24f35e1b516d23)
Start importing Assets/EditorPersonajes/Data/Hair using Guid(33793624b3d6b3149bdf1cd48f18be96) Importer(2089858483,0ecaa5967403d082aa24f35e1b516d23) [PhysX] Initialized MultithreadedTaskDispatcher with 12 workers.
 -> (artifact id: '99014c5e9405b8b24bad26f25ac68950') in 0.024238 seconds
Number of updated asset objects reloaded before import = 0
Number of asset objects unloaded after import = 1
========================================================================
Received Import Request.
  Time since last request: 0.000061 seconds.
  path: Assets/Dialogos/Dialogos NPC8
  artifactKey: Guid(d71d36f692a33b94aa4a79bfde42f397) Importer(2089858483,0ecaa5967403d082aa24f35e1b516d23)
Start importing Assets/Dialogos/Dialogos NPC8 using Guid(d71d36f692a33b94aa4a79bfde42f397) Importer(2089858483,0ecaa5967403d082aa24f35e1b516d23) [PhysX] Initialized MultithreadedTaskDispatcher with 12 workers.
 -> (artifact id: 'd255f3176a960ce0495a153c18f5aa01') in 0.040272 seconds
Number of updated asset objects reloaded before import = 0
Number of asset objects unloaded after import = 1
========================================================================
Received Import Request.
  Time since last request: 0.000075 seconds.
  path: Assets/EditorPersonajes/Data/Accesories
  artifactKey: Guid(e0337e41bd850f041add4078326a8d6a) Importer(2089858483,0ecaa5967403d082aa24f35e1b516d23)
Start importing Assets/EditorPersonajes/Data/Accesories using Guid(e0337e41bd850f041add4078326a8d6a) Importer(2089858483,0ecaa5967403d082aa24f35e1b516d23) [PhysX] Initialized MultithreadedTaskDispatcher with 12 workers.
 -> (artifact id: '79654c2c8a8f7b1960a0532a32487858') in 0.023589 seconds
Number of updated asset objects reloaded before import = 0
Number of asset objects unloaded after import = 1
========================================================================
Received Import Request.
  Time since last request: 0.000054 seconds.
  path: Assets/TextMesh Pro/Fonts/NotoSerifJP-VariableFont_wght SDF.asset
  artifactKey: Guid(420b6cfa9ffa37b4ea66cd08dd3bd43f) Importer(2089858483,0ecaa5967403d082aa24f35e1b516d23)
Start importing Assets/TextMesh Pro/Fonts/NotoSerifJP-VariableFont_wght SDF.asset using Guid(420b6cfa9ffa37b4ea66cd08dd3bd43f) Importer(2089858483,0ecaa5967403d082aa24f35e1b516d23) [PhysX] Initialized MultithreadedTaskDispatcher with 12 workers.
 -> (artifact id: '82e2e0012cf0ddfeb7ede3564e059e3c') in 0.559344 seconds
Number of updated asset objects reloaded before import = 0
Number of asset objects unloaded after import = 5
========================================================================
Received Import Request.
  Time since last request: 0.000048 seconds.
  path: Assets/EditorPersonajes/Data/Shoes/Shoes_01.asset
  artifactKey: Guid(39668fc7853a13e4ab80ba118d6aa922) Importer(2089858483,0ecaa5967403d082aa24f35e1b516d23)
Start importing Assets/EditorPersonajes/Data/Shoes/Shoes_01.asset using Guid(39668fc7853a13e4ab80ba118d6aa922) Importer(2089858483,0ecaa5967403d082aa24f35e1b516d23) [PhysX] Initialized MultithreadedTaskDispatcher with 12 workers.
 -> (artifact id: 'b3e0663961a33e781022ab58dff91a58') in 0.034922 seconds
Number of updated asset objects reloaded before import = 0
Number of asset objects unloaded after import = 2
========================================================================
Received Import Request.
  Time since last request: 0.000052 seconds.
  path: Assets/DEMO_MegaCozyUIPack_doboui - copia/Buttons/Square/IsPressed/SquarePressedButton1_wood.png
  artifactKey: Guid(ff5267980fa6f6b42a65ac9f4c96b8cb) Importer(2089858483,0ecaa5967403d082aa24f35e1b516d23)
Start importing Assets/DEMO_MegaCozyUIPack_doboui - copia/Buttons/Square/IsPressed/SquarePressedButton1_wood.png using Guid(ff5267980fa6f6b42a65ac9f4c96b8cb) Importer(2089858483,0ecaa5967403d082aa24f35e1b516d23) [PhysX] Initialized MultithreadedTaskDispatcher with 12 workers.
 -> (artifact id: '4abdc27fc5ded0dfc4afb2aca95b9a51') in 0.068074 seconds
Number of updated asset objects reloaded before import = 0
Number of asset objects unloaded after import = 1
========================================================================
Received Import Request.
  Time since last request: 0.000043 seconds.
  path: Assets/Sounds/crowdtalk2.wav
  artifactKey: Guid(794191f47b412d04182aa6b2e47dfa02) Importer(2089858483,0ecaa5967403d082aa24f35e1b516d23)
Start importing Assets/Sounds/crowdtalk2.wav using Guid(794191f47b412d04182aa6b2e47dfa02) Importer(2089858483,0ecaa5967403d082aa24f35e1b516d23) [PhysX] Initialized MultithreadedTaskDispatcher with 12 workers.
 -> (artifact id: '0fb7e81f035c120db2f33adb06a77df3') in 0.121268 seconds
Number of updated asset objects reloaded before import = 0
Number of asset objects unloaded after import = 1
========================================================================
Received Import Request.
  Time since last request: 0.000453 seconds.
  path: Assets/Scripts/Tienda/KanaData.cs
  artifactKey: Guid(90bde83940a3ace4b99c72c3160580d2) Importer(2089858483,0ecaa5967403d082aa24f35e1b516d23)
Start importing Assets/Scripts/Tienda/KanaData.cs using Guid(90bde83940a3ace4b99c72c3160580d2) Importer(2089858483,0ecaa5967403d082aa24f35e1b516d23) [PhysX] Initialized MultithreadedTaskDispatcher with 12 workers.
 -> (artifact id: 'ea09ae353fac86bc25c596207d8431fa') in 0.030111 seconds
Number of updated asset objects reloaded before import = 0
Number of asset objects unloaded after import = 1
========================================================================
Received Import Request.
  Time since last request: 0.000045 seconds.
  path: Assets/ZRNAssets/005339_08932_25_14/Materials/005339_08932_L_-90262_0_01_01_5.mat
  artifactKey: Guid(e8d6499e3f73b4bce803648ffdf5bb3b) Importer(2089858483,0ecaa5967403d082aa24f35e1b516d23)
Start importing Assets/ZRNAssets/005339_08932_25_14/Materials/005339_08932_L_-90262_0_01_01_5.mat using Guid(e8d6499e3f73b4bce803648ffdf5bb3b) Importer(2089858483,0ecaa5967403d082aa24f35e1b516d23) [PhysX] Initialized MultithreadedTaskDispatcher with 12 workers.
 -> (artifact id: '2899e8ae758e2ec9e6f011782e98fdc1') in 0.067386 seconds
Number of updated asset objects reloaded before import = 0
Number of asset objects unloaded after import = 2
========================================================================
Received Import Request.
  Time since last request: 0.000053 seconds.
  path: Assets/DEMO_MegaCozyUIPack_doboui - copia/Containers/PromoContainers/PromoContainer1_pink.png
  artifactKey: Guid(c200550152128b7458b9447984467696) Importer(2089858483,0ecaa5967403d082aa24f35e1b516d23)
Start importing Assets/DEMO_MegaCozyUIPack_doboui - copia/Containers/PromoContainers/PromoContainer1_pink.png using Guid(c200550152128b7458b9447984467696) Importer(2089858483,0ecaa5967403d082aa24f35e1b516d23) [PhysX] Initialized MultithreadedTaskDispatcher with 12 workers.
 -> (artifact id: '045771aab815e841851b4064369c2b06') in 0.062643 seconds
Number of updated asset objects reloaded before import = 0
Number of asset objects unloaded after import = 1
========================================================================
Received Import Request.
  Time since last request: 0.000064 seconds.
  path: Assets/DEMO_MegaCozyUIPack_doboui - copia/Inventory/ItemSlots/ItemSlotsSelected/SlotHover1_cream.png
  artifactKey: Guid(26a924676721b224bbc7f7a9a9309d35) Importer(2089858483,0ecaa5967403d082aa24f35e1b516d23)
Start importing Assets/DEMO_MegaCozyUIPack_doboui - copia/Inventory/ItemSlots/ItemSlotsSelected/SlotHover1_cream.png using Guid(26a924676721b224bbc7f7a9a9309d35) Importer(2089858483,0ecaa5967403d082aa24f35e1b516d23) [PhysX] Initialized MultithreadedTaskDispatcher with 12 workers.
 -> (artifact id: 'af6688db1bc267d4cb03f675ce22f885') in 0.068521 seconds
Number of updated asset objects reloaded before import = 0
Number of asset objects unloaded after import = 1
========================================================================
Received Import Request.
  Time since last request: 0.011739 seconds.
  path: Assets/DEMO_MegaCozyUIPack_doboui - copia/Containers/FramedContainers/FramedContainer1.png
  artifactKey: Guid(04c1bb8b01ab02946a8875b0249a63bf) Importer(2089858483,0ecaa5967403d082aa24f35e1b516d23)
Start importing Assets/DEMO_MegaCozyUIPack_doboui - copia/Containers/FramedContainers/FramedContainer1.png using Guid(04c1bb8b01ab02946a8875b0249a63bf) Importer(2089858483,0ecaa5967403d082aa24f35e1b516d23) [PhysX] Initialized MultithreadedTaskDispatcher with 12 workers.
 -> (artifact id: '19159cb86c8eaa696d38f324415518ec') in 0.069748 seconds
Number of updated asset objects reloaded before import = 0
Number of asset objects unloaded after import = 3
========================================================================
Received Import Request.
  Time since last request: 0.000048 seconds.
  path: Assets/DEMO_MegaCozyUIPack_doboui - copia/Containers/CozyPicnicContainers/CozyPicnicContainer.png
  artifactKey: Guid(fbb1d7f126326e441a078021db621382) Importer(2089858483,0ecaa5967403d082aa24f35e1b516d23)
Start importing Assets/DEMO_MegaCozyUIPack_doboui - copia/Containers/CozyPicnicContainers/CozyPicnicContainer.png using Guid(fbb1d7f126326e441a078021db621382) Importer(2089858483,0ecaa5967403d082aa24f35e1b516d23) [PhysX] Initialized MultithreadedTaskDispatcher with 12 workers.
 -> (artifact id: 'bdc880717cc54ab0f150484912cf94a4') in 0.089039 seconds
Number of updated asset objects reloaded before import = 0
Number of asset objects unloaded after import = 1
========================================================================
Received Import Request.
  Time since last request: 0.000041 seconds.
  path: Assets/ZRNAssets/005339_08932_25_14/Materials/005339_08932_unitedmat_114.mat
  artifactKey: Guid(4d52785022f4d47aba8fe0ed431a4e1c) Importer(2089858483,0ecaa5967403d082aa24f35e1b516d23)
Start importing Assets/ZRNAssets/005339_08932_25_14/Materials/005339_08932_unitedmat_114.mat using Guid(4d52785022f4d47aba8fe0ed431a4e1c) Importer(2089858483,0ecaa5967403d082aa24f35e1b516d23) [PhysX] Initialized MultithreadedTaskDispatcher with 12 workers.
 -> (artifact id: '0f828b1387cf8d8abf39c5839423db84') in 0.067129 seconds
Number of updated asset objects reloaded before import = 0
Number of asset objects unloaded after import = 1
========================================================================
Received Import Request.
  Time since last request: 0.000205 seconds.
  path: Assets/DEMO_MegaCozyUIPack_doboui - copia/Modals/WoodenModals
  artifactKey: Guid(61fdc6a0d434e9c448f9ea026ab2a24b) Importer(2089858483,0ecaa5967403d082aa24f35e1b516d23)
Start importing Assets/DEMO_MegaCozyUIPack_doboui - copia/Modals/WoodenModals using Guid(61fdc6a0d434e9c448f9ea026ab2a24b) Importer(2089858483,0ecaa5967403d082aa24f35e1b516d23) [PhysX] Initialized MultithreadedTaskDispatcher with 12 workers.
 -> (artifact id: '2c0d4592c29da56437bdf3d891af07d6') in 0.034190 seconds
Number of updated asset objects reloaded before import = 0
Number of asset objects unloaded after import = 1
========================================================================
Received Import Request.
  Time since last request: 0.000065 seconds.
  path: Assets/DEMO_MegaCozyUIPack_doboui - copia/Arrows/Arrow1_wood.png
  artifactKey: Guid(3a99b62f0d75d6a47a72411da021703d) Importer(2089858483,0ecaa5967403d082aa24f35e1b516d23)
Start importing Assets/DEMO_MegaCozyUIPack_doboui - copia/Arrows/Arrow1_wood.png using Guid(3a99b62f0d75d6a47a72411da021703d) Importer(2089858483,0ecaa5967403d082aa24f35e1b516d23) [PhysX] Initialized MultithreadedTaskDispatcher with 12 workers.
 -> (artifact id: '196caca24bf24e3e1e80ddda561e5662') in 0.078573 seconds
Number of updated asset objects reloaded before import = 0
Number of asset objects unloaded after import = 1
========================================================================
Received Import Request.
  Time since last request: 0.000044 seconds.
  path: Assets/DEMO_MegaCozyUIPack_doboui - copia/Buttons/Round/DefaultSize/IsPressed
  artifactKey: Guid(689a22ca07747c745a0c6bfafaba30d4) Importer(2089858483,0ecaa5967403d082aa24f35e1b516d23)
Start importing Assets/DEMO_MegaCozyUIPack_doboui - copia/Buttons/Round/DefaultSize/IsPressed using Guid(689a22ca07747c745a0c6bfafaba30d4) Importer(2089858483,0ecaa5967403d082aa24f35e1b516d23) [PhysX] Initialized MultithreadedTaskDispatcher with 12 workers.
 -> (artifact id: 'aa454e5e59f9cdec5841eeab42913c9c') in 0.029836 seconds
Number of updated asset objects reloaded before import = 0
Number of asset objects unloaded after import = 1
========================================================================
Received Import Request.
  Time since last request: 0.000037 seconds.
  path: Assets/DEMO_MegaCozyUIPack_doboui - copia/Containers/NotebookContainers/NotebookContainer1_purple.png
  artifactKey: Guid(94fcdf8aaad5015478893536db3960f1) Importer(2089858483,0ecaa5967403d082aa24f35e1b516d23)
Start importing Assets/DEMO_MegaCozyUIPack_doboui - copia/Containers/NotebookContainers/NotebookContainer1_purple.png using Guid(94fcdf8aaad5015478893536db3960f1) Importer(2089858483,0ecaa5967403d082aa24f35e1b516d23) [PhysX] Initialized MultithreadedTaskDispatcher with 12 workers.
 -> (artifact id: '21c0a150609e7f112856977b9d3c0a67') in 0.074907 seconds
Number of updated asset objects reloaded before import = 0
Number of asset objects unloaded after import = 1
========================================================================
Received Import Request.
  Time since last request: 0.000042 seconds.
  path: Assets/DEMO_MegaCozyUIPack_doboui - copia/Arrows/Arrow8_cream.png
  artifactKey: Guid(ea9261ec1f05fb14faba4154834bcd6f) Importer(2089858483,0ecaa5967403d082aa24f35e1b516d23)
Start importing Assets/DEMO_MegaCozyUIPack_doboui - copia/Arrows/Arrow8_cream.png using Guid(ea9261ec1f05fb14faba4154834bcd6f) Importer(2089858483,0ecaa5967403d082aa24f35e1b516d23) [PhysX] Initialized MultithreadedTaskDispatcher with 12 workers.
 -> (artifact id: '3c8145bd9c2646cc41369e0dba82853e') in 0.086721 seconds
Number of updated asset objects reloaded before import = 0
Number of asset objects unloaded after import = 1
========================================================================
Received Import Request.
  Time since last request: 0.000061 seconds.
  path: Assets/EditorPersonajes/Data/Dresses/Dress_02.asset
  artifactKey: Guid(9ccee34c22840fd4fb9b854634199b6e) Importer(2089858483,0ecaa5967403d082aa24f35e1b516d23)
Start importing Assets/EditorPersonajes/Data/Dresses/Dress_02.asset using Guid(9ccee34c22840fd4fb9b854634199b6e) Importer(2089858483,0ecaa5967403d082aa24f35e1b516d23) [PhysX] Initialized MultithreadedTaskDispatcher with 12 workers.
 -> (artifact id: '01489e876deedf220fdcce9ac7bcad3f') in 0.062172 seconds
Number of updated asset objects reloaded before import = 0
Number of asset objects unloaded after import = 2
========================================================================
Received Import Request.
  Time since last request: 0.000363 seconds.
  path: Assets/DEMO_MegaCozyUIPack_doboui - copia/Buttons/Hexagonal/IsPressed
  artifactKey: Guid(46ecc09fa0f533a4984bab6db0c5f2d9) Importer(2089858483,0ecaa5967403d082aa24f35e1b516d23)
Start importing Assets/DEMO_MegaCozyUIPack_doboui - copia/Buttons/Hexagonal/IsPressed using Guid(46ecc09fa0f533a4984bab6db0c5f2d9) Importer(2089858483,0ecaa5967403d082aa24f35e1b516d23) [PhysX] Initialized MultithreadedTaskDispatcher with 12 workers.
 -> (artifact id: '5fe92e7b01a734da5fca983be3262664') in 0.036453 seconds
Number of updated asset objects reloaded before import = 0
Number of asset objects unloaded after import = 1
========================================================================
Received Import Request.
  Time since last request: 0.000032 seconds.
  path: Assets/DEMO_MegaCozyUIPack_doboui - copia/Containers/RopeContainers/RopeContainer1_cream.png
  artifactKey: Guid(551a55ed814bcac4290a2007a3fa42c9) Importer(2089858483,0ecaa5967403d082aa24f35e1b516d23)
Start importing Assets/DEMO_MegaCozyUIPack_doboui - copia/Containers/RopeContainers/RopeContainer1_cream.png using Guid(551a55ed814bcac4290a2007a3fa42c9) Importer(2089858483,0ecaa5967403d082aa24f35e1b516d23) [PhysX] Initialized MultithreadedTaskDispatcher with 12 workers.
 -> (artifact id: 'd07558ad40b1f8fc71bb47b0c7bc7090') in 0.100876 seconds
Number of updated asset objects reloaded before import = 0
Number of asset objects unloaded after import = 1
========================================================================
Received Import Request.
  Time since last request: 0.003379 seconds.
  path: Assets/DEMO_MegaCozyUIPack_doboui - copia/Containers/DoubleStripeContainer/DoubleStripeContainer1_marine.png
  artifactKey: Guid(8329f82f074382e4f9e2d08538f40cfd) Importer(2089858483,0ecaa5967403d082aa24f35e1b516d23)
Start importing Assets/DEMO_MegaCozyUIPack_doboui - copia/Containers/DoubleStripeContainer/DoubleStripeContainer1_marine.png using Guid(8329f82f074382e4f9e2d08538f40cfd) Importer(2089858483,0ecaa5967403d082aa24f35e1b516d23) [PhysX] Initialized MultithreadedTaskDispatcher with 12 workers.
 -> (artifact id: 'aefc7f8b71766eac420b19868199d69b') in 0.057056 seconds
Number of updated asset objects reloaded before import = 0
Number of asset objects unloaded after import = 1
========================================================================
Received Import Request.
  Time since last request: 0.000050 seconds.
  path: Assets/DEMO_MegaCozyUIPack_doboui - copia/Containers/WoodenContainers/WoodenContainer6.png
  artifactKey: Guid(f4c55325e2529da40a4cd22960800dbc) Importer(2089858483,0ecaa5967403d082aa24f35e1b516d23)
Start importing Assets/DEMO_MegaCozyUIPack_doboui - copia/Containers/WoodenContainers/WoodenContainer6.png using Guid(f4c55325e2529da40a4cd22960800dbc) Importer(2089858483,0ecaa5967403d082aa24f35e1b516d23) [PhysX] Initialized MultithreadedTaskDispatcher with 12 workers.
 -> (artifact id: '365b3aa3db08ba5fcf08d40f6f3fd139') in 0.061567 seconds
Number of updated asset objects reloaded before import = 0
Number of asset objects unloaded after import = 1
========================================================================
Received Import Request.
  Time since last request: 0.000039 seconds.
  path: Assets/DEMO_MegaCozyUIPack_doboui - copia/Buttons/Square
  artifactKey: Guid(8b317a8002b4e3b4c8d72e386f0efb92) Importer(2089858483,0ecaa5967403d082aa24f35e1b516d23)
Start importing Assets/DEMO_MegaCozyUIPack_doboui - copia/Buttons/Square using Guid(8b317a8002b4e3b4c8d72e386f0efb92) Importer(2089858483,0ecaa5967403d082aa24f35e1b516d23) [PhysX] Initialized MultithreadedTaskDispatcher with 12 workers.
 -> (artifact id: 'e65d79bfc444afafb0be8a2bb209861a') in 0.040480 seconds
Number of updated asset objects reloaded before import = 0
Number of asset objects unloaded after import = 1
========================================================================
Received Import Request.
  Time since last request: 0.000040 seconds.
  path: Assets/DEMO_MegaCozyUIPack_doboui - copia/Checkboxes/RadioBoxes/Radiobox1.png
  artifactKey: Guid(7e99cc6b21639104e8c3f88cfb69e2dd) Importer(2089858483,0ecaa5967403d082aa24f35e1b516d23)
Start importing Assets/DEMO_MegaCozyUIPack_doboui - copia/Checkboxes/RadioBoxes/Radiobox1.png using Guid(7e99cc6b21639104e8c3f88cfb69e2dd) Importer(2089858483,0ecaa5967403d082aa24f35e1b516d23) [PhysX] Initialized MultithreadedTaskDispatcher with 12 workers.
 -> (artifact id: '1115ba9858a3cb28bebde858acabd6b0') in 0.132456 seconds
Number of updated asset objects reloaded before import = 0
Number of asset objects unloaded after import = 1
========================================================================
Received Import Request.
  Time since last request: 0.000866 seconds.
  path: Assets/Dialogos/Dialogos Entrevistado
  artifactKey: Guid(db36b7b4811dd98479957e6b0d017a54) Importer(2089858483,0ecaa5967403d082aa24f35e1b516d23)
Start importing Assets/Dialogos/Dialogos Entrevistado using Guid(db36b7b4811dd98479957e6b0d017a54) Importer(2089858483,0ecaa5967403d082aa24f35e1b516d23) [PhysX] Initialized MultithreadedTaskDispatcher with 12 workers.
 -> (artifact id: '79c4fd25ca92bae6ecf2ffc5967f6747') in 0.056471 seconds
Number of updated asset objects reloaded before import = 0
Number of asset objects unloaded after import = 1
========================================================================
Received Import Request.
  Time since last request: 0.000034 seconds.
  path: Assets/DEMO_MegaCozyUIPack_doboui - copia/Frames/GoldenFrameELements
  artifactKey: Guid(b923891a8765ad043a50a5678ce728c4) Importer(2089858483,0ecaa5967403d082aa24f35e1b516d23)
Start importing Assets/DEMO_MegaCozyUIPack_doboui - copia/Frames/GoldenFrameELements using Guid(b923891a8765ad043a50a5678ce728c4) Importer(2089858483,0ecaa5967403d082aa24f35e1b516d23) [PhysX] Initialized MultithreadedTaskDispatcher with 12 workers.
 -> (artifact id: '7c182ab54d531286869bcfca78842d54') in 0.027005 seconds
Number of updated asset objects reloaded before import = 0
Number of asset objects unloaded after import = 1
========================================================================
Received Import Request.
  Time since last request: 0.000685 seconds.
  path: Assets/Anims
  artifactKey: Guid(985635749ee9df045b048af4e635b5f0) Importer(2089858483,0ecaa5967403d082aa24f35e1b516d23)
Start importing Assets/Anims using Guid(985635749ee9df045b048af4e635b5f0) Importer(2089858483,0ecaa5967403d082aa24f35e1b516d23) [PhysX] Initialized MultithreadedTaskDispatcher with 12 workers.
 -> (artifact id: 'da8a5393e064a9d6bb01c09c1b98ce65') in 0.020941 seconds
Number of updated asset objects reloaded before import = 0
Number of asset objects unloaded after import = 1
========================================================================
Received Import Request.
  Time since last request: 0.002860 seconds.
  path: Assets/DEMO_MegaCozyUIPack_doboui - copia/Icons/IconsFlat_16px/IconFlat1.png
  artifactKey: Guid(42c85714ac63e4b47bc78ad97eab1dbb) Importer(2089858483,0ecaa5967403d082aa24f35e1b516d23)
Start importing Assets/DEMO_MegaCozyUIPack_doboui - copia/Icons/IconsFlat_16px/IconFlat1.png using Guid(42c85714ac63e4b47bc78ad97eab1dbb) Importer(2089858483,0ecaa5967403d082aa24f35e1b516d23) [PhysX] Initialized MultithreadedTaskDispatcher with 12 workers.
 -> (artifact id: '0a717aa1bfa88761643ae074352d044b') in 0.064410 seconds
Number of updated asset objects reloaded before import = 0
Number of asset objects unloaded after import = 1
========================================================================
Received Import Request.
  Time since last request: 0.000347 seconds.
  path: Assets/Anims/Shop/Closed.anim
  artifactKey: Guid(8a5bada496368ba448f91718a531e551) Importer(2089858483,0ecaa5967403d082aa24f35e1b516d23)
Start importing Assets/Anims/Shop/Closed.anim using Guid(8a5bada496368ba448f91718a531e551) Importer(2089858483,0ecaa5967403d082aa24f35e1b516d23) [PhysX] Initialized MultithreadedTaskDispatcher with 12 workers.
 -> (artifact id: '19ce82254a167e0a5387128a563d5e18') in 0.050259 seconds
Number of updated asset objects reloaded before import = 0
Number of asset objects unloaded after import = 1
========================================================================
Received Import Request.
  Time since last request: 0.001634 seconds.
  path: Assets/Anims/Journal/Opened.anim
  artifactKey: Guid(6ee51db4fcdeb4f4b99742cde3ad6d17) Importer(2089858483,0ecaa5967403d082aa24f35e1b516d23)
Start importing Assets/Anims/Journal/Opened.anim using Guid(6ee51db4fcdeb4f4b99742cde3ad6d17) Importer(2089858483,0ecaa5967403d082aa24f35e1b516d23) [PhysX] Initialized MultithreadedTaskDispatcher with 12 workers.
 -> (artifact id: 'b415da7ac0e7bc96a3436035e6c5b98d') in 0.037313 seconds
Number of updated asset objects reloaded before import = 0
Number of asset objects unloaded after import = 1
========================================================================
Received Import Request.
  Time since last request: 0.000046 seconds.
  path: Assets/Anims/Shop/ShopAnimator.controller
  artifactKey: Guid(1a7c0c79a23660443873c397310225b4) Importer(2089858483,0ecaa5967403d082aa24f35e1b516d23)
Start importing Assets/Anims/Shop/ShopAnimator.controller using Guid(1a7c0c79a23660443873c397310225b4) Importer(2089858483,0ecaa5967403d082aa24f35e1b516d23) [PhysX] Initialized MultithreadedTaskDispatcher with 12 workers.
 -> (artifact id: '15aeb349e403e02c10b334848ede5447') in 0.026913 seconds
Number of updated asset objects reloaded before import = 0
Number of asset objects unloaded after import = 15
========================================================================
Received Import Request.
  Time since last request: 0.001180 seconds.
  path: Assets/EditorPersonajes/Sprites/Body_Base/Base Hair Black.png
  artifactKey: Guid(6dcbb1f39739fd84da28d9cf743ca59d) Importer(2089858483,0ecaa5967403d082aa24f35e1b516d23)
Start importing Assets/EditorPersonajes/Sprites/Body_Base/Base Hair Black.png using Guid(6dcbb1f39739fd84da28d9cf743ca59d) Importer(2089858483,0ecaa5967403d082aa24f35e1b516d23) [PhysX] Initialized MultithreadedTaskDispatcher with 12 workers.
 -> (artifact id: '623e852f903e440d813eb0bc15b41097') in 0.070780 seconds
Number of updated asset objects reloaded before import = 0
Number of asset objects unloaded after import = 3
========================================================================
Received Import Request.
  Time since last request: 0.000064 seconds.
  path: Assets/DEMO_MegaCozyUIPack_doboui - copia/Containers/DoubleStripeContainer
  artifactKey: Guid(65ef35ab4d5b4844ba131fd1dedadba8) Importer(2089858483,0ecaa5967403d082aa24f35e1b516d23)
Start importing Assets/DEMO_MegaCozyUIPack_doboui - copia/Containers/DoubleStripeContainer using Guid(65ef35ab4d5b4844ba131fd1dedadba8) Importer(2089858483,0ecaa5967403d082aa24f35e1b516d23) [PhysX] Initialized MultithreadedTaskDispatcher with 12 workers.
 -> (artifact id: 'e523dbdb4711c1c6a381836996cb8b66') in 0.024373 seconds
Number of updated asset objects reloaded before import = 0
Number of asset objects unloaded after import = 1
========================================================================
Received Import Request.
  Time since last request: 0.000066 seconds.
  path: Assets/DEMO_MegaCozyUIPack_doboui - copia/Containers/PromoContainers/PromoContainer1_cream.png
  artifactKey: Guid(76667c16a1887d14290789287181a43f) Importer(2089858483,0ecaa5967403d082aa24f35e1b516d23)
Start importing Assets/DEMO_MegaCozyUIPack_doboui - copia/Containers/PromoContainers/PromoContainer1_cream.png using Guid(76667c16a1887d14290789287181a43f) Importer(2089858483,0ecaa5967403d082aa24f35e1b516d23) [PhysX] Initialized MultithreadedTaskDispatcher with 12 workers.
 -> (artifact id: 'ff6629e0c471dc096d7e2a62f795e66f') in 0.065223 seconds
Number of updated asset objects reloaded before import = 0
Number of asset objects unloaded after import = 1
========================================================================
Received Import Request.
  Time since last request: 0.000568 seconds.
  path: Assets/Polytope Studio/Lowpoly_Environments/Sources/Materials/PT_Fruit_Tree_Opaque_mat.mat
  artifactKey: Guid(3922c043c1c52cb47a7b1bfed562a4b6) Importer(2089858483,0ecaa5967403d082aa24f35e1b516d23)
Start importing Assets/Polytope Studio/Lowpoly_Environments/Sources/Materials/PT_Fruit_Tree_Opaque_mat.mat using Guid(3922c043c1c52cb47a7b1bfed562a4b6) Importer(2089858483,0ecaa5967403d082aa24f35e1b516d23) [PhysX] Initialized MultithreadedTaskDispatcher with 12 workers.
 -> (artifact id: 'e86dbcef56fc9b0ce23e608bbcbfecd1') in 0.040960 seconds
Number of updated asset objects reloaded before import = 0
Number of asset objects unloaded after import = 2
========================================================================
Received Import Request.
  Time since last request: 0.000055 seconds.
  path: Assets/Polytope Studio/Lowpoly_Environments/Sources/Meshes/Rocks/PT_Generic_Rock_01.fbx
  artifactKey: Guid(f226223b3a11d2d4b980aaa520301583) Importer(2089858483,0ecaa5967403d082aa24f35e1b516d23)
Start importing Assets/Polytope Studio/Lowpoly_Environments/Sources/Meshes/Rocks/PT_Generic_Rock_01.fbx using Guid(f226223b3a11d2d4b980aaa520301583) Importer(2089858483,0ecaa5967403d082aa24f35e1b516d23) [PhysX] Initialized MultithreadedTaskDispatcher with 12 workers.
 -> (artifact id: '6ca7332f65430b210ebb9260068d7766') in 0.090962 seconds
Number of updated asset objects reloaded before import = 0
Number of asset objects unloaded after import = 20
========================================================================
Received Import Request.
  Time since last request: 0.000081 seconds.
  path: Assets/Sounds/2 Flute Sound Effects Non Copyright Free Use.mp3
  artifactKey: Guid(9a36a32815d72214c9db04796f5c7721) Importer(2089858483,0ecaa5967403d082aa24f35e1b516d23)
Start importing Assets/Sounds/2 Flute Sound Effects Non Copyright Free Use.mp3 using Guid(9a36a32815d72214c9db04796f5c7721) Importer(2089858483,0ecaa5967403d082aa24f35e1b516d23) [PhysX] Initialized MultithreadedTaskDispatcher with 12 workers.
 -> (artifact id: 'd6c9684fce2b7e52a3d2416418f76853') in 0.089082 seconds
Number of updated asset objects reloaded before import = 0
Number of asset objects unloaded after import = 1
========================================================================
Received Import Request.
  Time since last request: 0.003197 seconds.
  path: Assets/DEMO_MegaCozyUIPack_doboui - copia/Checkboxes/RadioBoxes/Radiobox4.png
  artifactKey: Guid(44e7b243f19ce95458f7f72e4745d00b) Importer(2089858483,0ecaa5967403d082aa24f35e1b516d23)
Start importing Assets/DEMO_MegaCozyUIPack_doboui - copia/Checkboxes/RadioBoxes/Radiobox4.png using Guid(44e7b243f19ce95458f7f72e4745d00b) Importer(2089858483,0ecaa5967403d082aa24f35e1b516d23) [PhysX] Initialized MultithreadedTaskDispatcher with 12 workers.
 -> (artifact id: 'd84e6e32589bace5e222a86a909702aa') in 0.104303 seconds
Number of updated asset objects reloaded before import = 0
Number of asset objects unloaded after import = 1
========================================================================
Received Import Request.
  Time since last request: 0.000040 seconds.
  path: Assets/Scripts/NPC1/Cartas
  artifactKey: Guid(bcfda6ae48a980a44bc6df47506823a7) Importer(2089858483,0ecaa5967403d082aa24f35e1b516d23)
Start importing Assets/Scripts/NPC1/Cartas using Guid(bcfda6ae48a980a44bc6df47506823a7) Importer(2089858483,0ecaa5967403d082aa24f35e1b516d23) [PhysX] Initialized MultithreadedTaskDispatcher with 12 workers.
 -> (artifact id: 'bb1ac8fb1ec37778b9df024c65a600b9') in 0.081185 seconds
Number of updated asset objects reloaded before import = 0
Number of asset objects unloaded after import = 1
========================================================================
Received Import Request.
  Time since last request: 0.000164 seconds.
  path: Assets/Polytope Studio/Lowpoly_Environments/Sources/Materials/PT_Generic_Tree_Leaves_mat.mat
  artifactKey: Guid(066ded06e6a8eb240893ea7b8efb66b4) Importer(2089858483,0ecaa5967403d082aa24f35e1b516d23)
Start importing Assets/Polytope Studio/Lowpoly_Environments/Sources/Materials/PT_Generic_Tree_Leaves_mat.mat using Guid(066ded06e6a8eb240893ea7b8efb66b4) Importer(2089858483,0ecaa5967403d082aa24f35e1b516d23) [PhysX] Initialized MultithreadedTaskDispatcher with 12 workers.
 -> (artifact id: '10db57a4bde4f71fa35d847697b113d5') in 0.077987 seconds
Number of updated asset objects reloaded before import = 0
Number of asset objects unloaded after import = 2
========================================================================
Received Import Request.
  Time since last request: 0.000043 seconds.
  path: Assets/Polytope Studio/Lowpoly_Environments/Sources/Materials/PT_Fruit_Tree_Foliage_Mat.mat
  artifactKey: Guid(0a1f44318dd467a45bfef81ad0e8855a) Importer(2089858483,0ecaa5967403d082aa24f35e1b516d23)
Start importing Assets/Polytope Studio/Lowpoly_Environments/Sources/Materials/PT_Fruit_Tree_Foliage_Mat.mat using Guid(0a1f44318dd467a45bfef81ad0e8855a) Importer(2089858483,0ecaa5967403d082aa24f35e1b516d23) [PhysX] Initialized MultithreadedTaskDispatcher with 12 workers.
 -> (artifact id: 'c77b1011dbc59c9cfee8438a13536b1c') in 0.075189 seconds
Number of updated asset objects reloaded before import = 0
Number of asset objects unloaded after import = 2
========================================================================
Received Import Request.
  Time since last request: 0.000037 seconds.
  path: Assets/Polytope Studio/Lowpoly_Environments/Sources/Textures/PT_Rocks_01.png
  artifactKey: Guid(a195a893970f3ab4990bd06e18a0b308) Importer(2089858483,0ecaa5967403d082aa24f35e1b516d23)
Start importing Assets/Polytope Studio/Lowpoly_Environments/Sources/Textures/PT_Rocks_01.png using Guid(a195a893970f3ab4990bd06e18a0b308) Importer(2089858483,0ecaa5967403d082aa24f35e1b516d23) [PhysX] Initialized MultithreadedTaskDispatcher with 12 workers.
 -> (artifact id: 'd2da661204a2ffcae1593aba98629246') in 0.084111 seconds
Number of updated asset objects reloaded before import = 0
Number of asset objects unloaded after import = 1
========================================================================
Received Import Request.
  Time since last request: 0.000103 seconds.
  path: Assets/Polytope Studio/Lowpoly_Environments/Sources/Meshes/Trees/PT_Pine_Tree_03_dead_cut.fbx
  artifactKey: Guid(3b8d3c0077d69eb4db5ee5754518f067) Importer(2089858483,0ecaa5967403d082aa24f35e1b516d23)
Start importing Assets/Polytope Studio/Lowpoly_Environments/Sources/Meshes/Trees/PT_Pine_Tree_03_dead_cut.fbx using Guid(3b8d3c0077d69eb4db5ee5754518f067) Importer(2089858483,0ecaa5967403d082aa24f35e1b516d23) [PhysX] Initialized MultithreadedTaskDispatcher with 12 workers.
 -> (artifact id: 'a490e73c1f65ceb3396d774f83110f4d') in 0.072177 seconds
Number of updated asset objects reloaded before import = 0
Number of asset objects unloaded after import = 7
========================================================================
Received Import Request.
  Time since last request: 0.000043 seconds.
  path: Assets/Dialogos/Dialogos Director/Mision Completa.asset
  artifactKey: Guid(33b7023c4a49e11419f4b63c16c46469) Importer(2089858483,0ecaa5967403d082aa24f35e1b516d23)
Start importing Assets/Dialogos/Dialogos Director/Mision Completa.asset using Guid(33b7023c4a49e11419f4b63c16c46469) Importer(2089858483,0ecaa5967403d082aa24f35e1b516d23) [PhysX] Initialized MultithreadedTaskDispatcher with 12 workers.
 -> (artifact id: 'a4f9d42ccf7b96c18f6fd70b34ce9b96') in 0.046785 seconds
Number of updated asset objects reloaded before import = 0
Number of asset objects unloaded after import = 1
========================================================================
Received Import Request.
  Time since last request: 0.000084 seconds.
  path: Assets/Dialogos/Dialogos NPC 4/NoReintentar.asset
  artifactKey: Guid(eb78132a1f8fedd4ba2cf0f8cda18b51) Importer(2089858483,0ecaa5967403d082aa24f35e1b516d23)
Start importing Assets/Dialogos/Dialogos NPC 4/NoReintentar.asset using Guid(eb78132a1f8fedd4ba2cf0f8cda18b51) Importer(2089858483,0ecaa5967403d082aa24f35e1b516d23) [PhysX] Initialized MultithreadedTaskDispatcher with 12 workers.
 -> (artifact id: '38603e8d64506a2d1ee916763b2c93a1') in 0.055488 seconds
Number of updated asset objects reloaded before import = 0
Number of asset objects unloaded after import = 1
========================================================================
Received Import Request.
  Time since last request: 0.000051 seconds.
  path: Assets/Dialogos/Dialogos Director/GRACIAS.asset
  artifactKey: Guid(700501bf1e08a0944b07d7c1757ae065) Importer(2089858483,0ecaa5967403d082aa24f35e1b516d23)
Start importing Assets/Dialogos/Dialogos Director/GRACIAS.asset using Guid(700501bf1e08a0944b07d7c1757ae065) Importer(2089858483,0ecaa5967403d082aa24f35e1b516d23) [PhysX] Initialized MultithreadedTaskDispatcher with 12 workers.
 -> (artifact id: '28acafdf5699892103c7344904e422d7') in 0.028500 seconds
Number of updated asset objects reloaded before import = 0
Number of asset objects unloaded after import = 1
========================================================================
Received Import Request.
  Time since last request: 0.000693 seconds.
  path: Assets/Polytope Studio/Lowpoly_Environments/Prefabs/Trees/PT_Pine_Tree_03_dead.prefab
  artifactKey: Guid(c7827efbbf7212f42803476ce3f9d082) Importer(2089858483,0ecaa5967403d082aa24f35e1b516d23)
Start importing Assets/Polytope Studio/Lowpoly_Environments/Prefabs/Trees/PT_Pine_Tree_03_dead.prefab using Guid(c7827efbbf7212f42803476ce3f9d082) Importer(2089858483,0ecaa5967403d082aa24f35e1b516d23) [PhysX] Initialized MultithreadedTaskDispatcher with 12 workers.
 -> (artifact id: '9b60062cda5da718114e2f5ac2e55b09') in 0.039209 seconds
Number of updated asset objects reloaded before import = 0
Number of asset objects unloaded after import = 20
========================================================================
Received Import Request.
  Time since last request: 0.000051 seconds.
  path: Assets/Polytope Studio/Lowpoly_Environments/Sources/Textures/PT_Tree_Trunk_01.png
  artifactKey: Guid(5733ec0c27e7c9d41a230d27ca7b85d4) Importer(2089858483,0ecaa5967403d082aa24f35e1b516d23)
Start importing Assets/Polytope Studio/Lowpoly_Environments/Sources/Textures/PT_Tree_Trunk_01.png using Guid(5733ec0c27e7c9d41a230d27ca7b85d4) Importer(2089858483,0ecaa5967403d082aa24f35e1b516d23) [PhysX] Initialized MultithreadedTaskDispatcher with 12 workers.
 -> (artifact id: 'c5a580a7d2fe9fa798d05d985f611785') in 0.071964 seconds
Number of updated asset objects reloaded before import = 0
Number of asset objects unloaded after import = 1
========================================================================
Received Import Request.
  Time since last request: 0.000054 seconds.
  path: Assets/Polytope Studio/Lowpoly_Environments/Sources/Meshes/Plants
  artifactKey: Guid(7201153531db4b04e8c60b3351b1d959) Importer(2089858483,0ecaa5967403d082aa24f35e1b516d23)
Start importing Assets/Polytope Studio/Lowpoly_Environments/Sources/Meshes/Plants using Guid(7201153531db4b04e8c60b3351b1d959) Importer(2089858483,0ecaa5967403d082aa24f35e1b516d23) [PhysX] Initialized MultithreadedTaskDispatcher with 12 workers.
 -> (artifact id: 'd687636358a8a6e4cd8dffd074e520cc') in 0.025956 seconds
Number of updated asset objects reloaded before import = 0
Number of asset objects unloaded after import = 1
========================================================================
Received Import Request.
  Time since last request: 0.000040 seconds.
  path: Assets/Dialogos/Dialogos NPC5/No.asset
  artifactKey: Guid(c11567d694daf084fb309380e4835205) Importer(2089858483,0ecaa5967403d082aa24f35e1b516d23)
Start importing Assets/Dialogos/Dialogos NPC5/No.asset using Guid(c11567d694daf084fb309380e4835205) Importer(2089858483,0ecaa5967403d082aa24f35e1b516d23) [PhysX] Initialized MultithreadedTaskDispatcher with 12 workers.
 -> (artifact id: '19cd1e6fa5d780982026f2f996f3fe84') in 0.044509 seconds
Number of updated asset objects reloaded before import = 0
Number of asset objects unloaded after import = 1
========================================================================
Received Import Request.
  Time since last request: 0.000049 seconds.
  path: Assets/Resources/Carteles/Materials/10-Figure3-1.mat
  artifactKey: Guid(b469c5e310b02724989015217acbb523) Importer(2089858483,0ecaa5967403d082aa24f35e1b516d23)
Start importing Assets/Resources/Carteles/Materials/10-Figure3-1.mat using Guid(b469c5e310b02724989015217acbb523) Importer(2089858483,0ecaa5967403d082aa24f35e1b516d23) [PhysX] Initialized MultithreadedTaskDispatcher with 12 workers.
 -> (artifact id: 'fa9c095dd67bd55644e801136ab1ca24') in 0.047119 seconds
Number of updated asset objects reloaded before import = 0
Number of asset objects unloaded after import = 2
========================================================================
Received Import Request.
  Time since last request: 0.001327 seconds.
  path: Assets/Polytope Studio/Lowpoly_Environments/Prefabs/Flowers/PT_Poppy_02.prefab
  artifactKey: Guid(f593bc20677ebf14abd27a4853408c68) Importer(2089858483,0ecaa5967403d082aa24f35e1b516d23)
Start importing Assets/Polytope Studio/Lowpoly_Environments/Prefabs/Flowers/PT_Poppy_02.prefab using Guid(f593bc20677ebf14abd27a4853408c68) Importer(2089858483,0ecaa5967403d082aa24f35e1b516d23) [PhysX] Initialized MultithreadedTaskDispatcher with 12 workers.
 -> (artifact id: 'f3720e1110ab2453ced40d464768c1a7') in 0.047075 seconds
Number of updated asset objects reloaded before import = 0
Number of asset objects unloaded after import = 20
========================================================================
Received Import Request.
  Time since last request: 0.000041 seconds.
  path: Assets/Dialogos/Dialogos Entrevistado/ComenzarD.asset
  artifactKey: Guid(2b4164703f795fc4da01ad5447a94253) Importer(2089858483,0ecaa5967403d082aa24f35e1b516d23)
Start importing Assets/Dialogos/Dialogos Entrevistado/ComenzarD.asset using Guid(2b4164703f795fc4da01ad5447a94253) Importer(2089858483,0ecaa5967403d082aa24f35e1b516d23) [PhysX] Initialized MultithreadedTaskDispatcher with 12 workers.
 -> (artifact id: '117d8e699a7959d389c48499906cd076') in 0.040594 seconds
Number of updated asset objects reloaded before import = 0
Number of asset objects unloaded after import = 3
========================================================================
Received Import Request.
  Time since last request: 0.000061 seconds.
  path: Assets/Polytope Studio/Lowpoly_Environments/Sources/Meshes/Flowers/PT_Poppy_02.fbx
  artifactKey: Guid(5c7de3ea78afce6468d2ebe76dd0bf6d) Importer(2089858483,0ecaa5967403d082aa24f35e1b516d23)
Start importing Assets/Polytope Studio/Lowpoly_Environments/Sources/Meshes/Flowers/PT_Poppy_02.fbx using Guid(5c7de3ea78afce6468d2ebe76dd0bf6d) Importer(2089858483,0ecaa5967403d082aa24f35e1b516d23) [PhysX] Initialized MultithreadedTaskDispatcher with 12 workers.
 -> (artifact id: 'e0a431e9117e2f346f9633058da8a5ec') in 0.054477 seconds
Number of updated asset objects reloaded before import = 0
Number of asset objects unloaded after import = 20
========================================================================
Received Import Request.
  Time since last request: 0.000081 seconds.
  path: Assets/DEMO_MegaCozyUIPack_doboui - copia/Containers/SimpleColorContainers/SimpleColorContainer1_purple.png
  artifactKey: Guid(f55fcac2dcb13344cae6df39b5571f96) Importer(2089858483,0ecaa5967403d082aa24f35e1b516d23)
Start importing Assets/DEMO_MegaCozyUIPack_doboui - copia/Containers/SimpleColorContainers/SimpleColorContainer1_purple.png using Guid(f55fcac2dcb13344cae6df39b5571f96) Importer(2089858483,0ecaa5967403d082aa24f35e1b516d23) [PhysX] Initialized MultithreadedTaskDispatcher with 12 workers.
 -> (artifact id: '5d68d3c9f1a18f6b5453cc737dd078d9') in 0.067488 seconds
Number of updated asset objects reloaded before import = 0
Number of asset objects unloaded after import = 1
========================================================================
Received Import Request.
  Time since last request: 88.015869 seconds.
  path: Assets/Scenes/EditorPersonaje.unity
  artifactKey: Guid(669daae0c7c5fbe40bac2f9a778a2b45) Importer(2089858483,0ecaa5967403d082aa24f35e1b516d23)
Start importing Assets/Scenes/EditorPersonaje.unity using Guid(669daae0c7c5fbe40bac2f9a778a2b45) Importer(2089858483,0ecaa5967403d082aa24f35e1b516d23) [PhysX] Initialized MultithreadedTaskDispatcher with 12 workers.
 -> (artifact id: '872a56b38c4863d36e7c4108907d5b9a') in 0.016818 seconds
Number of updated asset objects reloaded before import = 0
Number of asset objects unloaded after import = 1
========================================================================
Received Import Request.
  Time since last request: 0.000037 seconds.
  path: Assets/TextMesh Pro/Examples & Extras/Scenes/25 - Sunny Days ExampleSettings.lighting
  artifactKey: Guid(3808d80006d50fb48b4d140931043bad) Importer(2089858483,0ecaa5967403d082aa24f35e1b516d23)
Start importing Assets/TextMesh Pro/Examples & Extras/Scenes/25 - Sunny Days ExampleSettings.lighting using Guid(3808d80006d50fb48b4d140931043bad) Importer(2089858483,0ecaa5967403d082aa24f35e1b516d23) [PhysX] Initialized MultithreadedTaskDispatcher with 12 workers.
LightingSettings: switching bake backend from 1 to 0.
 -> (artifact id: 'e8a22f927cf80570ef746fa0a46df2aa') in 0.179596 seconds
Number of updated asset objects reloaded before import = 0
Number of asset objects unloaded after import = 1
========================================================================
Received Import Request.
  Time since last request: 0.000032 seconds.
  path: Assets/TextMesh Pro/Examples & Extras/Prefabs/TextMeshPro - Prefab 1.prefab
  artifactKey: Guid(a6e39ced0ea046bcb636c3f0b2e2a745) Importer(2089858483,0ecaa5967403d082aa24f35e1b516d23)
Start importing Assets/TextMesh Pro/Examples & Extras/Prefabs/TextMeshPro - Prefab 1.prefab using Guid(a6e39ced0ea046bcb636c3f0b2e2a745) Importer(2089858483,0ecaa5967403d082aa24f35e1b516d23) [PhysX] Initialized MultithreadedTaskDispatcher with 12 workers.
 -> (artifact id: '7da4985ae787516c9a0e62ec7084eafc') in 0.099733 seconds
Number of updated asset objects reloaded before import = 0
Number of asset objects unloaded after import = 16
========================================================================
Received Import Request.
  Time since last request: 0.000058 seconds.
  path: Assets/TextMesh Pro/Examples & Extras/Scenes/03 - Line Justification.unity
  artifactKey: Guid(21a509e1d3cd49978623fa564adb6f02) Importer(2089858483,0ecaa5967403d082aa24f35e1b516d23)
Start importing Assets/TextMesh Pro/Examples & Extras/Scenes/03 - Line Justification.unity using Guid(21a509e1d3cd49978623fa564adb6f02) Importer(2089858483,0ecaa5967403d082aa24f35e1b516d23) [PhysX] Initialized MultithreadedTaskDispatcher with 12 workers.
 -> (artifact id: '91854e8503be746333f03c5db4741dff') in 0.023903 seconds
Number of updated asset objects reloaded before import = 0
Number of asset objects unloaded after import = 1
========================================================================
Received Import Request.
  Time since last request: 0.000028 seconds.
  path: Assets/TextMesh Pro/Examples & Extras/Scenes/08 - Improved Text Alignment.unity
  artifactKey: Guid(5fe2257128d9401fad0790f581dc8a6f) Importer(2089858483,0ecaa5967403d082aa24f35e1b516d23)
Start importing Assets/TextMesh Pro/Examples & Extras/Scenes/08 - Improved Text Alignment.unity using Guid(5fe2257128d9401fad0790f581dc8a6f) Importer(2089858483,0ecaa5967403d082aa24f35e1b516d23) [PhysX] Initialized MultithreadedTaskDispatcher with 12 workers.
 -> (artifact id: '0c0c8d6896e8a772f6145c8fbcfe7dac') in 0.020173 seconds
Number of updated asset objects reloaded before import = 0
Number of asset objects unloaded after import = 1
========================================================================
Received Import Request.
  Time since last request: 0.000033 seconds.
  path: Assets/TextMesh Pro/Examples & Extras/Scenes/23 - Animating Vertex Attributes.unity
  artifactKey: Guid(54e994244b4b467e8583cf2da6dcc716) Importer(2089858483,0ecaa5967403d082aa24f35e1b516d23)
Start importing Assets/TextMesh Pro/Examples & Extras/Scenes/23 - Animating Vertex Attributes.unity using Guid(54e994244b4b467e8583cf2da6dcc716) Importer(2089858483,0ecaa5967403d082aa24f35e1b516d23) [PhysX] Initialized MultithreadedTaskDispatcher with 12 workers.
 -> (artifact id: 'a1c905cc408bd3a8a5be8a10e4b6252c') in 0.016782 seconds
Number of updated asset objects reloaded before import = 0
Number of asset objects unloaded after import = 1
========================================================================
Received Import Request.
  Time since last request: 0.000043 seconds.
  path: Assets/TextMesh Pro/Examples & Extras/Scenes/11 - The Style Tag.unity
  artifactKey: Guid(84ed36ad77dd4956b2ffe3769f759879) Importer(2089858483,0ecaa5967403d082aa24f35e1b516d23)
Start importing Assets/TextMesh Pro/Examples & Extras/Scenes/11 - The Style Tag.unity using Guid(84ed36ad77dd4956b2ffe3769f759879) Importer(2089858483,0ecaa5967403d082aa24f35e1b516d23) [PhysX] Initialized MultithreadedTaskDispatcher with 12 workers.
 -> (artifact id: 'b41eeb9f4d4c36bf7ee1e4485954f306') in 0.017659 seconds
Number of updated asset objects reloaded before import = 0
Number of asset objects unloaded after import = 1
========================================================================
Received Import Request.
  Time since last request: 0.000040 seconds.
  path: Assets/TextMesh Pro/Examples & Extras/Scenes/10 - Bullets & Numbered List ExampleSettings.lighting
  artifactKey: Guid(95da861fa24a4ab4e836ece1a0943bbe) Importer(2089858483,0ecaa5967403d082aa24f35e1b516d23)
Start importing Assets/TextMesh Pro/Examples & Extras/Scenes/10 - Bullets & Numbered List ExampleSettings.lighting using Guid(95da861fa24a4ab4e836ece1a0943bbe) Importer(2089858483,0ecaa5967403d082aa24f35e1b516d23) [PhysX] Initialized MultithreadedTaskDispatcher with 12 workers.
LightingSettings: switching bake backend from 1 to 0.
 -> (artifact id: 'be35b9d1588a4dadf6f3bda81b7f30d2') in 0.024555 seconds
Number of updated asset objects reloaded before import = 0
Number of asset objects unloaded after import = 1
========================================================================
Received Import Request.
  Time since last request: 0.000033 seconds.
  path: Assets/TextMesh Pro/Examples & Extras/Prefabs/Text Popup.prefab
  artifactKey: Guid(b06f0e6c1dfa4356ac918da1bb32c603) Importer(2089858483,0ecaa5967403d082aa24f35e1b516d23)
Start importing Assets/TextMesh Pro/Examples & Extras/Prefabs/Text Popup.prefab using Guid(b06f0e6c1dfa4356ac918da1bb32c603) Importer(2089858483,0ecaa5967403d082aa24f35e1b516d23) [PhysX] Initialized MultithreadedTaskDispatcher with 12 workers.
 -> (artifact id: '7ff53ce09bad3bb13b1d620699cc624a') in 0.044688 seconds
Number of updated asset objects reloaded before import = 0
Number of asset objects unloaded after import = 21
========================================================================
Received Import Request.
  Time since last request: 0.000043 seconds.
  path: Assets/TextMesh Pro/Examples & Extras/Resources/Fonts & Materials/Anton SDF.asset
  artifactKey: Guid(8a89fa14b10d46a99122fd4f73fca9a2) Importer(2089858483,0ecaa5967403d082aa24f35e1b516d23)
Start importing Assets/TextMesh Pro/Examples & Extras/Resources/Fonts & Materials/Anton SDF.asset using Guid(8a89fa14b10d46a99122fd4f73fca9a2) Importer(2089858483,0ecaa5967403d082aa24f35e1b516d23) [PhysX] Initialized MultithreadedTaskDispatcher with 12 workers.
 -> (artifact id: '1530e2f9209c115c83b5448d8666e4e8') in 0.041408 seconds
Number of updated asset objects reloaded before import = 0
Number of asset objects unloaded after import = 5
========================================================================
Received Import Request.
  Time since last request: 0.000053 seconds.
  path: Assets/TextMesh Pro/Examples & Extras/Scenes/19 - Masking Texture & Soft Mask.unity
  artifactKey: Guid(9abcd5bd764646568a6ea70d00f9264c) Importer(2089858483,0ecaa5967403d082aa24f35e1b516d23)
Start importing Assets/TextMesh Pro/Examples & Extras/Scenes/19 - Masking Texture & Soft Mask.unity using Guid(9abcd5bd764646568a6ea70d00f9264c) Importer(2089858483,0ecaa5967403d082aa24f35e1b516d23) [PhysX] Initialized MultithreadedTaskDispatcher with 12 workers.
 -> (artifact id: 'e971e1e1dd60bb853043f53c1a8b3c09') in 0.021743 seconds
Number of updated asset objects reloaded before import = 0
Number of asset objects unloaded after import = 1
========================================================================
Received Import Request.
  Time since last request: 0.000036 seconds.
  path: Assets/TextMesh Pro/Examples & Extras/Scenes/15 - Inline Graphics & SpritesSettings.lighting
  artifactKey: Guid(f6f38a80ad629704394889584493e6dd) Importer(2089858483,0ecaa5967403d082aa24f35e1b516d23)
Start importing Assets/TextMesh Pro/Examples & Extras/Scenes/15 - Inline Graphics & SpritesSettings.lighting using Guid(f6f38a80ad629704394889584493e6dd) Importer(2089858483,0ecaa5967403d082aa24f35e1b516d23) [PhysX] Initialized MultithreadedTaskDispatcher with 12 workers.
LightingSettings: switching bake backend from 1 to 0.
 -> (artifact id: '93e80a4d77eb2c3ddefd77b92325fb88') in 0.022210 seconds
Number of updated asset objects reloaded before import = 0
Number of asset objects unloaded after import = 1
========================================================================
Received Import Request.
  Time since last request: 0.000038 seconds.
  path: Assets/TextMesh Pro/Examples & Extras/Scenes/09 - Margin Tag ExampleSettings.lighting
  artifactKey: Guid(071cd83c3d0403b4a94bc4f8acfddde0) Importer(2089858483,0ecaa5967403d082aa24f35e1b516d23)
Start importing Assets/TextMesh Pro/Examples & Extras/Scenes/09 - Margin Tag ExampleSettings.lighting using Guid(071cd83c3d0403b4a94bc4f8acfddde0) Importer(2089858483,0ecaa5967403d082aa24f35e1b516d23) [PhysX] Initialized MultithreadedTaskDispatcher with 12 workers.
LightingSettings: switching bake backend from 1 to 0.
 -> (artifact id: 'b58b373cd8df50848b82019ad4b56f7c') in 0.022409 seconds
Number of updated asset objects reloaded before import = 0
Number of asset objects unloaded after import = 1
========================================================================
Received Import Request.
  Time since last request: 0.000035 seconds.
  path: Assets/EditorPersonajes/Prefabs/CharacterPreviewUI.prefab
  artifactKey: Guid(e6f42146896d3ac49a1701cec73d0bbd) Importer(2089858483,0ecaa5967403d082aa24f35e1b516d23)
Start importing Assets/EditorPersonajes/Prefabs/CharacterPreviewUI.prefab using Guid(e6f42146896d3ac49a1701cec73d0bbd) Importer(2089858483,0ecaa5967403d082aa24f35e1b516d23) [PhysX] Initialized MultithreadedTaskDispatcher with 12 workers.
 -> (artifact id: 'b830f323a90d8a2b287ae73c20877f21') in 0.062745 seconds
Number of updated asset objects reloaded before import = 0
Number of asset objects unloaded after import = 98
========================================================================
Received Import Request.
  Time since last request: 0.000035 seconds.
  path: Assets/TextMesh Pro/Examples & Extras/Scenes/06 - Extra Rich Text Examples.unity
  artifactKey: Guid(39a1fa96ad2a449b908fca29d4297a74) Importer(2089858483,0ecaa5967403d082aa24f35e1b516d23)
Start importing Assets/TextMesh Pro/Examples & Extras/Scenes/06 - Extra Rich Text Examples.unity using Guid(39a1fa96ad2a449b908fca29d4297a74) Importer(2089858483,0ecaa5967403d082aa24f35e1b516d23) [PhysX] Initialized MultithreadedTaskDispatcher with 12 workers.
 -> (artifact id: '2141e37f2f5f217d1e05ea27e76c36e2') in 0.013733 seconds
Number of updated asset objects reloaded before import = 0
Number of asset objects unloaded after import = 1
========================================================================
Received Import Request.
  Time since last request: 0.000038 seconds.
  path: Assets/ZRNAssets/005339_08932_25_14/Scenes/Sample_005339_08932_25_14Settings.lighting
  artifactKey: Guid(dcd20f129461b71479ca33ef532ef97a) Importer(2089858483,0ecaa5967403d082aa24f35e1b516d23)
Start importing Assets/ZRNAssets/005339_08932_25_14/Scenes/Sample_005339_08932_25_14Settings.lighting using Guid(dcd20f129461b71479ca33ef532ef97a) Importer(2089858483,0ecaa5967403d082aa24f35e1b516d23) [PhysX] Initialized MultithreadedTaskDispatcher with 12 workers.
LightingSettings: switching bake backend from 1 to 0.
 -> (artifact id: '8c0d2023f30ba507257c2df1370836f6') in 0.026856 seconds
Number of updated asset objects reloaded before import = 0
Number of asset objects unloaded after import = 1
========================================================================
Received Import Request.
  Time since last request: 0.000053 seconds.
  path: Assets/TextMesh Pro/Examples & Extras/Scenes/20 - Input Field with Scrollbar.unity
  artifactKey: Guid(337f92480dd24675aae9e79210fb1ad9) Importer(2089858483,0ecaa5967403d082aa24f35e1b516d23)
Start importing Assets/TextMesh Pro/Examples & Extras/Scenes/20 - Input Field with Scrollbar.unity using Guid(337f92480dd24675aae9e79210fb1ad9) Importer(2089858483,0ecaa5967403d082aa24f35e1b516d23) [PhysX] Initialized MultithreadedTaskDispatcher with 12 workers.
 -> (artifact id: 'a92a162c0c44b08ccbd1d9217029a440') in 0.014407 seconds
Number of updated asset objects reloaded before import = 0
Number of asset objects unloaded after import = 1
========================================================================
Received Import Request.
  Time since last request: 0.000062 seconds.
  path: Assets/TextMesh Pro/Examples & Extras/Scenes/08 - Improved Text AlignmentSettings.lighting
  artifactKey: Guid(55bcab08149a81d47872cd750e82d641) Importer(2089858483,0ecaa5967403d082aa24f35e1b516d23)
Start importing Assets/TextMesh Pro/Examples & Extras/Scenes/08 - Improved Text AlignmentSettings.lighting using Guid(55bcab08149a81d47872cd750e82d641) Importer(2089858483,0ecaa5967403d082aa24f35e1b516d23) [PhysX] Initialized MultithreadedTaskDispatcher with 12 workers.
LightingSettings: switching bake backend from 1 to 0.
 -> (artifact id: 'aac6afe4fef7f4dc1e46f90c7fd00afe') in 0.023063 seconds
Number of updated asset objects reloaded before import = 0
Number of asset objects unloaded after import = 1
========================================================================
Received Import Request.
  Time since last request: 0.000036 seconds.
  path: Assets/TextMesh Pro/Examples & Extras/Scenes/15 - Inline Graphics & Sprites.unity
  artifactKey: Guid(e76e6c0f81964cbda3fe0b7d26ed8060) Importer(2089858483,0ecaa5967403d082aa24f35e1b516d23)
Start importing Assets/TextMesh Pro/Examples & Extras/Scenes/15 - Inline Graphics & Sprites.unity using Guid(e76e6c0f81964cbda3fe0b7d26ed8060) Importer(2089858483,0ecaa5967403d082aa24f35e1b516d23) [PhysX] Initialized MultithreadedTaskDispatcher with 12 workers.
 -> (artifact id: 'bab1e820a0344bf427725f69eacba459') in 0.016342 seconds
Number of updated asset objects reloaded before import = 0
Number of asset objects unloaded after import = 1
========================================================================
Received Import Request.
  Time since last request: 0.000037 seconds.
  path: Assets/ZRNAssets/005339_08932_25_14/Scenes/Sample_005339_08932_25_14.unity
  artifactKey: Guid(783686484a6b647158a3961cbd5e6f63) Importer(2089858483,0ecaa5967403d082aa24f35e1b516d23)
Start importing Assets/ZRNAssets/005339_08932_25_14/Scenes/Sample_005339_08932_25_14.unity using Guid(783686484a6b647158a3961cbd5e6f63) Importer(2089858483,0ecaa5967403d082aa24f35e1b516d23) [PhysX] Initialized MultithreadedTaskDispatcher with 12 workers.
 -> (artifact id: '3edc1871ee30a675594503839fb827bf') in 0.016745 seconds
Number of updated asset objects reloaded before import = 0
Number of asset objects unloaded after import = 1
========================================================================
Received Import Request.
  Time since last request: 0.000027 seconds.
  path: Assets/TextMesh Pro/Examples & Extras/Resources/Fonts & Materials/Electronic Highway Sign SDF.asset
  artifactKey: Guid(dc36b3fdc14f47ebb36fd484a67e268a) Importer(2089858483,0ecaa5967403d082aa24f35e1b516d23)
Start importing Assets/TextMesh Pro/Examples & Extras/Resources/Fonts & Materials/Electronic Highway Sign SDF.asset using Guid(dc36b3fdc14f47ebb36fd484a67e268a) Importer(2089858483,0ecaa5967403d082aa24f35e1b516d23) [PhysX] Initialized MultithreadedTaskDispatcher with 12 workers.
 -> (artifact id: 'ada37f444c665c09276d16c655fe4f52') in 0.046420 seconds
Number of updated asset objects reloaded before import = 0
Number of asset objects unloaded after import = 5
========================================================================
Received Import Request.
  Time since last request: 0.000047 seconds.
  path: Assets/TextMesh Pro/Examples & Extras/Scenes/17 - Old Computer Terminal.unity
  artifactKey: Guid(3e2e4d7b0bed4cf9ab827e9f32448f69) Importer(2089858483,0ecaa5967403d082aa24f35e1b516d23)
Start importing Assets/TextMesh Pro/Examples & Extras/Scenes/17 - Old Computer Terminal.unity using Guid(3e2e4d7b0bed4cf9ab827e9f32448f69) Importer(2089858483,0ecaa5967403d082aa24f35e1b516d23) [PhysX] Initialized MultithreadedTaskDispatcher with 12 workers.
 -> (artifact id: 'c641060e2ac24bbd8a0bcb57f6bc2591') in 0.016166 seconds
Number of updated asset objects reloaded before import = 0
Number of asset objects unloaded after import = 1
========================================================================
Received Import Request.
  Time since last request: 0.000038 seconds.
  path: Assets/TextMesh Pro/Examples & Extras/Scenes/10 - Bullets & Numbered List Example.unity
  artifactKey: Guid(c3f814e1d12c45568daf3dd9a86a0e61) Importer(2089858483,0ecaa5967403d082aa24f35e1b516d23)
Start importing Assets/TextMesh Pro/Examples & Extras/Scenes/10 - Bullets & Numbered List Example.unity using Guid(c3f814e1d12c45568daf3dd9a86a0e61) Importer(2089858483,0ecaa5967403d082aa24f35e1b516d23) [PhysX] Initialized MultithreadedTaskDispatcher with 12 workers.
 -> (artifact id: 'e4cadd145e2ebb6847372d9a29f3a76e') in 0.016304 seconds
Number of updated asset objects reloaded before import = 0
Number of asset objects unloaded after import = 1
========================================================================
Received Import Request.
  Time since last request: 0.000035 seconds.
  path: Assets/TextMesh Pro/Examples & Extras/Scenes/26 - Dropdown Placeholder Example.unity
  artifactKey: Guid(0851605490a599b46b6ac5cb681d93ea) Importer(2089858483,0ecaa5967403d082aa24f35e1b516d23)
Start importing Assets/TextMesh Pro/Examples & Extras/Scenes/26 - Dropdown Placeholder Example.unity using Guid(0851605490a599b46b6ac5cb681d93ea) Importer(2089858483,0ecaa5967403d082aa24f35e1b516d23) [PhysX] Initialized MultithreadedTaskDispatcher with 12 workers.
 -> (artifact id: '802121f2360dd12f7542f3de493c1be0') in 0.013867 seconds
Number of updated asset objects reloaded before import = 0
Number of asset objects unloaded after import = 1
========================================================================
Received Import Request.
  Time since last request: 0.000041 seconds.
  path: Assets/TextMesh Pro/Examples & Extras/Scenes/01-  Single Line TextMesh Pro.unity
  artifactKey: Guid(2ac8cf212df6445e8aebbe3cb832e993) Importer(2089858483,0ecaa5967403d082aa24f35e1b516d23)
Start importing Assets/TextMesh Pro/Examples & Extras/Scenes/01-  Single Line TextMesh Pro.unity using Guid(2ac8cf212df6445e8aebbe3cb832e993) Importer(2089858483,0ecaa5967403d082aa24f35e1b516d23) [PhysX] Initialized MultithreadedTaskDispatcher with 12 workers.
 -> (artifact id: '04ecd0b05d591bade2ec186f057d8f48') in 0.017151 seconds
Number of updated asset objects reloaded before import = 0
Number of asset objects unloaded after import = 1
========================================================================
Received Import Request.
  Time since last request: 0.000053 seconds.
  path: Assets/TextMesh Pro/Examples & Extras/Scenes/20 - Input Field with ScrollbarSettings.lighting
  artifactKey: Guid(8999d8c48c616fb4a82920a2cc440152) Importer(2089858483,0ecaa5967403d082aa24f35e1b516d23)
Start importing Assets/TextMesh Pro/Examples & Extras/Scenes/20 - Input Field with ScrollbarSettings.lighting using Guid(8999d8c48c616fb4a82920a2cc440152) Importer(2089858483,0ecaa5967403d082aa24f35e1b516d23) [PhysX] Initialized MultithreadedTaskDispatcher with 12 workers.
LightingSettings: switching bake backend from 1 to 0.
 -> (artifact id: 'd7768b085a005925ad7647b429a625af') in 0.019991 seconds
Number of updated asset objects reloaded before import = 0
Number of asset objects unloaded after import = 1
========================================================================
Received Import Request.
  Time since last request: 12.773675 seconds.
  path: Assets/Polytope Studio/Lowpoly_Environments/Sources/Meshes/Rocks/PT_Ore_Rock_01.fbx
  artifactKey: Guid(a9129ae83f8faf646961b70c4b103833) Importer(815301076,1909f56bfc062723c751e8b465ee728b)
Start importing Assets/Polytope Studio/Lowpoly_Environments/Sources/Meshes/Rocks/PT_Ore_Rock_01.fbx using Guid(a9129ae83f8faf646961b70c4b103833) Importer(815301076,1909f56bfc062723c751e8b465ee728b) [PhysX] Initialized MultithreadedTaskDispatcher with 12 workers.
[PhysX] Initialized MultithreadedTaskDispatcher with 12 workers.
[PhysX] Initialized MultithreadedTaskDispatcher with 12 workers.
[PhysX] Initialized MultithreadedTaskDispatcher with 12 workers.
[PhysX] Initialized MultithreadedTaskDispatcher with 12 workers.
[PhysX] Initialized MultithreadedTaskDispatcher with 12 workers.
[PhysX] Initialized MultithreadedTaskDispatcher with 12 workers.
[PhysX] Initialized MultithreadedTaskDispatcher with 12 workers.
 -> (artifact id: '25df24b2fd8cf916ea604415d99adcc0') in 0.333784 seconds
Number of updated asset objects reloaded before import = 0
Number of asset objects unloaded after import = 43
========================================================================
Received Import Request.
  Time since last request: 0.000057 seconds.
  path: Assets/Polytope Studio/Lowpoly_Environments/Sources/Meshes/Rocks/PT_River_Rock_Pile_02.fbx
  artifactKey: Guid(e5e1b3c0d2be60b47981235187af0936) Importer(815301076,1909f56bfc062723c751e8b465ee728b)
Start importing Assets/Polytope Studio/Lowpoly_Environments/Sources/Meshes/Rocks/PT_River_Rock_Pile_02.fbx using Guid(e5e1b3c0d2be60b47981235187af0936) Importer(815301076,1909f56bfc062723c751e8b465ee728b) [PhysX] Initialized MultithreadedTaskDispatcher with 12 workers.
[PhysX] Initialized MultithreadedTaskDispatcher with 12 workers.
[PhysX] Initialized MultithreadedTaskDispatcher with 12 workers.
[PhysX] Initialized MultithreadedTaskDispatcher with 12 workers.
[PhysX] Initialized MultithreadedTaskDispatcher with 12 workers.
[PhysX] Initialized MultithreadedTaskDispatcher with 12 workers.
[PhysX] Initialized MultithreadedTaskDispatcher with 12 workers.
[PhysX] Initialized MultithreadedTaskDispatcher with 12 workers.
 -> (artifact id: '51912f5041fef1879fdbcf3dd947fa2c') in 0.086146 seconds
Number of updated asset objects reloaded before import = 0
Number of asset objects unloaded after import = 24
========================================================================
Received Import Request.
  Time since last request: 163.340992 seconds.
  path: Assets/Polytope Studio/Lowpoly_Environments/Sources/Meshes/Shrubs/PT_Generic_Shrub_01_green.fbx
  artifactKey: Guid(cc43ed905f6a9d24a86d3eb531265e85) Importer(815301076,1909f56bfc062723c751e8b465ee728b)
Start importing Assets/Polytope Studio/Lowpoly_Environments/Sources/Meshes/Shrubs/PT_Generic_Shrub_01_green.fbx using Guid(cc43ed905f6a9d24a86d3eb531265e85) Importer(815301076,1909f56bfc062723c751e8b465ee728b) [PhysX] Initialized MultithreadedTaskDispatcher with 12 workers.
[PhysX] Initialized MultithreadedTaskDispatcher with 12 workers.
[PhysX] Initialized MultithreadedTaskDispatcher with 12 workers.
[PhysX] Initialized MultithreadedTaskDispatcher with 12 workers.
[PhysX] Initialized MultithreadedTaskDispatcher with 12 workers.
[PhysX] Initialized MultithreadedTaskDispatcher with 12 workers.
[PhysX] Initialized MultithreadedTaskDispatcher with 12 workers.
[PhysX] Initialized MultithreadedTaskDispatcher with 12 workers.
 -> (artifact id: '6931461120183f1aa6001bb2ff94ecbf') in 0.057913 seconds
Number of updated asset objects reloaded before import = 0
Number of asset objects unloaded after import = 25
========================================================================
Received Import Request.
  Time since last request: 521.575371 seconds.
  path: Assets/Models/male_casual.fbx
  artifactKey: Guid(eca7101da8aaa8249b38d809cbf8ff8d) Importer(815301076,1909f56bfc062723c751e8b465ee728b)
Start importing Assets/Models/male_casual.fbx using Guid(eca7101da8aaa8249b38d809cbf8ff8d) Importer(815301076,1909f56bfc062723c751e8b465ee728b) [PhysX] Initialized MultithreadedTaskDispatcher with 12 workers.
[PhysX] Initialized MultithreadedTaskDispatcher with 12 workers.
[PhysX] Initialized MultithreadedTaskDispatcher with 12 workers.
[PhysX] Initialized MultithreadedTaskDispatcher with 12 workers.
[PhysX] Initialized MultithreadedTaskDispatcher with 12 workers.
 -> (artifact id: '477100f88551cdf3429f4a7e1c951519') in 0.941207 seconds
Number of updated asset objects reloaded before import = 6
Number of asset objects unloaded after import = 65
========================================================================
Received Prepare
Caller must complete domain reload
Begin MonoManager ReloadAssembly
- Loaded All Assemblies, in  0.898 seconds
Native extension for WindowsStandalone target not found
Native extension for Android target not found
Mono: successfully reloaded assembly
- Finished resetting the current domain, in  4.114 seconds
Domain Reload Profiling: 5009ms
	BeginReloadAssembly (284ms)
		ExecutionOrderSort (0ms)
		DisableScriptedObjects (12ms)
		BackupInstance (0ms)
		ReleaseScriptingObjects (0ms)
		CreateAndSetChildDomain (128ms)
	RebuildCommonClasses (35ms)
	RebuildNativeTypeToScriptingClass (9ms)
	initialDomainReloadingComplete (40ms)
	LoadAllAssembliesAndSetupDomain (525ms)
		LoadAssemblies (560ms)
		RebuildTransferFunctionScriptingTraits (0ms)
		AnalyzeDomain (68ms)
			TypeCache.Refresh (21ms)
				TypeCache.ScanAssembly (3ms)
			ScanForSourceGeneratedMonoScriptInfo (28ms)
			ResolveRequiredComponents (17ms)
	FinalizeReload (4115ms)
		ReleaseScriptCaches (0ms)
		RebuildScriptCaches (0ms)
		SetupLoadedEditorAssemblies (496ms)
			LogAssemblyErrors (0ms)
			InitializePlatformSupportModulesInManaged (22ms)
			SetLoadedEditorAssemblies (3ms)
			RefreshPlugins (0ms)
			BeforeProcessingInitializeOnLoad (86ms)
			ProcessInitializeOnLoadAttributes (312ms)
			ProcessInitializeOnLoadMethodAttributes (63ms)
			AfterProcessingInitializeOnLoad (9ms)
			EditorAssembliesLoaded (0ms)
		ExecutionOrderSort2 (0ms)
		AwakeInstancesAfterBackupRestoration (20ms)
Refreshing native plugins compatible for Editor in 9.24 ms, found 4 plugins.
Preloading 0 native plugins for Editor in 0.00 ms.
Unloading 5277 Unused Serialized files (Serialized files now loaded: 0)
Unloading 33 unused Assets / (3.8 MB). Loaded Objects now: 6004.
Memory consumption went from 211.7 MB to 207.9 MB.
Total: 6.702200 ms (FindLiveObjects: 0.986300 ms CreateObjectMapping: 0.613300 ms MarkObjects: 4.126900 ms  DeleteObjects: 0.974100 ms)

Prepare: number of updated asset objects reloaded= 3
AssetImportParameters requested are different than current active one (requested -> active):
  custom:container-demuxer-ogg: 62fdf1f143b41e24485cea50d1cbac27 -> 
  custom:scripting/monoscript/fileName/PT_PlayerMovement.cs: 82e118343a3ed9cb0fa63f022548ea3d -> 
  custom:video-decoder-ogg-theora: a1e56fd34408186e4bbccfd4996cb3dc -> 
  custom:framework-win-MediaFoundation: 216162199b28c13a410421893ffa2e32 -> 
  custom:scripting/monoscript/fileName/PT_MouseLook.cs: 8a0ae6c60e179e6b647ff07dfe41b7e1 -> 
  custom:CustomObjectIndexerAttribute: 72b91833f83ae208fae7752999fa3104 -> 
  custom:container-demuxer-webm: 4f35f7cbe854078d1ac9338744f61a02 -> 
  custom:container-muxer-webm: aa71ff27fc2769a1b78a27578f13a17b -> 
  custom:video-decoder-webm-vp8: 9c59270c3fd7afecdb556c50c9e8de78 -> 
  custom:SearchIndexIgnoredProperties: e643bd26f0fe6173181afceb89e7c659 -> 
  custom:AudioImporter_EditorPlatform: d09bf68614088b80899f8185d706f6e7 -> 
  custom:video-encoder-webm-vp8: eb34c28f22e8b96e1ab97ce403110664 -> 
  custom:audio-decoder-ogg-vorbis: bf7c407c2cedff20999df2af8eb42d56 -> 
  custom:audio-encoder-webm-vorbis: bf7c407c2cedff20999df2af8eb42d56 -> 
  custom:scripting/precompiled-assembly-types:Assembly-CSharp-Editor: c7998e212b9576fe95a97cdae82ccc8e -> aca7125a3389c5f4127a11b74e5e93cb
  custom:scripting/precompiled-assembly-types:Assembly-CSharp: efdcf6f795d96cb03f93f3b1ab851226 -> 64ebdeec8d3996ef538814d12357fc4b
  custom:scripting/monoscript/fileName/PT_Welcome_Screen.cs: 2c6b5d46b9243f77f697a3b2912cf19f -> 
========================================================================
Received Import Request.
  Time since last request: 540.328122 seconds.
  path: Assets/Polytope Studio/Lowpoly_Village
  artifactKey: Guid(9c4cb87f53ebd5c468c413df16c5ea33) Importer(815301076,1909f56bfc062723c751e8b465ee728b)
Start importing Assets/Polytope Studio/Lowpoly_Village using Guid(9c4cb87f53ebd5c468c413df16c5ea33) Importer(815301076,1909f56bfc062723c751e8b465ee728b) [PhysX] Initialized MultithreadedTaskDispatcher with 12 workers.
 -> (artifact id: '7292176445422121d0226a099505e351') in 0.003608 seconds
Number of updated asset objects reloaded before import = 0
Number of asset objects unloaded after import = 0
========================================================================
Received Import Request.
  Time since last request: 5.293163 seconds.
  path: Assets/Polytope Studio/Lowpoly_Village/Sources/Textures/PT_Medieval_Buildings_Texture_01mask2.png
  artifactKey: Guid(da4b5e2c1255f2e40bad4bd005f99f2c) Importer(815301076,1909f56bfc062723c751e8b465ee728b)
Start importing Assets/Polytope Studio/Lowpoly_Village/Sources/Textures/PT_Medieval_Buildings_Texture_01mask2.png using Guid(da4b5e2c1255f2e40bad4bd005f99f2c) Importer(815301076,1909f56bfc062723c751e8b465ee728b) [PhysX] Initialized MultithreadedTaskDispatcher with 12 workers.
[PhysX] Initialized MultithreadedTaskDispatcher with 12 workers.
 -> (artifact id: 'c8497af3bdcbbddbd08de6f530fc19aa') in 0.044172 seconds
Number of updated asset objects reloaded before import = 0
Number of asset objects unloaded after import = 2
========================================================================
Received Import Request.
  Time since last request: 0.005392 seconds.
  path: Assets/Polytope Studio/Lowpoly_Village/Sources/Textures/PT_texture.tga
  artifactKey: Guid(16357eda3fc18dd459a8218b92769643) Importer(815301076,1909f56bfc062723c751e8b465ee728b)
Start importing Assets/Polytope Studio/Lowpoly_Village/Sources/Textures/PT_texture.tga using Guid(16357eda3fc18dd459a8218b92769643) Importer(815301076,1909f56bfc062723c751e8b465ee728b) [PhysX] Initialized MultithreadedTaskDispatcher with 12 workers.
[PhysX] Initialized MultithreadedTaskDispatcher with 12 workers.
 -> (artifact id: 'cdeea46ddf37420a0584c5ba03c64558') in 0.017836 seconds
Number of updated asset objects reloaded before import = 0
Number of asset objects unloaded after import = 2
========================================================================
Received Import Request.
  Time since last request: 2.718983 seconds.
  path: Assets/Polytope Studio/Lowpoly_Village/Sources/Meshes/Modular/Fence/PT_Modular_Fence_Wood_02.fbx
  artifactKey: Guid(b67d2b761d3397348831d776dbb33e03) Importer(815301076,1909f56bfc062723c751e8b465ee728b)
Start importing Assets/Polytope Studio/Lowpoly_Village/Sources/Meshes/Modular/Fence/PT_Modular_Fence_Wood_02.fbx using Guid(b67d2b761d3397348831d776dbb33e03) Importer(815301076,1909f56bfc062723c751e8b465ee728b) [PhysX] Initialized MultithreadedTaskDispatcher with 12 workers.
[PhysX] Initialized MultithreadedTaskDispatcher with 12 workers.
[PhysX] Initialized MultithreadedTaskDispatcher with 12 workers.
 -> (artifact id: '9cb6d4b2171f047dd522912e04d54302') in 0.297958 seconds
Number of updated asset objects reloaded before import = 0
Number of asset objects unloaded after import = 32
========================================================================
Received Import Request.
  Time since last request: 0.000033 seconds.
  path: Assets/Polytope Studio/Lowpoly_Village/Sources/Meshes/Modular/Fence/PT_Modular_Gate_Wood_01.fbx
  artifactKey: Guid(be10e17a73c475f41849cedee3245fd3) Importer(815301076,1909f56bfc062723c751e8b465ee728b)
Start importing Assets/Polytope Studio/Lowpoly_Village/Sources/Meshes/Modular/Fence/PT_Modular_Gate_Wood_01.fbx using Guid(be10e17a73c475f41849cedee3245fd3) Importer(815301076,1909f56bfc062723c751e8b465ee728b) [PhysX] Initialized MultithreadedTaskDispatcher with 12 workers.
[PhysX] Initialized MultithreadedTaskDispatcher with 12 workers.
[PhysX] Initialized MultithreadedTaskDispatcher with 12 workers.
[PhysX] Initialized MultithreadedTaskDispatcher with 12 workers.
[PhysX] Initialized MultithreadedTaskDispatcher with 12 workers.
[PhysX] Initialized MultithreadedTaskDispatcher with 12 workers.
[PhysX] Initialized MultithreadedTaskDispatcher with 12 workers.
[PhysX] Initialized MultithreadedTaskDispatcher with 12 workers.
 -> (artifact id: 'fb939e7cc56c198fc49a6492234fa4af') in 0.058129 seconds
Number of updated asset objects reloaded before import = 0
Number of asset objects unloaded after import = 27
========================================================================
Received Import Request.
  Time since last request: 55.026804 seconds.
  path: Assets/Polytope Studio/Lowpoly_Environments/Sources/Meshes/Trees/PT_Fruit_Tree_01_dead.fbx
  artifactKey: Guid(3ebf65d3a6489594ca09a35d85d43b0a) Importer(815301076,1909f56bfc062723c751e8b465ee728b)
Start importing Assets/Polytope Studio/Lowpoly_Environments/Sources/Meshes/Trees/PT_Fruit_Tree_01_dead.fbx using Guid(3ebf65d3a6489594ca09a35d85d43b0a) Importer(815301076,1909f56bfc062723c751e8b465ee728b) [PhysX] Initialized MultithreadedTaskDispatcher with 12 workers.
[PhysX] Initialized MultithreadedTaskDispatcher with 12 workers.
[PhysX] Initialized MultithreadedTaskDispatcher with 12 workers.
[PhysX] Initialized MultithreadedTaskDispatcher with 12 workers.
[PhysX] Initialized MultithreadedTaskDispatcher with 12 workers.
[PhysX] Initialized MultithreadedTaskDispatcher with 12 workers.
[PhysX] Initialized MultithreadedTaskDispatcher with 12 workers.
[PhysX] Initialized MultithreadedTaskDispatcher with 12 workers.
 -> (artifact id: '7cd4f57eb728f0566c4d1795f1ca7de3') in 1.930095 seconds
Number of updated asset objects reloaded before import = 3
Number of asset objects unloaded after import = 23
========================================================================
Received Import Request.
  Time since last request: 0.000038 seconds.
  path: Assets/Polytope Studio/Lowpoly_Environments/Sources/Meshes/Trees/PT_Pine_Tree_03_dead_cut.fbx
  artifactKey: Guid(3b8d3c0077d69eb4db5ee5754518f067) Importer(815301076,1909f56bfc062723c751e8b465ee728b)
Start importing Assets/Polytope Studio/Lowpoly_Environments/Sources/Meshes/Trees/PT_Pine_Tree_03_dead_cut.fbx using Guid(3b8d3c0077d69eb4db5ee5754518f067) Importer(815301076,1909f56bfc062723c751e8b465ee728b) [PhysX] Initialized MultithreadedTaskDispatcher with 12 workers.
[PhysX] Initialized MultithreadedTaskDispatcher with 12 workers.
[PhysX] Initialized MultithreadedTaskDispatcher with 12 workers.
 -> (artifact id: '10287af64e18253b372788a888aaa881') in 0.031698 seconds
Number of updated asset objects reloaded before import = 0
Number of asset objects unloaded after import = 10
========================================================================
Received Import Request.
  Time since last request: 0.000103 seconds.
  path: Assets/Polytope Studio/Lowpoly_Environments/Sources/Meshes/Trees/PT_Pine_Tree_03_stump.fbx
  artifactKey: Guid(13bd9962aed9bef41bc2dd73a559c317) Importer(815301076,1909f56bfc062723c751e8b465ee728b)
Start importing Assets/Polytope Studio/Lowpoly_Environments/Sources/Meshes/Trees/PT_Pine_Tree_03_stump.fbx using Guid(13bd9962aed9bef41bc2dd73a559c317) Importer(815301076,1909f56bfc062723c751e8b465ee728b) [PhysX] Initialized MultithreadedTaskDispatcher with 12 workers.
[PhysX] Initialized MultithreadedTaskDispatcher with 12 workers.
[PhysX] Initialized MultithreadedTaskDispatcher with 12 workers.
 -> (artifact id: '2bcae2328e52b05d41e0bccfe0c2f556') in 0.030930 seconds
Number of updated asset objects reloaded before import = 0
Number of asset objects unloaded after import = 10
========================================================================
Received Import Request.
  Time since last request: 0.000038 seconds.
  path: Assets/Polytope Studio/Lowpoly_Environments/Sources/Meshes/Trees/PT_Pine_Tree_03_dead.fbx
  artifactKey: Guid(021e9eaa88033da4c94bcdeddffe6562) Importer(815301076,1909f56bfc062723c751e8b465ee728b)
Start importing Assets/Polytope Studio/Lowpoly_Environments/Sources/Meshes/Trees/PT_Pine_Tree_03_dead.fbx using Guid(021e9eaa88033da4c94bcdeddffe6562) Importer(815301076,1909f56bfc062723c751e8b465ee728b) [PhysX] Initialized MultithreadedTaskDispatcher with 12 workers.
[PhysX] Initialized MultithreadedTaskDispatcher with 12 workers.
[PhysX] Initialized MultithreadedTaskDispatcher with 12 workers.
[PhysX] Initialized MultithreadedTaskDispatcher with 12 workers.
[PhysX] Initialized MultithreadedTaskDispatcher with 12 workers.
[PhysX] Initialized MultithreadedTaskDispatcher with 12 workers.
[PhysX] Initialized MultithreadedTaskDispatcher with 12 workers.
[PhysX] Initialized MultithreadedTaskDispatcher with 12 workers.
 -> (artifact id: 'eb876d53aa1401c60757670255eac21a') in 0.060585 seconds
Number of updated asset objects reloaded before import = 0
Number of asset objects unloaded after import = 23
========================================================================
Received Import Request.
  Time since last request: 0.000035 seconds.
  path: Assets/Polytope Studio/Lowpoly_Environments/Sources/Meshes/Trees/PT_Pine_Tree_03_logs.fbx
  artifactKey: Guid(e9a01d2a3de15954eb2cccf4df7f3d5b) Importer(815301076,1909f56bfc062723c751e8b465ee728b)
Start importing Assets/Polytope Studio/Lowpoly_Environments/Sources/Meshes/Trees/PT_Pine_Tree_03_logs.fbx using Guid(e9a01d2a3de15954eb2cccf4df7f3d5b) Importer(815301076,1909f56bfc062723c751e8b465ee728b) [PhysX] Initialized MultithreadedTaskDispatcher with 12 workers.
[PhysX] Initialized MultithreadedTaskDispatcher with 12 workers.
[PhysX] Initialized MultithreadedTaskDispatcher with 12 workers.
 -> (artifact id: '5f8c86d4e27e878c699ee3217364d48c') in 0.027647 seconds
Number of updated asset objects reloaded before import = 0
Number of asset objects unloaded after import = 10
========================================================================
Received Import Request.
  Time since last request: 0.000028 seconds.
  path: Assets/Polytope Studio/Lowpoly_Environments/Sources/Meshes/Trees/PT_Fruit_Tree_01_green_cut.fbx
  artifactKey: Guid(1500a5535a073af4797d5ba960824cb3) Importer(815301076,1909f56bfc062723c751e8b465ee728b)
Start importing Assets/Polytope Studio/Lowpoly_Environments/Sources/Meshes/Trees/PT_Fruit_Tree_01_green_cut.fbx using Guid(1500a5535a073af4797d5ba960824cb3) Importer(815301076,1909f56bfc062723c751e8b465ee728b) [PhysX] Initialized MultithreadedTaskDispatcher with 12 workers.
[PhysX] Initialized MultithreadedTaskDispatcher with 12 workers.
[PhysX] Initialized MultithreadedTaskDispatcher with 12 workers.
 -> (artifact id: 'c7b016c17642c7b98dfc5e64ce6e7abf') in 1.835602 seconds
Number of updated asset objects reloaded before import = 0
Number of asset objects unloaded after import = 12
========================================================================
Received Import Request.
  Time since last request: 242.699078 seconds.
  path: Assets/Polytope Studio/Lowpoly_Environments/Sources/Meshes/Shrubs/PT_Generic_Shrub_01_green.fbx
  artifactKey: Guid(cc43ed905f6a9d24a86d3eb531265e85) Importer(815301076,1909f56bfc062723c751e8b465ee728b)
Start importing Assets/Polytope Studio/Lowpoly_Environments/Sources/Meshes/Shrubs/PT_Generic_Shrub_01_green.fbx using Guid(cc43ed905f6a9d24a86d3eb531265e85) Importer(815301076,1909f56bfc062723c751e8b465ee728b) [PhysX] Initialized MultithreadedTaskDispatcher with 12 workers.
[PhysX] Initialized MultithreadedTaskDispatcher with 12 workers.
[PhysX] Initialized MultithreadedTaskDispatcher with 12 workers.
[PhysX] Initialized MultithreadedTaskDispatcher with 12 workers.
[PhysX] Initialized MultithreadedTaskDispatcher with 12 workers.
[PhysX] Initialized MultithreadedTaskDispatcher with 12 workers.
[PhysX] Initialized MultithreadedTaskDispatcher with 12 workers.
[PhysX] Initialized MultithreadedTaskDispatcher with 12 workers.
 -> (artifact id: '829dccc7a79063ceeb70e5d14957ba25') in 0.064793 seconds
Number of updated asset objects reloaded before import = 0
Number of asset objects unloaded after import = 25
========================================================================
Received Import Request.
  Time since last request: 112.314383 seconds.
  path: Assets/Polytope Studio/Lowpoly_Environments/Sources/Materials/PT_Generic_Leaf_mat.mat
  artifactKey: Guid(aac20e0005fef5248bc0774a19a05e87) Importer(815301076,1909f56bfc062723c751e8b465ee728b)
Start importing Assets/Polytope Studio/Lowpoly_Environments/Sources/Materials/PT_Generic_Leaf_mat.mat using Guid(aac20e0005fef5248bc0774a19a05e87) Importer(815301076,1909f56bfc062723c751e8b465ee728b) [PhysX] Initialized MultithreadedTaskDispatcher with 12 workers.
[PhysX] Initialized MultithreadedTaskDispatcher with 12 workers.
 -> (artifact id: '4bd8d440040b2c71e370259d8fcd6f01') in 0.278373 seconds
Number of updated asset objects reloaded before import = 0
Number of asset objects unloaded after import = 2
========================================================================
Received Import Request.
  Time since last request: 0.000031 seconds.
  path: Assets/Polytope Studio/Lowpoly_Environments/Sources/Materials/PT_Mushrooms_mat.mat
  artifactKey: Guid(c522ec7c62be0c145bc320ad11705a67) Importer(815301076,1909f56bfc062723c751e8b465ee728b)
Start importing Assets/Polytope Studio/Lowpoly_Environments/Sources/Materials/PT_Mushrooms_mat.mat using Guid(c522ec7c62be0c145bc320ad11705a67) Importer(815301076,1909f56bfc062723c751e8b465ee728b) [PhysX] Initialized MultithreadedTaskDispatcher with 12 workers.
[PhysX] Initialized MultithreadedTaskDispatcher with 12 workers.
 -> (artifact id: '9ef86dd0741edab789d7ba20f41f1264') in 0.027851 seconds
Number of updated asset objects reloaded before import = 0
Number of asset objects unloaded after import = 3
========================================================================
Received Import Request.
  Time since last request: 0.000048 seconds.
  path: Assets/Polytope Studio/Lowpoly_Environments/Sources/Materials/PT_Poppy_mat.mat
  artifactKey: Guid(67c85a5a0248e2a4a98e653c8e7eeb9e) Importer(815301076,1909f56bfc062723c751e8b465ee728b)
Start importing Assets/Polytope Studio/Lowpoly_Environments/Sources/Materials/PT_Poppy_mat.mat using Guid(67c85a5a0248e2a4a98e653c8e7eeb9e) Importer(815301076,1909f56bfc062723c751e8b465ee728b) [PhysX] Initialized MultithreadedTaskDispatcher with 12 workers.
[PhysX] Initialized MultithreadedTaskDispatcher with 12 workers.
 -> (artifact id: '6fdfe03ab9dad43c0768a768e45250cf') in 1.205860 seconds
Number of updated asset objects reloaded before import = 0
Number of asset objects unloaded after import = 4
========================================================================
Received Import Request.
  Time since last request: 0.000057 seconds.
  path: Assets/Polytope Studio/Lowpoly_Environments/Sources/Materials/PT_Water_mat.mat
  artifactKey: Guid(3e36df56c6fa5f64085c14d9d4f6f8d9) Importer(815301076,1909f56bfc062723c751e8b465ee728b)
Start importing Assets/Polytope Studio/Lowpoly_Environments/Sources/Materials/PT_Water_mat.mat using Guid(3e36df56c6fa5f64085c14d9d4f6f8d9) Importer(815301076,1909f56bfc062723c751e8b465ee728b) [PhysX] Initialized MultithreadedTaskDispatcher with 12 workers.
[PhysX] Initialized MultithreadedTaskDispatcher with 12 workers.
 -> (artifact id: 'd486e6b219d097ebda0398b3f8829aed') in 1.167605 seconds
Number of updated asset objects reloaded before import = 0
Number of asset objects unloaded after import = 4
========================================================================
Received Import Request.
  Time since last request: 104.435656 seconds.
  path: Assets/Polytope Studio/Lowpoly_Environments/Prefabs/Trees/PT_Fruit_Tree_01_dead.prefab
  artifactKey: Guid(c6a512d95615f534cbe31aba1aaa354c) Importer(815301076,1909f56bfc062723c751e8b465ee728b)
Start importing Assets/Polytope Studio/Lowpoly_Environments/Prefabs/Trees/PT_Fruit_Tree_01_dead.prefab using Guid(c6a512d95615f534cbe31aba1aaa354c) Importer(815301076,1909f56bfc062723c751e8b465ee728b) [PhysX] Initialized MultithreadedTaskDispatcher with 12 workers.
[PhysX] Initialized MultithreadedTaskDispatcher with 12 workers.
 -> (artifact id: 'b5ba15ba6d5a7d12584f6b5ed663e665') in 0.024635 seconds
Number of updated asset objects reloaded before import = 0
Number of asset objects unloaded after import = 23
========================================================================
Received Import Request.
  Time since last request: 0.000027 seconds.
  path: Assets/Polytope Studio/Lowpoly_Environments/Prefabs/Trees/PT_Pine_Tree_03_logs.prefab
  artifactKey: Guid(244ce2af788c0c346b86cbc0473811b0) Importer(815301076,1909f56bfc062723c751e8b465ee728b)
Start importing Assets/Polytope Studio/Lowpoly_Environments/Prefabs/Trees/PT_Pine_Tree_03_logs.prefab using Guid(244ce2af788c0c346b86cbc0473811b0) Importer(815301076,1909f56bfc062723c751e8b465ee728b) [PhysX] Initialized MultithreadedTaskDispatcher with 12 workers.
[PhysX] Initialized MultithreadedTaskDispatcher with 12 workers.
 -> (artifact id: 'baa3a4290411485e0fd9e0e2f047ed78') in 0.026440 seconds
Number of updated asset objects reloaded before import = 0
Number of asset objects unloaded after import = 10
========================================================================
Received Import Request.
  Time since last request: 0.000025 seconds.
  path: Assets/Polytope Studio/Lowpoly_Environments/Prefabs/Trees/PT_Pine_Tree_03_dead.prefab
  artifactKey: Guid(c7827efbbf7212f42803476ce3f9d082) Importer(815301076,1909f56bfc062723c751e8b465ee728b)
Start importing Assets/Polytope Studio/Lowpoly_Environments/Prefabs/Trees/PT_Pine_Tree_03_dead.prefab using Guid(c7827efbbf7212f42803476ce3f9d082) Importer(815301076,1909f56bfc062723c751e8b465ee728b) [PhysX] Initialized MultithreadedTaskDispatcher with 12 workers.
[PhysX] Initialized MultithreadedTaskDispatcher with 12 workers.
 -> (artifact id: 'cbf1a4fd2b9c97a58cb5022fd6aa2b2c') in 0.019790 seconds
Number of updated asset objects reloaded before import = 0
Number of asset objects unloaded after import = 23
========================================================================
Received Import Request.
  Time since last request: 0.000034 seconds.
  path: Assets/Polytope Studio/Lowpoly_Environments/Prefabs/Trees/PT_Fruit_Tree_01_logs.prefab
  artifactKey: Guid(c0c32672766a81647b04690fc9ed3595) Importer(815301076,1909f56bfc062723c751e8b465ee728b)
Start importing Assets/Polytope Studio/Lowpoly_Environments/Prefabs/Trees/PT_Fruit_Tree_01_logs.prefab using Guid(c0c32672766a81647b04690fc9ed3595) Importer(815301076,1909f56bfc062723c751e8b465ee728b) [PhysX] Initialized MultithreadedTaskDispatcher with 12 workers.
[PhysX] Initialized MultithreadedTaskDispatcher with 12 workers.
 -> (artifact id: '3435988fc4d6e0d2a9220401d2149683') in 0.019310 seconds
Number of updated asset objects reloaded before import = 0
Number of asset objects unloaded after import = 10
========================================================================
Received Import Request.
  Time since last request: 0.000033 seconds.
  path: Assets/Polytope Studio/Lowpoly_Environments/Prefabs/Trees/PT_Fruit_Tree_01_pears.prefab
  artifactKey: Guid(b62637568d07eb141b948ab45ea8c3d4) Importer(815301076,1909f56bfc062723c751e8b465ee728b)
Start importing Assets/Polytope Studio/Lowpoly_Environments/Prefabs/Trees/PT_Fruit_Tree_01_pears.prefab using Guid(b62637568d07eb141b948ab45ea8c3d4) Importer(815301076,1909f56bfc062723c751e8b465ee728b) [PhysX] Initialized MultithreadedTaskDispatcher with 12 workers.
[PhysX] Initialized MultithreadedTaskDispatcher with 12 workers.
 -> (artifact id: 'f00f4d024d85d9a1c60747858e38320c') in 0.028440 seconds
Number of updated asset objects reloaded before import = 0
Number of asset objects unloaded after import = 25
========================================================================
Received Import Request.
  Time since last request: 0.000031 seconds.
  path: Assets/Polytope Studio/Lowpoly_Environments/Prefabs/Trees/PT_Pine_Tree_03_stump.prefab
  artifactKey: Guid(c8b350551fbedc84c8025d7d29f3a018) Importer(815301076,1909f56bfc062723c751e8b465ee728b)
Start importing Assets/Polytope Studio/Lowpoly_Environments/Prefabs/Trees/PT_Pine_Tree_03_stump.prefab using Guid(c8b350551fbedc84c8025d7d29f3a018) Importer(815301076,1909f56bfc062723c751e8b465ee728b) [PhysX] Initialized MultithreadedTaskDispatcher with 12 workers.
[PhysX] Initialized MultithreadedTaskDispatcher with 12 workers.
 -> (artifact id: '9ad518558a21b0d74e2daee001bc25b0') in 0.021667 seconds
Number of updated asset objects reloaded before import = 0
Number of asset objects unloaded after import = 10
========================================================================
Received Import Request.
  Time since last request: 0.000030 seconds.
  path: Assets/Polytope Studio/Lowpoly_Environments/Prefabs/Trees/PT_Fruit_Tree_01_green.prefab
  artifactKey: Guid(c31bf8ec8e29cd74f9fb9a970fde7a53) Importer(815301076,1909f56bfc062723c751e8b465ee728b)
Start importing Assets/Polytope Studio/Lowpoly_Environments/Prefabs/Trees/PT_Fruit_Tree_01_green.prefab using Guid(c31bf8ec8e29cd74f9fb9a970fde7a53) Importer(815301076,1909f56bfc062723c751e8b465ee728b) [PhysX] Initialized MultithreadedTaskDispatcher with 12 workers.
[PhysX] Initialized MultithreadedTaskDispatcher with 12 workers.
 -> (artifact id: '53ffbc701aec1c39fc83d1efe699d298') in 0.031898 seconds
Number of updated asset objects reloaded before import = 0
Number of asset objects unloaded after import = 25
========================================================================
Received Import Request.
  Time since last request: 0.000027 seconds.
  path: Assets/Polytope Studio/Lowpoly_Environments/Prefabs/Trees/PT_Pine_Tree_03_dead_cut.prefab
  artifactKey: Guid(53e1939cdeda3f04caaa240bfd830e5e) Importer(815301076,1909f56bfc062723c751e8b465ee728b)
Start importing Assets/Polytope Studio/Lowpoly_Environments/Prefabs/Trees/PT_Pine_Tree_03_dead_cut.prefab using Guid(53e1939cdeda3f04caaa240bfd830e5e) Importer(815301076,1909f56bfc062723c751e8b465ee728b) [PhysX] Initialized MultithreadedTaskDispatcher with 12 workers.
[PhysX] Initialized MultithreadedTaskDispatcher with 12 workers.
 -> (artifact id: '00319c28cb818610428e61864d31fd6a') in 0.026050 seconds
Number of updated asset objects reloaded before import = 0
Number of asset objects unloaded after import = 10
========================================================================
Received Import Request.
  Time since last request: 0.000030 seconds.
  path: Assets/Polytope Studio/Lowpoly_Environments/Prefabs/Trees/PT_Fruit_Tree_01_stump.prefab
  artifactKey: Guid(fb070a2d31206d9499ecc8a77be0ebf0) Importer(815301076,1909f56bfc062723c751e8b465ee728b)
Start importing Assets/Polytope Studio/Lowpoly_Environments/Prefabs/Trees/PT_Fruit_Tree_01_stump.prefab using Guid(fb070a2d31206d9499ecc8a77be0ebf0) Importer(815301076,1909f56bfc062723c751e8b465ee728b) [PhysX] Initialized MultithreadedTaskDispatcher with 12 workers.
[PhysX] Initialized MultithreadedTaskDispatcher with 12 workers.
 -> (artifact id: '6419caa44c6430b9ec0132118661cdd3') in 0.026955 seconds
Number of updated asset objects reloaded before import = 0
Number of asset objects unloaded after import = 10
========================================================================
Received Import Request.
  Time since last request: 0.000028 seconds.
  path: Assets/Polytope Studio/Lowpoly_Environments/Prefabs/Trees/PT_Pine_Tree_03_green_cut.prefab
  artifactKey: Guid(1caa73a6296593c46bb83d678ff6609b) Importer(815301076,1909f56bfc062723c751e8b465ee728b)
Start importing Assets/Polytope Studio/Lowpoly_Environments/Prefabs/Trees/PT_Pine_Tree_03_green_cut.prefab using Guid(1caa73a6296593c46bb83d678ff6609b) Importer(815301076,1909f56bfc062723c751e8b465ee728b) [PhysX] Initialized MultithreadedTaskDispatcher with 12 workers.
[PhysX] Initialized MultithreadedTaskDispatcher with 12 workers.
 -> (artifact id: '721c2b76a197d9a169cb9cb361a928e4') in 0.031219 seconds
Number of updated asset objects reloaded before import = 0
Number of asset objects unloaded after import = 12
========================================================================
Received Import Request.
  Time since last request: 0.000041 seconds.
  path: Assets/Polytope Studio/Lowpoly_Environments/Prefabs/Trees/PT_Fruit_Tree_01_dead_cut.prefab
  artifactKey: Guid(66d0615cc71cd48408b75ff3f99c97af) Importer(815301076,1909f56bfc062723c751e8b465ee728b)
Start importing Assets/Polytope Studio/Lowpoly_Environments/Prefabs/Trees/PT_Fruit_Tree_01_dead_cut.prefab using Guid(66d0615cc71cd48408b75ff3f99c97af) Importer(815301076,1909f56bfc062723c751e8b465ee728b) [PhysX] Initialized MultithreadedTaskDispatcher with 12 workers.
[PhysX] Initialized MultithreadedTaskDispatcher with 12 workers.
 -> (artifact id: 'fcb441d9c829c36b6c9cd3a5f8ffdb67') in 0.025388 seconds
Number of updated asset objects reloaded before import = 0
Number of asset objects unloaded after import = 10
========================================================================
Received Import Request.
  Time since last request: 0.000047 seconds.
  path: Assets/Polytope Studio/Lowpoly_Environments/Prefabs/Trees/PT_Fruit_Tree_01_green_cut.prefab
  artifactKey: Guid(c0fdfdeafe3a1404a8766f946dd531d0) Importer(815301076,1909f56bfc062723c751e8b465ee728b)
Start importing Assets/Polytope Studio/Lowpoly_Environments/Prefabs/Trees/PT_Fruit_Tree_01_green_cut.prefab using Guid(c0fdfdeafe3a1404a8766f946dd531d0) Importer(815301076,1909f56bfc062723c751e8b465ee728b) [PhysX] Initialized MultithreadedTaskDispatcher with 12 workers.
[PhysX] Initialized MultithreadedTaskDispatcher with 12 workers.
 -> (artifact id: 'ae949b5b87ed719911beef238a5ed26a') in 0.029577 seconds
Number of updated asset objects reloaded before import = 0
Number of asset objects unloaded after import = 12
Editor requested this worker to shutdown with reason: Scaling down because of idle timeout
TcpMessagingSession - receive error: operation aborted. errorcode: 995, details: La operación de E/S se anuló por una salida de subproceso o por una solicitud de aplicación.
AssetImportWorker is now disconnected from the server
Process exiting
Exiting without the bug reporter. Application will terminate with return code 0