Using pre-set license
Built from '2022.3/respin/2022.3.62f2-4af31df585-v2' branch; Version is '2022.3.62f3 (96770f904ca7) revision 9860879'; Using compiler version '192829333'; Build Type 'Release'
OS: 'Windows 10  (10.0.19045) 64bit CoreSingleLanguage' Language: 'es' Physical Memory: 15042 MB
BatchMode: 1, IsHumanControllingUs: 0, StartBugReporterOnCrash: 0, Is64bit: 1, IsPro: 1

COMMAND LINE ARGUMENTS:
C:\Program Files\Unity\Hub\2022.3.62f3\Editor\Unity.exe
-adb2
-batchMode
-noUpm
-name
AssetImportWorker19
-projectPath
C:/Users/Cheee/OneDrive/Documentos/GitHub/VisualNovelExp/VisualNovelExp
-logFile
Logs/AssetImportWorker19.log
-srvPort
53192
Successfully changed project path to: C:/Users/Cheee/OneDrive/Documentos/GitHub/VisualNovelExp/VisualNovelExp
C:/Users/Cheee/OneDrive/Documentos/GitHub/VisualNovelExp/VisualNovelExp
[UnityMemory] Configuration Parameters - Can be set up in boot.config
    "memorysetup-bucket-allocator-granularity=16"
    "memorysetup-bucket-allocator-bucket-count=8"
    "memorysetup-bucket-allocator-block-size=33554432"
    "memorysetup-bucket-allocator-block-count=8"
    "memorysetup-main-allocator-block-size=16777216"
    "memorysetup-thread-allocator-block-size=16777216"
    "memorysetup-gfx-main-allocator-block-size=16777216"
    "memorysetup-gfx-thread-allocator-block-size=16777216"
    "memorysetup-cache-allocator-block-size=4194304"
    "memorysetup-typetree-allocator-block-size=2097152"
    "memorysetup-profiler-bucket-allocator-granularity=16"
    "memorysetup-profiler-bucket-allocator-bucket-count=8"
    "memorysetup-profiler-bucket-allocator-block-size=33554432"
    "memorysetup-profiler-bucket-allocator-block-count=8"
    "memorysetup-profiler-allocator-block-size=16777216"
    "memorysetup-profiler-editor-allocator-block-size=1048576"
    "memorysetup-temp-allocator-size-main=16777216"
    "memorysetup-job-temp-allocator-block-size=2097152"
    "memorysetup-job-temp-allocator-block-size-background=1048576"
    "memorysetup-job-temp-allocator-reduction-small-platforms=262144"
    "memorysetup-allocator-temp-initial-block-size-main=262144"
    "memorysetup-allocator-temp-initial-block-size-worker=262144"
    "memorysetup-temp-allocator-size-background-worker=32768"
    "memorysetup-temp-allocator-size-job-worker=262144"
    "memorysetup-temp-allocator-size-preload-manager=33554432"
    "memorysetup-temp-allocator-size-nav-mesh-worker=65536"
    "memorysetup-temp-allocator-size-audio-worker=65536"
    "memorysetup-temp-allocator-size-cloud-worker=32768"
    "memorysetup-temp-allocator-size-gi-baking-worker=262144"
    "memorysetup-temp-allocator-size-gfx=262144"
Player connection [20328]  Target information:

Player connection [20328]  * "[IP] 192.168.0.15 [Port] 0 [Flags] 2 [Guid] 2461726981 [EditorId] 2461726981 [Version] 1048832 [Id] WindowsEditor(7,DESKTOP-3OIPDIC) [Debug] 1 [PackageName] WindowsEditor [ProjectName] Editor" 

Player connection [20328] Host joined multi-casting on [225.0.0.222:54997]...
Player connection [20328] Host joined alternative multi-casting on [225.0.0.222:34997]...
Input System module state changed to: Initialized.
[PhysX] Initialized MultithreadedTaskDispatcher with 12 workers.
Refreshing native plugins compatible for Editor in 58.28 ms, found 4 plugins.
Preloading 0 native plugins for Editor in 0.00 ms.
Initialize engine version: 2022.3.62f3 (96770f904ca7)
[Subsystems] Discovering subsystems at path C:/Program Files/Unity/Hub/2022.3.62f3/Editor/Data/Resources/UnitySubsystems
[Subsystems] Discovering subsystems at path C:/Users/Cheee/OneDrive/Documentos/GitHub/VisualNovelExp/VisualNovelExp/Assets
GfxDevice: creating device client; threaded=0; jobified=0
Direct3D:
    Version:  Direct3D 11.0 [level 11.1]
    Renderer: AMD Radeon RX 5500 XT (ID=0x7340)
    Vendor:   ATI
    VRAM:     4055 MB
    Driver:   32.0.21045.1000
Initialize mono
Mono path[0] = 'C:/Program Files/Unity/Hub/2022.3.62f3/Editor/Data/Managed'
Mono path[1] = 'C:/Program Files/Unity/Hub/2022.3.62f3/Editor/Data/MonoBleedingEdge/lib/mono/unityjit-win32'
Mono config path = 'C:/Program Files/Unity/Hub/2022.3.62f3/Editor/Data/MonoBleedingEdge/etc'
Using monoOptions --debugger-agent=transport=dt_socket,embedding=1,server=y,suspend=n,address=127.0.0.1:56964
Begin MonoManager ReloadAssembly
Registering precompiled unity dll's ...
Register platform support module: C:/Program Files/Unity/Hub/2022.3.62f3/Editor/Data/PlaybackEngines/AndroidPlayer/UnityEditor.Android.Extensions.dll
Register platform support module: C:/Program Files/Unity/Hub/2022.3.62f3/Editor/Data/PlaybackEngines/WindowsStandaloneSupport/UnityEditor.WindowsStandalone.Extensions.dll
Registered in 0.093427 seconds.
- Loaded All Assemblies, in  2.262 seconds
Native extension for WindowsStandalone target not found
Native extension for Android target not found
Android Extension - Scanning For ADB Devices 1036 ms
Mono: successfully reloaded assembly
- Finished resetting the current domain, in  2.056 seconds
Domain Reload Profiling: 4177ms
	BeginReloadAssembly (697ms)
		ExecutionOrderSort (0ms)
		DisableScriptedObjects (0ms)
		BackupInstance (0ms)
		ReleaseScriptingObjects (0ms)
		CreateAndSetChildDomain (9ms)
	RebuildCommonClasses (166ms)
	RebuildNativeTypeToScriptingClass (37ms)
	initialDomainReloadingComplete (470ms)
	LoadAllAssembliesAndSetupDomain (750ms)
		LoadAssemblies (703ms)
		RebuildTransferFunctionScriptingTraits (0ms)
		AnalyzeDomain (708ms)
			TypeCache.Refresh (703ms)
				TypeCache.ScanAssembly (603ms)
			ScanForSourceGeneratedMonoScriptInfo (2ms)
			ResolveRequiredComponents (1ms)
	FinalizeReload (2057ms)
		ReleaseScriptCaches (0ms)
		RebuildScriptCaches (0ms)
		SetupLoadedEditorAssemblies (1780ms)
			LogAssemblyErrors (0ms)
			InitializePlatformSupportModulesInManaged (1418ms)
			SetLoadedEditorAssemblies (8ms)
			RefreshPlugins (0ms)
			BeforeProcessingInitializeOnLoad (4ms)
			ProcessInitializeOnLoadAttributes (227ms)
			ProcessInitializeOnLoadMethodAttributes (122ms)
			AfterProcessingInitializeOnLoad (0ms)
			EditorAssembliesLoaded (0ms)
		ExecutionOrderSort2 (0ms)
		AwakeInstancesAfterBackupRestoration (0ms)
========================================================================
Worker process is ready to serve import requests
Caller must complete domain reload
Begin MonoManager ReloadAssembly
- Loaded All Assemblies, in  3.584 seconds
Native extension for WindowsStandalone target not found
Native extension for Android target not found
Mono: successfully reloaded assembly
- Finished resetting the current domain, in  1.658 seconds
Domain Reload Profiling: 5230ms
	BeginReloadAssembly (425ms)
		ExecutionOrderSort (0ms)
		DisableScriptedObjects (17ms)
		BackupInstance (0ms)
		ReleaseScriptingObjects (0ms)
		CreateAndSetChildDomain (59ms)
	RebuildCommonClasses (58ms)
	RebuildNativeTypeToScriptingClass (29ms)
	initialDomainReloadingComplete (163ms)
	LoadAllAssembliesAndSetupDomain (2897ms)
		LoadAssemblies (2573ms)
		RebuildTransferFunctionScriptingTraits (0ms)
		AnalyzeDomain (606ms)
			TypeCache.Refresh (548ms)
				TypeCache.ScanAssembly (515ms)
			ScanForSourceGeneratedMonoScriptInfo (40ms)
			ResolveRequiredComponents (16ms)
	FinalizeReload (1659ms)
		ReleaseScriptCaches (0ms)
		RebuildScriptCaches (0ms)
		SetupLoadedEditorAssemblies (1271ms)
			LogAssemblyErrors (0ms)
			InitializePlatformSupportModulesInManaged (52ms)
			SetLoadedEditorAssemblies (17ms)
			RefreshPlugins (0ms)
			BeforeProcessingInitializeOnLoad (200ms)
			ProcessInitializeOnLoadAttributes (743ms)
			ProcessInitializeOnLoadMethodAttributes (222ms)
			AfterProcessingInitializeOnLoad (36ms)
			EditorAssembliesLoaded (0ms)
		ExecutionOrderSort2 (0ms)
		AwakeInstancesAfterBackupRestoration (10ms)
Launched and connected shader compiler UnityShaderCompiler.exe after 0.24 seconds
Refreshing native plugins compatible for Editor in 21.80 ms, found 4 plugins.
Preloading 0 native plugins for Editor in 0.00 ms.
Unloading 5443 Unused Serialized files (Serialized files now loaded: 0)
Unloading 27 unused Assets / (351.1 KB). Loaded Objects now: 5913.
Memory consumption went from 233.2 MB to 232.9 MB.
Total: 19.163400 ms (FindLiveObjects: 3.937000 ms CreateObjectMapping: 1.057100 ms MarkObjects: 13.598700 ms  DeleteObjects: 0.568700 ms)

AssetImportParameters requested are different than current active one (requested -> active):
  custom:container-demuxer-ogg: 62fdf1f143b41e24485cea50d1cbac27 -> 
  custom:video-decoder-ogg-theora: a1e56fd34408186e4bbccfd4996cb3dc -> 
  custom:framework-win-MediaFoundation: 216162199b28c13a410421893ffa2e32 -> 
  custom:CustomObjectIndexerAttribute: 72b91833f83ae208fae7752999fa3104 -> 
  custom:container-demuxer-webm: 4f35f7cbe854078d1ac9338744f61a02 -> 
  custom:container-muxer-webm: aa71ff27fc2769a1b78a27578f13a17b -> 
  custom:video-decoder-webm-vp8: 9c59270c3fd7afecdb556c50c9e8de78 -> 
  custom:SearchIndexIgnoredProperties: e643bd26f0fe6173181afceb89e7c659 -> 
  custom:AudioImporter_EditorPlatform: d09bf68614088b80899f8185d706f6e7 -> 
  custom:video-encoder-webm-vp8: eb34c28f22e8b96e1ab97ce403110664 -> 
  custom:audio-decoder-ogg-vorbis: bf7c407c2cedff20999df2af8eb42d56 -> 
  custom:audio-encoder-webm-vorbis: bf7c407c2cedff20999df2af8eb42d56 -> 
========================================================================
Received Import Request.
  Time since last request: 537149.511747 seconds.
  path: Assets/TextMesh Pro/Resources/Fonts & Materials/LiberationSans SDF.asset
  artifactKey: Guid(8f586378b4e144a9851e7b34d9b748ee) Importer(2089858483,3d70f49cd1c2eb9ae422958d1c652c6b)
Start importing Assets/TextMesh Pro/Resources/Fonts & Materials/LiberationSans SDF.asset using Guid(8f586378b4e144a9851e7b34d9b748ee) Importer(2089858483,3d70f49cd1c2eb9ae422958d1c652c6b) [PhysX] Initialized MultithreadedTaskDispatcher with 12 workers.
 -> (artifact id: '7437bfadb9f335828afaa1b829f7b5d0') in 0.595131 seconds
Number of updated asset objects reloaded before import = 0
Number of asset objects unloaded after import = 7
========================================================================
Received Import Request.
  Time since last request: 0.000044 seconds.
  path: Assets/Dialogos/Dialogos NPC 4/Success.asset
  artifactKey: Guid(1598c5118705f014bb54900145d61442) Importer(2089858483,3d70f49cd1c2eb9ae422958d1c652c6b)
Start importing Assets/Dialogos/Dialogos NPC 4/Success.asset using Guid(1598c5118705f014bb54900145d61442) Importer(2089858483,3d70f49cd1c2eb9ae422958d1c652c6b) [PhysX] Initialized MultithreadedTaskDispatcher with 12 workers.
 -> (artifact id: 'ffdc379268b436015f41c93178650dfc') in 0.056861 seconds
Number of updated asset objects reloaded before import = 0
Number of asset objects unloaded after import = 0
========================================================================
Received Import Request.
  Time since last request: 0.000241 seconds.
  path: Assets/ZRNAssets/005339_08932_25_14/Materials/005339_08932_unitedmat_149.mat
  artifactKey: Guid(e252c538d1e294363b3af9ad35597253) Importer(2089858483,0ecaa5967403d082aa24f35e1b516d23)
Start importing Assets/ZRNAssets/005339_08932_25_14/Materials/005339_08932_unitedmat_149.mat using Guid(e252c538d1e294363b3af9ad35597253) Importer(2089858483,0ecaa5967403d082aa24f35e1b516d23) [PhysX] Initialized MultithreadedTaskDispatcher with 12 workers.
 -> (artifact id: 'd4eadb3ac8df388271893e6860b004ac') in 0.243973 seconds
Number of updated asset objects reloaded before import = 0
Number of asset objects unloaded after import = 1
========================================================================
Received Import Request.
  Time since last request: 0.000035 seconds.
  path: Assets/TextMesh Pro/Resources/Style Sheets/Default Style Sheet.asset
  artifactKey: Guid(f952c082cb03451daed3ee968ac6c63e) Importer(2089858483,3d70f49cd1c2eb9ae422958d1c652c6b)
Start importing Assets/TextMesh Pro/Resources/Style Sheets/Default Style Sheet.asset using Guid(f952c082cb03451daed3ee968ac6c63e) Importer(2089858483,3d70f49cd1c2eb9ae422958d1c652c6b) [PhysX] Initialized MultithreadedTaskDispatcher with 12 workers.
 -> (artifact id: '89f1f2ca2fa6d07dd5d280181a6c7793') in 0.070334 seconds
Number of updated asset objects reloaded before import = 0
Number of asset objects unloaded after import = 0
========================================================================
Received Import Request.
  Time since last request: 0.000067 seconds.
  path: Assets/ZRNAssets/005339_08932_25_14/Textures/00_TexturesPlus/Materials/denki-building-5.mat
  artifactKey: Guid(6fc5cdd988b044012ab1c53d849e4728) Importer(2089858483,0ecaa5967403d082aa24f35e1b516d23)
Start importing Assets/ZRNAssets/005339_08932_25_14/Textures/00_TexturesPlus/Materials/denki-building-5.mat using Guid(6fc5cdd988b044012ab1c53d849e4728) Importer(2089858483,0ecaa5967403d082aa24f35e1b516d23) [PhysX] Initialized MultithreadedTaskDispatcher with 12 workers.
 -> (artifact id: 'c867b84465c56de10efd033ab39ff72c') in 0.073023 seconds
Number of updated asset objects reloaded before import = 0
Number of asset objects unloaded after import = 2
========================================================================
Received Import Request.
  Time since last request: 0.000039 seconds.
  path: Assets/Scripts/Tienda/Kanas/Kanas8.asset
  artifactKey: Guid(13bd06f0c77446b4686fe6438c857536) Importer(2089858483,3d70f49cd1c2eb9ae422958d1c652c6b)
Start importing Assets/Scripts/Tienda/Kanas/Kanas8.asset using Guid(13bd06f0c77446b4686fe6438c857536) Importer(2089858483,3d70f49cd1c2eb9ae422958d1c652c6b) [PhysX] Initialized MultithreadedTaskDispatcher with 12 workers.
 -> (artifact id: '8475f9daff4256554e4354f4c47aa0b4') in 0.039958 seconds
Number of updated asset objects reloaded before import = 0
Number of asset objects unloaded after import = 0
========================================================================
Received Import Request.
  Time since last request: 0.000039 seconds.
  path: Assets/Polytope Studio/Lowpoly_Environments/Prefabs/Shrubs/PT_Generic_Shrub_01_dead.prefab
  artifactKey: Guid(8cf2966042f7c2f44ac97cda7cc59eff) Importer(2089858483,3d70f49cd1c2eb9ae422958d1c652c6b)
Start importing Assets/Polytope Studio/Lowpoly_Environments/Prefabs/Shrubs/PT_Generic_Shrub_01_dead.prefab using Guid(8cf2966042f7c2f44ac97cda7cc59eff) Importer(2089858483,3d70f49cd1c2eb9ae422958d1c652c6b) [PhysX] Initialized MultithreadedTaskDispatcher with 12 workers.
 -> (artifact id: 'e9d0e045d568caaad2695e8829af3553') in 0.056153 seconds
Number of updated asset objects reloaded before import = 0
Number of asset objects unloaded after import = 21
========================================================================
Received Import Request.
  Time since last request: 0.000036 seconds.
  path: Assets/Polytope Studio/Lowpoly_Environments/Prefabs/Trees/PT_Pine_Tree_03_green.prefab
  artifactKey: Guid(d250af4848f51154f9a2bf6a85b60ac2) Importer(2089858483,3d70f49cd1c2eb9ae422958d1c652c6b)
Start importing Assets/Polytope Studio/Lowpoly_Environments/Prefabs/Trees/PT_Pine_Tree_03_green.prefab using Guid(d250af4848f51154f9a2bf6a85b60ac2) Importer(2089858483,3d70f49cd1c2eb9ae422958d1c652c6b) [PhysX] Initialized MultithreadedTaskDispatcher with 12 workers.
 -> (artifact id: '6268b9002481cceaee371c2f757f8256') in 0.050389 seconds
Number of updated asset objects reloaded before import = 0
Number of asset objects unloaded after import = 22
========================================================================
Received Import Request.
  Time since last request: 0.000057 seconds.
  path: Assets/ZRNAssets/005339_08932_25_14/Materials/005339_08932_unitedmat_127.mat
  artifactKey: Guid(60fcbe46158ad43edbc1caa11de3c888) Importer(2089858483,0ecaa5967403d082aa24f35e1b516d23)
Start importing Assets/ZRNAssets/005339_08932_25_14/Materials/005339_08932_unitedmat_127.mat using Guid(60fcbe46158ad43edbc1caa11de3c888) Importer(2089858483,0ecaa5967403d082aa24f35e1b516d23) [PhysX] Initialized MultithreadedTaskDispatcher with 12 workers.
 -> (artifact id: '8e0349599756c3a5d67f1f686d8ba893') in 0.053170 seconds
Number of updated asset objects reloaded before import = 0
Number of asset objects unloaded after import = 1
========================================================================
Received Import Request.
  Time since last request: 0.000613 seconds.
  path: Assets/ZRNAssets/005339_08932_25_14/Materials/005339_08932_L_-90224_0_01_01_17.mat
  artifactKey: Guid(054c3337e6f0d4de0a6c1b21a151887a) Importer(2089858483,0ecaa5967403d082aa24f35e1b516d23)
Start importing Assets/ZRNAssets/005339_08932_25_14/Materials/005339_08932_L_-90224_0_01_01_17.mat using Guid(054c3337e6f0d4de0a6c1b21a151887a) Importer(2089858483,0ecaa5967403d082aa24f35e1b516d23) [PhysX] Initialized MultithreadedTaskDispatcher with 12 workers.
 -> (artifact id: '929363a3728f864f4fb0a5a280fb14e5') in 0.076978 seconds
Number of updated asset objects reloaded before import = 0
Number of asset objects unloaded after import = 2
========================================================================
Received Import Request.
  Time since last request: 0.000440 seconds.
  path: Assets/EditorPersonajes/Data/Skin/Skin_01.asset
  artifactKey: Guid(c88c97435bb4b6f4490a8057df1d7e9e) Importer(2089858483,3d70f49cd1c2eb9ae422958d1c652c6b)
Start importing Assets/EditorPersonajes/Data/Skin/Skin_01.asset using Guid(c88c97435bb4b6f4490a8057df1d7e9e) Importer(2089858483,3d70f49cd1c2eb9ae422958d1c652c6b) [PhysX] Initialized MultithreadedTaskDispatcher with 12 workers.
 -> (artifact id: '36bff63aa0175f0ec0a351ba3792760d') in 0.038195 seconds
Number of updated asset objects reloaded before import = 0
Number of asset objects unloaded after import = 1
========================================================================
Received Import Request.
  Time since last request: 0.000059 seconds.
  path: Assets/ZRNAssets/005339_08932_25_14/Materials/S_G_000102_E.mat
  artifactKey: Guid(49fa8b627f6f44f63a879b9c289d74f4) Importer(2089858483,0ecaa5967403d082aa24f35e1b516d23)
Start importing Assets/ZRNAssets/005339_08932_25_14/Materials/S_G_000102_E.mat using Guid(49fa8b627f6f44f63a879b9c289d74f4) Importer(2089858483,0ecaa5967403d082aa24f35e1b516d23) [PhysX] Initialized MultithreadedTaskDispatcher with 12 workers.
 -> (artifact id: 'aea719a39dec5593b2ab3db632d50476') in 0.060189 seconds
Number of updated asset objects reloaded before import = 0
Number of asset objects unloaded after import = 2
========================================================================
Received Import Request.
  Time since last request: 0.004912 seconds.
  path: Assets/ZRNAssets/005339_08932_25_14/Materials/S_G_000172_F.mat
  artifactKey: Guid(c96ac14761c8346fe9ea0327ece88e74) Importer(2089858483,0ecaa5967403d082aa24f35e1b516d23)
Start importing Assets/ZRNAssets/005339_08932_25_14/Materials/S_G_000172_F.mat using Guid(c96ac14761c8346fe9ea0327ece88e74) Importer(2089858483,0ecaa5967403d082aa24f35e1b516d23) [PhysX] Initialized MultithreadedTaskDispatcher with 12 workers.
 -> (artifact id: 'c12dc30ea2330e5cf97e9f67fb4c4105') in 0.092970 seconds
Number of updated asset objects reloaded before import = 0
Number of asset objects unloaded after import = 2
========================================================================
Received Import Request.
  Time since last request: 0.000046 seconds.
  path: Assets/Polytope Studio/Lowpoly_Environments/Prefabs/Trees/PT_Pine_Tree_03_logs.prefab
  artifactKey: Guid(244ce2af788c0c346b86cbc0473811b0) Importer(2089858483,3d70f49cd1c2eb9ae422958d1c652c6b)
Start importing Assets/Polytope Studio/Lowpoly_Environments/Prefabs/Trees/PT_Pine_Tree_03_logs.prefab using Guid(244ce2af788c0c346b86cbc0473811b0) Importer(2089858483,3d70f49cd1c2eb9ae422958d1c652c6b) [PhysX] Initialized MultithreadedTaskDispatcher with 12 workers.
 -> (artifact id: '6c60055d97605ca5ff117fb55b2567e5') in 0.066817 seconds
Number of updated asset objects reloaded before import = 0
Number of asset objects unloaded after import = 8
========================================================================
Received Import Request.
  Time since last request: 0.000074 seconds.
  path: Assets/Polytope Studio/Lowpoly_Environments/Prefabs/Trees/PT_Fruit_Tree_01_green_cut.prefab
  artifactKey: Guid(c0fdfdeafe3a1404a8766f946dd531d0) Importer(2089858483,3d70f49cd1c2eb9ae422958d1c652c6b)
Start importing Assets/Polytope Studio/Lowpoly_Environments/Prefabs/Trees/PT_Fruit_Tree_01_green_cut.prefab using Guid(c0fdfdeafe3a1404a8766f946dd531d0) Importer(2089858483,3d70f49cd1c2eb9ae422958d1c652c6b) [PhysX] Initialized MultithreadedTaskDispatcher with 12 workers.
 -> (artifact id: '6d85d3e67f3e79eaaec1384b017d97d1') in 0.058342 seconds
Number of updated asset objects reloaded before import = 0
Number of asset objects unloaded after import = 9
========================================================================
Received Import Request.
  Time since last request: 0.000064 seconds.
  path: Assets/EditorPersonajes/Data/Hair/Hair_04.asset
  artifactKey: Guid(6211782b28f7c7a40b453ac410280b06) Importer(2089858483,3d70f49cd1c2eb9ae422958d1c652c6b)
Start importing Assets/EditorPersonajes/Data/Hair/Hair_04.asset using Guid(6211782b28f7c7a40b453ac410280b06) Importer(2089858483,3d70f49cd1c2eb9ae422958d1c652c6b) [PhysX] Initialized MultithreadedTaskDispatcher with 12 workers.
 -> (artifact id: '4bc4204c104ea2e82b1310cf6ddc9343') in 0.030488 seconds
Number of updated asset objects reloaded before import = 0
Number of asset objects unloaded after import = 1
========================================================================
Received Import Request.
  Time since last request: 0.000044 seconds.
  path: Assets/ZRNAssets/005339_08932_25_14/Materials/s_tetudou_bridgegirder.mat
  artifactKey: Guid(9d5cc9260cd1a4312a62041f9140c371) Importer(2089858483,0ecaa5967403d082aa24f35e1b516d23)
Start importing Assets/ZRNAssets/005339_08932_25_14/Materials/s_tetudou_bridgegirder.mat using Guid(9d5cc9260cd1a4312a62041f9140c371) Importer(2089858483,0ecaa5967403d082aa24f35e1b516d23) [PhysX] Initialized MultithreadedTaskDispatcher with 12 workers.
 -> (artifact id: '14e5e663375bae0a626aaa67bd988ad4') in 0.052703 seconds
Number of updated asset objects reloaded before import = 0
Number of asset objects unloaded after import = 2
========================================================================
Received Import Request.
  Time since last request: 0.006594 seconds.
  path: Assets/TextMesh Pro/Examples & Extras/Resources/Fonts & Materials/Oswald Bold SDF.asset
  artifactKey: Guid(0161d805a3764c089bef00bfe00793f5) Importer(2089858483,3d70f49cd1c2eb9ae422958d1c652c6b)
Start importing Assets/TextMesh Pro/Examples & Extras/Resources/Fonts & Materials/Oswald Bold SDF.asset using Guid(0161d805a3764c089bef00bfe00793f5) Importer(2089858483,3d70f49cd1c2eb9ae422958d1c652c6b) [PhysX] Initialized MultithreadedTaskDispatcher with 12 workers.
 -> (artifact id: '3b97f05b17d88b3ca549b2e82de318e7') in 0.126933 seconds
Number of updated asset objects reloaded before import = 0
Number of asset objects unloaded after import = 4
========================================================================
Received Import Request.
  Time since last request: 0.000041 seconds.
  path: Assets/ZRNAssets/005339_08932_25_14/Materials/005339_08932_L_-90211_0_01_01_34.mat
  artifactKey: Guid(f168b412856ea4c78a63e92e38e9b71c) Importer(2089858483,0ecaa5967403d082aa24f35e1b516d23)
Start importing Assets/ZRNAssets/005339_08932_25_14/Materials/005339_08932_L_-90211_0_01_01_34.mat using Guid(f168b412856ea4c78a63e92e38e9b71c) Importer(2089858483,0ecaa5967403d082aa24f35e1b516d23) [PhysX] Initialized MultithreadedTaskDispatcher with 12 workers.
 -> (artifact id: '4890be1a869957457aed5cefdc64971a') in 0.072965 seconds
Number of updated asset objects reloaded before import = 0
Number of asset objects unloaded after import = 2
========================================================================
Received Import Request.
  Time since last request: 0.001715 seconds.
  path: Assets/TextMesh Pro/Examples & Extras/Scenes/11 - The Style Tag.unity
  artifactKey: Guid(84ed36ad77dd4956b2ffe3769f759879) Importer(2089858483,3d70f49cd1c2eb9ae422958d1c652c6b)
Start importing Assets/TextMesh Pro/Examples & Extras/Scenes/11 - The Style Tag.unity using Guid(84ed36ad77dd4956b2ffe3769f759879) Importer(2089858483,3d70f49cd1c2eb9ae422958d1c652c6b) [PhysX] Initialized MultithreadedTaskDispatcher with 12 workers.
Opening scene 'Assets/TextMesh Pro/Examples & Extras/Scenes/11 - The Style Tag.unity additively'
LightingSettings: switching bake backend from 1 to 0.
Loaded scene 'Assets/TextMesh Pro/Examples & Extras/Scenes/11 - The Style Tag.unity'
	Deserialize:            57.333 ms
	Integration:            110.417 ms
	Integration of assets:  1.237 ms
	Thread Wait Time:       -0.001 ms
	Total Operation Time:   168.985 ms
 -> (artifact id: 'fbf194caffed3be18ae13d6bbfaf0c7b') in 0.267959 seconds
Number of updated asset objects reloaded before import = 0
Number of asset objects unloaded after import = 22
========================================================================
Received Import Request.
  Time since last request: 0.000045 seconds.
  path: Assets/ZRNAssets/005339_08932_25_14/Materials/005339_08932_L_-90261_0_01_01_12.mat
  artifactKey: Guid(9344381b2174a4c84a46843ffc0029a7) Importer(2089858483,0ecaa5967403d082aa24f35e1b516d23)
Start importing Assets/ZRNAssets/005339_08932_25_14/Materials/005339_08932_L_-90261_0_01_01_12.mat using Guid(9344381b2174a4c84a46843ffc0029a7) Importer(2089858483,0ecaa5967403d082aa24f35e1b516d23) [PhysX] Initialized MultithreadedTaskDispatcher with 12 workers.
 -> (artifact id: '57c77e8a44e774f02664795cbdcc7c82') in 0.059472 seconds
Number of updated asset objects reloaded before import = 0
Number of asset objects unloaded after import = 2
========================================================================
Received Import Request.
  Time since last request: 0.000061 seconds.
  path: Assets/ZRNAssets/005339_08932_25_14/Materials/S_G_000147_S.mat
  artifactKey: Guid(b11fe5d05254a45f8a9554f2f20a435a) Importer(2089858483,0ecaa5967403d082aa24f35e1b516d23)
Start importing Assets/ZRNAssets/005339_08932_25_14/Materials/S_G_000147_S.mat using Guid(b11fe5d05254a45f8a9554f2f20a435a) Importer(2089858483,0ecaa5967403d082aa24f35e1b516d23) [PhysX] Initialized MultithreadedTaskDispatcher with 12 workers.
 -> (artifact id: 'cec452811004eca26625f7f06def1040') in 0.065320 seconds
Number of updated asset objects reloaded before import = 0
Number of asset objects unloaded after import = 2
========================================================================
Received Import Request.
  Time since last request: 0.000037 seconds.
  path: Assets/ZRNAssets/005339_08932_25_14/Materials/005339_08932_25_14_unitedmat_126.mat
  artifactKey: Guid(8cbc78bd63b8440d8b47fdb7e2e02161) Importer(2089858483,0ecaa5967403d082aa24f35e1b516d23)
Start importing Assets/ZRNAssets/005339_08932_25_14/Materials/005339_08932_25_14_unitedmat_126.mat using Guid(8cbc78bd63b8440d8b47fdb7e2e02161) Importer(2089858483,0ecaa5967403d082aa24f35e1b516d23) [PhysX] Initialized MultithreadedTaskDispatcher with 12 workers.
 -> (artifact id: '0ea88d3761daf86ed9d69564054388cf') in 0.099600 seconds
Number of updated asset objects reloaded before import = 0
Number of asset objects unloaded after import = 2
========================================================================
Received Import Request.
  Time since last request: 0.000048 seconds.
  path: Assets/ZRNAssets/005339_08932_25_14/Materials/S_G_000123_S.mat
  artifactKey: Guid(b2937604ff552470983edd5bcb8a50e2) Importer(2089858483,0ecaa5967403d082aa24f35e1b516d23)
Start importing Assets/ZRNAssets/005339_08932_25_14/Materials/S_G_000123_S.mat using Guid(b2937604ff552470983edd5bcb8a50e2) Importer(2089858483,0ecaa5967403d082aa24f35e1b516d23) [PhysX] Initialized MultithreadedTaskDispatcher with 12 workers.
 -> (artifact id: 'f9698af94b1ba1ed038f9b795583358f') in 0.066109 seconds
Number of updated asset objects reloaded before import = 0
Number of asset objects unloaded after import = 2
========================================================================
Received Import Request.
  Time since last request: 0.000062 seconds.
  path: Assets/ZRNAssets/005339_08932_25_14/Materials/005339_08932_25_14_unitedmat_100.mat
  artifactKey: Guid(2097719d832df4063a9a90d00b1a7b19) Importer(2089858483,0ecaa5967403d082aa24f35e1b516d23)
Start importing Assets/ZRNAssets/005339_08932_25_14/Materials/005339_08932_25_14_unitedmat_100.mat using Guid(2097719d832df4063a9a90d00b1a7b19) Importer(2089858483,0ecaa5967403d082aa24f35e1b516d23) [PhysX] Initialized MultithreadedTaskDispatcher with 12 workers.
 -> (artifact id: '42d75846b570b46733a33751c6c75915') in 0.070642 seconds
Number of updated asset objects reloaded before import = 0
Number of asset objects unloaded after import = 2
========================================================================
Received Import Request.
  Time since last request: 0.000067 seconds.
  path: Assets/ZRNAssets/005339_08932_25_14/Materials/005339_08932_L_-90216_0_01_01_14.mat
  artifactKey: Guid(e4307486c3db2488bab5135ea2ab4647) Importer(2089858483,0ecaa5967403d082aa24f35e1b516d23)
Start importing Assets/ZRNAssets/005339_08932_25_14/Materials/005339_08932_L_-90216_0_01_01_14.mat using Guid(e4307486c3db2488bab5135ea2ab4647) Importer(2089858483,0ecaa5967403d082aa24f35e1b516d23) [PhysX] Initialized MultithreadedTaskDispatcher with 12 workers.
 -> (artifact id: '5a930af62a8e5d8be47a095794fd8f3c') in 0.058482 seconds
Number of updated asset objects reloaded before import = 0
Number of asset objects unloaded after import = 2
========================================================================
Received Import Request.
  Time since last request: 0.000043 seconds.
  path: Assets/ZRNAssets/005339_08932_25_14/Materials/S_G_000105_S.mat
  artifactKey: Guid(f0b2f5d3ac9dd4cd19b23af27158fcc0) Importer(2089858483,0ecaa5967403d082aa24f35e1b516d23)
Start importing Assets/ZRNAssets/005339_08932_25_14/Materials/S_G_000105_S.mat using Guid(f0b2f5d3ac9dd4cd19b23af27158fcc0) Importer(2089858483,0ecaa5967403d082aa24f35e1b516d23) [PhysX] Initialized MultithreadedTaskDispatcher with 12 workers.
 -> (artifact id: 'ce3a5e48bba4584b4a90aa35e2bc98f5') in 0.060417 seconds
Number of updated asset objects reloaded before import = 0
Number of asset objects unloaded after import = 2
========================================================================
Received Import Request.
  Time since last request: 0.000043 seconds.
  path: Assets/Prefabs/ItemPalabra.prefab
  artifactKey: Guid(aa67955699784bc4ea8c3dbf4a1276fa) Importer(2089858483,3d70f49cd1c2eb9ae422958d1c652c6b)
Start importing Assets/Prefabs/ItemPalabra.prefab using Guid(aa67955699784bc4ea8c3dbf4a1276fa) Importer(2089858483,3d70f49cd1c2eb9ae422958d1c652c6b) [PhysX] Initialized MultithreadedTaskDispatcher with 12 workers.
The method get_fontSharedMaterials was not found on TextoJapones. This property will not be indexed.
UnityEngine.StackTraceUtility:ExtractStackTrace ()
UnityEngine.DebugLogHandler:LogFormat (UnityEngine.LogType,UnityEngine.Object,string,object[])
UnityEngine.Logger:Log (UnityEngine.LogType,object)
UnityEngine.Debug:LogWarning (object)
UnityEditor.Rendering.Universal.MaterialReferenceBuilder:GetMaterialFromMethod (System.Reflection.MethodInfo,UnityEngine.Object,System.Func`3<string, string, string>) (at ./Library/PackageCache/com.unity.render-pipelines.universal@14.0.12/Editor/Converter/MaterialReferenceBuilder.cs:133)
UnityEditor.Rendering.Universal.ConversionIndexers:ConversionIndexer (UnityEditor.Search.CustomObjectIndexerTarget,UnityEditor.Search.ObjectIndexer) (at ./Library/PackageCache/com.unity.render-pipelines.universal@14.0.12/Editor/Converter/ConversionIndexers.cs:21)
UnityEditor.Search.ObjectIndexer:CallCustomIndexers (string,int,UnityEngine.Object,UnityEditor.SerializedObject,bool)
UnityEditor.Search.ObjectIndexer:IndexCustomProperties (string,int,UnityEngine.Object)
UnityEditor.Search.AssetIndexer:IndexCustomGameObjectProperties (string,int,UnityEngine.GameObject)
UnityEditor.Search.AssetIndexer:IndexObjects (UnityEngine.GameObject[],string,string,string,bool)
UnityEditor.Search.AssetIndexer:IndexPrefab (string,bool)
UnityEditor.Search.AssetIndexer:IndexSceneDocument (string,bool)
UnityEditor.Search.AssetIndexer:IndexDocument (string,bool)
UnityEditor.Search.SearchIndexEntryImporter:OnImportAsset (UnityEditor.AssetImporters.AssetImportContext)
UnityEditor.AssetImporters.ScriptedImporter:GenerateAssetData (UnityEditor.AssetImporters.AssetImportContext)

(Filename: ./Library/PackageCache/com.unity.render-pipelines.universal@14.0.12/Editor/Converter/MaterialReferenceBuilder.cs Line: 133)

The method get_fontSharedMaterials was not found on TextoRomaji. This property will not be indexed.
UnityEngine.StackTraceUtility:ExtractStackTrace ()
UnityEngine.DebugLogHandler:LogFormat (UnityEngine.LogType,UnityEngine.Object,string,object[])
UnityEngine.Logger:Log (UnityEngine.LogType,object)
UnityEngine.Debug:LogWarning (object)
UnityEditor.Rendering.Universal.MaterialReferenceBuilder:GetMaterialFromMethod (System.Reflection.MethodInfo,UnityEngine.Object,System.Func`3<string, string, string>) (at ./Library/PackageCache/com.unity.render-pipelines.universal@14.0.12/Editor/Converter/MaterialReferenceBuilder.cs:133)
UnityEditor.Rendering.Universal.ConversionIndexers:ConversionIndexer (UnityEditor.Search.CustomObjectIndexerTarget,UnityEditor.Search.ObjectIndexer) (at ./Library/PackageCache/com.unity.render-pipelines.universal@14.0.12/Editor/Converter/ConversionIndexers.cs:21)
UnityEditor.Search.ObjectIndexer:CallCustomIndexers (string,int,UnityEngine.Object,UnityEditor.SerializedObject,bool)
UnityEditor.Search.ObjectIndexer:IndexCustomProperties (string,int,UnityEngine.Object)
UnityEditor.Search.AssetIndexer:IndexCustomGameObjectProperties (string,int,UnityEngine.GameObject)
UnityEditor.Search.AssetIndexer:IndexObjects (UnityEngine.GameObject[],string,string,string,bool)
UnityEditor.Search.AssetIndexer:IndexPrefab (string,bool)
UnityEditor.Search.AssetIndexer:IndexSceneDocument (string,bool)
UnityEditor.Search.AssetIndexer:IndexDocument (string,bool)
UnityEditor.Search.SearchIndexEntryImporter:OnImportAsset (UnityEditor.AssetImporters.AssetImportContext)
UnityEditor.AssetImporters.ScriptedImporter:GenerateAssetData (UnityEditor.AssetImporters.AssetImportContext)

(Filename: ./Library/PackageCache/com.unity.render-pipelines.universal@14.0.12/Editor/Converter/MaterialReferenceBuilder.cs Line: 133)

 -> (artifact id: '96a974aba91f4353c9a5a0b0bde441e7') in 0.200561 seconds
Number of updated asset objects reloaded before import = 0
Number of asset objects unloaded after import = 29
========================================================================
Received Import Request.
  Time since last request: 0.000056 seconds.
  path: Assets/ZRNAssets/005339_08932_25_14/Materials/005339_08932_unitedmat_144.mat
  artifactKey: Guid(bc1ad310cc8e741248ff1a322a8ab134) Importer(2089858483,0ecaa5967403d082aa24f35e1b516d23)
Start importing Assets/ZRNAssets/005339_08932_25_14/Materials/005339_08932_unitedmat_144.mat using Guid(bc1ad310cc8e741248ff1a322a8ab134) Importer(2089858483,0ecaa5967403d082aa24f35e1b516d23) [PhysX] Initialized MultithreadedTaskDispatcher with 12 workers.
 -> (artifact id: '31dff130a49d826d6236ff4ad561228c') in 0.048228 seconds
Number of updated asset objects reloaded before import = 0
Number of asset objects unloaded after import = 1
========================================================================
Received Import Request.
  Time since last request: 0.000050 seconds.
  path: Assets/TextMesh Pro/Examples & Extras/Resources/Sprite Assets/Default Sprite Asset.asset
  artifactKey: Guid(fbef3c704dce48f08a44612d6c856c8d) Importer(2089858483,3d70f49cd1c2eb9ae422958d1c652c6b)
Start importing Assets/TextMesh Pro/Examples & Extras/Resources/Sprite Assets/Default Sprite Asset.asset using Guid(fbef3c704dce48f08a44612d6c856c8d) Importer(2089858483,3d70f49cd1c2eb9ae422958d1c652c6b) [PhysX] Initialized MultithreadedTaskDispatcher with 12 workers.
 -> (artifact id: '278a53a3de729f3e23d5a4b060834a7d') in 0.071697 seconds
Number of updated asset objects reloaded before import = 0
Number of asset objects unloaded after import = 2
========================================================================
Received Import Request.
  Time since last request: 0.001599 seconds.
  path: Assets/ZRNAssets/005339_08932_25_14/Materials/005339_08932_25_14_unitedmat_24.mat
  artifactKey: Guid(88df3c9d2b1314eaf8eda3281f2ac532) Importer(2089858483,0ecaa5967403d082aa24f35e1b516d23)
Start importing Assets/ZRNAssets/005339_08932_25_14/Materials/005339_08932_25_14_unitedmat_24.mat using Guid(88df3c9d2b1314eaf8eda3281f2ac532) Importer(2089858483,0ecaa5967403d082aa24f35e1b516d23) [PhysX] Initialized MultithreadedTaskDispatcher with 12 workers.
 -> (artifact id: 'c47c1c3e91aa226e2ed584ff73243b0e') in 0.078761 seconds
Number of updated asset objects reloaded before import = 0
Number of asset objects unloaded after import = 2
========================================================================
Received Import Request.
  Time since last request: 0.000047 seconds.
  path: Assets/ZRNAssets/005339_08932_25_14/Materials/S_G_000127_S.mat
  artifactKey: Guid(6cf9650b8cf1344078beea0f051318f2) Importer(2089858483,0ecaa5967403d082aa24f35e1b516d23)
Start importing Assets/ZRNAssets/005339_08932_25_14/Materials/S_G_000127_S.mat using Guid(6cf9650b8cf1344078beea0f051318f2) Importer(2089858483,0ecaa5967403d082aa24f35e1b516d23) [PhysX] Initialized MultithreadedTaskDispatcher with 12 workers.
 -> (artifact id: 'b61f1d07a155ccd4d93703901ede7a78') in 0.061988 seconds
Number of updated asset objects reloaded before import = 0
Number of asset objects unloaded after import = 2
========================================================================
Received Import Request.
  Time since last request: 0.000057 seconds.
  path: Assets/ZRNAssets/005339_08932_25_14/Materials/S_G_000125_S.mat
  artifactKey: Guid(d8accf27603094bbdb8137db47672538) Importer(2089858483,0ecaa5967403d082aa24f35e1b516d23)
Start importing Assets/ZRNAssets/005339_08932_25_14/Materials/S_G_000125_S.mat using Guid(d8accf27603094bbdb8137db47672538) Importer(2089858483,0ecaa5967403d082aa24f35e1b516d23) [PhysX] Initialized MultithreadedTaskDispatcher with 12 workers.
 -> (artifact id: '17e0965a9f9eefed011bb7fa9053d95f') in 0.046326 seconds
Number of updated asset objects reloaded before import = 0
Number of asset objects unloaded after import = 2
========================================================================
Received Import Request.
  Time since last request: 0.000289 seconds.
  path: Assets/ZRNAssets/005339_08932_25_14/Materials/S_G_000134_S.mat
  artifactKey: Guid(b473b29b7a2c6403aafea948d8ac7205) Importer(2089858483,0ecaa5967403d082aa24f35e1b516d23)
Start importing Assets/ZRNAssets/005339_08932_25_14/Materials/S_G_000134_S.mat using Guid(b473b29b7a2c6403aafea948d8ac7205) Importer(2089858483,0ecaa5967403d082aa24f35e1b516d23) [PhysX] Initialized MultithreadedTaskDispatcher with 12 workers.
 -> (artifact id: '864e55c33bd6bb4fd757a7a8cd63554b') in 0.042874 seconds
Number of updated asset objects reloaded before import = 0
Number of asset objects unloaded after import = 2
========================================================================
Received Import Request.
  Time since last request: 0.000043 seconds.
  path: Assets/ZRNAssets/005339_08932_25_14/Materials/S_G_000158_C.mat
  artifactKey: Guid(70f19d8a665074b7c9d3fa2075fc6e70) Importer(2089858483,0ecaa5967403d082aa24f35e1b516d23)
Start importing Assets/ZRNAssets/005339_08932_25_14/Materials/S_G_000158_C.mat using Guid(70f19d8a665074b7c9d3fa2075fc6e70) Importer(2089858483,0ecaa5967403d082aa24f35e1b516d23) [PhysX] Initialized MultithreadedTaskDispatcher with 12 workers.
 -> (artifact id: 'dfd20addb9400d5356dc63f1f3ad7f82') in 0.041746 seconds
Number of updated asset objects reloaded before import = 0
Number of asset objects unloaded after import = 2
========================================================================
Received Import Request.
  Time since last request: 0.000040 seconds.
  path: Assets/ZRNAssets/005339_08932_25_14/Materials/005339_08932_25_14_unitedmat_189.mat
  artifactKey: Guid(dc799fcd0bc564a99aa389a8c73e2c3a) Importer(2089858483,0ecaa5967403d082aa24f35e1b516d23)
Start importing Assets/ZRNAssets/005339_08932_25_14/Materials/005339_08932_25_14_unitedmat_189.mat using Guid(dc799fcd0bc564a99aa389a8c73e2c3a) Importer(2089858483,0ecaa5967403d082aa24f35e1b516d23) [PhysX] Initialized MultithreadedTaskDispatcher with 12 workers.
 -> (artifact id: 'a2fd6c197bec40661772347428b5c4bb') in 0.038232 seconds
Number of updated asset objects reloaded before import = 0
Number of asset objects unloaded after import = 2
========================================================================
Received Import Request.
  Time since last request: 0.000173 seconds.
  path: Assets/ZRNAssets/005339_08932_25_14/Materials/005339_08932_25_14_unitedmat_207.mat
  artifactKey: Guid(7dd8dbfb28d114bc987a959d3f070e60) Importer(2089858483,0ecaa5967403d082aa24f35e1b516d23)
Start importing Assets/ZRNAssets/005339_08932_25_14/Materials/005339_08932_25_14_unitedmat_207.mat using Guid(7dd8dbfb28d114bc987a959d3f070e60) Importer(2089858483,0ecaa5967403d082aa24f35e1b516d23) [PhysX] Initialized MultithreadedTaskDispatcher with 12 workers.
 -> (artifact id: '8e62b7801ba8ec9544bfbe0107f17ff6') in 0.047843 seconds
Number of updated asset objects reloaded before import = 0
Number of asset objects unloaded after import = 2
========================================================================
Received Import Request.
  Time since last request: 0.000050 seconds.
  path: Assets/ZRNAssets/005339_08932_25_14/Materials/S_G_000144_S1.mat
  artifactKey: Guid(3ca8d51eb5b194c9e8e7fb78e81681b6) Importer(2089858483,0ecaa5967403d082aa24f35e1b516d23)
Start importing Assets/ZRNAssets/005339_08932_25_14/Materials/S_G_000144_S1.mat using Guid(3ca8d51eb5b194c9e8e7fb78e81681b6) Importer(2089858483,0ecaa5967403d082aa24f35e1b516d23) [PhysX] Initialized MultithreadedTaskDispatcher with 12 workers.
 -> (artifact id: '34acc17e1f58f136c0d704480f841cd5') in 0.049545 seconds
Number of updated asset objects reloaded before import = 0
Number of asset objects unloaded after import = 2
========================================================================
Received Import Request.
  Time since last request: 0.000222 seconds.
  path: Assets/Polytope Studio/Lowpoly_Environments/Prefabs/Rocks/PT_Menhir_Rock_02.prefab
  artifactKey: Guid(0f3d14a9a6b2ceb469c15d151552a614) Importer(2089858483,3d70f49cd1c2eb9ae422958d1c652c6b)
Start importing Assets/Polytope Studio/Lowpoly_Environments/Prefabs/Rocks/PT_Menhir_Rock_02.prefab using Guid(0f3d14a9a6b2ceb469c15d151552a614) Importer(2089858483,3d70f49cd1c2eb9ae422958d1c652c6b) [PhysX] Initialized MultithreadedTaskDispatcher with 12 workers.
 -> (artifact id: 'eca744176ea7b9f2592dd99f5471c962') in 0.041844 seconds
Number of updated asset objects reloaded before import = 0
Number of asset objects unloaded after import = 21
========================================================================
Received Import Request.
  Time since last request: 0.000034 seconds.
  path: Assets/ZRNAssets/005339_08932_25_14/Materials/005339_08932_L_-90293_0_01_01_5.mat
  artifactKey: Guid(431cccf927d2a456b8d91f6f72b211dd) Importer(2089858483,0ecaa5967403d082aa24f35e1b516d23)
Start importing Assets/ZRNAssets/005339_08932_25_14/Materials/005339_08932_L_-90293_0_01_01_5.mat using Guid(431cccf927d2a456b8d91f6f72b211dd) Importer(2089858483,0ecaa5967403d082aa24f35e1b516d23) [PhysX] Initialized MultithreadedTaskDispatcher with 12 workers.
 -> (artifact id: '6b038ab602806ffb5b2f38ad5ef7de63') in 0.037822 seconds
Number of updated asset objects reloaded before import = 0
Number of asset objects unloaded after import = 2
========================================================================
Received Import Request.
  Time since last request: 0.000035 seconds.
  path: Assets/ZRNAssets/005339_08932_25_14/Materials/005339_08932_L_-90295_0_01_01_7.mat
  artifactKey: Guid(8c6f43d871ece43dc966f80bfc69613a) Importer(2089858483,0ecaa5967403d082aa24f35e1b516d23)
Start importing Assets/ZRNAssets/005339_08932_25_14/Materials/005339_08932_L_-90295_0_01_01_7.mat using Guid(8c6f43d871ece43dc966f80bfc69613a) Importer(2089858483,0ecaa5967403d082aa24f35e1b516d23) [PhysX] Initialized MultithreadedTaskDispatcher with 12 workers.
 -> (artifact id: 'b05e258b9ef0bf21d67f7079d169cadc') in 0.051817 seconds
Number of updated asset objects reloaded before import = 0
Number of asset objects unloaded after import = 2
========================================================================
Received Import Request.
  Time since last request: 0.000054 seconds.
  path: Assets/TextMesh Pro/Examples & Extras/Scenes/08 - Improved Text Alignment.unity
  artifactKey: Guid(5fe2257128d9401fad0790f581dc8a6f) Importer(2089858483,3d70f49cd1c2eb9ae422958d1c652c6b)
Start importing Assets/TextMesh Pro/Examples & Extras/Scenes/08 - Improved Text Alignment.unity using Guid(5fe2257128d9401fad0790f581dc8a6f) Importer(2089858483,3d70f49cd1c2eb9ae422958d1c652c6b) [PhysX] Initialized MultithreadedTaskDispatcher with 12 workers.
Opening scene 'Assets/TextMesh Pro/Examples & Extras/Scenes/08 - Improved Text Alignment.unity additively'
LightingSettings: switching bake backend from 1 to 0.
Loaded scene 'Assets/TextMesh Pro/Examples & Extras/Scenes/08 - Improved Text Alignment.unity'
	Deserialize:            42.462 ms
	Integration:            9.581 ms
	Integration of assets:  1.442 ms
	Thread Wait Time:       0.108 ms
	Total Operation Time:   53.593 ms
 -> (artifact id: '5fdf4827c755b22ee74c4ed581e0c3ea') in 0.082285 seconds
Number of updated asset objects reloaded before import = 0
Number of asset objects unloaded after import = 18
========================================================================
Received Import Request.
  Time since last request: 0.000874 seconds.
  path: Assets/ZRNAssets/005339_08932_25_14/Materials/005339_08932_unitedmat_113.mat
  artifactKey: Guid(68f3ad61e2b76498a86093ff6b82eab4) Importer(2089858483,0ecaa5967403d082aa24f35e1b516d23)
Start importing Assets/ZRNAssets/005339_08932_25_14/Materials/005339_08932_unitedmat_113.mat using Guid(68f3ad61e2b76498a86093ff6b82eab4) Importer(2089858483,0ecaa5967403d082aa24f35e1b516d23) [PhysX] Initialized MultithreadedTaskDispatcher with 12 workers.
 -> (artifact id: '508a7a4c41df08c9443c9c205c13958c') in 0.041516 seconds
Number of updated asset objects reloaded before import = 0
Number of asset objects unloaded after import = 1
========================================================================
Received Import Request.
  Time since last request: 0.000051 seconds.
  path: Assets/ZRNAssets/005339_08932_25_14/Materials/005339_08932_unitedmat_153.mat
  artifactKey: Guid(a0f871a273e4a431d924e6205fa4698d) Importer(2089858483,0ecaa5967403d082aa24f35e1b516d23)
Start importing Assets/ZRNAssets/005339_08932_25_14/Materials/005339_08932_unitedmat_153.mat using Guid(a0f871a273e4a431d924e6205fa4698d) Importer(2089858483,0ecaa5967403d082aa24f35e1b516d23) [PhysX] Initialized MultithreadedTaskDispatcher with 12 workers.
 -> (artifact id: '3c01a1d83d33816154117adfd142c2ca') in 0.051560 seconds
Number of updated asset objects reloaded before import = 0
Number of asset objects unloaded after import = 1
========================================================================
Received Import Request.
  Time since last request: 0.000046 seconds.
  path: Assets/Dialogos/Dialogos Director/NoTengo.asset
  artifactKey: Guid(3e4675392e75d0e4ea6147ad5a3764df) Importer(2089858483,3d70f49cd1c2eb9ae422958d1c652c6b)
Start importing Assets/Dialogos/Dialogos Director/NoTengo.asset using Guid(3e4675392e75d0e4ea6147ad5a3764df) Importer(2089858483,3d70f49cd1c2eb9ae422958d1c652c6b) [PhysX] Initialized MultithreadedTaskDispatcher with 12 workers.
 -> (artifact id: 'ddcbaf35e2a4de955a09cc0780a1d073') in 0.027041 seconds
Number of updated asset objects reloaded before import = 0
Number of asset objects unloaded after import = 0
========================================================================
Received Import Request.
  Time since last request: 0.000038 seconds.
  path: Assets/ZRNAssets/005339_08932_25_14/Materials/s_FootBrigeSteps.mat
  artifactKey: Guid(e15d62b1d8c2245a49f3d2d14593f8f0) Importer(2089858483,0ecaa5967403d082aa24f35e1b516d23)
Start importing Assets/ZRNAssets/005339_08932_25_14/Materials/s_FootBrigeSteps.mat using Guid(e15d62b1d8c2245a49f3d2d14593f8f0) Importer(2089858483,0ecaa5967403d082aa24f35e1b516d23) [PhysX] Initialized MultithreadedTaskDispatcher with 12 workers.
 -> (artifact id: 'eac00988cb4278578b0539e120f2058d') in 0.052130 seconds
Number of updated asset objects reloaded before import = 0
Number of asset objects unloaded after import = 2
========================================================================
Received Import Request.
  Time since last request: 0.000040 seconds.
  path: Assets/ZRNAssets/005339_08932_25_14/Materials/005339_08932_unitedmat_109.mat
  artifactKey: Guid(b8021262a5fce4c078862d085837b67b) Importer(2089858483,0ecaa5967403d082aa24f35e1b516d23)
Start importing Assets/ZRNAssets/005339_08932_25_14/Materials/005339_08932_unitedmat_109.mat using Guid(b8021262a5fce4c078862d085837b67b) Importer(2089858483,0ecaa5967403d082aa24f35e1b516d23) [PhysX] Initialized MultithreadedTaskDispatcher with 12 workers.
 -> (artifact id: '7056259acf2fa71bcc18a0d2a42c0bcf') in 0.057244 seconds
Number of updated asset objects reloaded before import = 0
Number of asset objects unloaded after import = 1
========================================================================
Received Import Request.
  Time since last request: 0.000063 seconds.
  path: Assets/ZRNAssets/005339_08932_25_14/Materials/S_G_000179_E.mat
  artifactKey: Guid(7f0c71b8b943e4ec8b19059a4f1adbea) Importer(2089858483,0ecaa5967403d082aa24f35e1b516d23)
Start importing Assets/ZRNAssets/005339_08932_25_14/Materials/S_G_000179_E.mat using Guid(7f0c71b8b943e4ec8b19059a4f1adbea) Importer(2089858483,0ecaa5967403d082aa24f35e1b516d23) [PhysX] Initialized MultithreadedTaskDispatcher with 12 workers.
 -> (artifact id: '286dad27c733bfb7a24262ae0a0c27e9') in 0.039803 seconds
Number of updated asset objects reloaded before import = 0
Number of asset objects unloaded after import = 2
========================================================================
Received Import Request.
  Time since last request: 0.000048 seconds.
  path: Assets/ZRNAssets/005339_08932_25_14/Materials/005339_08932_unitedmat_168.mat
  artifactKey: Guid(a182661bcae5641d38f94f5dfa606886) Importer(2089858483,0ecaa5967403d082aa24f35e1b516d23)
Start importing Assets/ZRNAssets/005339_08932_25_14/Materials/005339_08932_unitedmat_168.mat using Guid(a182661bcae5641d38f94f5dfa606886) Importer(2089858483,0ecaa5967403d082aa24f35e1b516d23) [PhysX] Initialized MultithreadedTaskDispatcher with 12 workers.
 -> (artifact id: '6146f088d278265d2c6cc3b6e401416c') in 0.047884 seconds
Number of updated asset objects reloaded before import = 0
Number of asset objects unloaded after import = 1
========================================================================
Received Import Request.
  Time since last request: 0.000048 seconds.
  path: Assets/ZRNAssets/005339_08932_25_14/Textures/00_TexturesPlus/Materials/denki-building-2.mat
  artifactKey: Guid(bdfec58f6808c42d48945cd47bc63687) Importer(2089858483,0ecaa5967403d082aa24f35e1b516d23)
Start importing Assets/ZRNAssets/005339_08932_25_14/Textures/00_TexturesPlus/Materials/denki-building-2.mat using Guid(bdfec58f6808c42d48945cd47bc63687) Importer(2089858483,0ecaa5967403d082aa24f35e1b516d23) [PhysX] Initialized MultithreadedTaskDispatcher with 12 workers.
 -> (artifact id: '9a231aecf9860a9735fbe9250c40c079') in 0.043936 seconds
Number of updated asset objects reloaded before import = 0
Number of asset objects unloaded after import = 2
========================================================================
Received Import Request.
  Time since last request: 0.000071 seconds.
  path: Assets/ZRNAssets/005339_08932_25_14/Materials/005339_08932_L_-90290_0_01_01_5.mat
  artifactKey: Guid(54f112d7a53fe455c9ccdb69c05d0721) Importer(2089858483,0ecaa5967403d082aa24f35e1b516d23)
Start importing Assets/ZRNAssets/005339_08932_25_14/Materials/005339_08932_L_-90290_0_01_01_5.mat using Guid(54f112d7a53fe455c9ccdb69c05d0721) Importer(2089858483,0ecaa5967403d082aa24f35e1b516d23) [PhysX] Initialized MultithreadedTaskDispatcher with 12 workers.
 -> (artifact id: 'b536717aa1407e0bc060dbe23200a54b') in 0.049322 seconds
Number of updated asset objects reloaded before import = 0
Number of asset objects unloaded after import = 2
========================================================================
Received Import Request.
  Time since last request: 0.000045 seconds.
  path: Assets/ZRNAssets/005339_08932_25_14/Materials/S_G_000126_S.mat
  artifactKey: Guid(070e579c0599f49fe8fa7d2427dcf6d9) Importer(2089858483,0ecaa5967403d082aa24f35e1b516d23)
Start importing Assets/ZRNAssets/005339_08932_25_14/Materials/S_G_000126_S.mat using Guid(070e579c0599f49fe8fa7d2427dcf6d9) Importer(2089858483,0ecaa5967403d082aa24f35e1b516d23) [PhysX] Initialized MultithreadedTaskDispatcher with 12 workers.
 -> (artifact id: 'c383e127a5e6ba6a92c4aec737a9079d') in 0.047795 seconds
Number of updated asset objects reloaded before import = 0
Number of asset objects unloaded after import = 2
========================================================================
Received Import Request.
  Time since last request: 0.000066 seconds.
  path: Assets/ZRNAssets/005339_08932_25_14/Materials/mat.0320.mat
  artifactKey: Guid(489f0f9f0f1724320a2fe68899ea0be2) Importer(2089858483,0ecaa5967403d082aa24f35e1b516d23)
Start importing Assets/ZRNAssets/005339_08932_25_14/Materials/mat.0320.mat using Guid(489f0f9f0f1724320a2fe68899ea0be2) Importer(2089858483,0ecaa5967403d082aa24f35e1b516d23) [PhysX] Initialized MultithreadedTaskDispatcher with 12 workers.
 -> (artifact id: '1d5ec43f464f19ea906822a54c11a41f') in 0.054062 seconds
Number of updated asset objects reloaded before import = 0
Number of asset objects unloaded after import = 1
========================================================================
Received Import Request.
  Time since last request: 0.001520 seconds.
  path: Assets/ZRNAssets/005339_08932_25_14/Materials/005339_08932_unitedmat_177.mat
  artifactKey: Guid(befe6062ed2fa445d846bc707c991f71) Importer(2089858483,0ecaa5967403d082aa24f35e1b516d23)
Start importing Assets/ZRNAssets/005339_08932_25_14/Materials/005339_08932_unitedmat_177.mat using Guid(befe6062ed2fa445d846bc707c991f71) Importer(2089858483,0ecaa5967403d082aa24f35e1b516d23) [PhysX] Initialized MultithreadedTaskDispatcher with 12 workers.
 -> (artifact id: 'ca493866435c8563972755fd2c99b54c') in 0.051055 seconds
Number of updated asset objects reloaded before import = 0
Number of asset objects unloaded after import = 1
========================================================================
Received Import Request.
  Time since last request: 0.000052 seconds.
  path: Assets/ZRNAssets/005339_08932_25_14/Materials/S_G_000196_F.mat
  artifactKey: Guid(727c26e873bff4490ae5c0ecb97582c8) Importer(2089858483,0ecaa5967403d082aa24f35e1b516d23)
Start importing Assets/ZRNAssets/005339_08932_25_14/Materials/S_G_000196_F.mat using Guid(727c26e873bff4490ae5c0ecb97582c8) Importer(2089858483,0ecaa5967403d082aa24f35e1b516d23) [PhysX] Initialized MultithreadedTaskDispatcher with 12 workers.
 -> (artifact id: 'da9e17497676e3dbe0b62a9e40fbafb4') in 0.051436 seconds
Number of updated asset objects reloaded before import = 0
Number of asset objects unloaded after import = 2
========================================================================
Received Import Request.
  Time since last request: 0.000048 seconds.
  path: Assets/ZRNAssets/005339_08932_25_14/Materials/005339_08932_L_-90313_0_01_01_6.mat
  artifactKey: Guid(1f60bfab7a86d461b94653c17e0d276f) Importer(2089858483,0ecaa5967403d082aa24f35e1b516d23)
Start importing Assets/ZRNAssets/005339_08932_25_14/Materials/005339_08932_L_-90313_0_01_01_6.mat using Guid(1f60bfab7a86d461b94653c17e0d276f) Importer(2089858483,0ecaa5967403d082aa24f35e1b516d23) [PhysX] Initialized MultithreadedTaskDispatcher with 12 workers.
 -> (artifact id: '226687fb604fbc4f52c26ed3f87aace7') in 0.049755 seconds
Number of updated asset objects reloaded before import = 0
Number of asset objects unloaded after import = 2
========================================================================
Received Import Request.
  Time since last request: 0.002090 seconds.
  path: Assets/ZRNAssets/005339_08932_25_14/Materials/005339_08932_unitedmat_175.mat
  artifactKey: Guid(1fce590dd6533470588068dd982c3de3) Importer(2089858483,0ecaa5967403d082aa24f35e1b516d23)
Start importing Assets/ZRNAssets/005339_08932_25_14/Materials/005339_08932_unitedmat_175.mat using Guid(1fce590dd6533470588068dd982c3de3) Importer(2089858483,0ecaa5967403d082aa24f35e1b516d23) [PhysX] Initialized MultithreadedTaskDispatcher with 12 workers.
 -> (artifact id: 'd3bd42f83406855de8bc889c381958a1') in 0.025433 seconds
Number of updated asset objects reloaded before import = 0
Number of asset objects unloaded after import = 1
========================================================================
Received Import Request.
  Time since last request: 0.000866 seconds.
  path: Assets/ZRNAssets/005339_08932_25_14/Materials/S_G_000183_E.mat
  artifactKey: Guid(1593787e1b29b46cebac84bab70e429c) Importer(2089858483,0ecaa5967403d082aa24f35e1b516d23)
Start importing Assets/ZRNAssets/005339_08932_25_14/Materials/S_G_000183_E.mat using Guid(1593787e1b29b46cebac84bab70e429c) Importer(2089858483,0ecaa5967403d082aa24f35e1b516d23) [PhysX] Initialized MultithreadedTaskDispatcher with 12 workers.
 -> (artifact id: 'b420a608cf63e9595595a9eece92cec9') in 0.054372 seconds
Number of updated asset objects reloaded before import = 0
Number of asset objects unloaded after import = 2
========================================================================
Received Import Request.
  Time since last request: 0.000054 seconds.
  path: Assets/TextMesh Pro/Resources/TMP Settings.asset
  artifactKey: Guid(3f5b5dff67a942289a9defa416b206f3) Importer(2089858483,3d70f49cd1c2eb9ae422958d1c652c6b)
Start importing Assets/TextMesh Pro/Resources/TMP Settings.asset using Guid(3f5b5dff67a942289a9defa416b206f3) Importer(2089858483,3d70f49cd1c2eb9ae422958d1c652c6b) [PhysX] Initialized MultithreadedTaskDispatcher with 12 workers.
 -> (artifact id: '255e115f62ad9b4281e9326bbd9c52e8') in 0.062459 seconds
Number of updated asset objects reloaded before import = 0
Number of asset objects unloaded after import = 14
========================================================================
Received Import Request.
  Time since last request: 0.000036 seconds.
  path: Assets/ZRNAssets/005339_08932_25_14/Materials/005339_08932_25_14_unitedmat_36.mat
  artifactKey: Guid(a365268ce27b04b799a5ac1a95114e8f) Importer(2089858483,0ecaa5967403d082aa24f35e1b516d23)
Start importing Assets/ZRNAssets/005339_08932_25_14/Materials/005339_08932_25_14_unitedmat_36.mat using Guid(a365268ce27b04b799a5ac1a95114e8f) Importer(2089858483,0ecaa5967403d082aa24f35e1b516d23) [PhysX] Initialized MultithreadedTaskDispatcher with 12 workers.
 -> (artifact id: 'ef433fabd15ee59c0e7626f583453ff2') in 0.048571 seconds
Number of updated asset objects reloaded before import = 0
Number of asset objects unloaded after import = 2
========================================================================
Received Import Request.
  Time since last request: 0.000043 seconds.
  path: Assets/ZRNAssets/005339_08932_25_14/Materials/005339_08932_unitedmat_155.mat
  artifactKey: Guid(d09e78dcab8e4425aab1e0b20f3950bc) Importer(2089858483,0ecaa5967403d082aa24f35e1b516d23)
Start importing Assets/ZRNAssets/005339_08932_25_14/Materials/005339_08932_unitedmat_155.mat using Guid(d09e78dcab8e4425aab1e0b20f3950bc) Importer(2089858483,0ecaa5967403d082aa24f35e1b516d23) [PhysX] Initialized MultithreadedTaskDispatcher with 12 workers.
 -> (artifact id: 'cbef6a40638c634a13adacd92a393af3') in 0.044350 seconds
Number of updated asset objects reloaded before import = 0
Number of asset objects unloaded after import = 1
========================================================================
Received Import Request.
  Time since last request: 0.000078 seconds.
  path: Assets/ZRNAssets/005339_08932_25_14/Materials/S_G_000114_S1.mat
  artifactKey: Guid(654461c2a197c4441a22d749618b4559) Importer(2089858483,0ecaa5967403d082aa24f35e1b516d23)
Start importing Assets/ZRNAssets/005339_08932_25_14/Materials/S_G_000114_S1.mat using Guid(654461c2a197c4441a22d749618b4559) Importer(2089858483,0ecaa5967403d082aa24f35e1b516d23) [PhysX] Initialized MultithreadedTaskDispatcher with 12 workers.
 -> (artifact id: '073d23525a30ddc92b8646b869bc673b') in 0.028617 seconds
Number of updated asset objects reloaded before import = 0
Number of asset objects unloaded after import = 2
========================================================================
Received Import Request.
  Time since last request: 0.000048 seconds.
  path: Assets/ZRNAssets/005339_08932_25_14/Materials/005339_08932_25_14_unitedmat_21.mat
  artifactKey: Guid(1f4b4ccc8e550450681af19cf7162e26) Importer(2089858483,0ecaa5967403d082aa24f35e1b516d23)
Start importing Assets/ZRNAssets/005339_08932_25_14/Materials/005339_08932_25_14_unitedmat_21.mat using Guid(1f4b4ccc8e550450681af19cf7162e26) Importer(2089858483,0ecaa5967403d082aa24f35e1b516d23) [PhysX] Initialized MultithreadedTaskDispatcher with 12 workers.
 -> (artifact id: 'a5f5def79c13e8b2b131160c5bbc0fb7') in 0.032124 seconds
Number of updated asset objects reloaded before import = 0
Number of asset objects unloaded after import = 2
========================================================================
Received Import Request.
  Time since last request: 0.000037 seconds.
  path: Assets/ZRNAssets/005339_08932_25_14/Materials/005339_08932_25_14_unitedmat_90.mat
  artifactKey: Guid(6be785f4ae99d464c981cdf95f382409) Importer(2089858483,0ecaa5967403d082aa24f35e1b516d23)
Start importing Assets/ZRNAssets/005339_08932_25_14/Materials/005339_08932_25_14_unitedmat_90.mat using Guid(6be785f4ae99d464c981cdf95f382409) Importer(2089858483,0ecaa5967403d082aa24f35e1b516d23) [PhysX] Initialized MultithreadedTaskDispatcher with 12 workers.
 -> (artifact id: '2d6e122cff8009adccbc95c52f040df7') in 0.047118 seconds
Number of updated asset objects reloaded before import = 0
Number of asset objects unloaded after import = 2
========================================================================
Received Import Request.
  Time since last request: 0.000467 seconds.
  path: Assets/ZRNAssets/005339_08932_25_14/Materials/005339_08932_25_14_unitedmat_197.mat
  artifactKey: Guid(275b50cc82f584439b8a030888e5f79b) Importer(2089858483,0ecaa5967403d082aa24f35e1b516d23)
Start importing Assets/ZRNAssets/005339_08932_25_14/Materials/005339_08932_25_14_unitedmat_197.mat using Guid(275b50cc82f584439b8a030888e5f79b) Importer(2089858483,0ecaa5967403d082aa24f35e1b516d23) [PhysX] Initialized MultithreadedTaskDispatcher with 12 workers.
 -> (artifact id: '77bad95dce27b9a817916cb7c3dd74f6') in 0.053525 seconds
Number of updated asset objects reloaded before import = 0
Number of asset objects unloaded after import = 2
========================================================================
Received Import Request.
  Time since last request: 0.000041 seconds.
  path: Assets/ZRNAssets/005339_08932_25_14/Materials/005339_08932_L_-90224_0_01_01_18.mat
  artifactKey: Guid(bd7f57442ef5247a39232d6d5efbc4bd) Importer(2089858483,0ecaa5967403d082aa24f35e1b516d23)
Start importing Assets/ZRNAssets/005339_08932_25_14/Materials/005339_08932_L_-90224_0_01_01_18.mat using Guid(bd7f57442ef5247a39232d6d5efbc4bd) Importer(2089858483,0ecaa5967403d082aa24f35e1b516d23) [PhysX] Initialized MultithreadedTaskDispatcher with 12 workers.
 -> (artifact id: '194c11946a211d45ee82ca2af767022c') in 0.078728 seconds
Number of updated asset objects reloaded before import = 0
Number of asset objects unloaded after import = 2
========================================================================
Received Import Request.
  Time since last request: 0.000045 seconds.
  path: Assets/ZRNAssets/005339_08932_25_14/Materials/005339_08932_25_14_unitedmat_96.mat
  artifactKey: Guid(73316d8d524d6467398fbc8e97a439b2) Importer(2089858483,0ecaa5967403d082aa24f35e1b516d23)
Start importing Assets/ZRNAssets/005339_08932_25_14/Materials/005339_08932_25_14_unitedmat_96.mat using Guid(73316d8d524d6467398fbc8e97a439b2) Importer(2089858483,0ecaa5967403d082aa24f35e1b516d23) [PhysX] Initialized MultithreadedTaskDispatcher with 12 workers.
 -> (artifact id: 'cb255162f5e80ca3373b7dbd94c11217') in 0.047472 seconds
Number of updated asset objects reloaded before import = 0
Number of asset objects unloaded after import = 2
========================================================================
Received Import Request.
  Time since last request: 0.000038 seconds.
  path: Assets/ZRNAssets/005339_08932_25_14/Materials/S_G_000142_F1.mat
  artifactKey: Guid(a3e26a22a92994d3e87b5b3f5904bba0) Importer(2089858483,0ecaa5967403d082aa24f35e1b516d23)
Start importing Assets/ZRNAssets/005339_08932_25_14/Materials/S_G_000142_F1.mat using Guid(a3e26a22a92994d3e87b5b3f5904bba0) Importer(2089858483,0ecaa5967403d082aa24f35e1b516d23) [PhysX] Initialized MultithreadedTaskDispatcher with 12 workers.
 -> (artifact id: 'a14c3a68c63dfd595eded7fb6d493db0') in 0.027811 seconds
Number of updated asset objects reloaded before import = 0
Number of asset objects unloaded after import = 2
========================================================================
Received Import Request.
  Time since last request: 0.000041 seconds.
  path: Assets/ZRNAssets/005339_08932_25_14/Materials/005339_08932_unitedmat_165.mat
  artifactKey: Guid(f89fac40dc0c04bcb865ec324442f959) Importer(2089858483,0ecaa5967403d082aa24f35e1b516d23)
Start importing Assets/ZRNAssets/005339_08932_25_14/Materials/005339_08932_unitedmat_165.mat using Guid(f89fac40dc0c04bcb865ec324442f959) Importer(2089858483,0ecaa5967403d082aa24f35e1b516d23) [PhysX] Initialized MultithreadedTaskDispatcher with 12 workers.
 -> (artifact id: '444ccf26b5576d1ac6894579982eff15') in 0.038484 seconds
Number of updated asset objects reloaded before import = 0
Number of asset objects unloaded after import = 1
========================================================================
Received Import Request.
  Time since last request: 0.000054 seconds.
  path: Assets/ZRNAssets/005339_08932_25_14/Materials/005339_08932_L_-90295_0_01_01_6.mat
  artifactKey: Guid(7ed5e3721cc544f1bab90e5740ffb2af) Importer(2089858483,0ecaa5967403d082aa24f35e1b516d23)
Start importing Assets/ZRNAssets/005339_08932_25_14/Materials/005339_08932_L_-90295_0_01_01_6.mat using Guid(7ed5e3721cc544f1bab90e5740ffb2af) Importer(2089858483,0ecaa5967403d082aa24f35e1b516d23) [PhysX] Initialized MultithreadedTaskDispatcher with 12 workers.
 -> (artifact id: '734c7788e30189691cce577180763a4c') in 0.042886 seconds
Number of updated asset objects reloaded before import = 0
Number of asset objects unloaded after import = 2
========================================================================
Received Import Request.
  Time since last request: 0.000257 seconds.
  path: Assets/ZRNAssets/005339_08932_25_14/Materials/005339_08932_L_-90280_0_01_01_7.mat
  artifactKey: Guid(93c5ec3ff91634d8fa979f6fe5548745) Importer(2089858483,0ecaa5967403d082aa24f35e1b516d23)
Start importing Assets/ZRNAssets/005339_08932_25_14/Materials/005339_08932_L_-90280_0_01_01_7.mat using Guid(93c5ec3ff91634d8fa979f6fe5548745) Importer(2089858483,0ecaa5967403d082aa24f35e1b516d23) [PhysX] Initialized MultithreadedTaskDispatcher with 12 workers.
 -> (artifact id: '1f8b05039a86965accddc026297cac69') in 0.045013 seconds
Number of updated asset objects reloaded before import = 0
Number of asset objects unloaded after import = 2
========================================================================
Received Import Request.
  Time since last request: 0.055925 seconds.
  path: Assets/ZRNAssets/005339_08932_25_14/Materials/S_G_000112_E.mat
  artifactKey: Guid(d57ec45eb44c846eb88f1f423e5149de) Importer(2089858483,0ecaa5967403d082aa24f35e1b516d23)
Start importing Assets/ZRNAssets/005339_08932_25_14/Materials/S_G_000112_E.mat using Guid(d57ec45eb44c846eb88f1f423e5149de) Importer(2089858483,0ecaa5967403d082aa24f35e1b516d23) [PhysX] Initialized MultithreadedTaskDispatcher with 12 workers.
 -> (artifact id: 'b3e9750d21d645c8358b0f25e7c9062d') in 0.044784 seconds
Number of updated asset objects reloaded before import = 0
Number of asset objects unloaded after import = 2
========================================================================
Received Import Request.
  Time since last request: 0.000034 seconds.
  path: Assets/ZRNAssets/005339_08932_25_14/Materials/S_G_000152_S1.mat
  artifactKey: Guid(8d4491eeb4e874934b760a2e69e11330) Importer(2089858483,0ecaa5967403d082aa24f35e1b516d23)
Start importing Assets/ZRNAssets/005339_08932_25_14/Materials/S_G_000152_S1.mat using Guid(8d4491eeb4e874934b760a2e69e11330) Importer(2089858483,0ecaa5967403d082aa24f35e1b516d23) [PhysX] Initialized MultithreadedTaskDispatcher with 12 workers.
 -> (artifact id: '1ae6c3166ba0c471025cc5b053289956') in 0.138203 seconds
Number of updated asset objects reloaded before import = 0
Number of asset objects unloaded after import = 2
========================================================================
Received Import Request.
  Time since last request: 0.000069 seconds.
  path: Assets/ZRNAssets/005339_08932_25_14/Materials/S_G_000193_C1.mat
  artifactKey: Guid(b140ced9751a849e5a2ff803b49fddd0) Importer(2089858483,0ecaa5967403d082aa24f35e1b516d23)
Start importing Assets/ZRNAssets/005339_08932_25_14/Materials/S_G_000193_C1.mat using Guid(b140ced9751a849e5a2ff803b49fddd0) Importer(2089858483,0ecaa5967403d082aa24f35e1b516d23) [PhysX] Initialized MultithreadedTaskDispatcher with 12 workers.
 -> (artifact id: 'a4cf9df1cfbb767fa1576ea803cc95ed') in 0.038373 seconds
Number of updated asset objects reloaded before import = 0
Number of asset objects unloaded after import = 2
========================================================================
Received Import Request.
  Time since last request: 0.000047 seconds.
  path: Assets/ZRNAssets/005339_08932_25_14/Materials/S_G_000149_E.mat
  artifactKey: Guid(fbf63a07175f0477a888f4191579991a) Importer(2089858483,0ecaa5967403d082aa24f35e1b516d23)
Start importing Assets/ZRNAssets/005339_08932_25_14/Materials/S_G_000149_E.mat using Guid(fbf63a07175f0477a888f4191579991a) Importer(2089858483,0ecaa5967403d082aa24f35e1b516d23) [PhysX] Initialized MultithreadedTaskDispatcher with 12 workers.
 -> (artifact id: '8db440abfe555f35b131189dde355691') in 0.043675 seconds
Number of updated asset objects reloaded before import = 0
Number of asset objects unloaded after import = 2
========================================================================
Received Import Request.
  Time since last request: 0.000084 seconds.
  path: Assets/ZRNAssets/005339_08932_25_14/Materials/005339_08932_25_14_unitedmat_47.mat
  artifactKey: Guid(421ad03566887403e9905753f4458621) Importer(2089858483,0ecaa5967403d082aa24f35e1b516d23)
Start importing Assets/ZRNAssets/005339_08932_25_14/Materials/005339_08932_25_14_unitedmat_47.mat using Guid(421ad03566887403e9905753f4458621) Importer(2089858483,0ecaa5967403d082aa24f35e1b516d23) [PhysX] Initialized MultithreadedTaskDispatcher with 12 workers.
 -> (artifact id: 'e536bbf1606f8c86b3247035632caf0d') in 0.062558 seconds
Number of updated asset objects reloaded before import = 0
Number of asset objects unloaded after import = 2
========================================================================
Received Import Request.
  Time since last request: 0.001934 seconds.
  path: Assets/ZRNAssets/005339_08932_25_14/Materials/s_hodou_hai_t.mat
  artifactKey: Guid(70bd2597270cf48b58f30675211948a8) Importer(2089858483,0ecaa5967403d082aa24f35e1b516d23)
Start importing Assets/ZRNAssets/005339_08932_25_14/Materials/s_hodou_hai_t.mat using Guid(70bd2597270cf48b58f30675211948a8) Importer(2089858483,0ecaa5967403d082aa24f35e1b516d23) [PhysX] Initialized MultithreadedTaskDispatcher with 12 workers.
 -> (artifact id: '49f9181330c21bef7bb55a4efb5e03c1') in 0.069987 seconds
Number of updated asset objects reloaded before import = 0
Number of asset objects unloaded after import = 2
========================================================================
Received Import Request.
  Time since last request: 0.000039 seconds.
  path: Assets/ZRNAssets/005339_08932_25_14/Materials/S_G_000173_S.mat
  artifactKey: Guid(ee853f6e5bed0476c820990f006d6cb1) Importer(2089858483,0ecaa5967403d082aa24f35e1b516d23)
Start importing Assets/ZRNAssets/005339_08932_25_14/Materials/S_G_000173_S.mat using Guid(ee853f6e5bed0476c820990f006d6cb1) Importer(2089858483,0ecaa5967403d082aa24f35e1b516d23) [PhysX] Initialized MultithreadedTaskDispatcher with 12 workers.
 -> (artifact id: 'f8c4950325b7f38b914ca346cd18c4ed') in 0.051223 seconds
Number of updated asset objects reloaded before import = 0
Number of asset objects unloaded after import = 2
========================================================================
Received Import Request.
  Time since last request: 0.000053 seconds.
  path: Assets/ZRNAssets/005339_08932_25_14/Materials/005339_08932_L_-90200_0_01_01_25.mat
  artifactKey: Guid(6f7fda059ef944b549e3f8703d4e84bc) Importer(2089858483,0ecaa5967403d082aa24f35e1b516d23)
Start importing Assets/ZRNAssets/005339_08932_25_14/Materials/005339_08932_L_-90200_0_01_01_25.mat using Guid(6f7fda059ef944b549e3f8703d4e84bc) Importer(2089858483,0ecaa5967403d082aa24f35e1b516d23) [PhysX] Initialized MultithreadedTaskDispatcher with 12 workers.
 -> (artifact id: '0213c9283b80cd097cc0a16bb7390ea7') in 0.039553 seconds
Number of updated asset objects reloaded before import = 0
Number of asset objects unloaded after import = 2
========================================================================
Received Import Request.
  Time since last request: 0.000032 seconds.
  path: Assets/ZRNAssets/005339_08932_25_14/Materials/GreenDarkOlive.0030.mat
  artifactKey: Guid(db22cc973716844b880f01c4a9f55ee2) Importer(2089858483,0ecaa5967403d082aa24f35e1b516d23)
Start importing Assets/ZRNAssets/005339_08932_25_14/Materials/GreenDarkOlive.0030.mat using Guid(db22cc973716844b880f01c4a9f55ee2) Importer(2089858483,0ecaa5967403d082aa24f35e1b516d23) [PhysX] Initialized MultithreadedTaskDispatcher with 12 workers.
 -> (artifact id: '1d087ceca333f74ba662fd0ffd5d22d0') in 0.030089 seconds
Number of updated asset objects reloaded before import = 0
Number of asset objects unloaded after import = 1
========================================================================
Received Import Request.
  Time since last request: 0.000054 seconds.
  path: Assets/ZRNAssets/005339_08932_25_14/Materials/005339_08932_25_14_unitedmat_211.mat
  artifactKey: Guid(275f6b07d2a214c7497085f7e07655b2) Importer(2089858483,0ecaa5967403d082aa24f35e1b516d23)
Start importing Assets/ZRNAssets/005339_08932_25_14/Materials/005339_08932_25_14_unitedmat_211.mat using Guid(275f6b07d2a214c7497085f7e07655b2) Importer(2089858483,0ecaa5967403d082aa24f35e1b516d23) [PhysX] Initialized MultithreadedTaskDispatcher with 12 workers.
 -> (artifact id: 'd297bb25159ba68426b7aebb07161194') in 0.034292 seconds
Number of updated asset objects reloaded before import = 0
Number of asset objects unloaded after import = 2
========================================================================
Received Import Request.
  Time since last request: 0.000056 seconds.
  path: Assets/ZRNAssets/005339_08932_25_14/Materials/005339_08932_25_14_unitedmat_87.mat
  artifactKey: Guid(09a61539622ef4475ad363935e5a52f9) Importer(2089858483,0ecaa5967403d082aa24f35e1b516d23)
Start importing Assets/ZRNAssets/005339_08932_25_14/Materials/005339_08932_25_14_unitedmat_87.mat using Guid(09a61539622ef4475ad363935e5a52f9) Importer(2089858483,0ecaa5967403d082aa24f35e1b516d23) [PhysX] Initialized MultithreadedTaskDispatcher with 12 workers.
 -> (artifact id: '84e8ab04684050c0cbb246594ff7a298') in 0.028095 seconds
Number of updated asset objects reloaded before import = 0
Number of asset objects unloaded after import = 2
========================================================================
Received Import Request.
  Time since last request: 0.000042 seconds.
  path: Assets/ZRNAssets/005339_08932_25_14/Materials/S_G_000107_F.mat
  artifactKey: Guid(bfbf5c1861ddb4a3cb7d5c80439ce73d) Importer(2089858483,0ecaa5967403d082aa24f35e1b516d23)
Start importing Assets/ZRNAssets/005339_08932_25_14/Materials/S_G_000107_F.mat using Guid(bfbf5c1861ddb4a3cb7d5c80439ce73d) Importer(2089858483,0ecaa5967403d082aa24f35e1b516d23) [PhysX] Initialized MultithreadedTaskDispatcher with 12 workers.
 -> (artifact id: 'd2cc05f17101f5b2950dd703056d5d14') in 0.032199 seconds
Number of updated asset objects reloaded before import = 0
Number of asset objects unloaded after import = 2
========================================================================
Received Import Request.
  Time since last request: 0.000129 seconds.
  path: Assets/ZRNAssets/005339_08932_25_14/Materials/005339_08932_unitedmat_254.mat
  artifactKey: Guid(7c802cce7f5684bc0b79b8cfecf738b1) Importer(2089858483,0ecaa5967403d082aa24f35e1b516d23)
Start importing Assets/ZRNAssets/005339_08932_25_14/Materials/005339_08932_unitedmat_254.mat using Guid(7c802cce7f5684bc0b79b8cfecf738b1) Importer(2089858483,0ecaa5967403d082aa24f35e1b516d23) [PhysX] Initialized MultithreadedTaskDispatcher with 12 workers.
 -> (artifact id: '6eab4888557b06d8584c418f2447af8a') in 0.029383 seconds
Number of updated asset objects reloaded before import = 0
Number of asset objects unloaded after import = 1
========================================================================
Received Import Request.
  Time since last request: 0.000046 seconds.
  path: Assets/ZRNAssets/005339_08932_25_14/Materials/005339_08932_25_14_unitedmat_98.mat
  artifactKey: Guid(dc1bffe955dbc430a965431e3f4d7705) Importer(2089858483,0ecaa5967403d082aa24f35e1b516d23)
Start importing Assets/ZRNAssets/005339_08932_25_14/Materials/005339_08932_25_14_unitedmat_98.mat using Guid(dc1bffe955dbc430a965431e3f4d7705) Importer(2089858483,0ecaa5967403d082aa24f35e1b516d23) [PhysX] Initialized MultithreadedTaskDispatcher with 12 workers.
 -> (artifact id: '413ee0836cb19b3c3b662cb71ce01142') in 0.044147 seconds
Number of updated asset objects reloaded before import = 0
Number of asset objects unloaded after import = 2
========================================================================
Received Import Request.
  Time since last request: 0.000038 seconds.
  path: Assets/Scripts/Tienda/Canvas.prefab
  artifactKey: Guid(8c0c09b936b39c246bbaab2ac766cb93) Importer(2089858483,0ecaa5967403d082aa24f35e1b516d23)
Start importing Assets/Scripts/Tienda/Canvas.prefab using Guid(8c0c09b936b39c246bbaab2ac766cb93) Importer(2089858483,0ecaa5967403d082aa24f35e1b516d23) [PhysX] Initialized MultithreadedTaskDispatcher with 12 workers.
 -> (artifact id: '3ac1cf37cb10b979902703db505bf2fc') in 0.270157 seconds
Number of updated asset objects reloaded before import = 0
Number of asset objects unloaded after import = 46
========================================================================
Received Import Request.
  Time since last request: 0.000039 seconds.
  path: Assets/Scripts/Nodo_Dialogo.cs
  artifactKey: Guid(51f7e5ddf29c3674dba074924d34cd18) Importer(2089858483,0ecaa5967403d082aa24f35e1b516d23)
Start importing Assets/Scripts/Nodo_Dialogo.cs using Guid(51f7e5ddf29c3674dba074924d34cd18) Importer(2089858483,0ecaa5967403d082aa24f35e1b516d23) [PhysX] Initialized MultithreadedTaskDispatcher with 12 workers.
 -> (artifact id: '8757845ea19f70f0751eb2e3a9d4b249') in 0.031390 seconds
Number of updated asset objects reloaded before import = 0
Number of asset objects unloaded after import = 1
========================================================================
Received Import Request.
  Time since last request: 0.000088 seconds.
  path: Assets/Dialogos/Dialogos NPC1/Si VOF.asset
  artifactKey: Guid(9e4c281a93e0441488b41f00ab0ac2d8) Importer(2089858483,0ecaa5967403d082aa24f35e1b516d23)
Start importing Assets/Dialogos/Dialogos NPC1/Si VOF.asset using Guid(9e4c281a93e0441488b41f00ab0ac2d8) Importer(2089858483,0ecaa5967403d082aa24f35e1b516d23) [PhysX] Initialized MultithreadedTaskDispatcher with 12 workers.
 -> (artifact id: '9b43fa92fd79499ac887c6810f531c5c') in 0.043949 seconds
Number of updated asset objects reloaded before import = 0
Number of asset objects unloaded after import = 1
========================================================================
Received Import Request.
  Time since last request: 0.000139 seconds.
  path: Assets/ZRNAssets/005339_08932_25_14/Materials/005339_08932_unitedmat_159.mat
  artifactKey: Guid(ef4df891018184c229a844062272e341) Importer(2089858483,0ecaa5967403d082aa24f35e1b516d23)
Start importing Assets/ZRNAssets/005339_08932_25_14/Materials/005339_08932_unitedmat_159.mat using Guid(ef4df891018184c229a844062272e341) Importer(2089858483,0ecaa5967403d082aa24f35e1b516d23) [PhysX] Initialized MultithreadedTaskDispatcher with 12 workers.
 -> (artifact id: '8cc370f41b4b9a681ea4aa1933ffd7d2') in 0.037411 seconds
Number of updated asset objects reloaded before import = 0
Number of asset objects unloaded after import = 1
========================================================================
Received Import Request.
  Time since last request: 0.002258 seconds.
  path: Assets/Dialogos/Dialogos NPC 3/Confirmar1.asset
  artifactKey: Guid(2b4ff461bdd0b6c468e1326b2bd68e54) Importer(2089858483,0ecaa5967403d082aa24f35e1b516d23)
Start importing Assets/Dialogos/Dialogos NPC 3/Confirmar1.asset using Guid(2b4ff461bdd0b6c468e1326b2bd68e54) Importer(2089858483,0ecaa5967403d082aa24f35e1b516d23) [PhysX] Initialized MultithreadedTaskDispatcher with 12 workers.
 -> (artifact id: 'e310f301088ff5bbd0b1540ff826fdb6') in 0.053307 seconds
Number of updated asset objects reloaded before import = 0
Number of asset objects unloaded after import = 3
========================================================================
Received Import Request.
  Time since last request: 0.000043 seconds.
  path: Assets/EditorPersonajes/Sprites
  artifactKey: Guid(5764dac8c4ea64f4387a8c399244e1d3) Importer(2089858483,0ecaa5967403d082aa24f35e1b516d23)
Start importing Assets/EditorPersonajes/Sprites using Guid(5764dac8c4ea64f4387a8c399244e1d3) Importer(2089858483,0ecaa5967403d082aa24f35e1b516d23) [PhysX] Initialized MultithreadedTaskDispatcher with 12 workers.
 -> (artifact id: 'd4997fe3d87c153cc472d3142582cc0c') in 0.026906 seconds
Number of updated asset objects reloaded before import = 0
Number of asset objects unloaded after import = 1
========================================================================
Received Import Request.
  Time since last request: 0.000047 seconds.
  path: Assets/EditorPersonajes/Data/Bottoms/Skirt_02.asset
  artifactKey: Guid(d04d03646a217be409920cd633d15c14) Importer(2089858483,0ecaa5967403d082aa24f35e1b516d23)
Start importing Assets/EditorPersonajes/Data/Bottoms/Skirt_02.asset using Guid(d04d03646a217be409920cd633d15c14) Importer(2089858483,0ecaa5967403d082aa24f35e1b516d23) [PhysX] Initialized MultithreadedTaskDispatcher with 12 workers.
 -> (artifact id: '51aa7da5bd4546ba9e6d46224333c734') in 0.055776 seconds
Number of updated asset objects reloaded before import = 0
Number of asset objects unloaded after import = 2
========================================================================
Received Import Request.
  Time since last request: 0.000054 seconds.
  path: Assets/EditorPersonajes/Data/Shirts/Shirt_05.asset
  artifactKey: Guid(78d926c9885b98643b80bb4b2be76a0a) Importer(2089858483,0ecaa5967403d082aa24f35e1b516d23)
Start importing Assets/EditorPersonajes/Data/Shirts/Shirt_05.asset using Guid(78d926c9885b98643b80bb4b2be76a0a) Importer(2089858483,0ecaa5967403d082aa24f35e1b516d23) [PhysX] Initialized MultithreadedTaskDispatcher with 12 workers.
 -> (artifact id: '8619ee6882ae3e23bbc2bd6376c1946e') in 0.034728 seconds
Number of updated asset objects reloaded before import = 0
Number of asset objects unloaded after import = 2
========================================================================
Received Import Request.
  Time since last request: 0.000046 seconds.
  path: Assets/EditorPersonajes/Prefabs
  artifactKey: Guid(dbe79de0f3f12764e96fca892505bc43) Importer(2089858483,0ecaa5967403d082aa24f35e1b516d23)
Start importing Assets/EditorPersonajes/Prefabs using Guid(dbe79de0f3f12764e96fca892505bc43) Importer(2089858483,0ecaa5967403d082aa24f35e1b516d23) [PhysX] Initialized MultithreadedTaskDispatcher with 12 workers.
 -> (artifact id: '86abc40215d7f8992fe23b7dce675def') in 0.028370 seconds
Number of updated asset objects reloaded before import = 0
Number of asset objects unloaded after import = 1
========================================================================
Received Import Request.
  Time since last request: 0.000043 seconds.
  path: Assets/Dialogos/Dialogos NPC6/Si VOF.asset
  artifactKey: Guid(cadbdc3c6b855d54ea9150b1562ce797) Importer(2089858483,0ecaa5967403d082aa24f35e1b516d23)
Start importing Assets/Dialogos/Dialogos NPC6/Si VOF.asset using Guid(cadbdc3c6b855d54ea9150b1562ce797) Importer(2089858483,0ecaa5967403d082aa24f35e1b516d23) [PhysX] Initialized MultithreadedTaskDispatcher with 12 workers.
 -> (artifact id: '8c6910ad8ccd2f648998037d65d97ea0') in 0.191784 seconds
Number of updated asset objects reloaded before import = 0
Number of asset objects unloaded after import = 1
========================================================================
Received Import Request.
  Time since last request: 0.000128 seconds.
  path: Assets/EditorPersonajes/Data/Hair/Hair_02.asset
  artifactKey: Guid(31684db99c09f474ea6b1f4130181b91) Importer(2089858483,0ecaa5967403d082aa24f35e1b516d23)
Start importing Assets/EditorPersonajes/Data/Hair/Hair_02.asset using Guid(31684db99c09f474ea6b1f4130181b91) Importer(2089858483,0ecaa5967403d082aa24f35e1b516d23) [PhysX] Initialized MultithreadedTaskDispatcher with 12 workers.
 -> (artifact id: '4085f873c33fa7822dd3c530f8234414') in 0.029785 seconds
Number of updated asset objects reloaded before import = 0
Number of asset objects unloaded after import = 2
========================================================================
Received Import Request.
  Time since last request: 0.000067 seconds.
  path: Assets/Dialogos/Dialogos NPC7/No.asset
  artifactKey: Guid(c7ba877f185069143b2eb03a3852f782) Importer(2089858483,0ecaa5967403d082aa24f35e1b516d23)
Start importing Assets/Dialogos/Dialogos NPC7/No.asset using Guid(c7ba877f185069143b2eb03a3852f782) Importer(2089858483,0ecaa5967403d082aa24f35e1b516d23) [PhysX] Initialized MultithreadedTaskDispatcher with 12 workers.
 -> (artifact id: 'aa2c20e09fe1b137d1fb8b047ceb8a95') in 0.038897 seconds
Number of updated asset objects reloaded before import = 0
Number of asset objects unloaded after import = 1
========================================================================
Received Import Request.
  Time since last request: 0.002154 seconds.
  path: Assets/Dialogos/Dialogos NPC1/No.asset
  artifactKey: Guid(d3d7759c58c3fd043a119d1267ce872b) Importer(2089858483,0ecaa5967403d082aa24f35e1b516d23)
Start importing Assets/Dialogos/Dialogos NPC1/No.asset using Guid(d3d7759c58c3fd043a119d1267ce872b) Importer(2089858483,0ecaa5967403d082aa24f35e1b516d23) [PhysX] Initialized MultithreadedTaskDispatcher with 12 workers.
 -> (artifact id: '01c04b35d4898300265c07fad6c59619') in 0.033718 seconds
Number of updated asset objects reloaded before import = 0
Number of asset objects unloaded after import = 1
========================================================================
Received Import Request.
  Time since last request: 0.000966 seconds.
  path: Assets/EditorPersonajes/Prefabs/ItemButton.prefab
  artifactKey: Guid(7c17340f5d8e22744bb737464e044b56) Importer(2089858483,0ecaa5967403d082aa24f35e1b516d23)
Start importing Assets/EditorPersonajes/Prefabs/ItemButton.prefab using Guid(7c17340f5d8e22744bb737464e044b56) Importer(2089858483,0ecaa5967403d082aa24f35e1b516d23) [PhysX] Initialized MultithreadedTaskDispatcher with 12 workers.
 -> (artifact id: 'c24920bf24e5bd80dafeab8d50324e4e') in 0.133795 seconds
Number of updated asset objects reloaded before import = 0
Number of asset objects unloaded after import = 12
========================================================================
Received Import Request.
  Time since last request: 0.000041 seconds.
  path: Assets/EditorPersonajes/Metricas/GameplayFirstInputTracker.cs
  artifactKey: Guid(20cc22866b55fb14e9f23fa1b190a984) Importer(2089858483,0ecaa5967403d082aa24f35e1b516d23)
Start importing Assets/EditorPersonajes/Metricas/GameplayFirstInputTracker.cs using Guid(20cc22866b55fb14e9f23fa1b190a984) Importer(2089858483,0ecaa5967403d082aa24f35e1b516d23) [PhysX] Initialized MultithreadedTaskDispatcher with 12 workers.
 -> (artifact id: '31777c0cedcce2bc9249b10881d7ac00') in 0.042713 seconds
Number of updated asset objects reloaded before import = 0
Number of asset objects unloaded after import = 1
========================================================================
Received Import Request.
  Time since last request: 0.000078 seconds.
  path: Assets/Sounds/crowdtalk3.wav
  artifactKey: Guid(44955bbf3417c54449681fb57fd18ea7) Importer(2089858483,0ecaa5967403d082aa24f35e1b516d23)
Start importing Assets/Sounds/crowdtalk3.wav using Guid(44955bbf3417c54449681fb57fd18ea7) Importer(2089858483,0ecaa5967403d082aa24f35e1b516d23) [PhysX] Initialized MultithreadedTaskDispatcher with 12 workers.
 -> (artifact id: '0e3bb534dfa45351988aed56808ad610') in 0.075022 seconds
Number of updated asset objects reloaded before import = 0
Number of asset objects unloaded after import = 1
========================================================================
Received Import Request.
  Time since last request: 0.000034 seconds.
  path: Assets/EditorPersonajes/Data/Shirts/Shirt_06.asset
  artifactKey: Guid(a2458ec673581d84886150e998cf3e25) Importer(2089858483,0ecaa5967403d082aa24f35e1b516d23)
Start importing Assets/EditorPersonajes/Data/Shirts/Shirt_06.asset using Guid(a2458ec673581d84886150e998cf3e25) Importer(2089858483,0ecaa5967403d082aa24f35e1b516d23) [PhysX] Initialized MultithreadedTaskDispatcher with 12 workers.
 -> (artifact id: '7de0cb37c9bec41f08325296b4a83db1') in 0.032961 seconds
Number of updated asset objects reloaded before import = 0
Number of asset objects unloaded after import = 2
========================================================================
Received Import Request.
  Time since last request: 0.000585 seconds.
  path: Assets/EditorPersonajes/Sprites/Accessories
  artifactKey: Guid(b8d745c9a16893f4693686eb41485ab2) Importer(2089858483,0ecaa5967403d082aa24f35e1b516d23)
Start importing Assets/EditorPersonajes/Sprites/Accessories using Guid(b8d745c9a16893f4693686eb41485ab2) Importer(2089858483,0ecaa5967403d082aa24f35e1b516d23) [PhysX] Initialized MultithreadedTaskDispatcher with 12 workers.
 -> (artifact id: '693eb81166fbf46c0584f178875759d0') in 0.030161 seconds
Number of updated asset objects reloaded before import = 0
Number of asset objects unloaded after import = 1
========================================================================
Received Import Request.
  Time since last request: 0.000078 seconds.
  path: Assets/Sounds/NpcProximityTrigger.cs
  artifactKey: Guid(840c4cadf91eb8349843a000697940ac) Importer(2089858483,0ecaa5967403d082aa24f35e1b516d23)
Start importing Assets/Sounds/NpcProximityTrigger.cs using Guid(840c4cadf91eb8349843a000697940ac) Importer(2089858483,0ecaa5967403d082aa24f35e1b516d23) [PhysX] Initialized MultithreadedTaskDispatcher with 12 workers.
 -> (artifact id: '669eed61426d31fd83196a5f4edac546') in 0.039541 seconds
Number of updated asset objects reloaded before import = 0
Number of asset objects unloaded after import = 1
========================================================================
Received Import Request.
  Time since last request: 0.000045 seconds.
  path: Assets/Prefabs/ItemPalabra.prefab
  artifactKey: Guid(aa67955699784bc4ea8c3dbf4a1276fa) Importer(2089858483,0ecaa5967403d082aa24f35e1b516d23)
Start importing Assets/Prefabs/ItemPalabra.prefab using Guid(aa67955699784bc4ea8c3dbf4a1276fa) Importer(2089858483,0ecaa5967403d082aa24f35e1b516d23) [PhysX] Initialized MultithreadedTaskDispatcher with 12 workers.
 -> (artifact id: '44679aaf27b70c9836c376c2f5267ff2') in 0.265080 seconds
Number of updated asset objects reloaded before import = 0
Number of asset objects unloaded after import = 29
========================================================================
Received Import Request.
  Time since last request: 0.004171 seconds.
  path: Assets/DEMO_MegaCozyUIPack_doboui - copia/ProgressBars/ProgressBar
  artifactKey: Guid(9bcf04845f63cb1488cd71dc1c4b7928) Importer(2089858483,0ecaa5967403d082aa24f35e1b516d23)
Start importing Assets/DEMO_MegaCozyUIPack_doboui - copia/ProgressBars/ProgressBar using Guid(9bcf04845f63cb1488cd71dc1c4b7928) Importer(2089858483,0ecaa5967403d082aa24f35e1b516d23) [PhysX] Initialized MultithreadedTaskDispatcher with 12 workers.
 -> (artifact id: '310c45962582c751beb6ce0589266cd2') in 0.036726 seconds
Number of updated asset objects reloaded before import = 0
Number of asset objects unloaded after import = 1
========================================================================
Received Import Request.
  Time since last request: 0.000039 seconds.
  path: Assets/DEMO_MegaCozyUIPack_doboui - copia/Toggles/Toggle7.png
  artifactKey: Guid(4de8401a313873e42a3ff59ebd075cda) Importer(2089858483,0ecaa5967403d082aa24f35e1b516d23)
Start importing Assets/DEMO_MegaCozyUIPack_doboui - copia/Toggles/Toggle7.png using Guid(4de8401a313873e42a3ff59ebd075cda) Importer(2089858483,0ecaa5967403d082aa24f35e1b516d23) [PhysX] Initialized MultithreadedTaskDispatcher with 12 workers.
 -> (artifact id: '569412d197aeef3173fb2e59e90b5bd2') in 0.184278 seconds
Number of updated asset objects reloaded before import = 0
Number of asset objects unloaded after import = 1
========================================================================
Received Import Request.
  Time since last request: 0.000053 seconds.
  path: Assets/Scripts/NPC1/Manager_QuizCortesia.cs
  artifactKey: Guid(2c3417aa7508c844c9718fb31abbf628) Importer(2089858483,0ecaa5967403d082aa24f35e1b516d23)
Start importing Assets/Scripts/NPC1/Manager_QuizCortesia.cs using Guid(2c3417aa7508c844c9718fb31abbf628) Importer(2089858483,0ecaa5967403d082aa24f35e1b516d23) [PhysX] Initialized MultithreadedTaskDispatcher with 12 workers.
 -> (artifact id: 'ab002011c38428bdbf5035a7b4b5806e') in 0.032861 seconds
Number of updated asset objects reloaded before import = 0
Number of asset objects unloaded after import = 1
========================================================================
Received Import Request.
  Time since last request: 0.000402 seconds.
  path: Assets/Scripts/Tienda/Kanas/Kanas5.asset
  artifactKey: Guid(55fc9b112db4ed04c84144b117609c6c) Importer(2089858483,0ecaa5967403d082aa24f35e1b516d23)
Start importing Assets/Scripts/Tienda/Kanas/Kanas5.asset using Guid(55fc9b112db4ed04c84144b117609c6c) Importer(2089858483,0ecaa5967403d082aa24f35e1b516d23) [PhysX] Initialized MultithreadedTaskDispatcher with 12 workers.
 -> (artifact id: '401c715175fef28d6c63918534899946') in 0.064979 seconds
Number of updated asset objects reloaded before import = 0
Number of asset objects unloaded after import = 1
========================================================================
Received Import Request.
  Time since last request: 0.000051 seconds.
  path: Assets/DEMO_MegaCozyUIPack_doboui - copia/Buttons/Round/DefaultSize/RoundButton1_wood.png
  artifactKey: Guid(7e34d5ac272240648bc86d7221071599) Importer(2089858483,0ecaa5967403d082aa24f35e1b516d23)
Start importing Assets/DEMO_MegaCozyUIPack_doboui - copia/Buttons/Round/DefaultSize/RoundButton1_wood.png using Guid(7e34d5ac272240648bc86d7221071599) Importer(2089858483,0ecaa5967403d082aa24f35e1b516d23) [PhysX] Initialized MultithreadedTaskDispatcher with 12 workers.
 -> (artifact id: 'ca1c21dd51d2202474401b967b2abef2') in 0.094888 seconds
Number of updated asset objects reloaded before import = 0
Number of asset objects unloaded after import = 1
========================================================================
Received Import Request.
  Time since last request: 0.002698 seconds.
  path: Assets/DEMO_MegaCozyUIPack_doboui - copia/Containers/SimpleColorContainers/SimpleColorContainer1_gray.png
  artifactKey: Guid(90ff0076fa304ea43b3b559597cb24c5) Importer(2089858483,0ecaa5967403d082aa24f35e1b516d23)
Start importing Assets/DEMO_MegaCozyUIPack_doboui - copia/Containers/SimpleColorContainers/SimpleColorContainer1_gray.png using Guid(90ff0076fa304ea43b3b559597cb24c5) Importer(2089858483,0ecaa5967403d082aa24f35e1b516d23) [PhysX] Initialized MultithreadedTaskDispatcher with 12 workers.
 -> (artifact id: '27822978b762b8e79c284c92c80b6854') in 0.082698 seconds
Number of updated asset objects reloaded before import = 0
Number of asset objects unloaded after import = 1
========================================================================
Received Import Request.
  Time since last request: 0.000061 seconds.
  path: Assets/DEMO_MegaCozyUIPack_doboui - copia/Containers/NotebookContainers/NotebookContainer1_red.png
  artifactKey: Guid(1f1d0b409bca8b34b9a2ce5ea1cc19c7) Importer(2089858483,0ecaa5967403d082aa24f35e1b516d23)
Start importing Assets/DEMO_MegaCozyUIPack_doboui - copia/Containers/NotebookContainers/NotebookContainer1_red.png using Guid(1f1d0b409bca8b34b9a2ce5ea1cc19c7) Importer(2089858483,0ecaa5967403d082aa24f35e1b516d23) [PhysX] Initialized MultithreadedTaskDispatcher with 12 workers.
 -> (artifact id: 'bced015f2d294edc1c3e8277e4c7a539') in 0.093161 seconds
Number of updated asset objects reloaded before import = 0
Number of asset objects unloaded after import = 1
========================================================================
Received Import Request.
  Time since last request: 0.000035 seconds.
  path: Assets/EditorPersonajes/Data/Shoes/Shoes_04.asset
  artifactKey: Guid(4876eefeae68f6a4d9e10f61489a6b47) Importer(2089858483,0ecaa5967403d082aa24f35e1b516d23)
Start importing Assets/EditorPersonajes/Data/Shoes/Shoes_04.asset using Guid(4876eefeae68f6a4d9e10f61489a6b47) Importer(2089858483,0ecaa5967403d082aa24f35e1b516d23) [PhysX] Initialized MultithreadedTaskDispatcher with 12 workers.
 -> (artifact id: '1e3b9affa3dc4803cb4f84b935487776') in 0.044907 seconds
Number of updated asset objects reloaded before import = 0
Number of asset objects unloaded after import = 2
========================================================================
Received Import Request.
  Time since last request: 0.000379 seconds.
  path: Assets/DEMO_MegaCozyUIPack_doboui - copia/Icons/IconsFlat_16px/IconFlat9.png
  artifactKey: Guid(163ecbea2fb8aca4e9a7b42dc3cc213f) Importer(2089858483,0ecaa5967403d082aa24f35e1b516d23)
Start importing Assets/DEMO_MegaCozyUIPack_doboui - copia/Icons/IconsFlat_16px/IconFlat9.png using Guid(163ecbea2fb8aca4e9a7b42dc3cc213f) Importer(2089858483,0ecaa5967403d082aa24f35e1b516d23) [PhysX] Initialized MultithreadedTaskDispatcher with 12 workers.
 -> (artifact id: '93a03f81d16f514f8c2b7301e2ec5b5c') in 0.054287 seconds
Number of updated asset objects reloaded before import = 0
Number of asset objects unloaded after import = 1
========================================================================
Received Import Request.
  Time since last request: 0.000045 seconds.
  path: Assets/DEMO_MegaCozyUIPack_doboui - copia/Buttons/Round/SmallSize/IsPressed
  artifactKey: Guid(e5ee0b3e39e3f3545bf153706db13fe8) Importer(2089858483,0ecaa5967403d082aa24f35e1b516d23)
Start importing Assets/DEMO_MegaCozyUIPack_doboui - copia/Buttons/Round/SmallSize/IsPressed using Guid(e5ee0b3e39e3f3545bf153706db13fe8) Importer(2089858483,0ecaa5967403d082aa24f35e1b516d23) [PhysX] Initialized MultithreadedTaskDispatcher with 12 workers.
 -> (artifact id: '6c29ee449d1d698361250b330bcbd0af') in 0.027583 seconds
Number of updated asset objects reloaded before import = 0
Number of asset objects unloaded after import = 1
========================================================================
Received Import Request.
  Time since last request: 0.000043 seconds.
  path: Assets/DEMO_MegaCozyUIPack_doboui - copia/Arrows/Arrow6_cream.png
  artifactKey: Guid(d57e0af2b3aa55f45ae65d198c066359) Importer(2089858483,0ecaa5967403d082aa24f35e1b516d23)
Start importing Assets/DEMO_MegaCozyUIPack_doboui - copia/Arrows/Arrow6_cream.png using Guid(d57e0af2b3aa55f45ae65d198c066359) Importer(2089858483,0ecaa5967403d082aa24f35e1b516d23) [PhysX] Initialized MultithreadedTaskDispatcher with 12 workers.
 -> (artifact id: 'b65c25ffe5366ec8d55371041202dba5') in 0.062792 seconds
Number of updated asset objects reloaded before import = 0
Number of asset objects unloaded after import = 1
========================================================================
Received Import Request.
  Time since last request: 0.000376 seconds.
  path: Assets/DEMO_MegaCozyUIPack_doboui - copia/Containers/SimpleColorContainers/SimpleColorContainer1_pink.png
  artifactKey: Guid(1e323dfe95c0aab4cb2300b6baf7bb82) Importer(2089858483,0ecaa5967403d082aa24f35e1b516d23)
Start importing Assets/DEMO_MegaCozyUIPack_doboui - copia/Containers/SimpleColorContainers/SimpleColorContainer1_pink.png using Guid(1e323dfe95c0aab4cb2300b6baf7bb82) Importer(2089858483,0ecaa5967403d082aa24f35e1b516d23) [PhysX] Initialized MultithreadedTaskDispatcher with 12 workers.
 -> (artifact id: '4ca7c719a2e48beb2b15f01f2f35b8df') in 0.085119 seconds
Number of updated asset objects reloaded before import = 0
Number of asset objects unloaded after import = 1
========================================================================
Received Import Request.
  Time since last request: 0.002902 seconds.
  path: Assets/DEMO_MegaCozyUIPack_doboui - copia/Buttons/Square/SquareButton1_pink.png
  artifactKey: Guid(3f0bcd4a8e5886b40b23d7db67cecf67) Importer(2089858483,0ecaa5967403d082aa24f35e1b516d23)
Start importing Assets/DEMO_MegaCozyUIPack_doboui - copia/Buttons/Square/SquareButton1_pink.png using Guid(3f0bcd4a8e5886b40b23d7db67cecf67) Importer(2089858483,0ecaa5967403d082aa24f35e1b516d23) [PhysX] Initialized MultithreadedTaskDispatcher with 12 workers.
 -> (artifact id: '08f45aad592d9c386786e65706245266') in 0.082778 seconds
Number of updated asset objects reloaded before import = 0
Number of asset objects unloaded after import = 1
========================================================================
Received Import Request.
  Time since last request: 0.000853 seconds.
  path: Assets/DEMO_MegaCozyUIPack_doboui - copia/Containers/NotebookContainers/NotebookContainer1_wood.png
  artifactKey: Guid(14c220250bc1faf41950b4173e2223fb) Importer(2089858483,0ecaa5967403d082aa24f35e1b516d23)
Start importing Assets/DEMO_MegaCozyUIPack_doboui - copia/Containers/NotebookContainers/NotebookContainer1_wood.png using Guid(14c220250bc1faf41950b4173e2223fb) Importer(2089858483,0ecaa5967403d082aa24f35e1b516d23) [PhysX] Initialized MultithreadedTaskDispatcher with 12 workers.
 -> (artifact id: 'cf9067bfae4185119f4b0046d1d6e0e2') in 0.088334 seconds
Number of updated asset objects reloaded before import = 0
Number of asset objects unloaded after import = 1
========================================================================
Received Import Request.
  Time since last request: 0.000044 seconds.
  path: Assets/ZRNAssets/005339_08932_25_14/Materials/S_G_000118_S.mat
  artifactKey: Guid(ea03988596edd45a2a07a8a2875fe4ed) Importer(2089858483,0ecaa5967403d082aa24f35e1b516d23)
Start importing Assets/ZRNAssets/005339_08932_25_14/Materials/S_G_000118_S.mat using Guid(ea03988596edd45a2a07a8a2875fe4ed) Importer(2089858483,0ecaa5967403d082aa24f35e1b516d23) [PhysX] Initialized MultithreadedTaskDispatcher with 12 workers.
 -> (artifact id: 'cad21eb3c646726615f3e6c926bfb601') in 0.133165 seconds
Number of updated asset objects reloaded before import = 0
Number of asset objects unloaded after import = 2
========================================================================
Received Import Request.
  Time since last request: 0.000467 seconds.
  path: Assets/Models/Bow.anim
  artifactKey: Guid(43e3e30a453cf0f44bb9a6e80169529b) Importer(2089858483,0ecaa5967403d082aa24f35e1b516d23)
Start importing Assets/Models/Bow.anim using Guid(43e3e30a453cf0f44bb9a6e80169529b) Importer(2089858483,0ecaa5967403d082aa24f35e1b516d23) [PhysX] Initialized MultithreadedTaskDispatcher with 12 workers.
 -> (artifact id: '5a51d8426d1f650f62c59de39791d1dc') in 0.403311 seconds
Number of updated asset objects reloaded before import = 0
Number of asset objects unloaded after import = 1
========================================================================
Received Import Request.
  Time since last request: 0.000096 seconds.
  path: Assets/DEMO_MegaCozyUIPack_doboui - copia/Containers/RopeContainers/RopeContainer1_blue.png
  artifactKey: Guid(f8ba99da28f9da04eb71db058830f9db) Importer(2089858483,0ecaa5967403d082aa24f35e1b516d23)
Start importing Assets/DEMO_MegaCozyUIPack_doboui - copia/Containers/RopeContainers/RopeContainer1_blue.png using Guid(f8ba99da28f9da04eb71db058830f9db) Importer(2089858483,0ecaa5967403d082aa24f35e1b516d23) [PhysX] Initialized MultithreadedTaskDispatcher with 12 workers.
 -> (artifact id: '812d343f337b9764561a81b8e12be840') in 0.057799 seconds
Number of updated asset objects reloaded before import = 0
Number of asset objects unloaded after import = 3
========================================================================
Received Import Request.
  Time since last request: 0.001472 seconds.
  path: Assets/Polytope Studio/Lowpoly_Environments/Sources/Textures/PT_Grass_01.png
  artifactKey: Guid(1b92b31acbcdce24ba9dc6d01dbc2e84) Importer(2089858483,0ecaa5967403d082aa24f35e1b516d23)
Start importing Assets/Polytope Studio/Lowpoly_Environments/Sources/Textures/PT_Grass_01.png using Guid(1b92b31acbcdce24ba9dc6d01dbc2e84) Importer(2089858483,0ecaa5967403d082aa24f35e1b516d23) [PhysX] Initialized MultithreadedTaskDispatcher with 12 workers.
 -> (artifact id: 'ff85b6c021c970a9d5594719d3a086bf') in 0.061541 seconds
Number of updated asset objects reloaded before import = 0
Number of asset objects unloaded after import = 1
========================================================================
Received Import Request.
  Time since last request: 0.000034 seconds.
  path: Assets/Resources/Carteles/30a42c436e965709d7d84e40ea751645.jpg
  artifactKey: Guid(209ef58bb35caec4983ca181916f20da) Importer(2089858483,0ecaa5967403d082aa24f35e1b516d23)
Start importing Assets/Resources/Carteles/30a42c436e965709d7d84e40ea751645.jpg using Guid(209ef58bb35caec4983ca181916f20da) Importer(2089858483,0ecaa5967403d082aa24f35e1b516d23) [PhysX] Initialized MultithreadedTaskDispatcher with 12 workers.
 -> (artifact id: '89c9697a74d26f6aa46bb1eef80e5786') in 0.056625 seconds
Number of updated asset objects reloaded before import = 0
Number of asset objects unloaded after import = 1
========================================================================
Received Import Request.
  Time since last request: 0.000052 seconds.
  path: Assets/Polytope Studio/Lowpoly_Environments/Prefabs/Rocks
  artifactKey: Guid(c074246cbfde8eb4bb1b1203417f3bf2) Importer(2089858483,0ecaa5967403d082aa24f35e1b516d23)
Start importing Assets/Polytope Studio/Lowpoly_Environments/Prefabs/Rocks using Guid(c074246cbfde8eb4bb1b1203417f3bf2) Importer(2089858483,0ecaa5967403d082aa24f35e1b516d23) [PhysX] Initialized MultithreadedTaskDispatcher with 12 workers.
 -> (artifact id: '9cf45daf986182d2698e4259a22d72b4') in 0.029746 seconds
Number of updated asset objects reloaded before import = 0
Number of asset objects unloaded after import = 1
========================================================================
Received Import Request.
  Time since last request: 0.000039 seconds.
  path: Assets/Resources/Carteles/Materials/d8b06e720b903761f5cabdeee538b392.mat
  artifactKey: Guid(f2e1b5429c70bf940affbbf435e0af85) Importer(2089858483,0ecaa5967403d082aa24f35e1b516d23)
Start importing Assets/Resources/Carteles/Materials/d8b06e720b903761f5cabdeee538b392.mat using Guid(f2e1b5429c70bf940affbbf435e0af85) Importer(2089858483,0ecaa5967403d082aa24f35e1b516d23) [PhysX] Initialized MultithreadedTaskDispatcher with 12 workers.
 -> (artifact id: '76f67a0bc0be361be1b71f0d55298d91') in 0.039343 seconds
Number of updated asset objects reloaded before import = 0
Number of asset objects unloaded after import = 2
========================================================================
Received Import Request.
  Time since last request: 0.003668 seconds.
  path: Assets/Polytope Studio/Lowpoly_Environments/URP/PT_Nature_Free_URP_12.unitypackage
  artifactKey: Guid(194ffb9f0c5b86f4aaa6ac1ef3ade1ed) Importer(2089858483,0ecaa5967403d082aa24f35e1b516d23)
Start importing Assets/Polytope Studio/Lowpoly_Environments/URP/PT_Nature_Free_URP_12.unitypackage using Guid(194ffb9f0c5b86f4aaa6ac1ef3ade1ed) Importer(2089858483,0ecaa5967403d082aa24f35e1b516d23) [PhysX] Initialized MultithreadedTaskDispatcher with 12 workers.
 -> (artifact id: '47a62511bd2d325265971547b5b2be7a') in 0.023392 seconds
Number of updated asset objects reloaded before import = 0
Number of asset objects unloaded after import = 1
========================================================================
Received Import Request.
  Time since last request: 0.000043 seconds.
  path: Assets/ZRNAssets/005339_08932_25_14/Materials/005339_08932_L_-90214_0_01_01_8.mat
  artifactKey: Guid(b979b501fffb34fdc9980b3814209709) Importer(2089858483,0ecaa5967403d082aa24f35e1b516d23)
Start importing Assets/ZRNAssets/005339_08932_25_14/Materials/005339_08932_L_-90214_0_01_01_8.mat using Guid(b979b501fffb34fdc9980b3814209709) Importer(2089858483,0ecaa5967403d082aa24f35e1b516d23) [PhysX] Initialized MultithreadedTaskDispatcher with 12 workers.
 -> (artifact id: '8ea47563a4d0c04391c3a1b147e761f5') in 0.077503 seconds
Number of updated asset objects reloaded before import = 0
Number of asset objects unloaded after import = 2
========================================================================
Received Import Request.
  Time since last request: 0.000047 seconds.
  path: Assets/EditorPersonajes/Data/Skin/Skin_04.asset
  artifactKey: Guid(a95060c477dca2d4a85a61af275a4234) Importer(2089858483,0ecaa5967403d082aa24f35e1b516d23)
Start importing Assets/EditorPersonajes/Data/Skin/Skin_04.asset using Guid(a95060c477dca2d4a85a61af275a4234) Importer(2089858483,0ecaa5967403d082aa24f35e1b516d23) [PhysX] Initialized MultithreadedTaskDispatcher with 12 workers.
 -> (artifact id: '3f05e333e93153acde267e3000eb6963') in 0.041595 seconds
Number of updated asset objects reloaded before import = 0
Number of asset objects unloaded after import = 2
========================================================================
Received Import Request.
  Time since last request: 0.000047 seconds.
  path: Assets/DEMO_MegaCozyUIPack_doboui - copia/Containers/PromoContainers/PromoContainer1_yellow.png
  artifactKey: Guid(ff297c7238ae83d42a194e01a0f03207) Importer(2089858483,0ecaa5967403d082aa24f35e1b516d23)
Start importing Assets/DEMO_MegaCozyUIPack_doboui - copia/Containers/PromoContainers/PromoContainer1_yellow.png using Guid(ff297c7238ae83d42a194e01a0f03207) Importer(2089858483,0ecaa5967403d082aa24f35e1b516d23) [PhysX] Initialized MultithreadedTaskDispatcher with 12 workers.
 -> (artifact id: '728ec6dd9c7e931e33fbfd1f947b182a') in 0.106094 seconds
Number of updated asset objects reloaded before import = 0
Number of asset objects unloaded after import = 1
========================================================================
Received Import Request.
  Time since last request: 0.000072 seconds.
  path: Assets/Polytope Studio/Lowpoly_Environments/Sources/Meshes/Trees
  artifactKey: Guid(759f0621eee5d054190312b280f3d0ef) Importer(2089858483,0ecaa5967403d082aa24f35e1b516d23)
Start importing Assets/Polytope Studio/Lowpoly_Environments/Sources/Meshes/Trees using Guid(759f0621eee5d054190312b280f3d0ef) Importer(2089858483,0ecaa5967403d082aa24f35e1b516d23) [PhysX] Initialized MultithreadedTaskDispatcher with 12 workers.
 -> (artifact id: '87a6211f1d67cc619783c5ff505e90ec') in 0.032883 seconds
Number of updated asset objects reloaded before import = 0
Number of asset objects unloaded after import = 1
========================================================================
Received Import Request.
  Time since last request: 0.000038 seconds.
  path: Assets/Polytope Studio/Lowpoly_Environments/Sources/Meshes/Mushrooms
  artifactKey: Guid(7a3bbc3a2bec9f747b42252d4c80a793) Importer(2089858483,0ecaa5967403d082aa24f35e1b516d23)
Start importing Assets/Polytope Studio/Lowpoly_Environments/Sources/Meshes/Mushrooms using Guid(7a3bbc3a2bec9f747b42252d4c80a793) Importer(2089858483,0ecaa5967403d082aa24f35e1b516d23) [PhysX] Initialized MultithreadedTaskDispatcher with 12 workers.
 -> (artifact id: 'b916cd3b774933246bf15a706116b585') in 0.035930 seconds
Number of updated asset objects reloaded before import = 0
Number of asset objects unloaded after import = 1
========================================================================
Received Import Request.
  Time since last request: 0.001158 seconds.
  path: Assets/Polytope Studio/Lowpoly_Environments/Sources/Meshes/Trees/PT_Pine_Tree_03_stump.fbx
  artifactKey: Guid(13bd9962aed9bef41bc2dd73a559c317) Importer(2089858483,0ecaa5967403d082aa24f35e1b516d23)
Start importing Assets/Polytope Studio/Lowpoly_Environments/Sources/Meshes/Trees/PT_Pine_Tree_03_stump.fbx using Guid(13bd9962aed9bef41bc2dd73a559c317) Importer(2089858483,0ecaa5967403d082aa24f35e1b516d23) [PhysX] Initialized MultithreadedTaskDispatcher with 12 workers.
 -> (artifact id: '64beb3e78ece13cf1f3d30fafdc9a443') in 0.126410 seconds
Number of updated asset objects reloaded before import = 0
Number of asset objects unloaded after import = 7
========================================================================
Received Import Request.
  Time since last request: 0.000053 seconds.
  path: Assets/Polytope Studio/Lowpoly_Environments/Sources/Meshes/Trees/PT_Fruit_Tree_01_logs.fbx
  artifactKey: Guid(268a14e7ef45f1542a7d335b0a20d200) Importer(2089858483,0ecaa5967403d082aa24f35e1b516d23)
Start importing Assets/Polytope Studio/Lowpoly_Environments/Sources/Meshes/Trees/PT_Fruit_Tree_01_logs.fbx using Guid(268a14e7ef45f1542a7d335b0a20d200) Importer(2089858483,0ecaa5967403d082aa24f35e1b516d23) [PhysX] Initialized MultithreadedTaskDispatcher with 12 workers.
 -> (artifact id: '65189b279e2cbd82c5d443865b771313') in 0.074189 seconds
Number of updated asset objects reloaded before import = 0
Number of asset objects unloaded after import = 7
========================================================================
Received Import Request.
  Time since last request: 0.000390 seconds.
  path: Assets/Polytope Studio/Lowpoly_Environments/Prefabs/Trees/PT_Pine_Tree_03_stump.prefab
  artifactKey: Guid(c8b350551fbedc84c8025d7d29f3a018) Importer(2089858483,0ecaa5967403d082aa24f35e1b516d23)
Start importing Assets/Polytope Studio/Lowpoly_Environments/Prefabs/Trees/PT_Pine_Tree_03_stump.prefab using Guid(c8b350551fbedc84c8025d7d29f3a018) Importer(2089858483,0ecaa5967403d082aa24f35e1b516d23) [PhysX] Initialized MultithreadedTaskDispatcher with 12 workers.
 -> (artifact id: '63792c0df26299bc581a839d7035738b') in 0.051590 seconds
Number of updated asset objects reloaded before import = 0
Number of asset objects unloaded after import = 7
========================================================================
Received Import Request.
  Time since last request: 0.000041 seconds.
  path: Assets/Polytope Studio/Lowpoly_Environments/Sources/Textures/PT_Runes_02.png
  artifactKey: Guid(d329461fd2714384088c78ea5f4c2765) Importer(2089858483,0ecaa5967403d082aa24f35e1b516d23)
Start importing Assets/Polytope Studio/Lowpoly_Environments/Sources/Textures/PT_Runes_02.png using Guid(d329461fd2714384088c78ea5f4c2765) Importer(2089858483,0ecaa5967403d082aa24f35e1b516d23) [PhysX] Initialized MultithreadedTaskDispatcher with 12 workers.
 -> (artifact id: 'e409656656079ccc5f1532b11b7fc48b') in 0.053735 seconds
Number of updated asset objects reloaded before import = 0
Number of asset objects unloaded after import = 1
========================================================================
Received Import Request.
  Time since last request: 0.000037 seconds.
  path: Assets/ZRNAssets/Cars/Materials/mat_Track_01.mat
  artifactKey: Guid(f2b6e51466c7c244291ff76633432f12) Importer(2089858483,0ecaa5967403d082aa24f35e1b516d23)
Start importing Assets/ZRNAssets/Cars/Materials/mat_Track_01.mat using Guid(f2b6e51466c7c244291ff76633432f12) Importer(2089858483,0ecaa5967403d082aa24f35e1b516d23) [PhysX] Initialized MultithreadedTaskDispatcher with 12 workers.
 -> (artifact id: '943b556e0204c810de85c1556e2e7db8') in 0.032281 seconds
Number of updated asset objects reloaded before import = 0
Number of asset objects unloaded after import = 2
========================================================================
Received Import Request.
  Time since last request: 0.000077 seconds.
  path: Assets/TextMesh Pro/Examples & Extras/Materials/Crate - Surface Shader Scene.mat
  artifactKey: Guid(e6b9b44320f4448d9d5e0ee634259966) Importer(2089858483,0ecaa5967403d082aa24f35e1b516d23)
Start importing Assets/TextMesh Pro/Examples & Extras/Materials/Crate - Surface Shader Scene.mat using Guid(e6b9b44320f4448d9d5e0ee634259966) Importer(2089858483,0ecaa5967403d082aa24f35e1b516d23) [PhysX] Initialized MultithreadedTaskDispatcher with 12 workers.
 -> (artifact id: '65e4a61c108059c34b5c2c60bcf6328c') in 0.033801 seconds
Number of updated asset objects reloaded before import = 0
Number of asset objects unloaded after import = 3
========================================================================
Received Import Request.
  Time since last request: 0.000045 seconds.
  path: Assets/EditorPersonajes/Scripts/CharacterDatabase.cs
  artifactKey: Guid(738b51aa8c416854caeeaef89e79268a) Importer(2089858483,0ecaa5967403d082aa24f35e1b516d23)
Start importing Assets/EditorPersonajes/Scripts/CharacterDatabase.cs using Guid(738b51aa8c416854caeeaef89e79268a) Importer(2089858483,0ecaa5967403d082aa24f35e1b516d23) [PhysX] Initialized MultithreadedTaskDispatcher with 12 workers.
 -> (artifact id: '5350ae45bcaf07d465c1b7b1eba83c28') in 0.030280 seconds
Number of updated asset objects reloaded before import = 0
Number of asset objects unloaded after import = 1
========================================================================
Received Import Request.
  Time since last request: 0.000053 seconds.
  path: Assets/Scenes/MainGameScene/OcclusionCullingData.asset
  artifactKey: Guid(63d319f26e93a674aad7b63fa95940db) Importer(2089858483,0ecaa5967403d082aa24f35e1b516d23)
Start importing Assets/Scenes/MainGameScene/OcclusionCullingData.asset using Guid(63d319f26e93a674aad7b63fa95940db) Importer(2089858483,0ecaa5967403d082aa24f35e1b516d23) [PhysX] Initialized MultithreadedTaskDispatcher with 12 workers.
 -> (artifact id: 'a7f26a6260042f7134316393b62290df') in 0.048293 seconds
Number of updated asset objects reloaded before import = 0
Number of asset objects unloaded after import = 1
========================================================================
Received Import Request.
  Time since last request: 0.000072 seconds.
  path: Assets/Polytope Studio/Lowpoly_Environments/Prefabs/Trees/PT_Fruit_Tree_01_dead.prefab
  artifactKey: Guid(c6a512d95615f534cbe31aba1aaa354c) Importer(2089858483,0ecaa5967403d082aa24f35e1b516d23)
Start importing Assets/Polytope Studio/Lowpoly_Environments/Prefabs/Trees/PT_Fruit_Tree_01_dead.prefab using Guid(c6a512d95615f534cbe31aba1aaa354c) Importer(2089858483,0ecaa5967403d082aa24f35e1b516d23) [PhysX] Initialized MultithreadedTaskDispatcher with 12 workers.
 -> (artifact id: 'cae6896867afcd9821c8aba081d750e7') in 0.042654 seconds
Number of updated asset objects reloaded before import = 0
Number of asset objects unloaded after import = 20
========================================================================
Received Import Request.
  Time since last request: 0.000037 seconds.
  path: Assets/DEMO_MegaCozyUIPack_doboui - copia/Buttons/Inflated/IsPressed
  artifactKey: Guid(643e0d847f9806f47afb0c2e19245bfd) Importer(2089858483,0ecaa5967403d082aa24f35e1b516d23)
Start importing Assets/DEMO_MegaCozyUIPack_doboui - copia/Buttons/Inflated/IsPressed using Guid(643e0d847f9806f47afb0c2e19245bfd) Importer(2089858483,0ecaa5967403d082aa24f35e1b516d23) [PhysX] Initialized MultithreadedTaskDispatcher with 12 workers.
 -> (artifact id: 'b683e5d68e4842742695d42acafe7925') in 0.031412 seconds
Number of updated asset objects reloaded before import = 0
Number of asset objects unloaded after import = 1
========================================================================
Received Import Request.
  Time since last request: 0.000062 seconds.
  path: Assets/Models/MaleVillager.fbx
  artifactKey: Guid(83a24f1fefbd5d14c89e07ca588b08bd) Importer(2089858483,0ecaa5967403d082aa24f35e1b516d23)
Start importing Assets/Models/MaleVillager.fbx using Guid(83a24f1fefbd5d14c89e07ca588b08bd) Importer(2089858483,0ecaa5967403d082aa24f35e1b516d23) [PhysX] Initialized MultithreadedTaskDispatcher with 12 workers.
 -> (artifact id: 'fc770e730746db7527d3ea02d6c78885') in 0.109059 seconds
Number of updated asset objects reloaded before import = 0
Number of asset objects unloaded after import = 61
========================================================================
Received Import Request.
  Time since last request: 0.001171 seconds.
  path: Assets/DEMO_MegaCozyUIPack_doboui - copia/Buttons/Round/SmallSize
  artifactKey: Guid(a521e9beb66d3904fb7251f02a8a8b40) Importer(2089858483,0ecaa5967403d082aa24f35e1b516d23)
Start importing Assets/DEMO_MegaCozyUIPack_doboui - copia/Buttons/Round/SmallSize using Guid(a521e9beb66d3904fb7251f02a8a8b40) Importer(2089858483,0ecaa5967403d082aa24f35e1b516d23) [PhysX] Initialized MultithreadedTaskDispatcher with 12 workers.
 -> (artifact id: '061cef605d5580a69f5a6a7ffc7c1bab') in 0.032490 seconds
Number of updated asset objects reloaded before import = 0
Number of asset objects unloaded after import = 1
========================================================================
Received Import Request.
  Time since last request: 0.000130 seconds.
  path: Assets/DEMO_MegaCozyUIPack_doboui - copia/Modals/WoodenModals/WoodenModal.png
  artifactKey: Guid(73c7a266bd9a5ac47bda11a25658d9bb) Importer(2089858483,0ecaa5967403d082aa24f35e1b516d23)
Start importing Assets/DEMO_MegaCozyUIPack_doboui - copia/Modals/WoodenModals/WoodenModal.png using Guid(73c7a266bd9a5ac47bda11a25658d9bb) Importer(2089858483,0ecaa5967403d082aa24f35e1b516d23) [PhysX] Initialized MultithreadedTaskDispatcher with 12 workers.
 -> (artifact id: 'eab450d1755de8604797419bff9c9e57') in 0.065331 seconds
Number of updated asset objects reloaded before import = 0
Number of asset objects unloaded after import = 1
========================================================================
Received Import Request.
  Time since last request: 0.000077 seconds.
  path: Assets/Resources/Carteles/2fcbc482eb20001fc85ad0152a2811a8.jpg
  artifactKey: Guid(db0dec65ef2e98846a37bc090c12a010) Importer(2089858483,0ecaa5967403d082aa24f35e1b516d23)
Start importing Assets/Resources/Carteles/2fcbc482eb20001fc85ad0152a2811a8.jpg using Guid(db0dec65ef2e98846a37bc090c12a010) Importer(2089858483,0ecaa5967403d082aa24f35e1b516d23) [PhysX] Initialized MultithreadedTaskDispatcher with 12 workers.
 -> (artifact id: 'b053a5dfa5c8853e6f2e69429b499d1f') in 0.059689 seconds
Number of updated asset objects reloaded before import = 0
Number of asset objects unloaded after import = 1
Editor requested this worker to shutdown with reason: balancing worker count downwards
TcpMessagingSession - receive error: operation aborted. errorcode: 995, details: La operación de E/S se anuló por una salida de subproceso o por una solicitud de aplicación.
AssetImportWorker is now disconnected from the server
Process exiting
Exiting without the bug reporter. Application will terminate with return code 0