Using pre-set license
Built from '2022.3/respin/2022.3.62f2-4af31df585-v2' branch; Version is '2022.3.62f3 (96770f904ca7) revision 9860879'; Using compiler version '192829333'; Build Type 'Release'
OS: 'Windows 10  (10.0.19045) 64bit CoreSingleLanguage' Language: 'es' Physical Memory: 15042 MB
BatchMode: 1, IsHumanControllingUs: 0, StartBugReporterOnCrash: 0, Is64bit: 1, IsPro: 1

COMMAND LINE ARGUMENTS:
C:\Program Files\Unity\Hub\2022.3.62f3\Editor\Unity.exe
-adb2
-batchMode
-noUpm
-name
AssetImportWorker0
-projectPath
C:/Users/Cheee/OneDrive/Documentos/GitHub/VisualNovelExp/VisualNovelExp
-logFile
Logs/AssetImportWorker0.log
-srvPort
59729
Successfully changed project path to: C:/Users/Cheee/OneDrive/Documentos/GitHub/VisualNovelExp/VisualNovelExp
C:/Users/Cheee/OneDrive/Documentos/GitHub/VisualNovelExp/VisualNovelExp
[UnityMemory] Configuration Parameters - Can be set up in boot.config
    "memorysetup-bucket-allocator-granularity=16"
    "memorysetup-bucket-allocator-bucket-count=8"
    "memorysetup-bucket-allocator-block-size=33554432"
    "memorysetup-bucket-allocator-block-count=8"
    "memorysetup-main-allocator-block-size=16777216"
    "memorysetup-thread-allocator-block-size=16777216"
    "memorysetup-gfx-main-allocator-block-size=16777216"
    "memorysetup-gfx-thread-allocator-block-size=16777216"
    "memorysetup-cache-allocator-block-size=4194304"
    "memorysetup-typetree-allocator-block-size=2097152"
    "memorysetup-profiler-bucket-allocator-granularity=16"
    "memorysetup-profiler-bucket-allocator-bucket-count=8"
    "memorysetup-profiler-bucket-allocator-block-size=33554432"
    "memorysetup-profiler-bucket-allocator-block-count=8"
    "memorysetup-profiler-allocator-block-size=16777216"
    "memorysetup-profiler-editor-allocator-block-size=1048576"
    "memorysetup-temp-allocator-size-main=16777216"
    "memorysetup-job-temp-allocator-block-size=2097152"
    "memorysetup-job-temp-allocator-block-size-background=1048576"
    "memorysetup-job-temp-allocator-reduction-small-platforms=262144"
    "memorysetup-allocator-temp-initial-block-size-main=262144"
    "memorysetup-allocator-temp-initial-block-size-worker=262144"
    "memorysetup-temp-allocator-size-background-worker=32768"
    "memorysetup-temp-allocator-size-job-worker=262144"
    "memorysetup-temp-allocator-size-preload-manager=33554432"
    "memorysetup-temp-allocator-size-nav-mesh-worker=65536"
    "memorysetup-temp-allocator-size-audio-worker=65536"
    "memorysetup-temp-allocator-size-cloud-worker=32768"
    "memorysetup-temp-allocator-size-gi-baking-worker=262144"
    "memorysetup-temp-allocator-size-gfx=262144"
Player connection [31880]  Target information:

Player connection [31880]  * "[IP] 192.168.0.15 [Port] 0 [Flags] 2 [Guid] 3426786597 [EditorId] 3426786597 [Version] 1048832 [Id] WindowsEditor(7,DESKTOP-3OIPDIC) [Debug] 1 [PackageName] WindowsEditor [ProjectName] Editor" 

Player connection [31880] Host joined multi-casting on [225.0.0.222:54997]...
Player connection [31880] Host joined alternative multi-casting on [225.0.0.222:34997]...
Input System module state changed to: Initialized.
[PhysX] Initialized MultithreadedTaskDispatcher with 12 workers.
Refreshing native plugins compatible for Editor in 52.39 ms, found 4 plugins.
Preloading 0 native plugins for Editor in 0.00 ms.
Initialize engine version: 2022.3.62f3 (96770f904ca7)
[Subsystems] Discovering subsystems at path C:/Program Files/Unity/Hub/2022.3.62f3/Editor/Data/Resources/UnitySubsystems
[Subsystems] Discovering subsystems at path C:/Users/Cheee/OneDrive/Documentos/GitHub/VisualNovelExp/VisualNovelExp/Assets
GfxDevice: creating device client; threaded=0; jobified=0
Direct3D:
    Version:  Direct3D 11.0 [level 11.1]
    Renderer: AMD Radeon RX 5500 XT (ID=0x7340)
    Vendor:   ATI
    VRAM:     4055 MB
    Driver:   32.0.21043.19003
Initialize mono
Mono path[0] = 'C:/Program Files/Unity/Hub/2022.3.62f3/Editor/Data/Managed'
Mono path[1] = 'C:/Program Files/Unity/Hub/2022.3.62f3/Editor/Data/MonoBleedingEdge/lib/mono/unityjit-win32'
Mono config path = 'C:/Program Files/Unity/Hub/2022.3.62f3/Editor/Data/MonoBleedingEdge/etc'
Using monoOptions --debugger-agent=transport=dt_socket,embedding=1,server=y,suspend=n,address=127.0.0.1:56588
Begin MonoManager ReloadAssembly
Registering precompiled unity dll's ...
Register platform support module: C:/Program Files/Unity/Hub/2022.3.62f3/Editor/Data/PlaybackEngines/AndroidPlayer/UnityEditor.Android.Extensions.dll
Register platform support module: C:/Program Files/Unity/Hub/2022.3.62f3/Editor/Data/PlaybackEngines/WindowsStandaloneSupport/UnityEditor.WindowsStandalone.Extensions.dll
Registered in 0.012427 seconds.
- Loaded All Assemblies, in  0.436 seconds
Native extension for WindowsStandalone target not found
Native extension for Android target not found
Android Extension - Scanning For ADB Devices 323 ms
Mono: successfully reloaded assembly
- Finished resetting the current domain, in  0.619 seconds
Domain Reload Profiling: 1052ms
	BeginReloadAssembly (175ms)
		ExecutionOrderSort (0ms)
		DisableScriptedObjects (0ms)
		BackupInstance (0ms)
		ReleaseScriptingObjects (0ms)
		CreateAndSetChildDomain (1ms)
	RebuildCommonClasses (33ms)
	RebuildNativeTypeToScriptingClass (9ms)
	initialDomainReloadingComplete (70ms)
	LoadAllAssembliesAndSetupDomain (145ms)
		LoadAssemblies (172ms)
		RebuildTransferFunctionScriptingTraits (0ms)
		AnalyzeDomain (142ms)
			TypeCache.Refresh (140ms)
				TypeCache.ScanAssembly (126ms)
			ScanForSourceGeneratedMonoScriptInfo (0ms)
			ResolveRequiredComponents (0ms)
	FinalizeReload (620ms)
		ReleaseScriptCaches (0ms)
		RebuildScriptCaches (0ms)
		SetupLoadedEditorAssemblies (576ms)
			LogAssemblyErrors (0ms)
			InitializePlatformSupportModulesInManaged (400ms)
			SetLoadedEditorAssemblies (6ms)
			RefreshPlugins (0ms)
			BeforeProcessingInitializeOnLoad (3ms)
			ProcessInitializeOnLoadAttributes (119ms)
			ProcessInitializeOnLoadMethodAttributes (48ms)
			AfterProcessingInitializeOnLoad (0ms)
			EditorAssembliesLoaded (0ms)
		ExecutionOrderSort2 (0ms)
		AwakeInstancesAfterBackupRestoration (0ms)
========================================================================
Worker process is ready to serve import requests
Caller must complete domain reload
Begin MonoManager ReloadAssembly
- Loaded All Assemblies, in  1.187 seconds
Native extension for WindowsStandalone target not found
Native extension for Android target not found
Mono: successfully reloaded assembly
- Finished resetting the current domain, in  0.677 seconds
Domain Reload Profiling: 1853ms
	BeginReloadAssembly (158ms)
		ExecutionOrderSort (0ms)
		DisableScriptedObjects (5ms)
		BackupInstance (0ms)
		ReleaseScriptingObjects (0ms)
		CreateAndSetChildDomain (26ms)
	RebuildCommonClasses (31ms)
	RebuildNativeTypeToScriptingClass (8ms)
	initialDomainReloadingComplete (46ms)
	LoadAllAssembliesAndSetupDomain (932ms)
		LoadAssemblies (822ms)
		RebuildTransferFunctionScriptingTraits (0ms)
		AnalyzeDomain (204ms)
			TypeCache.Refresh (174ms)
				TypeCache.ScanAssembly (159ms)
			ScanForSourceGeneratedMonoScriptInfo (19ms)
			ResolveRequiredComponents (9ms)
	FinalizeReload (678ms)
		ReleaseScriptCaches (0ms)
		RebuildScriptCaches (0ms)
		SetupLoadedEditorAssemblies (516ms)
			LogAssemblyErrors (0ms)
			InitializePlatformSupportModulesInManaged (19ms)
			SetLoadedEditorAssemblies (4ms)
			RefreshPlugins (0ms)
			BeforeProcessingInitializeOnLoad (76ms)
			ProcessInitializeOnLoadAttributes (332ms)
			ProcessInitializeOnLoadMethodAttributes (74ms)
			AfterProcessingInitializeOnLoad (11ms)
			EditorAssembliesLoaded (0ms)
		ExecutionOrderSort2 (0ms)
		AwakeInstancesAfterBackupRestoration (7ms)
Launched and connected shader compiler UnityShaderCompiler.exe after 0.07 seconds
Refreshing native plugins compatible for Editor in 14.04 ms, found 4 plugins.
Preloading 0 native plugins for Editor in 0.00 ms.
Unloading 5389 Unused Serialized files (Serialized files now loaded: 0)
Unloading 27 unused Assets / (351.7 KB). Loaded Objects now: 5856.
Memory consumption went from 215.2 MB to 214.9 MB.
Total: 6.848300 ms (FindLiveObjects: 0.587300 ms CreateObjectMapping: 0.563100 ms MarkObjects: 5.394000 ms  DeleteObjects: 0.301900 ms)

AssetImportParameters requested are different than current active one (requested -> active):
  custom:container-demuxer-ogg: 62fdf1f143b41e24485cea50d1cbac27 -> 
  custom:video-decoder-ogg-theora: a1e56fd34408186e4bbccfd4996cb3dc -> 
  custom:framework-win-MediaFoundation: 216162199b28c13a410421893ffa2e32 -> 
  custom:CustomObjectIndexerAttribute: 72b91833f83ae208fae7752999fa3104 -> 
  custom:container-demuxer-webm: 4f35f7cbe854078d1ac9338744f61a02 -> 
  custom:container-muxer-webm: aa71ff27fc2769a1b78a27578f13a17b -> 
  custom:video-decoder-webm-vp8: 9c59270c3fd7afecdb556c50c9e8de78 -> 
  custom:SearchIndexIgnoredProperties: e643bd26f0fe6173181afceb89e7c659 -> 
  custom:AudioImporter_EditorPlatform: d09bf68614088b80899f8185d706f6e7 -> 
  custom:video-encoder-webm-vp8: eb34c28f22e8b96e1ab97ce403110664 -> 
  custom:audio-decoder-ogg-vorbis: bf7c407c2cedff20999df2af8eb42d56 -> 
  custom:audio-encoder-webm-vorbis: bf7c407c2cedff20999df2af8eb42d56 -> 
========================================================================
Received Import Request.
  Time since last request: 1044038.795548 seconds.
  path: Assets/Scenes/EditorPersonaje.unity
  artifactKey: Guid(669daae0c7c5fbe40bac2f9a778a2b45) Importer(815301076,1909f56bfc062723c751e8b465ee728b)
Start importing Assets/Scenes/EditorPersonaje.unity using Guid(669daae0c7c5fbe40bac2f9a778a2b45) Importer(815301076,1909f56bfc062723c751e8b465ee728b) [PhysX] Initialized MultithreadedTaskDispatcher with 12 workers.
 -> (artifact id: '0d44dc3cefea3d7f5016e758bf76ba8b') in 0.002757 seconds
Number of updated asset objects reloaded before import = 0
Number of asset objects unloaded after import = 0
========================================================================
Received Import Request.
  Time since last request: 92.375761 seconds.
  path: Assets/EditorPersonajes
  artifactKey: Guid(ffc3bbfaa1b93bb46807dcbf7151c1c4) Importer(815301076,1909f56bfc062723c751e8b465ee728b)
Start importing Assets/EditorPersonajes using Guid(ffc3bbfaa1b93bb46807dcbf7151c1c4) Importer(815301076,1909f56bfc062723c751e8b465ee728b) [PhysX] Initialized MultithreadedTaskDispatcher with 12 workers.
 -> (artifact id: '45a1e7a53a6e190a1f9c400031b2d9cc') in 0.000757 seconds
Number of updated asset objects reloaded before import = 0
Number of asset objects unloaded after import = 0
========================================================================
Received Prepare
Caller must complete domain reload
Begin MonoManager ReloadAssembly
- Loaded All Assemblies, in  1.066 seconds
Native extension for WindowsStandalone target not found
Native extension for Android target not found
Mono: successfully reloaded assembly
- Finished resetting the current domain, in  2.213 seconds
Domain Reload Profiling: 3275ms
	BeginReloadAssembly (246ms)
		ExecutionOrderSort (0ms)
		DisableScriptedObjects (5ms)
		BackupInstance (0ms)
		ReleaseScriptingObjects (0ms)
		CreateAndSetChildDomain (67ms)
	RebuildCommonClasses (46ms)
	RebuildNativeTypeToScriptingClass (9ms)
	initialDomainReloadingComplete (38ms)
	LoadAllAssembliesAndSetupDomain (724ms)
		LoadAssemblies (808ms)
		RebuildTransferFunctionScriptingTraits (0ms)
		AnalyzeDomain (53ms)
			TypeCache.Refresh (17ms)
				TypeCache.ScanAssembly (4ms)
			ScanForSourceGeneratedMonoScriptInfo (23ms)
			ResolveRequiredComponents (11ms)
	FinalizeReload (2213ms)
		ReleaseScriptCaches (0ms)
		RebuildScriptCaches (0ms)
		SetupLoadedEditorAssemblies (421ms)
			LogAssemblyErrors (0ms)
			InitializePlatformSupportModulesInManaged (17ms)
			SetLoadedEditorAssemblies (4ms)
			RefreshPlugins (0ms)
			BeforeProcessingInitializeOnLoad (74ms)
			ProcessInitializeOnLoadAttributes (263ms)
			ProcessInitializeOnLoadMethodAttributes (54ms)
			AfterProcessingInitializeOnLoad (9ms)
			EditorAssembliesLoaded (0ms)
		ExecutionOrderSort2 (0ms)
		AwakeInstancesAfterBackupRestoration (13ms)
WARNING: Shader Unsupported: 'Toon/Basic Outline' - All subshaders removed
WARNING: Shader Did you use #pragma only_renderers and omit this platform?
WARNING: Shader If subshaders removal was intentional, you may have forgotten turning Fallback off?
WARNING: Shader Unsupported: 'Toon/Basic Outline' - All subshaders removed
WARNING: Shader Did you use #pragma only_renderers and omit this platform?
WARNING: Shader If subshaders removal was intentional, you may have forgotten turning Fallback off?
WARNING: Shader Unsupported: 'Toon/Lit Outline' - All subshaders removed
WARNING: Shader Did you use #pragma only_renderers and omit this platform?
WARNING: Shader If subshaders removal was intentional, you may have forgotten turning Fallback off?
WARNING: Shader Unsupported: 'Toon/Lit Outline' - All subshaders removed
WARNING: Shader Did you use #pragma only_renderers and omit this platform?
WARNING: Shader If subshaders removal was intentional, you may have forgotten turning Fallback off?
Refreshing native plugins compatible for Editor in 9.51 ms, found 4 plugins.
Preloading 0 native plugins for Editor in 0.00 ms.
Unloading 5359 Unused Serialized files (Serialized files now loaded: 0)
Unloading 26 unused Assets / (0.9 MB). Loaded Objects now: 5997.
Memory consumption went from 190.9 MB to 190.0 MB.
Total: 4.450100 ms (FindLiveObjects: 0.514200 ms CreateObjectMapping: 0.437300 ms MarkObjects: 3.015500 ms  DeleteObjects: 0.481900 ms)

Prepare: number of updated asset objects reloaded= 0
AssetImportParameters requested are different than current active one (requested -> active):
  custom:scripting/monoscript/fileName/MeshTypeBone.cs: 843ff81fb2c811dcac98decd349efe80 -> 
  custom:scripting/monoscript/fileName/ShaderSelector.cs: 521612be2626bcd49281fc726d73115d -> 
  custom:scripting/monoscript/fileName/Hand.cs: 192355eabc8b0bb90d2503d57cbc29e1 -> 
  custom:scripting/monoscript/fileName/TextureFactory.cs: 9b0e0386d21b5055c4b652bc661be2ca -> 
  custom:scripting/monoscript/fileName/ExecuteInternalMono.cs: c1dae4aa6cbf1512716dd7e8414f8006 -> 
  custom:scripting/monoscript/fileName/BundleDetailList.cs: 7b03139c488749eda460103673d30967 -> 
  custom:scripting/monoscript/fileName/ChangeSkinMeshBtn.cs: 58cbf8e281a1824de7ac09fd6ead4741 -> 
  custom:container-demuxer-ogg: 62fdf1f143b41e24485cea50d1cbac27 -> 
  custom:scripting/monoscript/fileName/InspectSingleBundle.cs: ff6bcd7c39743f835ec77986ad4e4842 -> 
  custom:scripting/monoscript/fileName/TorsoFX.cs: 5e6b4d93b934706642170673ecf5c3cb -> 
  custom:scripting/monoscript/fileName/Scar.cs: 93cf6a2332a708e947886120175eb79a -> 
  custom:scripting/monoscript/fileName/Eye.cs: 698a2a7ea54ef8de083e5f76c9b8d930 -> 
  custom:scripting/monoscript/fileName/PrevTextureBtn.cs: 764f96572b39e13aca5f7f18826c47b4 -> 
  custom:scripting/monoscript/fileName/ClearColorBtn.cs: c480f5967894d16fe78f727f834b09ac -> 
  custom:scripting/monoscript/fileName/SaveManager.cs: 3fcb126c6a66ba31aa898dd5743caa30 -> 
  custom:scripting/monoscript/fileName/PrevCharacterBtn.cs: 82d84ae18bcec8ea0c987e0a3a9d6a13 -> 
  custom:scripting/monoscript/fileName/Popup.cs: 2cc3075140bfd1e8dd79773fa10aee0b -> 
  custom:scripting/monoscript/fileName/EditorBundleManager.cs: dc4d9d3c0d3cadbde48071e4065b6fbb -> 
  custom:scripting/monoscript/fileName/LoadBtn.cs: 2ea2705ebacd83d0846f91df66c28259 -> 
  custom:scripting/monoscript/fileName/TextureTypeMaskSelector.cs: c5691a283aa245253aed7fa0115457e3 -> 
  custom:scripting/monoscript/fileName/Pants.cs: df098d75808a7fb623ca5598aed5b66e -> 
  custom:scripting/monoscript/fileName/ABDataSourceProvider.cs: d15a3b944396c4baae05b3f33e2f8331 -> 
  custom:video-decoder-ogg-theora: a1e56fd34408186e4bbccfd4996cb3dc -> 
  custom:scripting/monoscript/fileName/MeshManager.cs: 80ab94735750c9af566e7e697efa30bc -> 
  custom:scripting/monoscript/fileName/ABDataSource.cs: 7ceefc660d5f297abc8804d14984f27e -> 
  custom:framework-win-MediaFoundation: 216162199b28c13a410421893ffa2e32 -> 
  custom:scripting/monoscript/fileName/NextCharacterBtn.cs: 271bcb60c5934eb6d4486f66396754c5 -> 
  custom:scripting/monoscript/fileName/AssetBundleInspectTab.cs: 9c287edf6d1d376f12a8f96d01ec074a -> 
  custom:scripting/monoscript/fileName/SaveListView.cs: 66f5588456e9744a16cd29a95c0a128e -> 
  custom:scripting/monoscript/fileName/MeshFactory.cs: a5c11ad228aefe2964b1b339054e39bc -> 
  custom:scripting/monoscript/fileName/AssetDatabaseABDataSource.cs: a9068bde9865684c07718fa2f110ebd4 -> 
  custom:scripting/monoscript/fileName/AbstractFXMesh.cs: 355e798705134331d1b4e13fe77a1ba2 -> 
  custom:scripting/monoscript/fileName/IConfigLoader.cs: a4ccf3c5021bb9e95d5d05a0a09bf8bd -> 
  custom:scripting/monoscript/fileName/ABModelBundleInfo.cs: 9fa50afaf3db0543d3d887b15c00368c -> 
  custom:scripting/monoscript/fileName/Leg.cs: 43594c645958cd98f0dcb60d0855f6d1 -> 
  custom:scripting/monoscript/fileName/ABModelAssetInfo.cs: cf869514a0bf82899ce1cda23bdb700e -> 
  custom:scripting/monoscript/fileName/MeshTypeMaskSelector.cs: ed92edda1c9655f258c64f35a85ef583 -> 
  custom:scripting/monoscript/fileName/ClearMeshBtn.cs: d990ebc2143de5948aea2a5badbfe15b -> 
  custom:scripting/monoscript/fileName/MeshAndTextureTypeMaskSelector.cs: 8a4bea39d5d059db9f897ddcbaaa5fb6 -> 
  custom:scripting/monoscript/fileName/FxMeshFactory.cs: 0c8ff1afadd69a3595c5d00772f68410 -> 
  custom:scripting/monoscript/fileName/FXTypeMaskSelector.cs: 0f6cbde77ec3d316ca044b2bb5952a3c -> 
  custom:scripting/monoscript/fileName/PlayerController.cs: d93a52a180fbbe603a59e9aa6da73c83 -> 
  custom:scripting/monoscript/fileName/BuildScript.cs: 337dba19c2e29ee8e4980fc4e2019d2f -> 
  custom:scripting/monoscript/fileName/ClearSkinMeshBtn.cs: a8f6aebd6c57b68160badb6bcb2d0ed6 -> 
  custom:scripting/monoscript/fileName/CreateCharacterWizard.cs: 45f0e70a15c8659931d42d36cb8cac07 -> 
  custom:CustomObjectIndexerAttribute: 72b91833f83ae208fae7752999fa3104 -> 
  custom:scripting/monoscript/fileName/AbstractTexture.cs: e0980b08fec448804b26f5b6dad65dfd -> 
  custom:scripting/monoscript/fileName/FollowCamera.cs: 8d6eb8e229738de226ec56d9e22b6b63 -> 
  custom:scripting/monoscript/fileName/FxMeshTypeBone.cs: c7f230be3097e0ffbcff74b002f4c068 -> 
  custom:scripting/monoscript/fileName/AssetbundlesMenuItems.cs: bacd4da6799b9476bee68e043690ff36 -> 
  custom:scripting/monoscript/fileName/Arm.cs: b923216ab6f821207b08c03afd4c6525 -> 
  custom:container-demuxer-webm: 4f35f7cbe854078d1ac9338744f61a02 -> 
  custom:scripting/monoscript/fileName/NextMeshBtn.cs: c475632899117e513eda9e15e910b76e -> 
  custom:scripting/monoscript/fileName/FaceFeature.cs: 2d58afa4a16bca365a6beb0bf6bfaea3 -> 
  custom:scripting/monoscript/fileName/SavePrefabBtn.cs: fb80c3034ef9c4f90fa622ffe7f9f829 -> 
  custom:scripting/monoscript/fileName/LoaderManager.cs: de56154becf62ebc4f0181681035238d -> 
  custom:scripting/monoscript/fileName/SaveNameInput.cs: aae89d2fa016e54079d9c4371e2e5f50 -> 
  custom:scripting/monoscript/fileName/Config.cs: 7351639d5127e04bc4fcb4671c4a17fb -> 
  custom:scripting/monoscript/fileName/EyeFX.cs: 0e9063be2785787a64aac5ac3958ba88 -> 
  custom:scripting/monoscript/fileName/JumpFallBehaviour.cs: 71c001d1ad34a6d3b319feace6bde3ef -> 
  custom:scripting/monoscript/fileName/PrevMeshBtn.cs: b3d8856e7d265dc9c0dfa6c173a5ecfd -> 
  custom:container-muxer-webm: aa71ff27fc2769a1b78a27578f13a17b -> 
  custom:scripting/monoscript/fileName/ClearTextureBtn.cs: e3b2bcf1edcb5118f2edfda92d79dc01 -> 
  custom:scripting/monoscript/fileName/Shoes.cs: a3171f40fe6c3d65d3385917721d6b32 -> 
  custom:video-decoder-webm-vp8: 9c59270c3fd7afecdb556c50c9e8de78 -> 
  custom:scripting/monoscript/fileName/ConfigManager.cs: caea2b28af0ab9e40fec80621d2354a1 -> 
  custom:scripting/monoscript/fileName/ClearFXBtn.cs: 7bb97525152b99fa74400a29eaa13dea -> 
  custom:scripting/monoscript/fileName/ClosePopup.cs: 55d4b78c13dd76e50d9c188109fdf0bb -> 
  custom:SearchIndexIgnoredProperties: e643bd26f0fe6173181afceb89e7c659 -> 
  custom:scripting/monoscript/fileName/Belt.cs: 49eb07e37613e7bc3cd2ca1c5688a06b -> 
  custom:AudioImporter_EditorPlatform: d09bf68614088b80899f8185d706f6e7 -> 
  custom:scripting/monoscript/fileName/AssetBundleLoadOperation.cs: 5e23b7cfd6b1aefafff250cf74ef9147 -> 
  custom:scripting/monoscript/fileName/PrevSkinMeshBtn.cs: 949d41495696a789e910ed4bddee68c8 -> 
  custom:scripting/monoscript/fileName/RandomBtn.cs: 851c8dec69594280621f9ae4205a836d -> 
  custom:scripting/monoscript/fileName/Beard.cs: 25619eaf3bae2cd2a4b58a1e35f6de63 -> 
  custom:scripting/monoscript/fileName/EnumFlagAttribute.cs: 955415b54787984cbbb8aa271c5326e3 -> 
  custom:scripting/monoscript/fileName/LaunchAssetBundleServer.cs: 43db2fb10887bbfb076c6767daba67bd -> 
  custom:scripting/monoscript/fileName/TextureManager.cs: aaabee5faa243fca33eb568630ae6e8e -> 
  custom:scripting/monoscript/fileName/RobeShort.cs: 3c6d536f5d6b37080b8a61040ec81de3 -> 
  custom:scripting/monoscript/fileName/AssetBundleRecord.cs: 5a3119d6abe586168b6fe06c7e98c69c -> 
  custom:scripting/monoscript/fileName/TogglePopup.cs: 1d986db86e682e16edccd0653eb2aad7 -> 
  custom:scripting/monoscript/fileName/ITextureLoader.cs: 5adc935e3b3fb7761c6d5c127df50233 -> 
  custom:scripting/monoscript/fileName/SaveBtn.cs: 62cda288bb207ed68b5083d6b77f7471 -> 
  custom:scripting/monoscript/fileName/NextSkinMeshBtn.cs: c82eddd7edff4db94905f44ef59144c1 -> 
  custom:scripting/monoscript/fileName/Head.cs: 6728c540b9905eb1de06718fa4aae534 -> 
  custom:scripting/monoscript/fileName/NextFXBtn.cs: 7e2755ad9a90b6ecb18961111ed6b016 -> 
  custom:scripting/monoscript/fileName/AssetBundleBrowserMain.cs: d6cbb84444c9fdda30a8092bb0794cf7 -> 
  custom:scripting/monoscript/fileName/JSONMap.cs: f72d2edab136c1eb89bac454d589dbd3 -> 
  custom:scripting/monoscript/fileName/AssetBundleManageTab.cs: 31b1d66e60f6e821749b4e2c88c32cdd -> 
  custom:scripting/monoscript/fileName/Torso.cs: 54ee6015ea03462115d4c3153edbdf8c -> 
  custom:scripting/monoscript/fileName/AssetBundleBuildTab.cs: c4f1a336c5910d1832fd9e6c972559ad -> 
  custom:scripting/monoscript/fileName/Hair.cs: a794926f97f7a5e9c465865fe7af5e1b -> 
  custom:scripting/monoscript/fileName/AbstractMesh.cs: 8184b2a66042d8caaccbbd20ed31dc56 -> 
  custom:scripting/monoscript/fileName/NextTextureBtn.cs: 68286e9f0e1d42eee9d43ba74e34330f -> 
  custom:scripting/monoscript/fileName/Gloves.cs: 28f9e2f54620c042ed9595f00f2065dc -> 
  custom:scripting/monoscript/fileName/AssetBundleManager.cs: c15faaf8b529192dbe9aec9afe4991fd -> 
  custom:scripting/monoscript/fileName/RobeLong.cs: f4a05f13d9e9427f236c1f1234a17722 -> 
  custom:scripting/monoscript/fileName/InspectTreeView.cs: 260e1db8105b149fed2e7856746dbf0f -> 
  custom:scripting/monoscript/fileName/MeshLoader.cs: 514b5b4b4814025e9f754ee22115b972 -> 
  custom:scripting/monoscript/fileName/PrevFXBtn.cs: d82c337bfc40d281d6f7be6c53a9171d -> 
  custom:scripting/monoscript/fileName/ABModel.cs: efbeff1b31df600fad6d5bea582c7fba -> 
  custom:video-encoder-webm-vp8: eb34c28f22e8b96e1ab97ce403110664 -> 
  custom:scripting/monoscript/fileName/TextureLoader.cs: 32fee57eede5dc7675a4e8e137c57785 -> 
  custom:scripting/monoscript/fileName/Cloak.cs: a5348ad8315a274870ac1256b416f4df -> 
  custom:audio-decoder-ogg-vorbis: bf7c407c2cedff20999df2af8eb42d56 -> 
  custom:scripting/monoscript/fileName/Eyebrow.cs: 60a10d1886232f9d6b3fd8be0c11fca9 -> 
  custom:scripting/monoscript/fileName/MeshUVManager.cs: fa1c5e2aa443e2c89e2f51af239fa10f -> 
  custom:scripting/monoscript/fileName/MessageList.cs: e187436fd3600e1e0afecc6a8da1f18c -> 
  custom:scripting/monoscript/fileName/ClearMeshColorBtn.cs: 45fdc58f7fbca9a24d836bd66f751d53 -> 
  custom:scripting/monoscript/fileName/MessageSystem.cs: c1467679f7f8f7989b7c591fe16f095b -> 
  custom:scripting/monoscript/fileName/Helper.cs: 42ad14543d1a843693f11a1cb7823bdc -> 
  custom:scripting/monoscript/fileName/TorsoAdd.cs: 6a719884572b7c749207c858146f4e3c -> 
  custom:scripting/monoscript/fileName/EnumFlagDrawer.cs: 5c63d0c0059ff695bd0ee486d1e93bdc -> 
  custom:scripting/monoscript/fileName/Utility.cs: bc7c77987476d2cc716aa6822231009e -> 
  custom:scripting/monoscript/fileName/NextColorBtn.cs: 3628818366004c784ce7c532472e0770 -> 
  custom:scripting/monoscript/fileName/BeltAdd.cs: 23c8e20e1dd3c9ed150a971c41b0440b -> 
  custom:scripting/monoscript/fileName/Skin.cs: fa5b8fbc5e21205ad140661bb8d1d29a -> 
  custom:scripting/monoscript/fileName/PrevMeshColorBtn.cs: eb2dbdc18e08517d5e99c78a100e7907 -> 
  custom:audio-encoder-webm-vorbis: bf7c407c2cedff20999df2af8eb42d56 -> 
  custom:scripting/precompiled-assembly-types:Assembly-CSharp-Editor: 45468fdc512dfc301cf6919cd834a8f4 -> aca7125a3389c5f4127a11b74e5e93cb
  custom:scripting/monoscript/fileName/Helm.cs: 015c5ef11547d2a56ec06cbf9181e054 -> 
  custom:scripting/monoscript/fileName/Shoulder.cs: cbc35143cbffbdb744890d07b8670e7e -> 
  custom:scripting/monoscript/fileName/IMeshLoader.cs: 103d9667209b427a4c68ea28303f3cd3 -> 
  custom:scripting/monoscript/fileName/AssetListTree.cs: 95ef94b9b5c1fc8c166d91a2229d1537 -> 
  custom:scripting/monoscript/fileName/MeshTexture.cs: 1c4c6300614cc8e271b614963931701e -> 
  custom:scripting/monoscript/fileName/AssetBundleTree.cs: 5c86cf837bb6943c3398dc49a567b80f -> 
  custom:scripting/precompiled-assembly-types:Assembly-CSharp: 1e6e9d88a6b3d2f12e04aa2e82bea247 -> 3c21daaa6596794b482770e25e43442b
  custom:scripting/monoscript/fileName/SpriteProcessor.cs: b47784218d8c2d820a413741c1f25a1f -> 
  custom:scripting/monoscript/fileName/NextMeshColorBtn.cs: 3fefab99c46d758ed0e047f19be1644f -> 
  custom:scripting/monoscript/fileName/ClearAllBtn.cs: bcba9c9686446fb7cf756301ebf868ec -> 
  custom:scripting/monoscript/fileName/PlayerMoveController.cs: cc068b745400ee66c75378bcb7b27fdb -> 
  custom:scripting/monoscript/fileName/ConfigLoader.cs: db4bab6728472d9dedc7dfcc22e69d2d -> 
  custom:scripting/monoscript/fileName/SaveItem.cs: d881a933ade13ea32bf025db14797336 -> 
  custom:scripting/monoscript/fileName/SaveData.cs: b41c91a98201f94a04946b0cf063c975 -> 
  custom:scripting/monoscript/fileName/PrevColorBtn.cs: e1d2791f9dd94cc4e35385ca804752d8 -> 
========================================================================
Received Prepare
Caller must complete domain reload
Begin MonoManager ReloadAssembly
- Loaded All Assemblies, in  0.596 seconds
Native extension for WindowsStandalone target not found
Native extension for Android target not found
Mono: successfully reloaded assembly
- Finished resetting the current domain, in  1.324 seconds
Domain Reload Profiling: 1916ms
	BeginReloadAssembly (184ms)
		ExecutionOrderSort (0ms)
		DisableScriptedObjects (5ms)
		BackupInstance (0ms)
		ReleaseScriptingObjects (0ms)
		CreateAndSetChildDomain (44ms)
	RebuildCommonClasses (31ms)
	RebuildNativeTypeToScriptingClass (9ms)
	initialDomainReloadingComplete (33ms)
	LoadAllAssembliesAndSetupDomain (335ms)
		LoadAssemblies (396ms)
		RebuildTransferFunctionScriptingTraits (0ms)
		AnalyzeDomain (42ms)
			TypeCache.Refresh (12ms)
				TypeCache.ScanAssembly (2ms)
			ScanForSourceGeneratedMonoScriptInfo (17ms)
			ResolveRequiredComponents (10ms)
	FinalizeReload (1324ms)
		ReleaseScriptCaches (0ms)
		RebuildScriptCaches (0ms)
		SetupLoadedEditorAssemblies (411ms)
			LogAssemblyErrors (0ms)
			InitializePlatformSupportModulesInManaged (17ms)
			SetLoadedEditorAssemblies (4ms)
			RefreshPlugins (0ms)
			BeforeProcessingInitializeOnLoad (76ms)
			ProcessInitializeOnLoadAttributes (249ms)
			ProcessInitializeOnLoadMethodAttributes (56ms)
			AfterProcessingInitializeOnLoad (9ms)
			EditorAssembliesLoaded (0ms)
		ExecutionOrderSort2 (0ms)
		AwakeInstancesAfterBackupRestoration (14ms)
WARNING: Shader Unsupported: 'Toon/Basic Outline' - All subshaders removed
WARNING: Shader Did you use #pragma only_renderers and omit this platform?
WARNING: Shader If subshaders removal was intentional, you may have forgotten turning Fallback off?
WARNING: Shader Unsupported: 'Toon/Basic Outline' - All subshaders removed
WARNING: Shader Did you use #pragma only_renderers and omit this platform?
WARNING: Shader If subshaders removal was intentional, you may have forgotten turning Fallback off?
WARNING: Shader Unsupported: 'Toon/Lit Outline' - All subshaders removed
WARNING: Shader Did you use #pragma only_renderers and omit this platform?
WARNING: Shader If subshaders removal was intentional, you may have forgotten turning Fallback off?
WARNING: Shader Unsupported: 'Toon/Lit Outline' - All subshaders removed
WARNING: Shader Did you use #pragma only_renderers and omit this platform?
WARNING: Shader If subshaders removal was intentional, you may have forgotten turning Fallback off?
Refreshing native plugins compatible for Editor in 8.06 ms, found 4 plugins.
Preloading 0 native plugins for Editor in 0.00 ms.
Unloading 5359 Unused Serialized files (Serialized files now loaded: 0)
Unloading 26 unused Assets / (1.0 MB). Loaded Objects now: 6002.
Memory consumption went from 191.5 MB to 190.5 MB.
Total: 4.827700 ms (FindLiveObjects: 0.508100 ms CreateObjectMapping: 0.401200 ms MarkObjects: 3.001900 ms  DeleteObjects: 0.914600 ms)

Prepare: number of updated asset objects reloaded= 0
AssetImportParameters requested are different than current active one (requested -> active):
  custom:scripting/monoscript/fileName/MeshTypeBone.cs: f2929f2b8ecce3a651b0fd3ffe111924 -> 
  custom:scripting/monoscript/fileName/ShaderSelector.cs: 685bc00da5c5122ea4d91cfb7c33d4ce -> 
  custom:scripting/monoscript/fileName/Hand.cs: 5052127099e76a39f6f2b58ea1ef5c1e -> 
  custom:scripting/monoscript/fileName/TextureFactory.cs: cee276c059ba8c5d89b2dce85c58444e -> 
  custom:scripting/monoscript/fileName/ExecuteInternalMono.cs: 3e44be6fc6d7f25500f51fef3364e783 -> 
  custom:scripting/monoscript/fileName/BundleDetailList.cs: 49a12b558eca8c309cefc20f79be4f08 -> 
  custom:scripting/monoscript/fileName/ChangeSkinMeshBtn.cs: 5c6d8ac28a61c97b01d08415ec68b892 -> 
  custom:container-demuxer-ogg: 62fdf1f143b41e24485cea50d1cbac27 -> 
  custom:scripting/monoscript/fileName/InspectSingleBundle.cs: c4ddaa812469395f667f8059fbbafbb2 -> 
  custom:scripting/monoscript/fileName/TorsoFX.cs: 8364f33fdfe728687ae399ca95227afe -> 
  custom:scripting/monoscript/fileName/Scar.cs: a42aaa0f7421fdbac285e770432737fe -> 
  custom:scripting/monoscript/fileName/Eye.cs: afd6b945d219259bc28efd165ef781f4 -> 
  custom:scripting/monoscript/fileName/PrevTextureBtn.cs: ca06f7a8c9b0f19ce544f3b94a1420fa -> 
  custom:scripting/monoscript/fileName/ClearColorBtn.cs: 1e8e6c93adda6a5ba905483e8182c1dd -> 
  custom:scripting/monoscript/fileName/SaveManager.cs: de2264e4a492adfd4c3a4c607fa8c9d4 -> 
  custom:scripting/monoscript/fileName/PrevCharacterBtn.cs: 8b169ad1106eaf0dbdbff832654707ff -> 
  custom:scripting/monoscript/fileName/Popup.cs: 1c1ef9080900e5e97d1b14f0b41eadfa -> 
  custom:scripting/monoscript/fileName/EditorBundleManager.cs: 25971b08130223425370a0c67fd24c1d -> 
  custom:scripting/monoscript/fileName/LoadBtn.cs: 70bafae7f72c9ee6623f2f31d0779c28 -> 
  custom:scripting/monoscript/fileName/TextureTypeMaskSelector.cs: 7ff2a9c585e0132e7eecc431d721fd4f -> 
  custom:scripting/monoscript/fileName/Pants.cs: 6c99c36b54f1584503cd85f530589db5 -> 
  custom:scripting/monoscript/fileName/ABDataSourceProvider.cs: 4f93c6cdfbe44a00612a956e4ef9ffe7 -> 
  custom:video-decoder-ogg-theora: a1e56fd34408186e4bbccfd4996cb3dc -> 
  custom:scripting/monoscript/fileName/MeshManager.cs: 2f249bf80d6ae36c03b9409f5feb6c0d -> 
  custom:scripting/monoscript/fileName/ABDataSource.cs: 41b8295d17e0ef0ed1d4f959baadf27f -> 
  custom:framework-win-MediaFoundation: 216162199b28c13a410421893ffa2e32 -> 
  custom:scripting/monoscript/fileName/NextCharacterBtn.cs: 3c5d6d5f91a48826bcb43d4ef5261f6a -> 
  custom:scripting/monoscript/fileName/AssetBundleInspectTab.cs: 945f43d3df2c8ee2453a9a63fa11274c -> 
  custom:scripting/monoscript/fileName/SaveListView.cs: e595613b43c00299f3513b824b0dabc3 -> 
  custom:scripting/monoscript/fileName/MeshFactory.cs: 4bbafa913eed9f0fb1b99654c8762909 -> 
  custom:scripting/monoscript/fileName/AssetDatabaseABDataSource.cs: f87f54f41a9ae61d6c93a1ee4a7276fe -> 
  custom:scripting/monoscript/fileName/AbstractFXMesh.cs: 2f7f8bc9d1b9e98b83ebf043ab545fae -> 
  custom:scripting/monoscript/fileName/IConfigLoader.cs: 290018350438b79782c4b9fdba32926e -> 
  custom:scripting/monoscript/fileName/ABModelBundleInfo.cs: 2188b089518dc510222192403494a01e -> 
  custom:scripting/monoscript/fileName/Leg.cs: ef7b14f4330dc25387e1b59f0290d188 -> 
  custom:scripting/monoscript/fileName/ABModelAssetInfo.cs: 30e23a9e1ca57fffc37b721992bcf1a0 -> 
  custom:scripting/monoscript/fileName/MeshTypeMaskSelector.cs: e94ba6f4a1adba4feee5fb7cc4e351fe -> 
  custom:scripting/monoscript/fileName/ClearMeshBtn.cs: b14d5ced1c19826bfc491001a3f185d1 -> 
  custom:scripting/monoscript/fileName/MeshAndTextureTypeMaskSelector.cs: fdba9a050c9e3646ce8e80b7e936d037 -> 
  custom:scripting/monoscript/fileName/FxMeshFactory.cs: c3e28ca0186ef5ee5525c8801ad21c5a -> 
  custom:scripting/monoscript/fileName/FXTypeMaskSelector.cs: d74f6e4a0bcd101e2717459b81084106 -> 
  custom:scripting/monoscript/fileName/PlayerController.cs: 5b090d859ab09be631dc3b0f203f9571 -> 
  custom:scripting/monoscript/fileName/BuildScript.cs: 426ea9e2914d6e2d91f1414353c5dafc -> 
  custom:scripting/monoscript/fileName/ClearSkinMeshBtn.cs: 82d2655784ebc16abf5528736d619a9b -> 
  custom:scripting/monoscript/fileName/CreateCharacterWizard.cs: acfc968f24a9426403bd5add4843dcf8 -> 
  custom:CustomObjectIndexerAttribute: 72b91833f83ae208fae7752999fa3104 -> 
  custom:scripting/monoscript/fileName/AbstractTexture.cs: 5fe6f2f7be7fb5a86569856b4345a004 -> 
  custom:scripting/monoscript/fileName/FollowCamera.cs: 2d720f10865b64f024b0e3fccdd261c7 -> 
  custom:scripting/monoscript/fileName/FxMeshTypeBone.cs: f85b6921dfd1e47314410f2e3b110e25 -> 
  custom:scripting/monoscript/fileName/AssetbundlesMenuItems.cs: c3bdb3cf11cdd131fd9c40f5c72fdbb7 -> 
  custom:scripting/monoscript/fileName/Arm.cs: 4102684b6836edb71c1e92ebf943cfad -> 
  custom:container-demuxer-webm: 4f35f7cbe854078d1ac9338744f61a02 -> 
  custom:scripting/monoscript/fileName/NextMeshBtn.cs: c626932f4e3ef625c1f95cbb7df53377 -> 
  custom:scripting/monoscript/fileName/FaceFeature.cs: 4fb49a14cfb347e565b8520b489cd06f -> 
  custom:scripting/monoscript/fileName/SavePrefabBtn.cs: 3a461d0b73e33e6450805a3d4c14cf7e -> 
  custom:scripting/monoscript/fileName/LoaderManager.cs: 369c2be46c8c25c8c25ebdc236e1107b -> 
  custom:scripting/monoscript/fileName/SaveNameInput.cs: 38a66e5dc26bdeafde0ff106788ee663 -> 
  custom:scripting/monoscript/fileName/Config.cs: e85a922a2347c074e5939d78a5a7a10e -> 
  custom:scripting/monoscript/fileName/EyeFX.cs: bb3e917396c4b9336da3800cda69d75f -> 
  custom:scripting/monoscript/fileName/JumpFallBehaviour.cs: 6e303c4d540ce7e39efab9189bb22bcd -> 
  custom:scripting/monoscript/fileName/PrevMeshBtn.cs: e4cc6e23cf1ae834cfc676eb293c1a5c -> 
  custom:container-muxer-webm: aa71ff27fc2769a1b78a27578f13a17b -> 
  custom:scripting/monoscript/fileName/ClearTextureBtn.cs: 4f31783abce9af1d7ec4839287fef475 -> 
  custom:scripting/monoscript/fileName/Shoes.cs: 066ec4aa35b5452249c3208e4decccac -> 
  custom:video-decoder-webm-vp8: 9c59270c3fd7afecdb556c50c9e8de78 -> 
  custom:scripting/monoscript/fileName/ConfigManager.cs: ecadd354c11a441a4c89b5fd7a9f00e6 -> 
  custom:scripting/monoscript/fileName/ClearFXBtn.cs: 9a39f15de353636ac82e469249897f2d -> 
  custom:scripting/monoscript/fileName/ClosePopup.cs: b8d454205b2ceefe37b5fd3a66ce3f21 -> 
  custom:SearchIndexIgnoredProperties: e643bd26f0fe6173181afceb89e7c659 -> 
  custom:scripting/monoscript/fileName/Belt.cs: 57f9cd2ecc900069b427149243ef3bc5 -> 
  custom:AudioImporter_EditorPlatform: d09bf68614088b80899f8185d706f6e7 -> 
  custom:scripting/monoscript/fileName/AssetBundleLoadOperation.cs: 6671757952e868610efe84deb7d10911 -> 
  custom:scripting/monoscript/fileName/PrevSkinMeshBtn.cs: 4b975732b197cfed11faf978a39a86d9 -> 
  custom:scripting/monoscript/fileName/RandomBtn.cs: 09358cb3d53669a5fb3911b12bed41f9 -> 
  custom:scripting/monoscript/fileName/Beard.cs: fcba2011bd59aa862783e312bcb3f1ed -> 
  custom:scripting/monoscript/fileName/EnumFlagAttribute.cs: 74d0d26091c169f8de5e9bf42af43876 -> 
  custom:scripting/monoscript/fileName/LaunchAssetBundleServer.cs: fde14ca75a313e949066fe5170090bd6 -> 
  custom:scripting/monoscript/fileName/TextureManager.cs: e8b62e3c8c466c37ed390308c47b609f -> 
  custom:scripting/monoscript/fileName/RobeShort.cs: 98a985110c88276dffccdebb9b45a97a -> 
  custom:scripting/monoscript/fileName/AssetBundleRecord.cs: 5e3e2662beb76f92f544ca3a6af0a002 -> 
  custom:scripting/monoscript/fileName/TogglePopup.cs: e3546a95722da3ab7907a444f1349cba -> 
  custom:scripting/monoscript/fileName/ITextureLoader.cs: fb942611a67ee29c2d3906a7f2b2ca06 -> 
  custom:scripting/monoscript/fileName/SaveBtn.cs: 3dfbd63f5b032b539a11095805980518 -> 
  custom:scripting/monoscript/fileName/NextSkinMeshBtn.cs: 7bde284a6144f85f7d24cd53fe360afe -> 
  custom:scripting/monoscript/fileName/Head.cs: ef8602f0e05bb6f56d36072970253a56 -> 
  custom:scripting/monoscript/fileName/NextFXBtn.cs: ec23ffa473c712e78d6eb18c4ae448be -> 
  custom:scripting/monoscript/fileName/AssetBundleBrowserMain.cs: adf460d08e5161db4df4e9efbad520b6 -> 
  custom:scripting/monoscript/fileName/JSONMap.cs: 0cc7c12ea7048b3ee204a6864ec14612 -> 
  custom:scripting/monoscript/fileName/AssetBundleManageTab.cs: cd787c8175c6b452036330db58559128 -> 
  custom:scripting/monoscript/fileName/Torso.cs: 69b7e0d6a62aacc036b1886a4ba2587b -> 
  custom:scripting/monoscript/fileName/AssetBundleBuildTab.cs: e4d3d716146519b1f52f6c0fe7ec5a47 -> 
  custom:scripting/monoscript/fileName/Hair.cs: 1f4e341ec44f1e9a43da832f30eda5e7 -> 
  custom:scripting/monoscript/fileName/AbstractMesh.cs: f416745403975ff81463073698d6e017 -> 
  custom:scripting/monoscript/fileName/NextTextureBtn.cs: d5a300ee8993aada97b6138db78b58aa -> 
  custom:scripting/monoscript/fileName/Gloves.cs: 21fa036484600f2d249c1ff665501393 -> 
  custom:scripting/monoscript/fileName/AssetBundleManager.cs: 0e168d48c6d3576e59f6c42f92fecd60 -> 
  custom:scripting/monoscript/fileName/RobeLong.cs: 1a7163e76453fecee35478b548086606 -> 
  custom:scripting/monoscript/fileName/InspectTreeView.cs: 4d03769e654689089e5185b09bfc6882 -> 
  custom:scripting/monoscript/fileName/MeshLoader.cs: 0b10154577fb1ae0dd2e8310eae4ddf4 -> 
  custom:scripting/monoscript/fileName/PrevFXBtn.cs: 9adcb6db2d84b99fc2ba85718ff2705c -> 
  custom:scripting/monoscript/fileName/ABModel.cs: d4f2ea81e354d5c73ab4578ede6b09b2 -> 
  custom:video-encoder-webm-vp8: eb34c28f22e8b96e1ab97ce403110664 -> 
  custom:scripting/monoscript/fileName/TextureLoader.cs: ef2efb353191380796da06838f0ca27c -> 
  custom:scripting/monoscript/fileName/Cloak.cs: 83fee273266203de062b641017c68a04 -> 
  custom:audio-decoder-ogg-vorbis: bf7c407c2cedff20999df2af8eb42d56 -> 
  custom:scripting/monoscript/fileName/Eyebrow.cs: a80914df48c7002be677c64522cce038 -> 
  custom:scripting/monoscript/fileName/MeshUVManager.cs: 3a3d4245c35b74c0afddd620ce689573 -> 
  custom:scripting/monoscript/fileName/MessageList.cs: 6b608508dbf342db2b025fa4e75150ed -> 
  custom:scripting/monoscript/fileName/ClearMeshColorBtn.cs: 0007c8d870af1fc291acf8c091e58855 -> 
  custom:scripting/monoscript/fileName/MessageSystem.cs: e1fba72936ec77bbbc283ee14a4e5ac9 -> 
  custom:scripting/monoscript/fileName/Helper.cs: c607632c58e5a7e90f5ab372e55f1b53 -> 
  custom:scripting/monoscript/fileName/TorsoAdd.cs: de2919cda7445d192f99b708ac4f8f98 -> 
  custom:scripting/monoscript/fileName/EnumFlagDrawer.cs: 41a8255d04f81b6824e2eb405c56f882 -> 
  custom:scripting/monoscript/fileName/Utility.cs: 28500e0d15bd811ed13877f72f01a728 -> 
  custom:scripting/monoscript/fileName/NextColorBtn.cs: 3c291ea58299c895d1e49ee9d26926c4 -> 
  custom:scripting/monoscript/fileName/BeltAdd.cs: cb7f04a49673453c6e59d8a19fc25506 -> 
  custom:scripting/monoscript/fileName/Skin.cs: b53e0e70cea1e5a2051dbeb2d303d7bf -> 
  custom:scripting/monoscript/fileName/PrevMeshColorBtn.cs: 6e7146d83f859cab20d94f99a895303c -> 
  custom:audio-encoder-webm-vorbis: bf7c407c2cedff20999df2af8eb42d56 -> 
  custom:scripting/precompiled-assembly-types:Assembly-CSharp-Editor: ad2859ea0ca0a1f78da22120a3743e36 -> aca7125a3389c5f4127a11b74e5e93cb
  custom:scripting/monoscript/fileName/Helm.cs: c26d56b2bba9bcb0ed144e3501bc4050 -> 
  custom:scripting/monoscript/fileName/Shoulder.cs: cd26873c046cfe405838db4b32b97d24 -> 
  custom:scripting/monoscript/fileName/IMeshLoader.cs: 9ae204479feb9db18b224953da5838fd -> 
  custom:scripting/monoscript/fileName/AssetListTree.cs: 255920d2dc3ac581fe65ea217df17385 -> 
  custom:scripting/monoscript/fileName/MeshTexture.cs: e035409d8c1a139d8e58746d92de0530 -> 
  custom:scripting/monoscript/fileName/AssetBundleTree.cs: db18b513ade8dfdb586627b6c32bbf86 -> 
  custom:scripting/precompiled-assembly-types:Assembly-CSharp: 03264da3fbcd4f1eed66a0a473493714 -> 3c21daaa6596794b482770e25e43442b
  custom:scripting/monoscript/fileName/SpriteProcessor.cs: ecdbdd0dbf42b62f38de6c8096601c0d -> 
  custom:scripting/monoscript/fileName/NextMeshColorBtn.cs: f15a2f312aac46efa390132e8e876a6a -> 
  custom:scripting/monoscript/fileName/ClearAllBtn.cs: 6b6df7aa9e75a6cecf2976db793db6eb -> 
  custom:scripting/monoscript/fileName/PlayerMoveController.cs: a4e66a81bcb2d723b3fb87dd004c6314 -> 
  custom:scripting/monoscript/fileName/ConfigLoader.cs: 62e091607cdc915ce80d4a253b61a2e7 -> 
  custom:scripting/monoscript/fileName/SaveItem.cs: 9fe0db1767d984560e8ce3cdb5cdd4f1 -> 
  custom:scripting/monoscript/fileName/SaveData.cs: cb74f51d5ddf1e3c0494034ad7572a91 -> 
  custom:scripting/monoscript/fileName/PrevColorBtn.cs: 745000830732e20a24b2b0544e8a21f7 -> 
========================================================================
Received Import Request.
  Time since last request: 194.233111 seconds.
  path: Assets/EditorPersonajes/Character_Editor
  artifactKey: Guid(d6adc4e7f32eb7046bced842c35b3f2f) Importer(815301076,1909f56bfc062723c751e8b465ee728b)
Start importing Assets/EditorPersonajes/Character_Editor using Guid(d6adc4e7f32eb7046bced842c35b3f2f) Importer(815301076,1909f56bfc062723c751e8b465ee728b) [PhysX] Initialized MultithreadedTaskDispatcher with 12 workers.
 -> (artifact id: '1516409f5976c259bba988f1e96243c2') in 0.002133 seconds
Number of updated asset objects reloaded before import = 0
Number of asset objects unloaded after import = 0
========================================================================
Received Import Request.
  Time since last request: 0.017493 seconds.
  path: Assets/EditorPersonajes/Character_Editor/Character.renderTexture
  artifactKey: Guid(ebd3d3dfb86eb694f982c10e7bd2725c) Importer(815301076,1909f56bfc062723c751e8b465ee728b)
Start importing Assets/EditorPersonajes/Character_Editor/Character.renderTexture using Guid(ebd3d3dfb86eb694f982c10e7bd2725c) Importer(815301076,1909f56bfc062723c751e8b465ee728b) [PhysX] Initialized MultithreadedTaskDispatcher with 12 workers.
[PhysX] Initialized MultithreadedTaskDispatcher with 12 workers.
 -> (artifact id: 'de80f12b99bbc9437cd7ca4842b5020c') in 0.061367 seconds
Number of updated asset objects reloaded before import = 0
Number of asset objects unloaded after import = 2
========================================================================
Received Import Request.
  Time since last request: 5.090471 seconds.
  path: Assets/EditorPersonajes/Character_Editor/UI
  artifactKey: Guid(a51eed8343aa13c428cbaef6db79c074) Importer(815301076,1909f56bfc062723c751e8b465ee728b)
Start importing Assets/EditorPersonajes/Character_Editor/UI using Guid(a51eed8343aa13c428cbaef6db79c074) Importer(815301076,1909f56bfc062723c751e8b465ee728b) [PhysX] Initialized MultithreadedTaskDispatcher with 12 workers.
 -> (artifact id: 'e810b03f7ab600ba0714a727be7031ec') in 0.000568 seconds
Number of updated asset objects reloaded before import = 0
Number of asset objects unloaded after import = 0
========================================================================
Received Import Request.
  Time since last request: 0.068707 seconds.
  path: Assets/EditorPersonajes/Character_Editor/UI/Atlas.spriteatlas
  artifactKey: Guid(6b66d660f0e9e7e448ace50f9d2ddc8f) Importer(815301076,1909f56bfc062723c751e8b465ee728b)
Start importing Assets/EditorPersonajes/Character_Editor/UI/Atlas.spriteatlas using Guid(6b66d660f0e9e7e448ace50f9d2ddc8f) Importer(815301076,1909f56bfc062723c751e8b465ee728b) [PhysX] Initialized MultithreadedTaskDispatcher with 12 workers.
 -> (artifact id: '5d1834e9acf3510771bab4cac6238a39') in 0.001425 seconds
Number of updated asset objects reloaded before import = 0
Number of asset objects unloaded after import = 1
========================================================================
Received Import Request.
  Time since last request: 2.446903 seconds.
  path: Assets/EditorPersonajes/Character_Editor/UI/Sprites
  artifactKey: Guid(3831edab4b0ee1c478e6efee966601ba) Importer(815301076,1909f56bfc062723c751e8b465ee728b)
Start importing Assets/EditorPersonajes/Character_Editor/UI/Sprites using Guid(3831edab4b0ee1c478e6efee966601ba) Importer(815301076,1909f56bfc062723c751e8b465ee728b) [PhysX] Initialized MultithreadedTaskDispatcher with 12 workers.
 -> (artifact id: '1d28921669c635476439549bb2234a25') in 0.000512 seconds
Number of updated asset objects reloaded before import = 0
Number of asset objects unloaded after import = 0
========================================================================
Received Import Request.
  Time since last request: 0.068670 seconds.
  path: Assets/EditorPersonajes/Character_Editor/UI/Sprites/background.png
  artifactKey: Guid(df9b1213276b2ea4785dae8374edce3d) Importer(815301076,1909f56bfc062723c751e8b465ee728b)
Start importing Assets/EditorPersonajes/Character_Editor/UI/Sprites/background.png using Guid(df9b1213276b2ea4785dae8374edce3d) Importer(815301076,1909f56bfc062723c751e8b465ee728b) [PhysX] Initialized MultithreadedTaskDispatcher with 12 workers.
[PhysX] Initialized MultithreadedTaskDispatcher with 12 workers.
 -> (artifact id: 'bae91014cd78ed295973e8471d8dfbb2') in 0.077951 seconds
Number of updated asset objects reloaded before import = 0
Number of asset objects unloaded after import = 3
========================================================================
Received Import Request.
  Time since last request: 0.000035 seconds.
  path: Assets/EditorPersonajes/Character_Editor/UI/Sprites/btn_clear_fx.png
  artifactKey: Guid(597fcad62ae73d54798aca965a416832) Importer(815301076,1909f56bfc062723c751e8b465ee728b)
Start importing Assets/EditorPersonajes/Character_Editor/UI/Sprites/btn_clear_fx.png using Guid(597fcad62ae73d54798aca965a416832) Importer(815301076,1909f56bfc062723c751e8b465ee728b) [PhysX] Initialized MultithreadedTaskDispatcher with 12 workers.
[PhysX] Initialized MultithreadedTaskDispatcher with 12 workers.
 -> (artifact id: '0d533f854686d7a23b40e680d61fe667') in 0.019390 seconds
Number of updated asset objects reloaded before import = 0
Number of asset objects unloaded after import = 3
========================================================================
Received Import Request.
  Time since last request: 0.000021 seconds.
  path: Assets/EditorPersonajes/Character_Editor/UI/Sprites/panel_back.png
  artifactKey: Guid(033728abc1530aa4abba19a65cb26345) Importer(815301076,1909f56bfc062723c751e8b465ee728b)
Start importing Assets/EditorPersonajes/Character_Editor/UI/Sprites/panel_back.png using Guid(033728abc1530aa4abba19a65cb26345) Importer(815301076,1909f56bfc062723c751e8b465ee728b) [PhysX] Initialized MultithreadedTaskDispatcher with 12 workers.
[PhysX] Initialized MultithreadedTaskDispatcher with 12 workers.
 -> (artifact id: '20c8cc598cb223af86c3bf9e9bcc731b') in 0.019664 seconds
Number of updated asset objects reloaded before import = 0
Number of asset objects unloaded after import = 3
========================================================================
Received Import Request.
  Time since last request: 0.000021 seconds.
  path: Assets/EditorPersonajes/Character_Editor/UI/Sprites/btn_next.png
  artifactKey: Guid(32a65e0dc8e2875428bbcfdd50b47b76) Importer(815301076,1909f56bfc062723c751e8b465ee728b)
Start importing Assets/EditorPersonajes/Character_Editor/UI/Sprites/btn_next.png using Guid(32a65e0dc8e2875428bbcfdd50b47b76) Importer(815301076,1909f56bfc062723c751e8b465ee728b) [PhysX] Initialized MultithreadedTaskDispatcher with 12 workers.
[PhysX] Initialized MultithreadedTaskDispatcher with 12 workers.
 -> (artifact id: '48bb0272e824fac227a948b2c4d416ed') in 0.016282 seconds
Number of updated asset objects reloaded before import = 0
Number of asset objects unloaded after import = 3
========================================================================
Received Import Request.
  Time since last request: 0.000021 seconds.
  path: Assets/EditorPersonajes/Character_Editor/UI/Sprites/btn_next_fx.png
  artifactKey: Guid(f5d17be13e4967c41abe85737dff597b) Importer(815301076,1909f56bfc062723c751e8b465ee728b)
Start importing Assets/EditorPersonajes/Character_Editor/UI/Sprites/btn_next_fx.png using Guid(f5d17be13e4967c41abe85737dff597b) Importer(815301076,1909f56bfc062723c751e8b465ee728b) [PhysX] Initialized MultithreadedTaskDispatcher with 12 workers.
[PhysX] Initialized MultithreadedTaskDispatcher with 12 workers.
 -> (artifact id: '27c4cb8bb5090ddae6fe3a92707cd7e5') in 0.019096 seconds
Number of updated asset objects reloaded before import = 0
Number of asset objects unloaded after import = 3
========================================================================
Received Import Request.
  Time since last request: 0.000031 seconds.
  path: Assets/EditorPersonajes/Character_Editor/UI/Sprites/btn_random.png
  artifactKey: Guid(6f76c81c85494bf46a5b8728e1a1fdbf) Importer(815301076,1909f56bfc062723c751e8b465ee728b)
Start importing Assets/EditorPersonajes/Character_Editor/UI/Sprites/btn_random.png using Guid(6f76c81c85494bf46a5b8728e1a1fdbf) Importer(815301076,1909f56bfc062723c751e8b465ee728b) [PhysX] Initialized MultithreadedTaskDispatcher with 12 workers.
[PhysX] Initialized MultithreadedTaskDispatcher with 12 workers.
 -> (artifact id: '01807c4177e24fbbefaed7174e182f9b') in 0.018269 seconds
Number of updated asset objects reloaded before import = 0
Number of asset objects unloaded after import = 3
========================================================================
Received Import Request.
  Time since last request: 0.000039 seconds.
  path: Assets/EditorPersonajes/Character_Editor/UI/Sprites/btn_clear_skin.png
  artifactKey: Guid(e7cd33d6413c06f40a1b11f4fd2a790f) Importer(815301076,1909f56bfc062723c751e8b465ee728b)
Start importing Assets/EditorPersonajes/Character_Editor/UI/Sprites/btn_clear_skin.png using Guid(e7cd33d6413c06f40a1b11f4fd2a790f) Importer(815301076,1909f56bfc062723c751e8b465ee728b) [PhysX] Initialized MultithreadedTaskDispatcher with 12 workers.
[PhysX] Initialized MultithreadedTaskDispatcher with 12 workers.
 -> (artifact id: '42d193c7643b47b0dbc0cce75a46b908') in 0.016996 seconds
Number of updated asset objects reloaded before import = 0
Number of asset objects unloaded after import = 3
========================================================================
Received Prepare
Caller must complete domain reload
Begin MonoManager ReloadAssembly
- Loaded All Assemblies, in  0.604 seconds
Native extension for WindowsStandalone target not found
Native extension for Android target not found
Mono: successfully reloaded assembly
- Finished resetting the current domain, in  1.496 seconds
Domain Reload Profiling: 2095ms
	BeginReloadAssembly (177ms)
		ExecutionOrderSort (0ms)
		DisableScriptedObjects (5ms)
		BackupInstance (0ms)
		ReleaseScriptingObjects (0ms)
		CreateAndSetChildDomain (40ms)
	RebuildCommonClasses (39ms)
	RebuildNativeTypeToScriptingClass (9ms)
	initialDomainReloadingComplete (41ms)
	LoadAllAssembliesAndSetupDomain (333ms)
		LoadAssemblies (413ms)
		RebuildTransferFunctionScriptingTraits (0ms)
		AnalyzeDomain (23ms)
			TypeCache.Refresh (10ms)
				TypeCache.ScanAssembly (0ms)
			ScanForSourceGeneratedMonoScriptInfo (0ms)
			ResolveRequiredComponents (11ms)
	FinalizeReload (1496ms)
		ReleaseScriptCaches (0ms)
		RebuildScriptCaches (0ms)
		SetupLoadedEditorAssemblies (595ms)
			LogAssemblyErrors (0ms)
			InitializePlatformSupportModulesInManaged (21ms)
			SetLoadedEditorAssemblies (5ms)
			RefreshPlugins (0ms)
			BeforeProcessingInitializeOnLoad (102ms)
			ProcessInitializeOnLoadAttributes (377ms)
			ProcessInitializeOnLoadMethodAttributes (78ms)
			AfterProcessingInitializeOnLoad (12ms)
			EditorAssembliesLoaded (0ms)
		ExecutionOrderSort2 (0ms)
		AwakeInstancesAfterBackupRestoration (18ms)
WARNING: Shader Unsupported: 'Toon/Basic Outline' - All subshaders removed
WARNING: Shader Did you use #pragma only_renderers and omit this platform?
WARNING: Shader If subshaders removal was intentional, you may have forgotten turning Fallback off?
WARNING: Shader Unsupported: 'Toon/Basic Outline' - All subshaders removed
WARNING: Shader Did you use #pragma only_renderers and omit this platform?
WARNING: Shader If subshaders removal was intentional, you may have forgotten turning Fallback off?
WARNING: Shader Unsupported: 'Toon/Lit Outline' - All subshaders removed
WARNING: Shader Did you use #pragma only_renderers and omit this platform?
WARNING: Shader If subshaders removal was intentional, you may have forgotten turning Fallback off?
WARNING: Shader Unsupported: 'Toon/Lit Outline' - All subshaders removed
WARNING: Shader Did you use #pragma only_renderers and omit this platform?
WARNING: Shader If subshaders removal was intentional, you may have forgotten turning Fallback off?
Refreshing native plugins compatible for Editor in 9.08 ms, found 4 plugins.
Preloading 0 native plugins for Editor in 0.00 ms.
Unloading 5359 Unused Serialized files (Serialized files now loaded: 0)
Unloading 26 unused Assets / (1.0 MB). Loaded Objects now: 6019.
Memory consumption went from 195.6 MB to 194.7 MB.
Total: 5.008200 ms (FindLiveObjects: 0.756800 ms CreateObjectMapping: 0.500100 ms MarkObjects: 3.255400 ms  DeleteObjects: 0.494000 ms)

Prepare: number of updated asset objects reloaded= 0
AssetImportParameters requested are different than current active one (requested -> active):
  custom:scripting/monoscript/fileName/MeshTypeBone.cs: f2929f2b8ecce3a651b0fd3ffe111924 -> 
  custom:scripting/monoscript/fileName/ShaderSelector.cs: 685bc00da5c5122ea4d91cfb7c33d4ce -> 
  custom:scripting/monoscript/fileName/Hand.cs: 5052127099e76a39f6f2b58ea1ef5c1e -> 
  custom:scripting/monoscript/fileName/TextureFactory.cs: cee276c059ba8c5d89b2dce85c58444e -> 
  custom:scripting/monoscript/fileName/ExecuteInternalMono.cs: 3e44be6fc6d7f25500f51fef3364e783 -> 
  custom:scripting/monoscript/fileName/BundleDetailList.cs: 49a12b558eca8c309cefc20f79be4f08 -> 
  custom:scripting/monoscript/fileName/ChangeSkinMeshBtn.cs: 5c6d8ac28a61c97b01d08415ec68b892 -> 
  custom:container-demuxer-ogg: 62fdf1f143b41e24485cea50d1cbac27 -> 
  custom:scripting/monoscript/fileName/InspectSingleBundle.cs: c4ddaa812469395f667f8059fbbafbb2 -> 
  custom:scripting/monoscript/fileName/TorsoFX.cs: 8364f33fdfe728687ae399ca95227afe -> 
  custom:scripting/monoscript/fileName/Scar.cs: a42aaa0f7421fdbac285e770432737fe -> 
  custom:scripting/monoscript/fileName/Eye.cs: afd6b945d219259bc28efd165ef781f4 -> 
  custom:scripting/monoscript/fileName/PrevTextureBtn.cs: ca06f7a8c9b0f19ce544f3b94a1420fa -> 
  custom:scripting/monoscript/fileName/ClearColorBtn.cs: 1e8e6c93adda6a5ba905483e8182c1dd -> 
  custom:scripting/monoscript/fileName/SaveManager.cs: de2264e4a492adfd4c3a4c607fa8c9d4 -> 
  custom:scripting/monoscript/fileName/PrevCharacterBtn.cs: 8b169ad1106eaf0dbdbff832654707ff -> 
  custom:scripting/monoscript/fileName/Popup.cs: 1c1ef9080900e5e97d1b14f0b41eadfa -> 
  custom:scripting/monoscript/fileName/EditorBundleManager.cs: 25971b08130223425370a0c67fd24c1d -> 
  custom:scripting/monoscript/fileName/LoadBtn.cs: 70bafae7f72c9ee6623f2f31d0779c28 -> 
  custom:scripting/monoscript/fileName/TextureTypeMaskSelector.cs: 7ff2a9c585e0132e7eecc431d721fd4f -> 
  custom:scripting/monoscript/fileName/Pants.cs: 6c99c36b54f1584503cd85f530589db5 -> 
  custom:scripting/monoscript/fileName/ABDataSourceProvider.cs: 4f93c6cdfbe44a00612a956e4ef9ffe7 -> 
  custom:video-decoder-ogg-theora: a1e56fd34408186e4bbccfd4996cb3dc -> 
  custom:scripting/monoscript/fileName/MeshManager.cs: 2f249bf80d6ae36c03b9409f5feb6c0d -> 
  custom:scripting/monoscript/fileName/ABDataSource.cs: 41b8295d17e0ef0ed1d4f959baadf27f -> 
  custom:framework-win-MediaFoundation: 216162199b28c13a410421893ffa2e32 -> 
  custom:scripting/monoscript/fileName/NextCharacterBtn.cs: 3c5d6d5f91a48826bcb43d4ef5261f6a -> 
  custom:scripting/monoscript/fileName/AssetBundleInspectTab.cs: 945f43d3df2c8ee2453a9a63fa11274c -> 
  custom:scripting/monoscript/fileName/SaveListView.cs: e595613b43c00299f3513b824b0dabc3 -> 
  custom:scripting/monoscript/fileName/MeshFactory.cs: 4bbafa913eed9f0fb1b99654c8762909 -> 
  custom:scripting/monoscript/fileName/AssetDatabaseABDataSource.cs: f87f54f41a9ae61d6c93a1ee4a7276fe -> 
  custom:scripting/monoscript/fileName/AbstractFXMesh.cs: 2f7f8bc9d1b9e98b83ebf043ab545fae -> 
  custom:scripting/monoscript/fileName/IConfigLoader.cs: 290018350438b79782c4b9fdba32926e -> 
  custom:scripting/monoscript/fileName/ABModelBundleInfo.cs: 2188b089518dc510222192403494a01e -> 
  custom:scripting/monoscript/fileName/Leg.cs: ef7b14f4330dc25387e1b59f0290d188 -> 
  custom:scripting/monoscript/fileName/ABModelAssetInfo.cs: 30e23a9e1ca57fffc37b721992bcf1a0 -> 
  custom:scripting/monoscript/fileName/MeshTypeMaskSelector.cs: e94ba6f4a1adba4feee5fb7cc4e351fe -> 
  custom:scripting/monoscript/fileName/ClearMeshBtn.cs: b14d5ced1c19826bfc491001a3f185d1 -> 
  custom:scripting/monoscript/fileName/MeshAndTextureTypeMaskSelector.cs: fdba9a050c9e3646ce8e80b7e936d037 -> 
  custom:scripting/monoscript/fileName/FxMeshFactory.cs: c3e28ca0186ef5ee5525c8801ad21c5a -> 
  custom:scripting/monoscript/fileName/FXTypeMaskSelector.cs: d74f6e4a0bcd101e2717459b81084106 -> 
  custom:scripting/monoscript/fileName/PlayerController.cs: 5b090d859ab09be631dc3b0f203f9571 -> 
  custom:scripting/monoscript/fileName/BuildScript.cs: 426ea9e2914d6e2d91f1414353c5dafc -> 
  custom:scripting/monoscript/fileName/ClearSkinMeshBtn.cs: 82d2655784ebc16abf5528736d619a9b -> 
  custom:scripting/monoscript/fileName/CreateCharacterWizard.cs: acfc968f24a9426403bd5add4843dcf8 -> 
  custom:CustomObjectIndexerAttribute: 72b91833f83ae208fae7752999fa3104 -> 
  custom:scripting/monoscript/fileName/AbstractTexture.cs: 5fe6f2f7be7fb5a86569856b4345a004 -> 
  custom:scripting/monoscript/fileName/FollowCamera.cs: 2d720f10865b64f024b0e3fccdd261c7 -> 
  custom:scripting/monoscript/fileName/FxMeshTypeBone.cs: f85b6921dfd1e47314410f2e3b110e25 -> 
  custom:scripting/monoscript/fileName/AssetbundlesMenuItems.cs: c3bdb3cf11cdd131fd9c40f5c72fdbb7 -> 
  custom:scripting/monoscript/fileName/Arm.cs: 4102684b6836edb71c1e92ebf943cfad -> 
  custom:container-demuxer-webm: 4f35f7cbe854078d1ac9338744f61a02 -> 
  custom:scripting/monoscript/fileName/NextMeshBtn.cs: c626932f4e3ef625c1f95cbb7df53377 -> 
  custom:scripting/monoscript/fileName/FaceFeature.cs: 4fb49a14cfb347e565b8520b489cd06f -> 
  custom:scripting/monoscript/fileName/SavePrefabBtn.cs: 3a461d0b73e33e6450805a3d4c14cf7e -> 
  custom:scripting/monoscript/fileName/LoaderManager.cs: 369c2be46c8c25c8c25ebdc236e1107b -> 
  custom:scripting/monoscript/fileName/SaveNameInput.cs: 38a66e5dc26bdeafde0ff106788ee663 -> 
  custom:scripting/monoscript/fileName/Config.cs: e85a922a2347c074e5939d78a5a7a10e -> 
  custom:scripting/monoscript/fileName/EyeFX.cs: bb3e917396c4b9336da3800cda69d75f -> 
  custom:scripting/monoscript/fileName/JumpFallBehaviour.cs: 6e303c4d540ce7e39efab9189bb22bcd -> 
  custom:scripting/monoscript/fileName/PrevMeshBtn.cs: e4cc6e23cf1ae834cfc676eb293c1a5c -> 
  custom:container-muxer-webm: aa71ff27fc2769a1b78a27578f13a17b -> 
  custom:scripting/monoscript/fileName/ClearTextureBtn.cs: 4f31783abce9af1d7ec4839287fef475 -> 
  custom:scripting/monoscript/fileName/Shoes.cs: 066ec4aa35b5452249c3208e4decccac -> 
  custom:video-decoder-webm-vp8: 9c59270c3fd7afecdb556c50c9e8de78 -> 
  custom:scripting/monoscript/fileName/ConfigManager.cs: ecadd354c11a441a4c89b5fd7a9f00e6 -> 
  custom:scripting/monoscript/fileName/ClearFXBtn.cs: 9a39f15de353636ac82e469249897f2d -> 
  custom:scripting/monoscript/fileName/ClosePopup.cs: b8d454205b2ceefe37b5fd3a66ce3f21 -> 
  custom:SearchIndexIgnoredProperties: e643bd26f0fe6173181afceb89e7c659 -> 
  custom:scripting/monoscript/fileName/Belt.cs: 57f9cd2ecc900069b427149243ef3bc5 -> 
  custom:AudioImporter_EditorPlatform: d09bf68614088b80899f8185d706f6e7 -> 
  custom:scripting/monoscript/fileName/AssetBundleLoadOperation.cs: 6671757952e868610efe84deb7d10911 -> 
  custom:scripting/monoscript/fileName/PrevSkinMeshBtn.cs: 4b975732b197cfed11faf978a39a86d9 -> 
  custom:scripting/monoscript/fileName/RandomBtn.cs: 09358cb3d53669a5fb3911b12bed41f9 -> 
  custom:scripting/monoscript/fileName/Beard.cs: fcba2011bd59aa862783e312bcb3f1ed -> 
  custom:scripting/monoscript/fileName/EnumFlagAttribute.cs: 74d0d26091c169f8de5e9bf42af43876 -> 
  custom:scripting/monoscript/fileName/LaunchAssetBundleServer.cs: fde14ca75a313e949066fe5170090bd6 -> 
  custom:scripting/monoscript/fileName/TextureManager.cs: e8b62e3c8c466c37ed390308c47b609f -> 
  custom:scripting/monoscript/fileName/RobeShort.cs: 98a985110c88276dffccdebb9b45a97a -> 
  custom:scripting/monoscript/fileName/AssetBundleRecord.cs: 5e3e2662beb76f92f544ca3a6af0a002 -> 
  custom:scripting/monoscript/fileName/TogglePopup.cs: e3546a95722da3ab7907a444f1349cba -> 
  custom:scripting/monoscript/fileName/ITextureLoader.cs: fb942611a67ee29c2d3906a7f2b2ca06 -> 
  custom:scripting/monoscript/fileName/SaveBtn.cs: 3dfbd63f5b032b539a11095805980518 -> 
  custom:scripting/monoscript/fileName/NextSkinMeshBtn.cs: 7bde284a6144f85f7d24cd53fe360afe -> 
  custom:scripting/monoscript/fileName/Head.cs: ef8602f0e05bb6f56d36072970253a56 -> 
  custom:scripting/monoscript/fileName/NextFXBtn.cs: ec23ffa473c712e78d6eb18c4ae448be -> 
  custom:scripting/monoscript/fileName/AssetBundleBrowserMain.cs: adf460d08e5161db4df4e9efbad520b6 -> 
  custom:scripting/monoscript/fileName/JSONMap.cs: 0cc7c12ea7048b3ee204a6864ec14612 -> 
  custom:scripting/monoscript/fileName/AssetBundleManageTab.cs: cd787c8175c6b452036330db58559128 -> 
  custom:scripting/monoscript/fileName/Torso.cs: 69b7e0d6a62aacc036b1886a4ba2587b -> 
  custom:scripting/monoscript/fileName/AssetBundleBuildTab.cs: e4d3d716146519b1f52f6c0fe7ec5a47 -> 
  custom:scripting/monoscript/fileName/Hair.cs: 1f4e341ec44f1e9a43da832f30eda5e7 -> 
  custom:scripting/monoscript/fileName/AbstractMesh.cs: f416745403975ff81463073698d6e017 -> 
  custom:scripting/monoscript/fileName/NextTextureBtn.cs: d5a300ee8993aada97b6138db78b58aa -> 
  custom:scripting/monoscript/fileName/Gloves.cs: 21fa036484600f2d249c1ff665501393 -> 
  custom:scripting/monoscript/fileName/AssetBundleManager.cs: 0e168d48c6d3576e59f6c42f92fecd60 -> 
  custom:scripting/monoscript/fileName/RobeLong.cs: 1a7163e76453fecee35478b548086606 -> 
  custom:scripting/monoscript/fileName/InspectTreeView.cs: 4d03769e654689089e5185b09bfc6882 -> 
  custom:scripting/monoscript/fileName/MeshLoader.cs: 0b10154577fb1ae0dd2e8310eae4ddf4 -> 
  custom:scripting/monoscript/fileName/PrevFXBtn.cs: 9adcb6db2d84b99fc2ba85718ff2705c -> 
  custom:scripting/monoscript/fileName/ABModel.cs: d4f2ea81e354d5c73ab4578ede6b09b2 -> 
  custom:video-encoder-webm-vp8: eb34c28f22e8b96e1ab97ce403110664 -> 
  custom:scripting/monoscript/fileName/TextureLoader.cs: ef2efb353191380796da06838f0ca27c -> 
  custom:scripting/monoscript/fileName/Cloak.cs: 83fee273266203de062b641017c68a04 -> 
  custom:audio-decoder-ogg-vorbis: bf7c407c2cedff20999df2af8eb42d56 -> 
  custom:scripting/monoscript/fileName/Eyebrow.cs: a80914df48c7002be677c64522cce038 -> 
  custom:scripting/monoscript/fileName/MeshUVManager.cs: 3a3d4245c35b74c0afddd620ce689573 -> 
  custom:scripting/monoscript/fileName/MessageList.cs: 6b608508dbf342db2b025fa4e75150ed -> 
  custom:scripting/monoscript/fileName/ClearMeshColorBtn.cs: 0007c8d870af1fc291acf8c091e58855 -> 
  custom:scripting/monoscript/fileName/MessageSystem.cs: e1fba72936ec77bbbc283ee14a4e5ac9 -> 
  custom:scripting/monoscript/fileName/Helper.cs: c607632c58e5a7e90f5ab372e55f1b53 -> 
  custom:scripting/monoscript/fileName/TorsoAdd.cs: de2919cda7445d192f99b708ac4f8f98 -> 
  custom:scripting/monoscript/fileName/EnumFlagDrawer.cs: 41a8255d04f81b6824e2eb405c56f882 -> 
  custom:scripting/monoscript/fileName/Utility.cs: 28500e0d15bd811ed13877f72f01a728 -> 
  custom:scripting/monoscript/fileName/NextColorBtn.cs: 3c291ea58299c895d1e49ee9d26926c4 -> 
  custom:scripting/monoscript/fileName/BeltAdd.cs: cb7f04a49673453c6e59d8a19fc25506 -> 
  custom:scripting/monoscript/fileName/Skin.cs: b53e0e70cea1e5a2051dbeb2d303d7bf -> 
  custom:scripting/monoscript/fileName/PrevMeshColorBtn.cs: 6e7146d83f859cab20d94f99a895303c -> 
  custom:audio-encoder-webm-vorbis: bf7c407c2cedff20999df2af8eb42d56 -> 
  custom:scripting/precompiled-assembly-types:Assembly-CSharp-Editor: ad2859ea0ca0a1f78da22120a3743e36 -> aca7125a3389c5f4127a11b74e5e93cb
  custom:scripting/monoscript/fileName/Helm.cs: c26d56b2bba9bcb0ed144e3501bc4050 -> 
  custom:scripting/monoscript/fileName/Shoulder.cs: cd26873c046cfe405838db4b32b97d24 -> 
  custom:scripting/monoscript/fileName/IMeshLoader.cs: 9ae204479feb9db18b224953da5838fd -> 
  custom:scripting/monoscript/fileName/AssetListTree.cs: 255920d2dc3ac581fe65ea217df17385 -> 
  custom:scripting/monoscript/fileName/MeshTexture.cs: e035409d8c1a139d8e58746d92de0530 -> 
  custom:scripting/monoscript/fileName/AssetBundleTree.cs: db18b513ade8dfdb586627b6c32bbf86 -> 
  custom:scripting/precompiled-assembly-types:Assembly-CSharp: 03264da3fbcd4f1eed66a0a473493714 -> 3c21daaa6596794b482770e25e43442b
  custom:scripting/monoscript/fileName/SpriteProcessor.cs: ecdbdd0dbf42b62f38de6c8096601c0d -> 
  custom:scripting/monoscript/fileName/NextMeshColorBtn.cs: f15a2f312aac46efa390132e8e876a6a -> 
  custom:scripting/monoscript/fileName/ClearAllBtn.cs: 6b6df7aa9e75a6cecf2976db793db6eb -> 
  custom:scripting/monoscript/fileName/PlayerMoveController.cs: a4e66a81bcb2d723b3fb87dd004c6314 -> 
  custom:scripting/monoscript/fileName/ConfigLoader.cs: 62e091607cdc915ce80d4a253b61a2e7 -> 
  custom:scripting/monoscript/fileName/SaveItem.cs: 9fe0db1767d984560e8ce3cdb5cdd4f1 -> 
  custom:scripting/monoscript/fileName/SaveData.cs: cb74f51d5ddf1e3c0494034ad7572a91 -> 
  custom:scripting/monoscript/fileName/PrevColorBtn.cs: 745000830732e20a24b2b0544e8a21f7 -> 
========================================================================
Received Prepare
Caller must complete domain reload
Begin MonoManager ReloadAssembly
- Loaded All Assemblies, in  0.611 seconds
Native extension for WindowsStandalone target not found
Native extension for Android target not found
Mono: successfully reloaded assembly
- Finished resetting the current domain, in  1.517 seconds
Domain Reload Profiling: 2123ms
	BeginReloadAssembly (174ms)
		ExecutionOrderSort (0ms)
		DisableScriptedObjects (4ms)
		BackupInstance (0ms)
		ReleaseScriptingObjects (0ms)
		CreateAndSetChildDomain (41ms)
	RebuildCommonClasses (28ms)
	RebuildNativeTypeToScriptingClass (9ms)
	initialDomainReloadingComplete (41ms)
	LoadAllAssembliesAndSetupDomain (354ms)
		LoadAssemblies (432ms)
		RebuildTransferFunctionScriptingTraits (0ms)
		AnalyzeDomain (21ms)
			TypeCache.Refresh (7ms)
				TypeCache.ScanAssembly (0ms)
			ScanForSourceGeneratedMonoScriptInfo (0ms)
			ResolveRequiredComponents (11ms)
	FinalizeReload (1518ms)
		ReleaseScriptCaches (0ms)
		RebuildScriptCaches (0ms)
		SetupLoadedEditorAssemblies (581ms)
			LogAssemblyErrors (0ms)
			InitializePlatformSupportModulesInManaged (22ms)
			SetLoadedEditorAssemblies (5ms)
			RefreshPlugins (0ms)
			BeforeProcessingInitializeOnLoad (114ms)
			ProcessInitializeOnLoadAttributes (360ms)
			ProcessInitializeOnLoadMethodAttributes (67ms)
			AfterProcessingInitializeOnLoad (11ms)
			EditorAssembliesLoaded (0ms)
		ExecutionOrderSort2 (0ms)
		AwakeInstancesAfterBackupRestoration (17ms)
WARNING: Shader Unsupported: 'Toon/Basic Outline' - All subshaders removed
WARNING: Shader Did you use #pragma only_renderers and omit this platform?
WARNING: Shader If subshaders removal was intentional, you may have forgotten turning Fallback off?
WARNING: Shader Unsupported: 'Toon/Basic Outline' - All subshaders removed
WARNING: Shader Did you use #pragma only_renderers and omit this platform?
WARNING: Shader If subshaders removal was intentional, you may have forgotten turning Fallback off?
WARNING: Shader Unsupported: 'Toon/Lit Outline' - All subshaders removed
WARNING: Shader Did you use #pragma only_renderers and omit this platform?
WARNING: Shader If subshaders removal was intentional, you may have forgotten turning Fallback off?
WARNING: Shader Unsupported: 'Toon/Lit Outline' - All subshaders removed
WARNING: Shader Did you use #pragma only_renderers and omit this platform?
WARNING: Shader If subshaders removal was intentional, you may have forgotten turning Fallback off?
Refreshing native plugins compatible for Editor in 7.22 ms, found 4 plugins.
Preloading 0 native plugins for Editor in 0.00 ms.
Unloading 5359 Unused Serialized files (Serialized files now loaded: 0)
Unloading 26 unused Assets / (1.0 MB). Loaded Objects now: 6024.
Memory consumption went from 195.6 MB to 194.7 MB.
Total: 4.256800 ms (FindLiveObjects: 0.462000 ms CreateObjectMapping: 0.375800 ms MarkObjects: 2.908100 ms  DeleteObjects: 0.509700 ms)

Prepare: number of updated asset objects reloaded= 0
AssetImportParameters requested are different than current active one (requested -> active):
  custom:scripting/monoscript/fileName/MeshTypeBone.cs: f2929f2b8ecce3a651b0fd3ffe111924 -> 
  custom:scripting/monoscript/fileName/ShaderSelector.cs: 685bc00da5c5122ea4d91cfb7c33d4ce -> 
  custom:scripting/monoscript/fileName/Hand.cs: 5052127099e76a39f6f2b58ea1ef5c1e -> 
  custom:scripting/monoscript/fileName/TextureFactory.cs: cee276c059ba8c5d89b2dce85c58444e -> 
  custom:scripting/monoscript/fileName/ExecuteInternalMono.cs: 3e44be6fc6d7f25500f51fef3364e783 -> 
  custom:scripting/monoscript/fileName/BundleDetailList.cs: 49a12b558eca8c309cefc20f79be4f08 -> 
  custom:scripting/monoscript/fileName/ChangeSkinMeshBtn.cs: 5c6d8ac28a61c97b01d08415ec68b892 -> 
  custom:container-demuxer-ogg: 62fdf1f143b41e24485cea50d1cbac27 -> 
  custom:scripting/monoscript/fileName/InspectSingleBundle.cs: c4ddaa812469395f667f8059fbbafbb2 -> 
  custom:scripting/monoscript/fileName/TorsoFX.cs: 8364f33fdfe728687ae399ca95227afe -> 
  custom:scripting/monoscript/fileName/Scar.cs: a42aaa0f7421fdbac285e770432737fe -> 
  custom:scripting/monoscript/fileName/Eye.cs: afd6b945d219259bc28efd165ef781f4 -> 
  custom:scripting/monoscript/fileName/PrevTextureBtn.cs: ca06f7a8c9b0f19ce544f3b94a1420fa -> 
  custom:scripting/monoscript/fileName/ClearColorBtn.cs: 1e8e6c93adda6a5ba905483e8182c1dd -> 
  custom:scripting/monoscript/fileName/SaveManager.cs: de2264e4a492adfd4c3a4c607fa8c9d4 -> 
  custom:scripting/monoscript/fileName/PrevCharacterBtn.cs: 8b169ad1106eaf0dbdbff832654707ff -> 
  custom:scripting/monoscript/fileName/Popup.cs: 1c1ef9080900e5e97d1b14f0b41eadfa -> 
  custom:scripting/monoscript/fileName/EditorBundleManager.cs: 25971b08130223425370a0c67fd24c1d -> 
  custom:scripting/monoscript/fileName/LoadBtn.cs: 70bafae7f72c9ee6623f2f31d0779c28 -> 
  custom:scripting/monoscript/fileName/TextureTypeMaskSelector.cs: 7ff2a9c585e0132e7eecc431d721fd4f -> 
  custom:scripting/monoscript/fileName/Pants.cs: 6c99c36b54f1584503cd85f530589db5 -> 
  custom:scripting/monoscript/fileName/ABDataSourceProvider.cs: 4f93c6cdfbe44a00612a956e4ef9ffe7 -> 
  custom:video-decoder-ogg-theora: a1e56fd34408186e4bbccfd4996cb3dc -> 
  custom:scripting/monoscript/fileName/MeshManager.cs: 2f249bf80d6ae36c03b9409f5feb6c0d -> 
  custom:scripting/monoscript/fileName/ABDataSource.cs: 41b8295d17e0ef0ed1d4f959baadf27f -> 
  custom:framework-win-MediaFoundation: 216162199b28c13a410421893ffa2e32 -> 
  custom:scripting/monoscript/fileName/NextCharacterBtn.cs: 3c5d6d5f91a48826bcb43d4ef5261f6a -> 
  custom:scripting/monoscript/fileName/AssetBundleInspectTab.cs: 945f43d3df2c8ee2453a9a63fa11274c -> 
  custom:scripting/monoscript/fileName/SaveListView.cs: e595613b43c00299f3513b824b0dabc3 -> 
  custom:scripting/monoscript/fileName/MeshFactory.cs: 4bbafa913eed9f0fb1b99654c8762909 -> 
  custom:scripting/monoscript/fileName/AssetDatabaseABDataSource.cs: f87f54f41a9ae61d6c93a1ee4a7276fe -> 
  custom:scripting/monoscript/fileName/AbstractFXMesh.cs: 2f7f8bc9d1b9e98b83ebf043ab545fae -> 
  custom:scripting/monoscript/fileName/IConfigLoader.cs: 290018350438b79782c4b9fdba32926e -> 
  custom:scripting/monoscript/fileName/ABModelBundleInfo.cs: 2188b089518dc510222192403494a01e -> 
  custom:scripting/monoscript/fileName/Leg.cs: ef7b14f4330dc25387e1b59f0290d188 -> 
  custom:scripting/monoscript/fileName/ABModelAssetInfo.cs: 30e23a9e1ca57fffc37b721992bcf1a0 -> 
  custom:scripting/monoscript/fileName/MeshTypeMaskSelector.cs: e94ba6f4a1adba4feee5fb7cc4e351fe -> 
  custom:scripting/monoscript/fileName/ClearMeshBtn.cs: b14d5ced1c19826bfc491001a3f185d1 -> 
  custom:scripting/monoscript/fileName/MeshAndTextureTypeMaskSelector.cs: fdba9a050c9e3646ce8e80b7e936d037 -> 
  custom:scripting/monoscript/fileName/FxMeshFactory.cs: c3e28ca0186ef5ee5525c8801ad21c5a -> 
  custom:scripting/monoscript/fileName/FXTypeMaskSelector.cs: d74f6e4a0bcd101e2717459b81084106 -> 
  custom:scripting/monoscript/fileName/PlayerController.cs: 5b090d859ab09be631dc3b0f203f9571 -> 
  custom:scripting/monoscript/fileName/BuildScript.cs: 426ea9e2914d6e2d91f1414353c5dafc -> 
  custom:scripting/monoscript/fileName/ClearSkinMeshBtn.cs: 82d2655784ebc16abf5528736d619a9b -> 
  custom:scripting/monoscript/fileName/CreateCharacterWizard.cs: acfc968f24a9426403bd5add4843dcf8 -> 
  custom:CustomObjectIndexerAttribute: 72b91833f83ae208fae7752999fa3104 -> 
  custom:scripting/monoscript/fileName/AbstractTexture.cs: 5fe6f2f7be7fb5a86569856b4345a004 -> 
  custom:scripting/monoscript/fileName/FollowCamera.cs: 2d720f10865b64f024b0e3fccdd261c7 -> 
  custom:scripting/monoscript/fileName/FxMeshTypeBone.cs: f85b6921dfd1e47314410f2e3b110e25 -> 
  custom:scripting/monoscript/fileName/AssetbundlesMenuItems.cs: c3bdb3cf11cdd131fd9c40f5c72fdbb7 -> 
  custom:scripting/monoscript/fileName/Arm.cs: 4102684b6836edb71c1e92ebf943cfad -> 
  custom:container-demuxer-webm: 4f35f7cbe854078d1ac9338744f61a02 -> 
  custom:scripting/monoscript/fileName/NextMeshBtn.cs: c626932f4e3ef625c1f95cbb7df53377 -> 
  custom:scripting/monoscript/fileName/FaceFeature.cs: 4fb49a14cfb347e565b8520b489cd06f -> 
  custom:scripting/monoscript/fileName/SavePrefabBtn.cs: 3a461d0b73e33e6450805a3d4c14cf7e -> 
  custom:scripting/monoscript/fileName/LoaderManager.cs: 369c2be46c8c25c8c25ebdc236e1107b -> 
  custom:scripting/monoscript/fileName/SaveNameInput.cs: 38a66e5dc26bdeafde0ff106788ee663 -> 
  custom:scripting/monoscript/fileName/Config.cs: e85a922a2347c074e5939d78a5a7a10e -> 
  custom:scripting/monoscript/fileName/EyeFX.cs: bb3e917396c4b9336da3800cda69d75f -> 
  custom:scripting/monoscript/fileName/JumpFallBehaviour.cs: 6e303c4d540ce7e39efab9189bb22bcd -> 
  custom:scripting/monoscript/fileName/PrevMeshBtn.cs: e4cc6e23cf1ae834cfc676eb293c1a5c -> 
  custom:container-muxer-webm: aa71ff27fc2769a1b78a27578f13a17b -> 
  custom:scripting/monoscript/fileName/ClearTextureBtn.cs: 4f31783abce9af1d7ec4839287fef475 -> 
  custom:scripting/monoscript/fileName/Shoes.cs: 066ec4aa35b5452249c3208e4decccac -> 
  custom:video-decoder-webm-vp8: 9c59270c3fd7afecdb556c50c9e8de78 -> 
  custom:scripting/monoscript/fileName/ConfigManager.cs: ecadd354c11a441a4c89b5fd7a9f00e6 -> 
  custom:scripting/monoscript/fileName/ClearFXBtn.cs: 9a39f15de353636ac82e469249897f2d -> 
  custom:scripting/monoscript/fileName/ClosePopup.cs: b8d454205b2ceefe37b5fd3a66ce3f21 -> 
  custom:SearchIndexIgnoredProperties: e643bd26f0fe6173181afceb89e7c659 -> 
  custom:scripting/monoscript/fileName/Belt.cs: 57f9cd2ecc900069b427149243ef3bc5 -> 
  custom:AudioImporter_EditorPlatform: d09bf68614088b80899f8185d706f6e7 -> 
  custom:scripting/monoscript/fileName/AssetBundleLoadOperation.cs: 6671757952e868610efe84deb7d10911 -> 
  custom:scripting/monoscript/fileName/PrevSkinMeshBtn.cs: 4b975732b197cfed11faf978a39a86d9 -> 
  custom:scripting/monoscript/fileName/RandomBtn.cs: 09358cb3d53669a5fb3911b12bed41f9 -> 
  custom:scripting/monoscript/fileName/Beard.cs: fcba2011bd59aa862783e312bcb3f1ed -> 
  custom:scripting/monoscript/fileName/EnumFlagAttribute.cs: 74d0d26091c169f8de5e9bf42af43876 -> 
  custom:scripting/monoscript/fileName/LaunchAssetBundleServer.cs: fde14ca75a313e949066fe5170090bd6 -> 
  custom:scripting/monoscript/fileName/TextureManager.cs: e8b62e3c8c466c37ed390308c47b609f -> 
  custom:scripting/monoscript/fileName/RobeShort.cs: 98a985110c88276dffccdebb9b45a97a -> 
  custom:scripting/monoscript/fileName/AssetBundleRecord.cs: 5e3e2662beb76f92f544ca3a6af0a002 -> 
  custom:scripting/monoscript/fileName/TogglePopup.cs: e3546a95722da3ab7907a444f1349cba -> 
  custom:scripting/monoscript/fileName/ITextureLoader.cs: fb942611a67ee29c2d3906a7f2b2ca06 -> 
  custom:scripting/monoscript/fileName/SaveBtn.cs: 3dfbd63f5b032b539a11095805980518 -> 
  custom:scripting/monoscript/fileName/NextSkinMeshBtn.cs: 7bde284a6144f85f7d24cd53fe360afe -> 
  custom:scripting/monoscript/fileName/Head.cs: ef8602f0e05bb6f56d36072970253a56 -> 
  custom:scripting/monoscript/fileName/NextFXBtn.cs: ec23ffa473c712e78d6eb18c4ae448be -> 
  custom:scripting/monoscript/fileName/AssetBundleBrowserMain.cs: adf460d08e5161db4df4e9efbad520b6 -> 
  custom:scripting/monoscript/fileName/JSONMap.cs: 0cc7c12ea7048b3ee204a6864ec14612 -> 
  custom:scripting/monoscript/fileName/AssetBundleManageTab.cs: cd787c8175c6b452036330db58559128 -> 
  custom:scripting/monoscript/fileName/Torso.cs: 69b7e0d6a62aacc036b1886a4ba2587b -> 
  custom:scripting/monoscript/fileName/AssetBundleBuildTab.cs: e4d3d716146519b1f52f6c0fe7ec5a47 -> 
  custom:scripting/monoscript/fileName/Hair.cs: 1f4e341ec44f1e9a43da832f30eda5e7 -> 
  custom:scripting/monoscript/fileName/AbstractMesh.cs: f416745403975ff81463073698d6e017 -> 
  custom:scripting/monoscript/fileName/NextTextureBtn.cs: d5a300ee8993aada97b6138db78b58aa -> 
  custom:scripting/monoscript/fileName/Gloves.cs: 21fa036484600f2d249c1ff665501393 -> 
  custom:scripting/monoscript/fileName/AssetBundleManager.cs: 0e168d48c6d3576e59f6c42f92fecd60 -> 
  custom:scripting/monoscript/fileName/RobeLong.cs: 1a7163e76453fecee35478b548086606 -> 
  custom:scripting/monoscript/fileName/InspectTreeView.cs: 4d03769e654689089e5185b09bfc6882 -> 
  custom:scripting/monoscript/fileName/MeshLoader.cs: 0b10154577fb1ae0dd2e8310eae4ddf4 -> 
  custom:scripting/monoscript/fileName/PrevFXBtn.cs: 9adcb6db2d84b99fc2ba85718ff2705c -> 
  custom:scripting/monoscript/fileName/ABModel.cs: d4f2ea81e354d5c73ab4578ede6b09b2 -> 
  custom:video-encoder-webm-vp8: eb34c28f22e8b96e1ab97ce403110664 -> 
  custom:scripting/monoscript/fileName/TextureLoader.cs: ef2efb353191380796da06838f0ca27c -> 
  custom:scripting/monoscript/fileName/Cloak.cs: 83fee273266203de062b641017c68a04 -> 
  custom:audio-decoder-ogg-vorbis: bf7c407c2cedff20999df2af8eb42d56 -> 
  custom:scripting/monoscript/fileName/Eyebrow.cs: a80914df48c7002be677c64522cce038 -> 
  custom:scripting/monoscript/fileName/MeshUVManager.cs: 3a3d4245c35b74c0afddd620ce689573 -> 
  custom:scripting/monoscript/fileName/MessageList.cs: 6b608508dbf342db2b025fa4e75150ed -> 
  custom:scripting/monoscript/fileName/ClearMeshColorBtn.cs: 0007c8d870af1fc291acf8c091e58855 -> 
  custom:scripting/monoscript/fileName/MessageSystem.cs: e1fba72936ec77bbbc283ee14a4e5ac9 -> 
  custom:scripting/monoscript/fileName/Helper.cs: c607632c58e5a7e90f5ab372e55f1b53 -> 
  custom:scripting/monoscript/fileName/TorsoAdd.cs: de2919cda7445d192f99b708ac4f8f98 -> 
  custom:scripting/monoscript/fileName/EnumFlagDrawer.cs: 41a8255d04f81b6824e2eb405c56f882 -> 
  custom:scripting/monoscript/fileName/Utility.cs: 28500e0d15bd811ed13877f72f01a728 -> 
  custom:scripting/monoscript/fileName/NextColorBtn.cs: 3c291ea58299c895d1e49ee9d26926c4 -> 
  custom:scripting/monoscript/fileName/BeltAdd.cs: cb7f04a49673453c6e59d8a19fc25506 -> 
  custom:scripting/monoscript/fileName/Skin.cs: b53e0e70cea1e5a2051dbeb2d303d7bf -> 
  custom:scripting/monoscript/fileName/PrevMeshColorBtn.cs: 6e7146d83f859cab20d94f99a895303c -> 
  custom:audio-encoder-webm-vorbis: bf7c407c2cedff20999df2af8eb42d56 -> 
  custom:scripting/precompiled-assembly-types:Assembly-CSharp-Editor: ad2859ea0ca0a1f78da22120a3743e36 -> aca7125a3389c5f4127a11b74e5e93cb
  custom:scripting/monoscript/fileName/Helm.cs: c26d56b2bba9bcb0ed144e3501bc4050 -> 
  custom:scripting/monoscript/fileName/Shoulder.cs: cd26873c046cfe405838db4b32b97d24 -> 
  custom:scripting/monoscript/fileName/IMeshLoader.cs: 9ae204479feb9db18b224953da5838fd -> 
  custom:scripting/monoscript/fileName/AssetListTree.cs: 255920d2dc3ac581fe65ea217df17385 -> 
  custom:scripting/monoscript/fileName/MeshTexture.cs: e035409d8c1a139d8e58746d92de0530 -> 
  custom:scripting/monoscript/fileName/AssetBundleTree.cs: db18b513ade8dfdb586627b6c32bbf86 -> 
  custom:scripting/precompiled-assembly-types:Assembly-CSharp: 03264da3fbcd4f1eed66a0a473493714 -> 3c21daaa6596794b482770e25e43442b
  custom:scripting/monoscript/fileName/SpriteProcessor.cs: ecdbdd0dbf42b62f38de6c8096601c0d -> 
  custom:scripting/monoscript/fileName/NextMeshColorBtn.cs: f15a2f312aac46efa390132e8e876a6a -> 
  custom:scripting/monoscript/fileName/ClearAllBtn.cs: 6b6df7aa9e75a6cecf2976db793db6eb -> 
  custom:scripting/monoscript/fileName/PlayerMoveController.cs: a4e66a81bcb2d723b3fb87dd004c6314 -> 
  custom:scripting/monoscript/fileName/ConfigLoader.cs: 62e091607cdc915ce80d4a253b61a2e7 -> 
  custom:scripting/monoscript/fileName/SaveItem.cs: 9fe0db1767d984560e8ce3cdb5cdd4f1 -> 
  custom:scripting/monoscript/fileName/SaveData.cs: cb74f51d5ddf1e3c0494034ad7572a91 -> 
  custom:scripting/monoscript/fileName/PrevColorBtn.cs: 745000830732e20a24b2b0544e8a21f7 -> 
========================================================================
Received Prepare
Caller must complete domain reload
Begin MonoManager ReloadAssembly
- Loaded All Assemblies, in  0.644 seconds
Native extension for WindowsStandalone target not found
Native extension for Android target not found
Mono: successfully reloaded assembly
- Finished resetting the current domain, in  2.263 seconds
Domain Reload Profiling: 2903ms
	BeginReloadAssembly (164ms)
		ExecutionOrderSort (0ms)
		DisableScriptedObjects (4ms)
		BackupInstance (0ms)
		ReleaseScriptingObjects (0ms)
		CreateAndSetChildDomain (38ms)
	RebuildCommonClasses (32ms)
	RebuildNativeTypeToScriptingClass (13ms)
	initialDomainReloadingComplete (33ms)
	LoadAllAssembliesAndSetupDomain (398ms)
		LoadAssemblies (434ms)
		RebuildTransferFunctionScriptingTraits (0ms)
		AnalyzeDomain (50ms)
			TypeCache.Refresh (13ms)
				TypeCache.ScanAssembly (3ms)
			ScanForSourceGeneratedMonoScriptInfo (22ms)
			ResolveRequiredComponents (11ms)
	FinalizeReload (2263ms)
		ReleaseScriptCaches (0ms)
		RebuildScriptCaches (0ms)
		SetupLoadedEditorAssemblies (539ms)
			LogAssemblyErrors (0ms)
			InitializePlatformSupportModulesInManaged (23ms)
			SetLoadedEditorAssemblies (4ms)
			RefreshPlugins (0ms)
			BeforeProcessingInitializeOnLoad (86ms)
			ProcessInitializeOnLoadAttributes (358ms)
			ProcessInitializeOnLoadMethodAttributes (55ms)
			AfterProcessingInitializeOnLoad (12ms)
			EditorAssembliesLoaded (0ms)
		ExecutionOrderSort2 (0ms)
		AwakeInstancesAfterBackupRestoration (19ms)
WARNING: Shader Unsupported: 'Toon/Basic Outline' - All subshaders removed
WARNING: Shader Did you use #pragma only_renderers and omit this platform?
WARNING: Shader If subshaders removal was intentional, you may have forgotten turning Fallback off?
WARNING: Shader Unsupported: 'Toon/Basic Outline' - All subshaders removed
WARNING: Shader Did you use #pragma only_renderers and omit this platform?
WARNING: Shader If subshaders removal was intentional, you may have forgotten turning Fallback off?
WARNING: Shader Unsupported: 'Toon/Lit Outline' - All subshaders removed
WARNING: Shader Did you use #pragma only_renderers and omit this platform?
WARNING: Shader If subshaders removal was intentional, you may have forgotten turning Fallback off?
WARNING: Shader Unsupported: 'Toon/Lit Outline' - All subshaders removed
WARNING: Shader Did you use #pragma only_renderers and omit this platform?
WARNING: Shader If subshaders removal was intentional, you may have forgotten turning Fallback off?
Refreshing native plugins compatible for Editor in 6.71 ms, found 4 plugins.
Preloading 0 native plugins for Editor in 0.00 ms.
Unloading 5359 Unused Serialized files (Serialized files now loaded: 0)
Unloading 26 unused Assets / (1.0 MB). Loaded Objects now: 6029.
Memory consumption went from 195.6 MB to 194.6 MB.
Total: 4.578000 ms (FindLiveObjects: 0.524400 ms CreateObjectMapping: 0.430400 ms MarkObjects: 3.109300 ms  DeleteObjects: 0.512300 ms)

Prepare: number of updated asset objects reloaded= 0
AssetImportParameters requested are different than current active one (requested -> active):
  custom:scripting/monoscript/fileName/MeshTypeBone.cs: f2929f2b8ecce3a651b0fd3ffe111924 -> 
  custom:scripting/monoscript/fileName/ShaderSelector.cs: 685bc00da5c5122ea4d91cfb7c33d4ce -> 
  custom:scripting/monoscript/fileName/Hand.cs: 5052127099e76a39f6f2b58ea1ef5c1e -> 
  custom:scripting/monoscript/fileName/TextureFactory.cs: cee276c059ba8c5d89b2dce85c58444e -> 
  custom:scripting/monoscript/fileName/ExecuteInternalMono.cs: 3e44be6fc6d7f25500f51fef3364e783 -> 
  custom:scripting/monoscript/fileName/BundleDetailList.cs: 49a12b558eca8c309cefc20f79be4f08 -> 
  custom:scripting/monoscript/fileName/ChangeSkinMeshBtn.cs: 5c6d8ac28a61c97b01d08415ec68b892 -> 
  custom:container-demuxer-ogg: 62fdf1f143b41e24485cea50d1cbac27 -> 
  custom:scripting/monoscript/fileName/InspectSingleBundle.cs: c4ddaa812469395f667f8059fbbafbb2 -> 
  custom:scripting/monoscript/fileName/TorsoFX.cs: 8364f33fdfe728687ae399ca95227afe -> 
  custom:scripting/monoscript/fileName/Scar.cs: a42aaa0f7421fdbac285e770432737fe -> 
  custom:scripting/monoscript/fileName/Eye.cs: afd6b945d219259bc28efd165ef781f4 -> 
  custom:scripting/monoscript/fileName/PrevTextureBtn.cs: ca06f7a8c9b0f19ce544f3b94a1420fa -> 
  custom:scripting/monoscript/fileName/ClearColorBtn.cs: 1e8e6c93adda6a5ba905483e8182c1dd -> 
  custom:scripting/monoscript/fileName/SaveManager.cs: de2264e4a492adfd4c3a4c607fa8c9d4 -> 
  custom:scripting/monoscript/fileName/PrevCharacterBtn.cs: 8b169ad1106eaf0dbdbff832654707ff -> 
  custom:scripting/monoscript/fileName/Popup.cs: 1c1ef9080900e5e97d1b14f0b41eadfa -> 
  custom:scripting/monoscript/fileName/EditorBundleManager.cs: 25971b08130223425370a0c67fd24c1d -> 
  custom:scripting/monoscript/fileName/LoadBtn.cs: 70bafae7f72c9ee6623f2f31d0779c28 -> 
  custom:scripting/monoscript/fileName/TextureTypeMaskSelector.cs: 7ff2a9c585e0132e7eecc431d721fd4f -> 
  custom:scripting/monoscript/fileName/Pants.cs: 6c99c36b54f1584503cd85f530589db5 -> 
  custom:scripting/monoscript/fileName/ABDataSourceProvider.cs: 4f93c6cdfbe44a00612a956e4ef9ffe7 -> 
  custom:video-decoder-ogg-theora: a1e56fd34408186e4bbccfd4996cb3dc -> 
  custom:scripting/monoscript/fileName/MeshManager.cs: 2f249bf80d6ae36c03b9409f5feb6c0d -> 
  custom:scripting/monoscript/fileName/ABDataSource.cs: 41b8295d17e0ef0ed1d4f959baadf27f -> 
  custom:framework-win-MediaFoundation: 216162199b28c13a410421893ffa2e32 -> 
  custom:scripting/monoscript/fileName/NextCharacterBtn.cs: 3c5d6d5f91a48826bcb43d4ef5261f6a -> 
  custom:scripting/monoscript/fileName/AssetBundleInspectTab.cs: 945f43d3df2c8ee2453a9a63fa11274c -> 
  custom:scripting/monoscript/fileName/SaveListView.cs: e595613b43c00299f3513b824b0dabc3 -> 
  custom:scripting/monoscript/fileName/MeshFactory.cs: 4bbafa913eed9f0fb1b99654c8762909 -> 
  custom:scripting/monoscript/fileName/AssetDatabaseABDataSource.cs: f87f54f41a9ae61d6c93a1ee4a7276fe -> 
  custom:scripting/monoscript/fileName/AbstractFXMesh.cs: 2f7f8bc9d1b9e98b83ebf043ab545fae -> 
  custom:scripting/monoscript/fileName/IConfigLoader.cs: 290018350438b79782c4b9fdba32926e -> 
  custom:scripting/monoscript/fileName/ABModelBundleInfo.cs: 2188b089518dc510222192403494a01e -> 
  custom:scripting/monoscript/fileName/Leg.cs: ef7b14f4330dc25387e1b59f0290d188 -> 
  custom:scripting/monoscript/fileName/ABModelAssetInfo.cs: 30e23a9e1ca57fffc37b721992bcf1a0 -> 
  custom:scripting/monoscript/fileName/MeshTypeMaskSelector.cs: e94ba6f4a1adba4feee5fb7cc4e351fe -> 
  custom:scripting/monoscript/fileName/ClearMeshBtn.cs: b14d5ced1c19826bfc491001a3f185d1 -> 
  custom:scripting/monoscript/fileName/MeshAndTextureTypeMaskSelector.cs: fdba9a050c9e3646ce8e80b7e936d037 -> 
  custom:scripting/monoscript/fileName/FxMeshFactory.cs: c3e28ca0186ef5ee5525c8801ad21c5a -> 
  custom:scripting/monoscript/fileName/FXTypeMaskSelector.cs: d74f6e4a0bcd101e2717459b81084106 -> 
  custom:scripting/monoscript/fileName/PlayerController.cs: 5b090d859ab09be631dc3b0f203f9571 -> 
  custom:scripting/monoscript/fileName/BuildScript.cs: 426ea9e2914d6e2d91f1414353c5dafc -> 
  custom:scripting/monoscript/fileName/ClearSkinMeshBtn.cs: 82d2655784ebc16abf5528736d619a9b -> 
  custom:scripting/monoscript/fileName/CreateCharacterWizard.cs: acfc968f24a9426403bd5add4843dcf8 -> 
  custom:CustomObjectIndexerAttribute: 72b91833f83ae208fae7752999fa3104 -> 
  custom:scripting/monoscript/fileName/AbstractTexture.cs: 5fe6f2f7be7fb5a86569856b4345a004 -> 
  custom:scripting/monoscript/fileName/FollowCamera.cs: 2d720f10865b64f024b0e3fccdd261c7 -> 
  custom:scripting/monoscript/fileName/FxMeshTypeBone.cs: f85b6921dfd1e47314410f2e3b110e25 -> 
  custom:scripting/monoscript/fileName/AssetbundlesMenuItems.cs: c3bdb3cf11cdd131fd9c40f5c72fdbb7 -> 
  custom:scripting/monoscript/fileName/Arm.cs: 4102684b6836edb71c1e92ebf943cfad -> 
  custom:container-demuxer-webm: 4f35f7cbe854078d1ac9338744f61a02 -> 
  custom:scripting/monoscript/fileName/NextMeshBtn.cs: c626932f4e3ef625c1f95cbb7df53377 -> 
  custom:scripting/monoscript/fileName/FaceFeature.cs: 4fb49a14cfb347e565b8520b489cd06f -> 
  custom:scripting/monoscript/fileName/SavePrefabBtn.cs: 3a461d0b73e33e6450805a3d4c14cf7e -> 
  custom:scripting/monoscript/fileName/LoaderManager.cs: 369c2be46c8c25c8c25ebdc236e1107b -> 
  custom:scripting/monoscript/fileName/SaveNameInput.cs: 38a66e5dc26bdeafde0ff106788ee663 -> 
  custom:scripting/monoscript/fileName/Config.cs: e85a922a2347c074e5939d78a5a7a10e -> 
  custom:scripting/monoscript/fileName/EyeFX.cs: bb3e917396c4b9336da3800cda69d75f -> 
  custom:scripting/monoscript/fileName/JumpFallBehaviour.cs: 6e303c4d540ce7e39efab9189bb22bcd -> 
  custom:scripting/monoscript/fileName/PrevMeshBtn.cs: e4cc6e23cf1ae834cfc676eb293c1a5c -> 
  custom:container-muxer-webm: aa71ff27fc2769a1b78a27578f13a17b -> 
  custom:scripting/monoscript/fileName/ClearTextureBtn.cs: 4f31783abce9af1d7ec4839287fef475 -> 
  custom:scripting/monoscript/fileName/Shoes.cs: 066ec4aa35b5452249c3208e4decccac -> 
  custom:video-decoder-webm-vp8: 9c59270c3fd7afecdb556c50c9e8de78 -> 
  custom:scripting/monoscript/fileName/ConfigManager.cs: ecadd354c11a441a4c89b5fd7a9f00e6 -> 
  custom:scripting/monoscript/fileName/ClearFXBtn.cs: 9a39f15de353636ac82e469249897f2d -> 
  custom:scripting/monoscript/fileName/ClosePopup.cs: b8d454205b2ceefe37b5fd3a66ce3f21 -> 
  custom:SearchIndexIgnoredProperties: e643bd26f0fe6173181afceb89e7c659 -> 
  custom:scripting/monoscript/fileName/Belt.cs: 57f9cd2ecc900069b427149243ef3bc5 -> 
  custom:AudioImporter_EditorPlatform: d09bf68614088b80899f8185d706f6e7 -> 
  custom:scripting/monoscript/fileName/AssetBundleLoadOperation.cs: 6671757952e868610efe84deb7d10911 -> 
  custom:scripting/monoscript/fileName/PrevSkinMeshBtn.cs: 4b975732b197cfed11faf978a39a86d9 -> 
  custom:scripting/monoscript/fileName/RandomBtn.cs: 09358cb3d53669a5fb3911b12bed41f9 -> 
  custom:scripting/monoscript/fileName/Beard.cs: fcba2011bd59aa862783e312bcb3f1ed -> 
  custom:scripting/monoscript/fileName/EnumFlagAttribute.cs: 74d0d26091c169f8de5e9bf42af43876 -> 
  custom:scripting/monoscript/fileName/LaunchAssetBundleServer.cs: fde14ca75a313e949066fe5170090bd6 -> 
  custom:scripting/monoscript/fileName/TextureManager.cs: e8b62e3c8c466c37ed390308c47b609f -> 
  custom:scripting/monoscript/fileName/RobeShort.cs: 98a985110c88276dffccdebb9b45a97a -> 
  custom:scripting/monoscript/fileName/AssetBundleRecord.cs: 5e3e2662beb76f92f544ca3a6af0a002 -> 
  custom:scripting/monoscript/fileName/TogglePopup.cs: e3546a95722da3ab7907a444f1349cba -> 
  custom:scripting/monoscript/fileName/ITextureLoader.cs: fb942611a67ee29c2d3906a7f2b2ca06 -> 
  custom:scripting/monoscript/fileName/SaveBtn.cs: 3dfbd63f5b032b539a11095805980518 -> 
  custom:scripting/monoscript/fileName/NextSkinMeshBtn.cs: 7bde284a6144f85f7d24cd53fe360afe -> 
  custom:scripting/monoscript/fileName/Head.cs: ef8602f0e05bb6f56d36072970253a56 -> 
  custom:scripting/monoscript/fileName/NextFXBtn.cs: ec23ffa473c712e78d6eb18c4ae448be -> 
  custom:scripting/monoscript/fileName/AssetBundleBrowserMain.cs: adf460d08e5161db4df4e9efbad520b6 -> 
  custom:scripting/monoscript/fileName/JSONMap.cs: 0cc7c12ea7048b3ee204a6864ec14612 -> 
  custom:scripting/monoscript/fileName/AssetBundleManageTab.cs: cd787c8175c6b452036330db58559128 -> 
  custom:scripting/monoscript/fileName/Torso.cs: 69b7e0d6a62aacc036b1886a4ba2587b -> 
  custom:scripting/monoscript/fileName/AssetBundleBuildTab.cs: e4d3d716146519b1f52f6c0fe7ec5a47 -> 
  custom:scripting/monoscript/fileName/Hair.cs: 1f4e341ec44f1e9a43da832f30eda5e7 -> 
  custom:scripting/monoscript/fileName/AbstractMesh.cs: f416745403975ff81463073698d6e017 -> 
  custom:scripting/monoscript/fileName/NextTextureBtn.cs: d5a300ee8993aada97b6138db78b58aa -> 
  custom:scripting/monoscript/fileName/Gloves.cs: 21fa036484600f2d249c1ff665501393 -> 
  custom:scripting/monoscript/fileName/AssetBundleManager.cs: 0e168d48c6d3576e59f6c42f92fecd60 -> 
  custom:scripting/monoscript/fileName/RobeLong.cs: 1a7163e76453fecee35478b548086606 -> 
  custom:scripting/monoscript/fileName/InspectTreeView.cs: 4d03769e654689089e5185b09bfc6882 -> 
  custom:scripting/monoscript/fileName/MeshLoader.cs: 0b10154577fb1ae0dd2e8310eae4ddf4 -> 
  custom:scripting/monoscript/fileName/PrevFXBtn.cs: 9adcb6db2d84b99fc2ba85718ff2705c -> 
  custom:scripting/monoscript/fileName/ABModel.cs: d4f2ea81e354d5c73ab4578ede6b09b2 -> 
  custom:video-encoder-webm-vp8: eb34c28f22e8b96e1ab97ce403110664 -> 
  custom:scripting/monoscript/fileName/TextureLoader.cs: ef2efb353191380796da06838f0ca27c -> 
  custom:scripting/monoscript/fileName/Cloak.cs: 83fee273266203de062b641017c68a04 -> 
  custom:audio-decoder-ogg-vorbis: bf7c407c2cedff20999df2af8eb42d56 -> 
  custom:scripting/monoscript/fileName/Eyebrow.cs: a80914df48c7002be677c64522cce038 -> 
  custom:scripting/monoscript/fileName/MeshUVManager.cs: 3a3d4245c35b74c0afddd620ce689573 -> 
  custom:scripting/monoscript/fileName/MessageList.cs: 6b608508dbf342db2b025fa4e75150ed -> 
  custom:scripting/monoscript/fileName/ClearMeshColorBtn.cs: 0007c8d870af1fc291acf8c091e58855 -> 
  custom:scripting/monoscript/fileName/MessageSystem.cs: e1fba72936ec77bbbc283ee14a4e5ac9 -> 
  custom:scripting/monoscript/fileName/Helper.cs: c607632c58e5a7e90f5ab372e55f1b53 -> 
  custom:scripting/monoscript/fileName/TorsoAdd.cs: de2919cda7445d192f99b708ac4f8f98 -> 
  custom:scripting/monoscript/fileName/EnumFlagDrawer.cs: 41a8255d04f81b6824e2eb405c56f882 -> 
  custom:scripting/monoscript/fileName/Utility.cs: 28500e0d15bd811ed13877f72f01a728 -> 
  custom:scripting/monoscript/fileName/NextColorBtn.cs: 3c291ea58299c895d1e49ee9d26926c4 -> 
  custom:scripting/monoscript/fileName/BeltAdd.cs: cb7f04a49673453c6e59d8a19fc25506 -> 
  custom:scripting/monoscript/fileName/Skin.cs: b53e0e70cea1e5a2051dbeb2d303d7bf -> 
  custom:scripting/monoscript/fileName/PrevMeshColorBtn.cs: 6e7146d83f859cab20d94f99a895303c -> 
  custom:audio-encoder-webm-vorbis: bf7c407c2cedff20999df2af8eb42d56 -> 
  custom:scripting/precompiled-assembly-types:Assembly-CSharp-Editor: 45468fdc512dfc301cf6919cd834a8f4 -> aca7125a3389c5f4127a11b74e5e93cb
  custom:scripting/monoscript/fileName/Helm.cs: c26d56b2bba9bcb0ed144e3501bc4050 -> 
  custom:scripting/monoscript/fileName/Shoulder.cs: cd26873c046cfe405838db4b32b97d24 -> 
  custom:scripting/monoscript/fileName/IMeshLoader.cs: 9ae204479feb9db18b224953da5838fd -> 
  custom:scripting/monoscript/fileName/AssetListTree.cs: 255920d2dc3ac581fe65ea217df17385 -> 
  custom:scripting/monoscript/fileName/MeshTexture.cs: e035409d8c1a139d8e58746d92de0530 -> 
  custom:scripting/monoscript/fileName/AssetBundleTree.cs: db18b513ade8dfdb586627b6c32bbf86 -> 
  custom:scripting/precompiled-assembly-types:Assembly-CSharp: 1e6e9d88a6b3d2f12e04aa2e82bea247 -> 3c21daaa6596794b482770e25e43442b
  custom:scripting/monoscript/fileName/SpriteProcessor.cs: ecdbdd0dbf42b62f38de6c8096601c0d -> 
  custom:scripting/monoscript/fileName/NextMeshColorBtn.cs: f15a2f312aac46efa390132e8e876a6a -> 
  custom:scripting/monoscript/fileName/ClearAllBtn.cs: 6b6df7aa9e75a6cecf2976db793db6eb -> 
  custom:scripting/monoscript/fileName/PlayerMoveController.cs: a4e66a81bcb2d723b3fb87dd004c6314 -> 
  custom:scripting/monoscript/fileName/ConfigLoader.cs: 62e091607cdc915ce80d4a253b61a2e7 -> 
  custom:scripting/monoscript/fileName/SaveItem.cs: 9fe0db1767d984560e8ce3cdb5cdd4f1 -> 
  custom:scripting/monoscript/fileName/SaveData.cs: cb74f51d5ddf1e3c0494034ad7572a91 -> 
  custom:scripting/monoscript/fileName/PrevColorBtn.cs: 745000830732e20a24b2b0544e8a21f7 -> 
========================================================================
Received Prepare
Caller must complete domain reload
Begin MonoManager ReloadAssembly
- Loaded All Assemblies, in  0.556 seconds
Native extension for WindowsStandalone target not found
Native extension for Android target not found
Mono: successfully reloaded assembly
- Finished resetting the current domain, in  1.447 seconds
Domain Reload Profiling: 1999ms
	BeginReloadAssembly (155ms)
		ExecutionOrderSort (0ms)
		DisableScriptedObjects (4ms)
		BackupInstance (0ms)
		ReleaseScriptingObjects (0ms)
		CreateAndSetChildDomain (38ms)
	RebuildCommonClasses (28ms)
	RebuildNativeTypeToScriptingClass (9ms)
	initialDomainReloadingComplete (31ms)
	LoadAllAssembliesAndSetupDomain (329ms)
		LoadAssemblies (393ms)
		RebuildTransferFunctionScriptingTraits (0ms)
		AnalyzeDomain (19ms)
			TypeCache.Refresh (6ms)
				TypeCache.ScanAssembly (0ms)
			ScanForSourceGeneratedMonoScriptInfo (0ms)
			ResolveRequiredComponents (10ms)
	FinalizeReload (1447ms)
		ReleaseScriptCaches (0ms)
		RebuildScriptCaches (0ms)
		SetupLoadedEditorAssemblies (522ms)
			LogAssemblyErrors (0ms)
			InitializePlatformSupportModulesInManaged (22ms)
			SetLoadedEditorAssemblies (5ms)
			RefreshPlugins (0ms)
			BeforeProcessingInitializeOnLoad (101ms)
			ProcessInitializeOnLoadAttributes (315ms)
			ProcessInitializeOnLoadMethodAttributes (69ms)
			AfterProcessingInitializeOnLoad (9ms)
			EditorAssembliesLoaded (0ms)
		ExecutionOrderSort2 (0ms)
		AwakeInstancesAfterBackupRestoration (16ms)
WARNING: Shader Unsupported: 'Toon/Basic Outline' - All subshaders removed
WARNING: Shader Did you use #pragma only_renderers and omit this platform?
WARNING: Shader If subshaders removal was intentional, you may have forgotten turning Fallback off?
WARNING: Shader Unsupported: 'Toon/Basic Outline' - All subshaders removed
WARNING: Shader Did you use #pragma only_renderers and omit this platform?
WARNING: Shader If subshaders removal was intentional, you may have forgotten turning Fallback off?
WARNING: Shader Unsupported: 'Toon/Lit Outline' - All subshaders removed
WARNING: Shader Did you use #pragma only_renderers and omit this platform?
WARNING: Shader If subshaders removal was intentional, you may have forgotten turning Fallback off?
WARNING: Shader Unsupported: 'Toon/Lit Outline' - All subshaders removed
WARNING: Shader Did you use #pragma only_renderers and omit this platform?
WARNING: Shader If subshaders removal was intentional, you may have forgotten turning Fallback off?
Refreshing native plugins compatible for Editor in 8.31 ms, found 4 plugins.
Preloading 0 native plugins for Editor in 0.00 ms.
Unloading 5359 Unused Serialized files (Serialized files now loaded: 0)
Unloading 26 unused Assets / (1.0 MB). Loaded Objects now: 6034.
Memory consumption went from 195.7 MB to 194.7 MB.
Total: 5.493700 ms (FindLiveObjects: 0.823700 ms CreateObjectMapping: 0.600900 ms MarkObjects: 3.490000 ms  DeleteObjects: 0.577800 ms)

Prepare: number of updated asset objects reloaded= 0
AssetImportParameters requested are different than current active one (requested -> active):
  custom:scripting/monoscript/fileName/MeshTypeBone.cs: f2929f2b8ecce3a651b0fd3ffe111924 -> 
  custom:scripting/monoscript/fileName/ShaderSelector.cs: 685bc00da5c5122ea4d91cfb7c33d4ce -> 
  custom:scripting/monoscript/fileName/Hand.cs: 5052127099e76a39f6f2b58ea1ef5c1e -> 
  custom:scripting/monoscript/fileName/TextureFactory.cs: cee276c059ba8c5d89b2dce85c58444e -> 
  custom:scripting/monoscript/fileName/ExecuteInternalMono.cs: 3e44be6fc6d7f25500f51fef3364e783 -> 
  custom:scripting/monoscript/fileName/BundleDetailList.cs: 49a12b558eca8c309cefc20f79be4f08 -> 
  custom:scripting/monoscript/fileName/ChangeSkinMeshBtn.cs: 5c6d8ac28a61c97b01d08415ec68b892 -> 
  custom:container-demuxer-ogg: 62fdf1f143b41e24485cea50d1cbac27 -> 
  custom:scripting/monoscript/fileName/InspectSingleBundle.cs: c4ddaa812469395f667f8059fbbafbb2 -> 
  custom:scripting/monoscript/fileName/TorsoFX.cs: 8364f33fdfe728687ae399ca95227afe -> 
  custom:scripting/monoscript/fileName/Scar.cs: a42aaa0f7421fdbac285e770432737fe -> 
  custom:scripting/monoscript/fileName/Eye.cs: afd6b945d219259bc28efd165ef781f4 -> 
  custom:scripting/monoscript/fileName/PrevTextureBtn.cs: ca06f7a8c9b0f19ce544f3b94a1420fa -> 
  custom:scripting/monoscript/fileName/ClearColorBtn.cs: 1e8e6c93adda6a5ba905483e8182c1dd -> 
  custom:scripting/monoscript/fileName/SaveManager.cs: de2264e4a492adfd4c3a4c607fa8c9d4 -> 
  custom:scripting/monoscript/fileName/PrevCharacterBtn.cs: 8b169ad1106eaf0dbdbff832654707ff -> 
  custom:scripting/monoscript/fileName/Popup.cs: 1c1ef9080900e5e97d1b14f0b41eadfa -> 
  custom:scripting/monoscript/fileName/EditorBundleManager.cs: 25971b08130223425370a0c67fd24c1d -> 
  custom:scripting/monoscript/fileName/LoadBtn.cs: 70bafae7f72c9ee6623f2f31d0779c28 -> 
  custom:scripting/monoscript/fileName/TextureTypeMaskSelector.cs: 7ff2a9c585e0132e7eecc431d721fd4f -> 
  custom:scripting/monoscript/fileName/Pants.cs: 6c99c36b54f1584503cd85f530589db5 -> 
  custom:scripting/monoscript/fileName/ABDataSourceProvider.cs: 4f93c6cdfbe44a00612a956e4ef9ffe7 -> 
  custom:video-decoder-ogg-theora: a1e56fd34408186e4bbccfd4996cb3dc -> 
  custom:scripting/monoscript/fileName/MeshManager.cs: 2f249bf80d6ae36c03b9409f5feb6c0d -> 
  custom:scripting/monoscript/fileName/ABDataSource.cs: 41b8295d17e0ef0ed1d4f959baadf27f -> 
  custom:framework-win-MediaFoundation: 216162199b28c13a410421893ffa2e32 -> 
  custom:scripting/monoscript/fileName/NextCharacterBtn.cs: 3c5d6d5f91a48826bcb43d4ef5261f6a -> 
  custom:scripting/monoscript/fileName/AssetBundleInspectTab.cs: 945f43d3df2c8ee2453a9a63fa11274c -> 
  custom:scripting/monoscript/fileName/SaveListView.cs: e595613b43c00299f3513b824b0dabc3 -> 
  custom:scripting/monoscript/fileName/MeshFactory.cs: 4bbafa913eed9f0fb1b99654c8762909 -> 
  custom:scripting/monoscript/fileName/AssetDatabaseABDataSource.cs: f87f54f41a9ae61d6c93a1ee4a7276fe -> 
  custom:scripting/monoscript/fileName/AbstractFXMesh.cs: 2f7f8bc9d1b9e98b83ebf043ab545fae -> 
  custom:scripting/monoscript/fileName/IConfigLoader.cs: 290018350438b79782c4b9fdba32926e -> 
  custom:scripting/monoscript/fileName/ABModelBundleInfo.cs: 2188b089518dc510222192403494a01e -> 
  custom:scripting/monoscript/fileName/Leg.cs: ef7b14f4330dc25387e1b59f0290d188 -> 
  custom:scripting/monoscript/fileName/ABModelAssetInfo.cs: 30e23a9e1ca57fffc37b721992bcf1a0 -> 
  custom:scripting/monoscript/fileName/MeshTypeMaskSelector.cs: e94ba6f4a1adba4feee5fb7cc4e351fe -> 
  custom:scripting/monoscript/fileName/ClearMeshBtn.cs: b14d5ced1c19826bfc491001a3f185d1 -> 
  custom:scripting/monoscript/fileName/MeshAndTextureTypeMaskSelector.cs: fdba9a050c9e3646ce8e80b7e936d037 -> 
  custom:scripting/monoscript/fileName/FxMeshFactory.cs: c3e28ca0186ef5ee5525c8801ad21c5a -> 
  custom:scripting/monoscript/fileName/FXTypeMaskSelector.cs: d74f6e4a0bcd101e2717459b81084106 -> 
  custom:scripting/monoscript/fileName/PlayerController.cs: 5b090d859ab09be631dc3b0f203f9571 -> 
  custom:scripting/monoscript/fileName/BuildScript.cs: 426ea9e2914d6e2d91f1414353c5dafc -> 
  custom:scripting/monoscript/fileName/ClearSkinMeshBtn.cs: 82d2655784ebc16abf5528736d619a9b -> 
  custom:scripting/monoscript/fileName/CreateCharacterWizard.cs: acfc968f24a9426403bd5add4843dcf8 -> 
  custom:CustomObjectIndexerAttribute: 72b91833f83ae208fae7752999fa3104 -> 
  custom:scripting/monoscript/fileName/AbstractTexture.cs: 5fe6f2f7be7fb5a86569856b4345a004 -> 
  custom:scripting/monoscript/fileName/FollowCamera.cs: 2d720f10865b64f024b0e3fccdd261c7 -> 
  custom:scripting/monoscript/fileName/FxMeshTypeBone.cs: f85b6921dfd1e47314410f2e3b110e25 -> 
  custom:scripting/monoscript/fileName/AssetbundlesMenuItems.cs: c3bdb3cf11cdd131fd9c40f5c72fdbb7 -> 
  custom:scripting/monoscript/fileName/Arm.cs: 4102684b6836edb71c1e92ebf943cfad -> 
  custom:container-demuxer-webm: 4f35f7cbe854078d1ac9338744f61a02 -> 
  custom:scripting/monoscript/fileName/NextMeshBtn.cs: c626932f4e3ef625c1f95cbb7df53377 -> 
  custom:scripting/monoscript/fileName/FaceFeature.cs: 4fb49a14cfb347e565b8520b489cd06f -> 
  custom:scripting/monoscript/fileName/SavePrefabBtn.cs: 3a461d0b73e33e6450805a3d4c14cf7e -> 
  custom:scripting/monoscript/fileName/LoaderManager.cs: 369c2be46c8c25c8c25ebdc236e1107b -> 
  custom:scripting/monoscript/fileName/SaveNameInput.cs: 38a66e5dc26bdeafde0ff106788ee663 -> 
  custom:scripting/monoscript/fileName/Config.cs: e85a922a2347c074e5939d78a5a7a10e -> 
  custom:scripting/monoscript/fileName/EyeFX.cs: bb3e917396c4b9336da3800cda69d75f -> 
  custom:scripting/monoscript/fileName/JumpFallBehaviour.cs: 6e303c4d540ce7e39efab9189bb22bcd -> 
  custom:scripting/monoscript/fileName/PrevMeshBtn.cs: e4cc6e23cf1ae834cfc676eb293c1a5c -> 
  custom:container-muxer-webm: aa71ff27fc2769a1b78a27578f13a17b -> 
  custom:scripting/monoscript/fileName/ClearTextureBtn.cs: 4f31783abce9af1d7ec4839287fef475 -> 
  custom:scripting/monoscript/fileName/Shoes.cs: 066ec4aa35b5452249c3208e4decccac -> 
  custom:video-decoder-webm-vp8: 9c59270c3fd7afecdb556c50c9e8de78 -> 
  custom:scripting/monoscript/fileName/ConfigManager.cs: ecadd354c11a441a4c89b5fd7a9f00e6 -> 
  custom:scripting/monoscript/fileName/ClearFXBtn.cs: 9a39f15de353636ac82e469249897f2d -> 
  custom:scripting/monoscript/fileName/ClosePopup.cs: b8d454205b2ceefe37b5fd3a66ce3f21 -> 
  custom:SearchIndexIgnoredProperties: e643bd26f0fe6173181afceb89e7c659 -> 
  custom:scripting/monoscript/fileName/Belt.cs: 57f9cd2ecc900069b427149243ef3bc5 -> 
  custom:AudioImporter_EditorPlatform: d09bf68614088b80899f8185d706f6e7 -> 
  custom:scripting/monoscript/fileName/AssetBundleLoadOperation.cs: 6671757952e868610efe84deb7d10911 -> 
  custom:scripting/monoscript/fileName/PrevSkinMeshBtn.cs: 4b975732b197cfed11faf978a39a86d9 -> 
  custom:scripting/monoscript/fileName/RandomBtn.cs: 09358cb3d53669a5fb3911b12bed41f9 -> 
  custom:scripting/monoscript/fileName/Beard.cs: fcba2011bd59aa862783e312bcb3f1ed -> 
  custom:scripting/monoscript/fileName/EnumFlagAttribute.cs: 74d0d26091c169f8de5e9bf42af43876 -> 
  custom:scripting/monoscript/fileName/LaunchAssetBundleServer.cs: fde14ca75a313e949066fe5170090bd6 -> 
  custom:scripting/monoscript/fileName/TextureManager.cs: e8b62e3c8c466c37ed390308c47b609f -> 
  custom:scripting/monoscript/fileName/RobeShort.cs: 98a985110c88276dffccdebb9b45a97a -> 
  custom:scripting/monoscript/fileName/AssetBundleRecord.cs: 5e3e2662beb76f92f544ca3a6af0a002 -> 
  custom:scripting/monoscript/fileName/TogglePopup.cs: e3546a95722da3ab7907a444f1349cba -> 
  custom:scripting/monoscript/fileName/ITextureLoader.cs: fb942611a67ee29c2d3906a7f2b2ca06 -> 
  custom:scripting/monoscript/fileName/SaveBtn.cs: 3dfbd63f5b032b539a11095805980518 -> 
  custom:scripting/monoscript/fileName/NextSkinMeshBtn.cs: 7bde284a6144f85f7d24cd53fe360afe -> 
  custom:scripting/monoscript/fileName/Head.cs: ef8602f0e05bb6f56d36072970253a56 -> 
  custom:scripting/monoscript/fileName/NextFXBtn.cs: ec23ffa473c712e78d6eb18c4ae448be -> 
  custom:scripting/monoscript/fileName/AssetBundleBrowserMain.cs: adf460d08e5161db4df4e9efbad520b6 -> 
  custom:scripting/monoscript/fileName/JSONMap.cs: 0cc7c12ea7048b3ee204a6864ec14612 -> 
  custom:scripting/monoscript/fileName/AssetBundleManageTab.cs: cd787c8175c6b452036330db58559128 -> 
  custom:scripting/monoscript/fileName/Torso.cs: 69b7e0d6a62aacc036b1886a4ba2587b -> 
  custom:scripting/monoscript/fileName/AssetBundleBuildTab.cs: e4d3d716146519b1f52f6c0fe7ec5a47 -> 
  custom:scripting/monoscript/fileName/Hair.cs: 1f4e341ec44f1e9a43da832f30eda5e7 -> 
  custom:scripting/monoscript/fileName/AbstractMesh.cs: f416745403975ff81463073698d6e017 -> 
  custom:scripting/monoscript/fileName/NextTextureBtn.cs: d5a300ee8993aada97b6138db78b58aa -> 
  custom:scripting/monoscript/fileName/Gloves.cs: 21fa036484600f2d249c1ff665501393 -> 
  custom:scripting/monoscript/fileName/AssetBundleManager.cs: 0e168d48c6d3576e59f6c42f92fecd60 -> 
  custom:scripting/monoscript/fileName/RobeLong.cs: 1a7163e76453fecee35478b548086606 -> 
  custom:scripting/monoscript/fileName/InspectTreeView.cs: 4d03769e654689089e5185b09bfc6882 -> 
  custom:scripting/monoscript/fileName/MeshLoader.cs: 0b10154577fb1ae0dd2e8310eae4ddf4 -> 
  custom:scripting/monoscript/fileName/PrevFXBtn.cs: 9adcb6db2d84b99fc2ba85718ff2705c -> 
  custom:scripting/monoscript/fileName/ABModel.cs: d4f2ea81e354d5c73ab4578ede6b09b2 -> 
  custom:video-encoder-webm-vp8: eb34c28f22e8b96e1ab97ce403110664 -> 
  custom:scripting/monoscript/fileName/TextureLoader.cs: ef2efb353191380796da06838f0ca27c -> 
  custom:scripting/monoscript/fileName/Cloak.cs: 83fee273266203de062b641017c68a04 -> 
  custom:audio-decoder-ogg-vorbis: bf7c407c2cedff20999df2af8eb42d56 -> 
  custom:scripting/monoscript/fileName/Eyebrow.cs: a80914df48c7002be677c64522cce038 -> 
  custom:scripting/monoscript/fileName/MeshUVManager.cs: 3a3d4245c35b74c0afddd620ce689573 -> 
  custom:scripting/monoscript/fileName/MessageList.cs: 6b608508dbf342db2b025fa4e75150ed -> 
  custom:scripting/monoscript/fileName/ClearMeshColorBtn.cs: 0007c8d870af1fc291acf8c091e58855 -> 
  custom:scripting/monoscript/fileName/MessageSystem.cs: e1fba72936ec77bbbc283ee14a4e5ac9 -> 
  custom:scripting/monoscript/fileName/Helper.cs: c607632c58e5a7e90f5ab372e55f1b53 -> 
  custom:scripting/monoscript/fileName/TorsoAdd.cs: de2919cda7445d192f99b708ac4f8f98 -> 
  custom:scripting/monoscript/fileName/EnumFlagDrawer.cs: 41a8255d04f81b6824e2eb405c56f882 -> 
  custom:scripting/monoscript/fileName/Utility.cs: 28500e0d15bd811ed13877f72f01a728 -> 
  custom:scripting/monoscript/fileName/NextColorBtn.cs: 3c291ea58299c895d1e49ee9d26926c4 -> 
  custom:scripting/monoscript/fileName/BeltAdd.cs: cb7f04a49673453c6e59d8a19fc25506 -> 
  custom:scripting/monoscript/fileName/Skin.cs: b53e0e70cea1e5a2051dbeb2d303d7bf -> 
  custom:scripting/monoscript/fileName/PrevMeshColorBtn.cs: 6e7146d83f859cab20d94f99a895303c -> 
  custom:audio-encoder-webm-vorbis: bf7c407c2cedff20999df2af8eb42d56 -> 
  custom:scripting/precompiled-assembly-types:Assembly-CSharp-Editor: 45468fdc512dfc301cf6919cd834a8f4 -> aca7125a3389c5f4127a11b74e5e93cb
  custom:scripting/monoscript/fileName/Helm.cs: c26d56b2bba9bcb0ed144e3501bc4050 -> 
  custom:scripting/monoscript/fileName/Shoulder.cs: cd26873c046cfe405838db4b32b97d24 -> 
  custom:scripting/monoscript/fileName/IMeshLoader.cs: 9ae204479feb9db18b224953da5838fd -> 
  custom:scripting/monoscript/fileName/AssetListTree.cs: 255920d2dc3ac581fe65ea217df17385 -> 
  custom:scripting/monoscript/fileName/MeshTexture.cs: e035409d8c1a139d8e58746d92de0530 -> 
  custom:scripting/monoscript/fileName/AssetBundleTree.cs: db18b513ade8dfdb586627b6c32bbf86 -> 
  custom:scripting/precompiled-assembly-types:Assembly-CSharp: 1e6e9d88a6b3d2f12e04aa2e82bea247 -> 3c21daaa6596794b482770e25e43442b
  custom:scripting/monoscript/fileName/SpriteProcessor.cs: ecdbdd0dbf42b62f38de6c8096601c0d -> 
  custom:scripting/monoscript/fileName/NextMeshColorBtn.cs: f15a2f312aac46efa390132e8e876a6a -> 
  custom:scripting/monoscript/fileName/ClearAllBtn.cs: 6b6df7aa9e75a6cecf2976db793db6eb -> 
  custom:scripting/monoscript/fileName/PlayerMoveController.cs: a4e66a81bcb2d723b3fb87dd004c6314 -> 
  custom:scripting/monoscript/fileName/ConfigLoader.cs: 62e091607cdc915ce80d4a253b61a2e7 -> 
  custom:scripting/monoscript/fileName/SaveItem.cs: 9fe0db1767d984560e8ce3cdb5cdd4f1 -> 
  custom:scripting/monoscript/fileName/SaveData.cs: cb74f51d5ddf1e3c0494034ad7572a91 -> 
  custom:scripting/monoscript/fileName/PrevColorBtn.cs: 745000830732e20a24b2b0544e8a21f7 -> 
========================================================================
Received Import Request.
  Time since last request: 405.154788 seconds.
  path: Assets/Character_Editor/Shaders/ToonShading/Materials/ToonBasicOutline.mat
  artifactKey: Guid(215977489d11178d11005b9844295342) Importer(815301076,1909f56bfc062723c751e8b465ee728b)
Start importing Assets/Character_Editor/Shaders/ToonShading/Materials/ToonBasicOutline.mat using Guid(215977489d11178d11005b9844295342) Importer(815301076,1909f56bfc062723c751e8b465ee728b) [PhysX] Initialized MultithreadedTaskDispatcher with 12 workers.
[PhysX] Initialized MultithreadedTaskDispatcher with 12 workers.
 -> (artifact id: 'b84171aef7e0cf1205c26ae853c2d1ca') in 0.329709 seconds
Number of updated asset objects reloaded before import = 0
Number of asset objects unloaded after import = 24
========================================================================
Received Import Request.
  Time since last request: 0.000036 seconds.
  path: Assets/Character_Editor/Shaders/ToonShading/Materials/ToonLitOutline.mat
  artifactKey: Guid(5d69df9d9d11e49d110086ba44295342) Importer(815301076,1909f56bfc062723c751e8b465ee728b)
Start importing Assets/Character_Editor/Shaders/ToonShading/Materials/ToonLitOutline.mat using Guid(5d69df9d9d11e49d110086ba44295342) Importer(815301076,1909f56bfc062723c751e8b465ee728b) [PhysX] Initialized MultithreadedTaskDispatcher with 12 workers.
[PhysX] Initialized MultithreadedTaskDispatcher with 12 workers.
 -> (artifact id: 'a55367bcf8a9c63338449e7dafe544c7') in 0.014628 seconds
Number of updated asset objects reloaded before import = 0
Number of asset objects unloaded after import = 7
========================================================================
Received Prepare
Caller must complete domain reload
Begin MonoManager ReloadAssembly
- Loaded All Assemblies, in  0.545 seconds
Native extension for WindowsStandalone target not found
Native extension for Android target not found
Mono: successfully reloaded assembly
- Finished resetting the current domain, in  1.378 seconds
Domain Reload Profiling: 1919ms
	BeginReloadAssembly (169ms)
		ExecutionOrderSort (0ms)
		DisableScriptedObjects (9ms)
		BackupInstance (0ms)
		ReleaseScriptingObjects (0ms)
		CreateAndSetChildDomain (40ms)
	RebuildCommonClasses (27ms)
	RebuildNativeTypeToScriptingClass (12ms)
	initialDomainReloadingComplete (33ms)
	LoadAllAssembliesAndSetupDomain (300ms)
		LoadAssemblies (368ms)
		RebuildTransferFunctionScriptingTraits (0ms)
		AnalyzeDomain (21ms)
			TypeCache.Refresh (7ms)
				TypeCache.ScanAssembly (0ms)
			ScanForSourceGeneratedMonoScriptInfo (0ms)
			ResolveRequiredComponents (11ms)
	FinalizeReload (1379ms)
		ReleaseScriptCaches (0ms)
		RebuildScriptCaches (0ms)
		SetupLoadedEditorAssemblies (518ms)
			LogAssemblyErrors (0ms)
			InitializePlatformSupportModulesInManaged (24ms)
			SetLoadedEditorAssemblies (4ms)
			RefreshPlugins (0ms)
			BeforeProcessingInitializeOnLoad (94ms)
			ProcessInitializeOnLoadAttributes (317ms)
			ProcessInitializeOnLoadMethodAttributes (69ms)
			AfterProcessingInitializeOnLoad (10ms)
			EditorAssembliesLoaded (0ms)
		ExecutionOrderSort2 (0ms)
		AwakeInstancesAfterBackupRestoration (21ms)
WARNING: Shader Unsupported: 'Toon/Basic Outline' - All subshaders removed
WARNING: Shader Did you use #pragma only_renderers and omit this platform?
WARNING: Shader If subshaders removal was intentional, you may have forgotten turning Fallback off?
WARNING: Shader Unsupported: 'Toon/Basic Outline' - All subshaders removed
WARNING: Shader Did you use #pragma only_renderers and omit this platform?
WARNING: Shader If subshaders removal was intentional, you may have forgotten turning Fallback off?
WARNING: Shader Unsupported: 'Toon/Lit Outline' - All subshaders removed
WARNING: Shader Did you use #pragma only_renderers and omit this platform?
WARNING: Shader If subshaders removal was intentional, you may have forgotten turning Fallback off?
WARNING: Shader Unsupported: 'Toon/Lit Outline' - All subshaders removed
WARNING: Shader Did you use #pragma only_renderers and omit this platform?
WARNING: Shader If subshaders removal was intentional, you may have forgotten turning Fallback off?
Refreshing native plugins compatible for Editor in 8.37 ms, found 4 plugins.
Preloading 0 native plugins for Editor in 0.00 ms.
Unloading 5359 Unused Serialized files (Serialized files now loaded: 0)
Unloading 25 unused Assets / (0.9 MB). Loaded Objects now: 6116.
Memory consumption went from 196.2 MB to 195.4 MB.
Total: 4.683100 ms (FindLiveObjects: 0.609200 ms CreateObjectMapping: 0.515800 ms MarkObjects: 2.931400 ms  DeleteObjects: 0.625100 ms)

Prepare: number of updated asset objects reloaded= 0
AssetImportParameters requested are different than current active one (requested -> active):
  custom:scripting/monoscript/fileName/MeshTypeBone.cs: f2929f2b8ecce3a651b0fd3ffe111924 -> 
  custom:scripting/monoscript/fileName/ShaderSelector.cs: 685bc00da5c5122ea4d91cfb7c33d4ce -> 
  custom:scripting/monoscript/fileName/Hand.cs: 5052127099e76a39f6f2b58ea1ef5c1e -> 
  custom:scripting/monoscript/fileName/TextureFactory.cs: cee276c059ba8c5d89b2dce85c58444e -> 
  custom:scripting/monoscript/fileName/ExecuteInternalMono.cs: 3e44be6fc6d7f25500f51fef3364e783 -> 
  custom:scripting/monoscript/fileName/BundleDetailList.cs: 49a12b558eca8c309cefc20f79be4f08 -> 
  custom:scripting/monoscript/fileName/ChangeSkinMeshBtn.cs: 5c6d8ac28a61c97b01d08415ec68b892 -> 
  custom:container-demuxer-ogg: 62fdf1f143b41e24485cea50d1cbac27 -> 
  custom:scripting/monoscript/fileName/InspectSingleBundle.cs: c4ddaa812469395f667f8059fbbafbb2 -> 
  custom:scripting/monoscript/fileName/TorsoFX.cs: 8364f33fdfe728687ae399ca95227afe -> 
  custom:scripting/monoscript/fileName/Scar.cs: a42aaa0f7421fdbac285e770432737fe -> 
  custom:scripting/monoscript/fileName/Eye.cs: afd6b945d219259bc28efd165ef781f4 -> 
  custom:scripting/monoscript/fileName/PrevTextureBtn.cs: ca06f7a8c9b0f19ce544f3b94a1420fa -> 
  custom:scripting/monoscript/fileName/ClearColorBtn.cs: 1e8e6c93adda6a5ba905483e8182c1dd -> 
  custom:scripting/monoscript/fileName/SaveManager.cs: de2264e4a492adfd4c3a4c607fa8c9d4 -> 
  custom:scripting/monoscript/fileName/PrevCharacterBtn.cs: 8b169ad1106eaf0dbdbff832654707ff -> 
  custom:scripting/monoscript/fileName/Popup.cs: 1c1ef9080900e5e97d1b14f0b41eadfa -> 
  custom:scripting/monoscript/fileName/EditorBundleManager.cs: 25971b08130223425370a0c67fd24c1d -> 
  custom:scripting/monoscript/fileName/LoadBtn.cs: 70bafae7f72c9ee6623f2f31d0779c28 -> 
  custom:scripting/monoscript/fileName/TextureTypeMaskSelector.cs: 7ff2a9c585e0132e7eecc431d721fd4f -> 
  custom:scripting/monoscript/fileName/Pants.cs: 6c99c36b54f1584503cd85f530589db5 -> 
  custom:scripting/monoscript/fileName/ABDataSourceProvider.cs: 4f93c6cdfbe44a00612a956e4ef9ffe7 -> 
  custom:video-decoder-ogg-theora: a1e56fd34408186e4bbccfd4996cb3dc -> 
  custom:scripting/monoscript/fileName/MeshManager.cs: 2f249bf80d6ae36c03b9409f5feb6c0d -> 
  custom:scripting/monoscript/fileName/ABDataSource.cs: 41b8295d17e0ef0ed1d4f959baadf27f -> 
  custom:framework-win-MediaFoundation: 216162199b28c13a410421893ffa2e32 -> 
  custom:scripting/monoscript/fileName/NextCharacterBtn.cs: 3c5d6d5f91a48826bcb43d4ef5261f6a -> 
  custom:scripting/monoscript/fileName/AssetBundleInspectTab.cs: 945f43d3df2c8ee2453a9a63fa11274c -> 
  custom:scripting/monoscript/fileName/SaveListView.cs: e595613b43c00299f3513b824b0dabc3 -> 
  custom:scripting/monoscript/fileName/MeshFactory.cs: 4bbafa913eed9f0fb1b99654c8762909 -> 
  custom:scripting/monoscript/fileName/AssetDatabaseABDataSource.cs: f87f54f41a9ae61d6c93a1ee4a7276fe -> 
  custom:scripting/monoscript/fileName/AbstractFXMesh.cs: 2f7f8bc9d1b9e98b83ebf043ab545fae -> 
  custom:scripting/monoscript/fileName/IConfigLoader.cs: 290018350438b79782c4b9fdba32926e -> 
  custom:scripting/monoscript/fileName/ABModelBundleInfo.cs: 2188b089518dc510222192403494a01e -> 
  custom:scripting/monoscript/fileName/Leg.cs: ef7b14f4330dc25387e1b59f0290d188 -> 
  custom:scripting/monoscript/fileName/ABModelAssetInfo.cs: 30e23a9e1ca57fffc37b721992bcf1a0 -> 
  custom:scripting/monoscript/fileName/MeshTypeMaskSelector.cs: e94ba6f4a1adba4feee5fb7cc4e351fe -> 
  custom:scripting/monoscript/fileName/ClearMeshBtn.cs: b14d5ced1c19826bfc491001a3f185d1 -> 
  custom:scripting/monoscript/fileName/MeshAndTextureTypeMaskSelector.cs: fdba9a050c9e3646ce8e80b7e936d037 -> 
  custom:scripting/monoscript/fileName/FxMeshFactory.cs: c3e28ca0186ef5ee5525c8801ad21c5a -> 
  custom:scripting/monoscript/fileName/FXTypeMaskSelector.cs: d74f6e4a0bcd101e2717459b81084106 -> 
  custom:scripting/monoscript/fileName/PlayerController.cs: 5b090d859ab09be631dc3b0f203f9571 -> 
  custom:scripting/monoscript/fileName/BuildScript.cs: 426ea9e2914d6e2d91f1414353c5dafc -> 
  custom:scripting/monoscript/fileName/ClearSkinMeshBtn.cs: 82d2655784ebc16abf5528736d619a9b -> 
  custom:scripting/monoscript/fileName/CreateCharacterWizard.cs: acfc968f24a9426403bd5add4843dcf8 -> 
  custom:CustomObjectIndexerAttribute: 72b91833f83ae208fae7752999fa3104 -> 
  custom:scripting/monoscript/fileName/AbstractTexture.cs: 5fe6f2f7be7fb5a86569856b4345a004 -> 
  custom:scripting/monoscript/fileName/FollowCamera.cs: 2d720f10865b64f024b0e3fccdd261c7 -> 
  custom:scripting/monoscript/fileName/FxMeshTypeBone.cs: f85b6921dfd1e47314410f2e3b110e25 -> 
  custom:scripting/monoscript/fileName/AssetbundlesMenuItems.cs: c3bdb3cf11cdd131fd9c40f5c72fdbb7 -> 
  custom:scripting/monoscript/fileName/Arm.cs: 4102684b6836edb71c1e92ebf943cfad -> 
  custom:container-demuxer-webm: 4f35f7cbe854078d1ac9338744f61a02 -> 
  custom:scripting/monoscript/fileName/NextMeshBtn.cs: c626932f4e3ef625c1f95cbb7df53377 -> 
  custom:scripting/monoscript/fileName/FaceFeature.cs: 4fb49a14cfb347e565b8520b489cd06f -> 
  custom:scripting/monoscript/fileName/SavePrefabBtn.cs: 3a461d0b73e33e6450805a3d4c14cf7e -> 
  custom:scripting/monoscript/fileName/LoaderManager.cs: 369c2be46c8c25c8c25ebdc236e1107b -> 
  custom:scripting/monoscript/fileName/SaveNameInput.cs: 38a66e5dc26bdeafde0ff106788ee663 -> 
  custom:scripting/monoscript/fileName/Config.cs: e85a922a2347c074e5939d78a5a7a10e -> 
  custom:scripting/monoscript/fileName/EyeFX.cs: bb3e917396c4b9336da3800cda69d75f -> 
  custom:scripting/monoscript/fileName/JumpFallBehaviour.cs: 6e303c4d540ce7e39efab9189bb22bcd -> 
  custom:scripting/monoscript/fileName/PrevMeshBtn.cs: e4cc6e23cf1ae834cfc676eb293c1a5c -> 
  custom:container-muxer-webm: aa71ff27fc2769a1b78a27578f13a17b -> 
  custom:scripting/monoscript/fileName/ClearTextureBtn.cs: 4f31783abce9af1d7ec4839287fef475 -> 
  custom:scripting/monoscript/fileName/Shoes.cs: 066ec4aa35b5452249c3208e4decccac -> 
  custom:video-decoder-webm-vp8: 9c59270c3fd7afecdb556c50c9e8de78 -> 
  custom:scripting/monoscript/fileName/ConfigManager.cs: ecadd354c11a441a4c89b5fd7a9f00e6 -> 
  custom:scripting/monoscript/fileName/ClearFXBtn.cs: 9a39f15de353636ac82e469249897f2d -> 
  custom:scripting/monoscript/fileName/ClosePopup.cs: b8d454205b2ceefe37b5fd3a66ce3f21 -> 
  custom:SearchIndexIgnoredProperties: e643bd26f0fe6173181afceb89e7c659 -> 
  custom:scripting/monoscript/fileName/Belt.cs: 57f9cd2ecc900069b427149243ef3bc5 -> 
  custom:AudioImporter_EditorPlatform: d09bf68614088b80899f8185d706f6e7 -> 
  custom:scripting/monoscript/fileName/AssetBundleLoadOperation.cs: 6671757952e868610efe84deb7d10911 -> 
  custom:scripting/monoscript/fileName/PrevSkinMeshBtn.cs: 4b975732b197cfed11faf978a39a86d9 -> 
  custom:scripting/monoscript/fileName/RandomBtn.cs: 09358cb3d53669a5fb3911b12bed41f9 -> 
  custom:scripting/monoscript/fileName/Beard.cs: fcba2011bd59aa862783e312bcb3f1ed -> 
  custom:scripting/monoscript/fileName/EnumFlagAttribute.cs: 74d0d26091c169f8de5e9bf42af43876 -> 
  custom:scripting/monoscript/fileName/LaunchAssetBundleServer.cs: fde14ca75a313e949066fe5170090bd6 -> 
  custom:scripting/monoscript/fileName/TextureManager.cs: e8b62e3c8c466c37ed390308c47b609f -> 
  custom:scripting/monoscript/fileName/RobeShort.cs: 98a985110c88276dffccdebb9b45a97a -> 
  custom:scripting/monoscript/fileName/AssetBundleRecord.cs: 5e3e2662beb76f92f544ca3a6af0a002 -> 
  custom:scripting/monoscript/fileName/TogglePopup.cs: e3546a95722da3ab7907a444f1349cba -> 
  custom:scripting/monoscript/fileName/ITextureLoader.cs: fb942611a67ee29c2d3906a7f2b2ca06 -> 
  custom:scripting/monoscript/fileName/SaveBtn.cs: 3dfbd63f5b032b539a11095805980518 -> 
  custom:scripting/monoscript/fileName/NextSkinMeshBtn.cs: 7bde284a6144f85f7d24cd53fe360afe -> 
  custom:scripting/monoscript/fileName/Head.cs: ef8602f0e05bb6f56d36072970253a56 -> 
  custom:scripting/monoscript/fileName/NextFXBtn.cs: ec23ffa473c712e78d6eb18c4ae448be -> 
  custom:scripting/monoscript/fileName/AssetBundleBrowserMain.cs: adf460d08e5161db4df4e9efbad520b6 -> 
  custom:scripting/monoscript/fileName/JSONMap.cs: 0cc7c12ea7048b3ee204a6864ec14612 -> 
  custom:scripting/monoscript/fileName/AssetBundleManageTab.cs: cd787c8175c6b452036330db58559128 -> 
  custom:scripting/monoscript/fileName/Torso.cs: 69b7e0d6a62aacc036b1886a4ba2587b -> 
  custom:scripting/monoscript/fileName/AssetBundleBuildTab.cs: e4d3d716146519b1f52f6c0fe7ec5a47 -> 
  custom:scripting/monoscript/fileName/Hair.cs: 1f4e341ec44f1e9a43da832f30eda5e7 -> 
  custom:scripting/monoscript/fileName/AbstractMesh.cs: f416745403975ff81463073698d6e017 -> 
  custom:scripting/monoscript/fileName/NextTextureBtn.cs: d5a300ee8993aada97b6138db78b58aa -> 
  custom:scripting/monoscript/fileName/Gloves.cs: 21fa036484600f2d249c1ff665501393 -> 
  custom:scripting/monoscript/fileName/AssetBundleManager.cs: 0e168d48c6d3576e59f6c42f92fecd60 -> 
  custom:scripting/monoscript/fileName/RobeLong.cs: 1a7163e76453fecee35478b548086606 -> 
  custom:scripting/monoscript/fileName/InspectTreeView.cs: 4d03769e654689089e5185b09bfc6882 -> 
  custom:scripting/monoscript/fileName/MeshLoader.cs: 0b10154577fb1ae0dd2e8310eae4ddf4 -> 
  custom:scripting/monoscript/fileName/PrevFXBtn.cs: 9adcb6db2d84b99fc2ba85718ff2705c -> 
  custom:scripting/monoscript/fileName/ABModel.cs: d4f2ea81e354d5c73ab4578ede6b09b2 -> 
  custom:video-encoder-webm-vp8: eb34c28f22e8b96e1ab97ce403110664 -> 
  custom:scripting/monoscript/fileName/TextureLoader.cs: ef2efb353191380796da06838f0ca27c -> 
  custom:scripting/monoscript/fileName/Cloak.cs: 83fee273266203de062b641017c68a04 -> 
  custom:audio-decoder-ogg-vorbis: bf7c407c2cedff20999df2af8eb42d56 -> 
  custom:scripting/monoscript/fileName/Eyebrow.cs: a80914df48c7002be677c64522cce038 -> 
  custom:scripting/monoscript/fileName/MeshUVManager.cs: 3a3d4245c35b74c0afddd620ce689573 -> 
  custom:scripting/monoscript/fileName/MessageList.cs: 6b608508dbf342db2b025fa4e75150ed -> 
  custom:scripting/monoscript/fileName/ClearMeshColorBtn.cs: 0007c8d870af1fc291acf8c091e58855 -> 
  custom:scripting/monoscript/fileName/MessageSystem.cs: e1fba72936ec77bbbc283ee14a4e5ac9 -> 
  custom:scripting/monoscript/fileName/Helper.cs: c607632c58e5a7e90f5ab372e55f1b53 -> 
  custom:scripting/monoscript/fileName/TorsoAdd.cs: de2919cda7445d192f99b708ac4f8f98 -> 
  custom:scripting/monoscript/fileName/EnumFlagDrawer.cs: 41a8255d04f81b6824e2eb405c56f882 -> 
  custom:scripting/monoscript/fileName/Utility.cs: 28500e0d15bd811ed13877f72f01a728 -> 
  custom:scripting/monoscript/fileName/NextColorBtn.cs: 3c291ea58299c895d1e49ee9d26926c4 -> 
  custom:scripting/monoscript/fileName/BeltAdd.cs: cb7f04a49673453c6e59d8a19fc25506 -> 
  custom:scripting/monoscript/fileName/Skin.cs: b53e0e70cea1e5a2051dbeb2d303d7bf -> 
  custom:scripting/monoscript/fileName/PrevMeshColorBtn.cs: 6e7146d83f859cab20d94f99a895303c -> 
  custom:audio-encoder-webm-vorbis: bf7c407c2cedff20999df2af8eb42d56 -> 
  custom:scripting/precompiled-assembly-types:Assembly-CSharp-Editor: 45468fdc512dfc301cf6919cd834a8f4 -> aca7125a3389c5f4127a11b74e5e93cb
  custom:scripting/monoscript/fileName/Helm.cs: c26d56b2bba9bcb0ed144e3501bc4050 -> 
  custom:scripting/monoscript/fileName/Shoulder.cs: cd26873c046cfe405838db4b32b97d24 -> 
  custom:scripting/monoscript/fileName/IMeshLoader.cs: 9ae204479feb9db18b224953da5838fd -> 
  custom:scripting/monoscript/fileName/AssetListTree.cs: 255920d2dc3ac581fe65ea217df17385 -> 
  custom:scripting/monoscript/fileName/MeshTexture.cs: e035409d8c1a139d8e58746d92de0530 -> 
  custom:scripting/monoscript/fileName/AssetBundleTree.cs: db18b513ade8dfdb586627b6c32bbf86 -> 
  custom:scripting/precompiled-assembly-types:Assembly-CSharp: 1e6e9d88a6b3d2f12e04aa2e82bea247 -> 3c21daaa6596794b482770e25e43442b
  custom:scripting/monoscript/fileName/SpriteProcessor.cs: ecdbdd0dbf42b62f38de6c8096601c0d -> 
  custom:scripting/monoscript/fileName/NextMeshColorBtn.cs: f15a2f312aac46efa390132e8e876a6a -> 
  custom:scripting/monoscript/fileName/ClearAllBtn.cs: 6b6df7aa9e75a6cecf2976db793db6eb -> 
  custom:scripting/monoscript/fileName/PlayerMoveController.cs: a4e66a81bcb2d723b3fb87dd004c6314 -> 
  custom:scripting/monoscript/fileName/ConfigLoader.cs: 62e091607cdc915ce80d4a253b61a2e7 -> 
  custom:scripting/monoscript/fileName/SaveItem.cs: 9fe0db1767d984560e8ce3cdb5cdd4f1 -> 
  custom:scripting/monoscript/fileName/SaveData.cs: cb74f51d5ddf1e3c0494034ad7572a91 -> 
  custom:scripting/monoscript/fileName/PrevColorBtn.cs: 745000830732e20a24b2b0544e8a21f7 -> 
========================================================================
Received Prepare
Caller must complete domain reload
Begin MonoManager ReloadAssembly
- Loaded All Assemblies, in  4.171 seconds
Native extension for WindowsStandalone target not found
Native extension for Android target not found
Mono: successfully reloaded assembly
- Finished resetting the current domain, in 29.843 seconds
Domain Reload Profiling: 34014ms
	BeginReloadAssembly (824ms)
		ExecutionOrderSort (0ms)
		DisableScriptedObjects (33ms)
		BackupInstance (0ms)
		ReleaseScriptingObjects (1ms)
		CreateAndSetChildDomain (373ms)
	RebuildCommonClasses (45ms)
	RebuildNativeTypeToScriptingClass (12ms)
	initialDomainReloadingComplete (57ms)
	LoadAllAssembliesAndSetupDomain (3229ms)
		LoadAssemblies (3302ms)
		RebuildTransferFunctionScriptingTraits (0ms)
		AnalyzeDomain (193ms)
			TypeCache.Refresh (70ms)
				TypeCache.ScanAssembly (12ms)
			ScanForSourceGeneratedMonoScriptInfo (87ms)
			ResolveRequiredComponents (31ms)
	FinalizeReload (29845ms)
		ReleaseScriptCaches (0ms)
		RebuildScriptCaches (0ms)
		SetupLoadedEditorAssemblies (1275ms)
			LogAssemblyErrors (0ms)
			InitializePlatformSupportModulesInManaged (49ms)
			SetLoadedEditorAssemblies (10ms)
			RefreshPlugins (0ms)
			BeforeProcessingInitializeOnLoad (278ms)
			ProcessInitializeOnLoadAttributes (658ms)
			ProcessInitializeOnLoadMethodAttributes (234ms)
			AfterProcessingInitializeOnLoad (45ms)
			EditorAssembliesLoaded (1ms)
		ExecutionOrderSort2 (0ms)
		AwakeInstancesAfterBackupRestoration (116ms)
WARNING: Shader Unsupported: 'Toon/Basic Outline' - All subshaders removed
WARNING: Shader Did you use #pragma only_renderers and omit this platform?
WARNING: Shader If subshaders removal was intentional, you may have forgotten turning Fallback off?
WARNING: Shader Unsupported: 'Toon/Basic Outline' - All subshaders removed
WARNING: Shader Did you use #pragma only_renderers and omit this platform?
WARNING: Shader If subshaders removal was intentional, you may have forgotten turning Fallback off?
WARNING: Shader Unsupported: 'Toon/Lit Outline' - All subshaders removed
WARNING: Shader Did you use #pragma only_renderers and omit this platform?
WARNING: Shader If subshaders removal was intentional, you may have forgotten turning Fallback off?
WARNING: Shader Unsupported: 'Toon/Lit Outline' - All subshaders removed
WARNING: Shader Did you use #pragma only_renderers and omit this platform?
WARNING: Shader If subshaders removal was intentional, you may have forgotten turning Fallback off?
Refreshing native plugins compatible for Editor in 20.82 ms, found 4 plugins.
Preloading 0 native plugins for Editor in 0.00 ms.
Unloading 5360 Unused Serialized files (Serialized files now loaded: 0)
Unloading 25 unused Assets / (0.9 MB). Loaded Objects now: 6123.
Memory consumption went from 196.0 MB to 195.1 MB.
Total: 14.981400 ms (FindLiveObjects: 1.448600 ms CreateObjectMapping: 0.613000 ms MarkObjects: 12.205500 ms  DeleteObjects: 0.712100 ms)

Prepare: number of updated asset objects reloaded= 0
AssetImportParameters requested are different than current active one (requested -> active):
  custom:scripting/monoscript/fileName/MeshTypeBone.cs: f2929f2b8ecce3a651b0fd3ffe111924 -> 
  custom:scripting/monoscript/fileName/ShaderSelector.cs: 685bc00da5c5122ea4d91cfb7c33d4ce -> 
  custom:scripting/monoscript/fileName/Hand.cs: 5052127099e76a39f6f2b58ea1ef5c1e -> 
  custom:scripting/monoscript/fileName/TextureFactory.cs: cee276c059ba8c5d89b2dce85c58444e -> 
  custom:scripting/monoscript/fileName/ExecuteInternalMono.cs: 3e44be6fc6d7f25500f51fef3364e783 -> 
  custom:scripting/monoscript/fileName/BundleDetailList.cs: 49a12b558eca8c309cefc20f79be4f08 -> 
  custom:scripting/monoscript/fileName/ChangeSkinMeshBtn.cs: 5c6d8ac28a61c97b01d08415ec68b892 -> 
  custom:container-demuxer-ogg: 62fdf1f143b41e24485cea50d1cbac27 -> 
  custom:scripting/monoscript/fileName/InspectSingleBundle.cs: c4ddaa812469395f667f8059fbbafbb2 -> 
  custom:scripting/monoscript/fileName/TorsoFX.cs: 8364f33fdfe728687ae399ca95227afe -> 
  custom:scripting/monoscript/fileName/Scar.cs: a42aaa0f7421fdbac285e770432737fe -> 
  custom:scripting/monoscript/fileName/Eye.cs: afd6b945d219259bc28efd165ef781f4 -> 
  custom:scripting/monoscript/fileName/PrevTextureBtn.cs: ca06f7a8c9b0f19ce544f3b94a1420fa -> 
  custom:scripting/monoscript/fileName/ClearColorBtn.cs: 1e8e6c93adda6a5ba905483e8182c1dd -> 
  custom:scripting/monoscript/fileName/SaveManager.cs: de2264e4a492adfd4c3a4c607fa8c9d4 -> 
  custom:scripting/monoscript/fileName/PrevCharacterBtn.cs: 8b169ad1106eaf0dbdbff832654707ff -> 
  custom:scripting/monoscript/fileName/Popup.cs: 1c1ef9080900e5e97d1b14f0b41eadfa -> 
  custom:scripting/monoscript/fileName/EditorBundleManager.cs: 25971b08130223425370a0c67fd24c1d -> 
  custom:scripting/monoscript/fileName/LoadBtn.cs: 70bafae7f72c9ee6623f2f31d0779c28 -> 
  custom:scripting/monoscript/fileName/TextureTypeMaskSelector.cs: 7ff2a9c585e0132e7eecc431d721fd4f -> 
  custom:scripting/monoscript/fileName/Pants.cs: 6c99c36b54f1584503cd85f530589db5 -> 
  custom:scripting/monoscript/fileName/ABDataSourceProvider.cs: 4f93c6cdfbe44a00612a956e4ef9ffe7 -> 
  custom:video-decoder-ogg-theora: a1e56fd34408186e4bbccfd4996cb3dc -> 
  custom:scripting/monoscript/fileName/MeshManager.cs: 2f249bf80d6ae36c03b9409f5feb6c0d -> 
  custom:scripting/monoscript/fileName/ABDataSource.cs: 41b8295d17e0ef0ed1d4f959baadf27f -> 
  custom:framework-win-MediaFoundation: 216162199b28c13a410421893ffa2e32 -> 
  custom:scripting/monoscript/fileName/NextCharacterBtn.cs: 3c5d6d5f91a48826bcb43d4ef5261f6a -> 
  custom:scripting/monoscript/fileName/AssetBundleInspectTab.cs: 945f43d3df2c8ee2453a9a63fa11274c -> 
  custom:scripting/monoscript/fileName/SaveListView.cs: e595613b43c00299f3513b824b0dabc3 -> 
  custom:scripting/monoscript/fileName/MeshFactory.cs: 4bbafa913eed9f0fb1b99654c8762909 -> 
  custom:scripting/monoscript/fileName/CharacterRenderer.cs: 9882c587b2237760ae2eb744100b26f4 -> 
  custom:scripting/monoscript/fileName/AssetDatabaseABDataSource.cs: f87f54f41a9ae61d6c93a1ee4a7276fe -> 
  custom:scripting/monoscript/fileName/AbstractFXMesh.cs: 2f7f8bc9d1b9e98b83ebf043ab545fae -> 
  custom:scripting/monoscript/fileName/IConfigLoader.cs: 290018350438b79782c4b9fdba32926e -> 
  custom:scripting/monoscript/fileName/ABModelBundleInfo.cs: 2188b089518dc510222192403494a01e -> 
  custom:scripting/monoscript/fileName/Leg.cs: ef7b14f4330dc25387e1b59f0290d188 -> 
  custom:scripting/monoscript/fileName/ABModelAssetInfo.cs: 30e23a9e1ca57fffc37b721992bcf1a0 -> 
  custom:scripting/monoscript/fileName/MeshTypeMaskSelector.cs: e94ba6f4a1adba4feee5fb7cc4e351fe -> 
  custom:scripting/monoscript/fileName/ClearMeshBtn.cs: b14d5ced1c19826bfc491001a3f185d1 -> 
  custom:scripting/monoscript/fileName/MeshAndTextureTypeMaskSelector.cs: fdba9a050c9e3646ce8e80b7e936d037 -> 
  custom:scripting/monoscript/fileName/FxMeshFactory.cs: c3e28ca0186ef5ee5525c8801ad21c5a -> 
  custom:scripting/monoscript/fileName/FXTypeMaskSelector.cs: d74f6e4a0bcd101e2717459b81084106 -> 
  custom:scripting/monoscript/fileName/PlayerController.cs: 5b090d859ab09be631dc3b0f203f9571 -> 
  custom:scripting/monoscript/fileName/BuildScript.cs: 426ea9e2914d6e2d91f1414353c5dafc -> 
  custom:scripting/monoscript/fileName/ClearSkinMeshBtn.cs: 82d2655784ebc16abf5528736d619a9b -> 
  custom:scripting/monoscript/fileName/CreateCharacterWizard.cs: acfc968f24a9426403bd5add4843dcf8 -> 
  custom:CustomObjectIndexerAttribute: 72b91833f83ae208fae7752999fa3104 -> 
  custom:scripting/monoscript/fileName/AbstractTexture.cs: 5fe6f2f7be7fb5a86569856b4345a004 -> 
  custom:scripting/monoscript/fileName/FollowCamera.cs: 2d720f10865b64f024b0e3fccdd261c7 -> 
  custom:scripting/monoscript/fileName/FxMeshTypeBone.cs: f85b6921dfd1e47314410f2e3b110e25 -> 
  custom:scripting/monoscript/fileName/AssetbundlesMenuItems.cs: c3bdb3cf11cdd131fd9c40f5c72fdbb7 -> 
  custom:scripting/monoscript/fileName/Arm.cs: 4102684b6836edb71c1e92ebf943cfad -> 
  custom:container-demuxer-webm: 4f35f7cbe854078d1ac9338744f61a02 -> 
  custom:scripting/monoscript/fileName/NextMeshBtn.cs: c626932f4e3ef625c1f95cbb7df53377 -> 
  custom:scripting/monoscript/fileName/FaceFeature.cs: 4fb49a14cfb347e565b8520b489cd06f -> 
  custom:scripting/monoscript/fileName/SavePrefabBtn.cs: 3a461d0b73e33e6450805a3d4c14cf7e -> 
  custom:scripting/monoscript/fileName/LoaderManager.cs: 369c2be46c8c25c8c25ebdc236e1107b -> 
  custom:scripting/monoscript/fileName/SaveNameInput.cs: 38a66e5dc26bdeafde0ff106788ee663 -> 
  custom:scripting/monoscript/fileName/Config.cs: e85a922a2347c074e5939d78a5a7a10e -> 
  custom:scripting/monoscript/fileName/EyeFX.cs: bb3e917396c4b9336da3800cda69d75f -> 
  custom:scripting/monoscript/fileName/JumpFallBehaviour.cs: 6e303c4d540ce7e39efab9189bb22bcd -> 
  custom:scripting/monoscript/fileName/PrevMeshBtn.cs: e4cc6e23cf1ae834cfc676eb293c1a5c -> 
  custom:container-muxer-webm: aa71ff27fc2769a1b78a27578f13a17b -> 
  custom:scripting/monoscript/fileName/ClearTextureBtn.cs: 4f31783abce9af1d7ec4839287fef475 -> 
  custom:scripting/monoscript/fileName/Shoes.cs: 066ec4aa35b5452249c3208e4decccac -> 
  custom:video-decoder-webm-vp8: 9c59270c3fd7afecdb556c50c9e8de78 -> 
  custom:scripting/monoscript/fileName/ConfigManager.cs: ecadd354c11a441a4c89b5fd7a9f00e6 -> 
  custom:scripting/monoscript/fileName/ClearFXBtn.cs: 9a39f15de353636ac82e469249897f2d -> 
  custom:scripting/monoscript/fileName/ClosePopup.cs: b8d454205b2ceefe37b5fd3a66ce3f21 -> 
  custom:SearchIndexIgnoredProperties: e643bd26f0fe6173181afceb89e7c659 -> 
  custom:scripting/monoscript/fileName/Belt.cs: 57f9cd2ecc900069b427149243ef3bc5 -> 
  custom:AudioImporter_EditorPlatform: d09bf68614088b80899f8185d706f6e7 -> 
  custom:scripting/monoscript/fileName/AssetBundleLoadOperation.cs: 6671757952e868610efe84deb7d10911 -> 
  custom:scripting/monoscript/fileName/PrevSkinMeshBtn.cs: 4b975732b197cfed11faf978a39a86d9 -> 
  custom:scripting/monoscript/fileName/RandomBtn.cs: 09358cb3d53669a5fb3911b12bed41f9 -> 
  custom:scripting/monoscript/fileName/Beard.cs: fcba2011bd59aa862783e312bcb3f1ed -> 
  custom:scripting/monoscript/fileName/EnumFlagAttribute.cs: 74d0d26091c169f8de5e9bf42af43876 -> 
  custom:scripting/monoscript/fileName/LaunchAssetBundleServer.cs: fde14ca75a313e949066fe5170090bd6 -> 
  custom:scripting/monoscript/fileName/TextureManager.cs: e8b62e3c8c466c37ed390308c47b609f -> 
  custom:scripting/monoscript/fileName/RobeShort.cs: 98a985110c88276dffccdebb9b45a97a -> 
  custom:scripting/monoscript/fileName/AssetBundleRecord.cs: 5e3e2662beb76f92f544ca3a6af0a002 -> 
  custom:scripting/monoscript/fileName/TogglePopup.cs: e3546a95722da3ab7907a444f1349cba -> 
  custom:scripting/monoscript/fileName/ITextureLoader.cs: fb942611a67ee29c2d3906a7f2b2ca06 -> 
  custom:scripting/monoscript/fileName/SaveBtn.cs: 3dfbd63f5b032b539a11095805980518 -> 
  custom:scripting/monoscript/fileName/NextSkinMeshBtn.cs: 7bde284a6144f85f7d24cd53fe360afe -> 
  custom:scripting/monoscript/fileName/Head.cs: ef8602f0e05bb6f56d36072970253a56 -> 
  custom:scripting/monoscript/fileName/NextFXBtn.cs: ec23ffa473c712e78d6eb18c4ae448be -> 
  custom:scripting/monoscript/fileName/AssetBundleBrowserMain.cs: adf460d08e5161db4df4e9efbad520b6 -> 
  custom:scripting/monoscript/fileName/JSONMap.cs: 0cc7c12ea7048b3ee204a6864ec14612 -> 
  custom:scripting/monoscript/fileName/AssetBundleManageTab.cs: cd787c8175c6b452036330db58559128 -> 
  custom:scripting/monoscript/fileName/Torso.cs: 69b7e0d6a62aacc036b1886a4ba2587b -> 
  custom:scripting/monoscript/fileName/AssetBundleBuildTab.cs: e4d3d716146519b1f52f6c0fe7ec5a47 -> 
  custom:scripting/monoscript/fileName/Hair.cs: 1f4e341ec44f1e9a43da832f30eda5e7 -> 
  custom:scripting/monoscript/fileName/AbstractMesh.cs: f416745403975ff81463073698d6e017 -> 
  custom:scripting/monoscript/fileName/NextTextureBtn.cs: d5a300ee8993aada97b6138db78b58aa -> 
  custom:scripting/monoscript/fileName/Gloves.cs: 21fa036484600f2d249c1ff665501393 -> 
  custom:scripting/monoscript/fileName/AssetBundleManager.cs: 0e168d48c6d3576e59f6c42f92fecd60 -> 
  custom:scripting/monoscript/fileName/RobeLong.cs: 1a7163e76453fecee35478b548086606 -> 
  custom:scripting/monoscript/fileName/InspectTreeView.cs: 4d03769e654689089e5185b09bfc6882 -> 
  custom:scripting/monoscript/fileName/MeshLoader.cs: 0b10154577fb1ae0dd2e8310eae4ddf4 -> 
  custom:scripting/monoscript/fileName/PrevFXBtn.cs: 9adcb6db2d84b99fc2ba85718ff2705c -> 
  custom:scripting/monoscript/fileName/ABModel.cs: d4f2ea81e354d5c73ab4578ede6b09b2 -> 
  custom:video-encoder-webm-vp8: eb34c28f22e8b96e1ab97ce403110664 -> 
  custom:scripting/monoscript/fileName/TextureLoader.cs: ef2efb353191380796da06838f0ca27c -> 
  custom:scripting/monoscript/fileName/Cloak.cs: 83fee273266203de062b641017c68a04 -> 
  custom:audio-decoder-ogg-vorbis: bf7c407c2cedff20999df2af8eb42d56 -> 
  custom:scripting/monoscript/fileName/Eyebrow.cs: a80914df48c7002be677c64522cce038 -> 
  custom:scripting/monoscript/fileName/MeshUVManager.cs: 3a3d4245c35b74c0afddd620ce689573 -> 
  custom:scripting/monoscript/fileName/MessageList.cs: 6b608508dbf342db2b025fa4e75150ed -> 
  custom:scripting/monoscript/fileName/ClearMeshColorBtn.cs: 0007c8d870af1fc291acf8c091e58855 -> 
  custom:scripting/monoscript/fileName/MessageSystem.cs: e1fba72936ec77bbbc283ee14a4e5ac9 -> 
  custom:scripting/monoscript/fileName/Helper.cs: c607632c58e5a7e90f5ab372e55f1b53 -> 
  custom:scripting/monoscript/fileName/TorsoAdd.cs: de2919cda7445d192f99b708ac4f8f98 -> 
  custom:scripting/monoscript/fileName/EnumFlagDrawer.cs: 41a8255d04f81b6824e2eb405c56f882 -> 
  custom:scripting/monoscript/fileName/Utility.cs: 28500e0d15bd811ed13877f72f01a728 -> 
  custom:scripting/monoscript/fileName/NextColorBtn.cs: 3c291ea58299c895d1e49ee9d26926c4 -> 
  custom:scripting/monoscript/fileName/BeltAdd.cs: cb7f04a49673453c6e59d8a19fc25506 -> 
  custom:scripting/monoscript/fileName/Skin.cs: b53e0e70cea1e5a2051dbeb2d303d7bf -> 
  custom:scripting/monoscript/fileName/PrevMeshColorBtn.cs: 6e7146d83f859cab20d94f99a895303c -> 
  custom:audio-encoder-webm-vorbis: bf7c407c2cedff20999df2af8eb42d56 -> 
  custom:scripting/precompiled-assembly-types:Assembly-CSharp-Editor: 45468fdc512dfc301cf6919cd834a8f4 -> aca7125a3389c5f4127a11b74e5e93cb
  custom:scripting/monoscript/fileName/Helm.cs: c26d56b2bba9bcb0ed144e3501bc4050 -> 
  custom:scripting/monoscript/fileName/Shoulder.cs: cd26873c046cfe405838db4b32b97d24 -> 
  custom:scripting/monoscript/fileName/IMeshLoader.cs: 9ae204479feb9db18b224953da5838fd -> 
  custom:scripting/monoscript/fileName/AssetListTree.cs: 255920d2dc3ac581fe65ea217df17385 -> 
  custom:scripting/monoscript/fileName/MeshTexture.cs: e035409d8c1a139d8e58746d92de0530 -> 
  custom:scripting/monoscript/fileName/AssetBundleTree.cs: db18b513ade8dfdb586627b6c32bbf86 -> 
  custom:scripting/precompiled-assembly-types:Assembly-CSharp: 71dc2e711fff86daa09194780d69256e -> 3c21daaa6596794b482770e25e43442b
  custom:scripting/monoscript/fileName/SpriteProcessor.cs: ecdbdd0dbf42b62f38de6c8096601c0d -> 
  custom:scripting/monoscript/fileName/NextMeshColorBtn.cs: f15a2f312aac46efa390132e8e876a6a -> 
  custom:scripting/monoscript/fileName/ClearAllBtn.cs: 6b6df7aa9e75a6cecf2976db793db6eb -> 
  custom:scripting/monoscript/fileName/PlayerMoveController.cs: a4e66a81bcb2d723b3fb87dd004c6314 -> 
  custom:scripting/monoscript/fileName/CosmeticItem.cs: ac5d536a14f2cae3d00504fc810f7ed7 -> 
  custom:scripting/monoscript/fileName/ConfigLoader.cs: 62e091607cdc915ce80d4a253b61a2e7 -> 
  custom:scripting/monoscript/fileName/SaveItem.cs: 9fe0db1767d984560e8ce3cdb5cdd4f1 -> 
  custom:scripting/monoscript/fileName/SaveData.cs: cb74f51d5ddf1e3c0494034ad7572a91 -> 
  custom:scripting/monoscript/fileName/PrevColorBtn.cs: 745000830732e20a24b2b0544e8a21f7 -> 
========================================================================
Received Import Request.
  Time since last request: 6718.273919 seconds.
  path: Assets/EditorPersonajes/Sprites/Accessories/Acc_4.png
  artifactKey: Guid(55107b91879d0db4da88c532787b5430) Importer(815301076,1909f56bfc062723c751e8b465ee728b)
Start importing Assets/EditorPersonajes/Sprites/Accessories/Acc_4.png using Guid(55107b91879d0db4da88c532787b5430) Importer(815301076,1909f56bfc062723c751e8b465ee728b) [PhysX] Initialized MultithreadedTaskDispatcher with 12 workers.
[PhysX] Initialized MultithreadedTaskDispatcher with 12 workers.
 -> (artifact id: 'c924945115ecbed77af98295582d593c') in 0.146673 seconds
Number of updated asset objects reloaded before import = 0
Number of asset objects unloaded after import = 3
========================================================================
Received Import Request.
  Time since last request: 0.005537 seconds.
  path: Assets/EditorPersonajes/Sprites/Accessories/Acc_3.png
  artifactKey: Guid(de653d4692620cd48946b810e3346a5a) Importer(815301076,1909f56bfc062723c751e8b465ee728b)
Start importing Assets/EditorPersonajes/Sprites/Accessories/Acc_3.png using Guid(de653d4692620cd48946b810e3346a5a) Importer(815301076,1909f56bfc062723c751e8b465ee728b) [PhysX] Initialized MultithreadedTaskDispatcher with 12 workers.
[PhysX] Initialized MultithreadedTaskDispatcher with 12 workers.
 -> (artifact id: 'fc25f974ff43d9963f91b90befdd2578') in 0.045015 seconds
Number of updated asset objects reloaded before import = 0
Number of asset objects unloaded after import = 3
========================================================================
Received Import Request.
  Time since last request: 0.000037 seconds.
  path: Assets/EditorPersonajes/Sprites/Accessories/Acc_3_opt_3.png
  artifactKey: Guid(a2bfa23027ae5cd49b43a573b028cb28) Importer(815301076,1909f56bfc062723c751e8b465ee728b)
Start importing Assets/EditorPersonajes/Sprites/Accessories/Acc_3_opt_3.png using Guid(a2bfa23027ae5cd49b43a573b028cb28) Importer(815301076,1909f56bfc062723c751e8b465ee728b) [PhysX] Initialized MultithreadedTaskDispatcher with 12 workers.
[PhysX] Initialized MultithreadedTaskDispatcher with 12 workers.
 -> (artifact id: '7502ccae8cb7ccf5bf873a6795027058') in 0.030044 seconds
Number of updated asset objects reloaded before import = 0
Number of asset objects unloaded after import = 3
========================================================================
Received Import Request.
  Time since last request: 1.347328 seconds.
  path: Assets/EditorPersonajes/Sprites/Body_Base/Base Hair Blonde.png
  artifactKey: Guid(71f94593a041641499f538f215ca7e28) Importer(815301076,1909f56bfc062723c751e8b465ee728b)
Start importing Assets/EditorPersonajes/Sprites/Body_Base/Base Hair Blonde.png using Guid(71f94593a041641499f538f215ca7e28) Importer(815301076,1909f56bfc062723c751e8b465ee728b) [PhysX] Initialized MultithreadedTaskDispatcher with 12 workers.
[PhysX] Initialized MultithreadedTaskDispatcher with 12 workers.
 -> (artifact id: '724fb0677ff042cbba12ef5e3564c165') in 0.031068 seconds
Number of updated asset objects reloaded before import = 0
Number of asset objects unloaded after import = 2
========================================================================
Received Import Request.
  Time since last request: 0.000057 seconds.
  path: Assets/EditorPersonajes/Sprites/Body_Base/Base Hair Pink.png
  artifactKey: Guid(9a9d5a34935643149a8c1e1a45f4035e) Importer(815301076,1909f56bfc062723c751e8b465ee728b)
Start importing Assets/EditorPersonajes/Sprites/Body_Base/Base Hair Pink.png using Guid(9a9d5a34935643149a8c1e1a45f4035e) Importer(815301076,1909f56bfc062723c751e8b465ee728b) [PhysX] Initialized MultithreadedTaskDispatcher with 12 workers.
[PhysX] Initialized MultithreadedTaskDispatcher with 12 workers.
 -> (artifact id: '2c56ca9df7591bd1f1412611b94977de') in 0.025509 seconds
Number of updated asset objects reloaded before import = 0
Number of asset objects unloaded after import = 2
========================================================================
Received Import Request.
  Time since last request: 0.000048 seconds.
  path: Assets/EditorPersonajes/Sprites/Body_Base/Body_4.png
  artifactKey: Guid(73b54876c9860034c9c85467f6588cc0) Importer(815301076,1909f56bfc062723c751e8b465ee728b)
Start importing Assets/EditorPersonajes/Sprites/Body_Base/Body_4.png using Guid(73b54876c9860034c9c85467f6588cc0) Importer(815301076,1909f56bfc062723c751e8b465ee728b) [PhysX] Initialized MultithreadedTaskDispatcher with 12 workers.
[PhysX] Initialized MultithreadedTaskDispatcher with 12 workers.
 -> (artifact id: 'a7cafef3a768235c6aa12ec2bf439d43') in 0.052855 seconds
Number of updated asset objects reloaded before import = 0
Number of asset objects unloaded after import = 2
========================================================================
Received Import Request.
  Time since last request: 9.783696 seconds.
  path: Assets/EditorPersonajes/Sprites/Body_Base/Base Hair Black.png
  artifactKey: Guid(6dcbb1f39739fd84da28d9cf743ca59d) Importer(815301076,1909f56bfc062723c751e8b465ee728b)
Start importing Assets/EditorPersonajes/Sprites/Body_Base/Base Hair Black.png using Guid(6dcbb1f39739fd84da28d9cf743ca59d) Importer(815301076,1909f56bfc062723c751e8b465ee728b) [PhysX] Initialized MultithreadedTaskDispatcher with 12 workers.
[PhysX] Initialized MultithreadedTaskDispatcher with 12 workers.
 -> (artifact id: '0ea8a08b84a5e743522004cac8839587') in 0.031293 seconds
Number of updated asset objects reloaded before import = 0
Number of asset objects unloaded after import = 3
========================================================================
Received Import Request.
  Time since last request: 0.000036 seconds.
  path: Assets/EditorPersonajes/Sprites/Body_Base/Body_2.png
  artifactKey: Guid(d3578cc9384103f42a37c18cfcf3e700) Importer(815301076,1909f56bfc062723c751e8b465ee728b)
Start importing Assets/EditorPersonajes/Sprites/Body_Base/Body_2.png using Guid(d3578cc9384103f42a37c18cfcf3e700) Importer(815301076,1909f56bfc062723c751e8b465ee728b) [PhysX] Initialized MultithreadedTaskDispatcher with 12 workers.
[PhysX] Initialized MultithreadedTaskDispatcher with 12 workers.
 -> (artifact id: '1e6c3e53c8e2949beb7af9ff5715254a') in 0.053650 seconds
Number of updated asset objects reloaded before import = 0
Number of asset objects unloaded after import = 3
========================================================================
Received Import Request.
  Time since last request: 3.596385 seconds.
  path: Assets/EditorPersonajes/Sprites/Clothes/Dress_1_opt_2.png
  artifactKey: Guid(0135008d828a73c40845421d5cb04edc) Importer(815301076,1909f56bfc062723c751e8b465ee728b)
Start importing Assets/EditorPersonajes/Sprites/Clothes/Dress_1_opt_2.png using Guid(0135008d828a73c40845421d5cb04edc) Importer(815301076,1909f56bfc062723c751e8b465ee728b) [PhysX] Initialized MultithreadedTaskDispatcher with 12 workers.
[PhysX] Initialized MultithreadedTaskDispatcher with 12 workers.
 -> (artifact id: '558a5d83076496e496754b01c70981c4') in 0.047252 seconds
Number of updated asset objects reloaded before import = 0
Number of asset objects unloaded after import = 2
========================================================================
Received Import Request.
  Time since last request: 0.000071 seconds.
  path: Assets/EditorPersonajes/Sprites/Clothes/Skirt_1.png
  artifactKey: Guid(a2db5fc6114df3441bfc4325b0e7145b) Importer(815301076,1909f56bfc062723c751e8b465ee728b)
Start importing Assets/EditorPersonajes/Sprites/Clothes/Skirt_1.png using Guid(a2db5fc6114df3441bfc4325b0e7145b) Importer(815301076,1909f56bfc062723c751e8b465ee728b) [PhysX] Initialized MultithreadedTaskDispatcher with 12 workers.
[PhysX] Initialized MultithreadedTaskDispatcher with 12 workers.
 -> (artifact id: '607a588bd738d1fb1ebd04a74a650056') in 0.053385 seconds
Number of updated asset objects reloaded before import = 0
Number of asset objects unloaded after import = 2
========================================================================
Received Import Request.
  Time since last request: 0.000056 seconds.
  path: Assets/EditorPersonajes/Sprites/Clothes/Skirt_2_opt_2.png
  artifactKey: Guid(5d98d87d9ab4b89418670b956958b68f) Importer(815301076,1909f56bfc062723c751e8b465ee728b)
Start importing Assets/EditorPersonajes/Sprites/Clothes/Skirt_2_opt_2.png using Guid(5d98d87d9ab4b89418670b956958b68f) Importer(815301076,1909f56bfc062723c751e8b465ee728b) [PhysX] Initialized MultithreadedTaskDispatcher with 12 workers.
[PhysX] Initialized MultithreadedTaskDispatcher with 12 workers.
 -> (artifact id: '175df58221c1139d7be5580e258749f4') in 0.037749 seconds
Number of updated asset objects reloaded before import = 0
Number of asset objects unloaded after import = 2
========================================================================
Received Import Request.
  Time since last request: 0.000043 seconds.
  path: Assets/EditorPersonajes/Sprites/Clothes/Shirt_3_opt_2.png
  artifactKey: Guid(03132d424fd867945a75a7041c4571f4) Importer(815301076,1909f56bfc062723c751e8b465ee728b)
Start importing Assets/EditorPersonajes/Sprites/Clothes/Shirt_3_opt_2.png using Guid(03132d424fd867945a75a7041c4571f4) Importer(815301076,1909f56bfc062723c751e8b465ee728b) [PhysX] Initialized MultithreadedTaskDispatcher with 12 workers.
[PhysX] Initialized MultithreadedTaskDispatcher with 12 workers.
 -> (artifact id: '87da288dbfef67d985b3a4e94307e78a') in 0.028235 seconds
Number of updated asset objects reloaded before import = 0
Number of asset objects unloaded after import = 2
========================================================================
Received Import Request.
  Time since last request: 0.000058 seconds.
  path: Assets/EditorPersonajes/Sprites/Clothes/Skirt_2.png
  artifactKey: Guid(5744634f52304ff4eaf55eb513c0d8be) Importer(815301076,1909f56bfc062723c751e8b465ee728b)
Start importing Assets/EditorPersonajes/Sprites/Clothes/Skirt_2.png using Guid(5744634f52304ff4eaf55eb513c0d8be) Importer(815301076,1909f56bfc062723c751e8b465ee728b) [PhysX] Initialized MultithreadedTaskDispatcher with 12 workers.
[PhysX] Initialized MultithreadedTaskDispatcher with 12 workers.
 -> (artifact id: '5b615660f93ee5308951f160b67bc32c') in 0.025023 seconds
Number of updated asset objects reloaded before import = 0
Number of asset objects unloaded after import = 2
========================================================================
Received Import Request.
  Time since last request: 0.000035 seconds.
  path: Assets/EditorPersonajes/Sprites/Clothes/Skirt_1_opt_2.png
  artifactKey: Guid(a3c9d61d6afd45d48a38d9a860be7654) Importer(815301076,1909f56bfc062723c751e8b465ee728b)
Start importing Assets/EditorPersonajes/Sprites/Clothes/Skirt_1_opt_2.png using Guid(a3c9d61d6afd45d48a38d9a860be7654) Importer(815301076,1909f56bfc062723c751e8b465ee728b) [PhysX] Initialized MultithreadedTaskDispatcher with 12 workers.
[PhysX] Initialized MultithreadedTaskDispatcher with 12 workers.
 -> (artifact id: '67ff5a9913ee72f2cd8e9ccc1c8cf51a') in 0.020009 seconds
Number of updated asset objects reloaded before import = 0
Number of asset objects unloaded after import = 2
========================================================================
Received Import Request.
  Time since last request: 9.797365 seconds.
  path: Assets/EditorPersonajes/Sprites/Clothes/Dress_1.png
  artifactKey: Guid(28c56a14dac43c64386c5b5f6f679127) Importer(815301076,1909f56bfc062723c751e8b465ee728b)
Start importing Assets/EditorPersonajes/Sprites/Clothes/Dress_1.png using Guid(28c56a14dac43c64386c5b5f6f679127) Importer(815301076,1909f56bfc062723c751e8b465ee728b) [PhysX] Initialized MultithreadedTaskDispatcher with 12 workers.
[PhysX] Initialized MultithreadedTaskDispatcher with 12 workers.
 -> (artifact id: 'a09dd0ed19362fd67edd240ecdcad20e') in 0.041315 seconds
Number of updated asset objects reloaded before import = 0
Number of asset objects unloaded after import = 3
========================================================================
Received Import Request.
  Time since last request: 0.000032 seconds.
  path: Assets/EditorPersonajes/Sprites/Clothes/Jeans.png
  artifactKey: Guid(19654250a71e6b74a86ac94eea041d95) Importer(815301076,1909f56bfc062723c751e8b465ee728b)
Start importing Assets/EditorPersonajes/Sprites/Clothes/Jeans.png using Guid(19654250a71e6b74a86ac94eea041d95) Importer(815301076,1909f56bfc062723c751e8b465ee728b) [PhysX] Initialized MultithreadedTaskDispatcher with 12 workers.
[PhysX] Initialized MultithreadedTaskDispatcher with 12 workers.
 -> (artifact id: '4360666458c7dea379cd8a1a599bcda9') in 0.045743 seconds
Number of updated asset objects reloaded before import = 0
Number of asset objects unloaded after import = 3
========================================================================
Received Import Request.
  Time since last request: 0.000062 seconds.
  path: Assets/EditorPersonajes/Sprites/Clothes/Skirt_2_opt_2.png
  artifactKey: Guid(5d98d87d9ab4b89418670b956958b68f) Importer(815301076,1909f56bfc062723c751e8b465ee728b)
Start importing Assets/EditorPersonajes/Sprites/Clothes/Skirt_2_opt_2.png using Guid(5d98d87d9ab4b89418670b956958b68f) Importer(815301076,1909f56bfc062723c751e8b465ee728b) [PhysX] Initialized MultithreadedTaskDispatcher with 12 workers.
[PhysX] Initialized MultithreadedTaskDispatcher with 12 workers.
 -> (artifact id: 'c2619899fb5e98a8d7fedc5e8d94b6fd') in 0.036280 seconds
Number of updated asset objects reloaded before import = 0
Number of asset objects unloaded after import = 3
========================================================================
Received Import Request.
  Time since last request: 0.000036 seconds.
  path: Assets/EditorPersonajes/Sprites/Clothes/Shirt_3_opt_2.png
  artifactKey: Guid(03132d424fd867945a75a7041c4571f4) Importer(815301076,1909f56bfc062723c751e8b465ee728b)
Start importing Assets/EditorPersonajes/Sprites/Clothes/Shirt_3_opt_2.png using Guid(03132d424fd867945a75a7041c4571f4) Importer(815301076,1909f56bfc062723c751e8b465ee728b) [PhysX] Initialized MultithreadedTaskDispatcher with 12 workers.
[PhysX] Initialized MultithreadedTaskDispatcher with 12 workers.
 -> (artifact id: '6bac2a802ca06bf18cf3e0cab3efbf3a') in 0.037095 seconds
Number of updated asset objects reloaded before import = 0
Number of asset objects unloaded after import = 3
========================================================================
Received Import Request.
  Time since last request: 0.000037 seconds.
  path: Assets/EditorPersonajes/Sprites/Clothes/Shirt_2.png
  artifactKey: Guid(4900923dd2c3ceb4da7bdd0462e70ccc) Importer(815301076,1909f56bfc062723c751e8b465ee728b)
Start importing Assets/EditorPersonajes/Sprites/Clothes/Shirt_2.png using Guid(4900923dd2c3ceb4da7bdd0462e70ccc) Importer(815301076,1909f56bfc062723c751e8b465ee728b) [PhysX] Initialized MultithreadedTaskDispatcher with 12 workers.
[PhysX] Initialized MultithreadedTaskDispatcher with 12 workers.
 -> (artifact id: '956897cdd2ef18f89451600c63e26dc5') in 0.045173 seconds
Number of updated asset objects reloaded before import = 0
Number of asset objects unloaded after import = 3
========================================================================
Received Import Request.
  Time since last request: 1.987296 seconds.
  path: Assets/EditorPersonajes/Sprites/Shoes/Shoes_1_opt_2.png
  artifactKey: Guid(48fb346581835cd45a2d0c7ae35daec8) Importer(815301076,1909f56bfc062723c751e8b465ee728b)
Start importing Assets/EditorPersonajes/Sprites/Shoes/Shoes_1_opt_2.png using Guid(48fb346581835cd45a2d0c7ae35daec8) Importer(815301076,1909f56bfc062723c751e8b465ee728b) [PhysX] Initialized MultithreadedTaskDispatcher with 12 workers.
[PhysX] Initialized MultithreadedTaskDispatcher with 12 workers.
 -> (artifact id: '781cdeb9cf1549f0cd017670daf831ae') in 0.021606 seconds
Number of updated asset objects reloaded before import = 0
Number of asset objects unloaded after import = 2
========================================================================
Received Import Request.
  Time since last request: 6.223534 seconds.
  path: Assets/EditorPersonajes/Sprites/Shoes/Shoes_1.png
  artifactKey: Guid(8c49a013456192a4ea0c8932e4ca098f) Importer(815301076,1909f56bfc062723c751e8b465ee728b)
Start importing Assets/EditorPersonajes/Sprites/Shoes/Shoes_1.png using Guid(8c49a013456192a4ea0c8932e4ca098f) Importer(815301076,1909f56bfc062723c751e8b465ee728b) [PhysX] Initialized MultithreadedTaskDispatcher with 12 workers.
[PhysX] Initialized MultithreadedTaskDispatcher with 12 workers.
 -> (artifact id: '512573521bf228cd45856fce324a2d6a') in 0.090221 seconds
Number of updated asset objects reloaded before import = 0
Number of asset objects unloaded after import = 3
========================================================================
Received Import Request.
  Time since last request: 0.002731 seconds.
  path: Assets/EditorPersonajes/Sprites/Shoes/Shoes_3.png
  artifactKey: Guid(2c5ffc4eeb8c27e4fb05b458fedce58d) Importer(815301076,1909f56bfc062723c751e8b465ee728b)
Start importing Assets/EditorPersonajes/Sprites/Shoes/Shoes_3.png using Guid(2c5ffc4eeb8c27e4fb05b458fedce58d) Importer(815301076,1909f56bfc062723c751e8b465ee728b) [PhysX] Initialized MultithreadedTaskDispatcher with 12 workers.
[PhysX] Initialized MultithreadedTaskDispatcher with 12 workers.
 -> (artifact id: 'e26baadc4791cc3d7702166c2baedb65') in 0.036439 seconds
Number of updated asset objects reloaded before import = 0
Number of asset objects unloaded after import = 3
========================================================================
Received Prepare
Caller must complete domain reload
Begin MonoManager ReloadAssembly
- Loaded All Assemblies, in  1.022 seconds
Native extension for WindowsStandalone target not found
Native extension for Android target not found
Mono: successfully reloaded assembly
- Finished resetting the current domain, in  3.191 seconds
Domain Reload Profiling: 4209ms
	BeginReloadAssembly (250ms)
		ExecutionOrderSort (0ms)
		DisableScriptedObjects (7ms)
		BackupInstance (0ms)
		ReleaseScriptingObjects (0ms)
		CreateAndSetChildDomain (61ms)
	RebuildCommonClasses (38ms)
	RebuildNativeTypeToScriptingClass (12ms)
	initialDomainReloadingComplete (46ms)
	LoadAllAssembliesAndSetupDomain (672ms)
		LoadAssemblies (774ms)
		RebuildTransferFunctionScriptingTraits (0ms)
		AnalyzeDomain (35ms)
			TypeCache.Refresh (14ms)
				TypeCache.ScanAssembly (0ms)
			ScanForSourceGeneratedMonoScriptInfo (0ms)
			ResolveRequiredComponents (15ms)
	FinalizeReload (3192ms)
		ReleaseScriptCaches (0ms)
		RebuildScriptCaches (0ms)
		SetupLoadedEditorAssemblies (652ms)
			LogAssemblyErrors (0ms)
			InitializePlatformSupportModulesInManaged (26ms)
			SetLoadedEditorAssemblies (5ms)
			RefreshPlugins (0ms)
			BeforeProcessingInitializeOnLoad (116ms)
			ProcessInitializeOnLoadAttributes (407ms)
			ProcessInitializeOnLoadMethodAttributes (86ms)
			AfterProcessingInitializeOnLoad (11ms)
			EditorAssembliesLoaded (0ms)
		ExecutionOrderSort2 (0ms)
		AwakeInstancesAfterBackupRestoration (26ms)
WARNING: Shader Unsupported: 'Toon/Basic Outline' - All subshaders removed
WARNING: Shader Did you use #pragma only_renderers and omit this platform?
WARNING: Shader If subshaders removal was intentional, you may have forgotten turning Fallback off?
WARNING: Shader Unsupported: 'Toon/Basic Outline' - All subshaders removed
WARNING: Shader Did you use #pragma only_renderers and omit this platform?
WARNING: Shader If subshaders removal was intentional, you may have forgotten turning Fallback off?
WARNING: Shader Unsupported: 'Toon/Lit Outline' - All subshaders removed
WARNING: Shader Did you use #pragma only_renderers and omit this platform?
WARNING: Shader If subshaders removal was intentional, you may have forgotten turning Fallback off?
WARNING: Shader Unsupported: 'Toon/Lit Outline' - All subshaders removed
WARNING: Shader Did you use #pragma only_renderers and omit this platform?
WARNING: Shader If subshaders removal was intentional, you may have forgotten turning Fallback off?
Refreshing native plugins compatible for Editor in 9.80 ms, found 4 plugins.
Preloading 0 native plugins for Editor in 0.00 ms.
Unloading 5360 Unused Serialized files (Serialized files now loaded: 0)
Unloading 25 unused Assets / (0.9 MB). Loaded Objects now: 6148.
Memory consumption went from 196.1 MB to 195.2 MB.
Total: 7.605700 ms (FindLiveObjects: 0.968100 ms CreateObjectMapping: 0.969200 ms MarkObjects: 5.050300 ms  DeleteObjects: 0.615300 ms)

Prepare: number of updated asset objects reloaded= 0
AssetImportParameters requested are different than current active one (requested -> active):
  custom:scripting/monoscript/fileName/MeshTypeBone.cs: f2929f2b8ecce3a651b0fd3ffe111924 -> 
  custom:scripting/monoscript/fileName/ShaderSelector.cs: 685bc00da5c5122ea4d91cfb7c33d4ce -> 
  custom:scripting/monoscript/fileName/Hand.cs: 5052127099e76a39f6f2b58ea1ef5c1e -> 
  custom:scripting/monoscript/fileName/TextureFactory.cs: cee276c059ba8c5d89b2dce85c58444e -> 
  custom:scripting/monoscript/fileName/ExecuteInternalMono.cs: 3e44be6fc6d7f25500f51fef3364e783 -> 
  custom:scripting/monoscript/fileName/BundleDetailList.cs: 49a12b558eca8c309cefc20f79be4f08 -> 
  custom:scripting/monoscript/fileName/ChangeSkinMeshBtn.cs: 5c6d8ac28a61c97b01d08415ec68b892 -> 
  custom:container-demuxer-ogg: 62fdf1f143b41e24485cea50d1cbac27 -> 
  custom:scripting/monoscript/fileName/InspectSingleBundle.cs: c4ddaa812469395f667f8059fbbafbb2 -> 
  custom:scripting/monoscript/fileName/TorsoFX.cs: 8364f33fdfe728687ae399ca95227afe -> 
  custom:scripting/monoscript/fileName/Scar.cs: a42aaa0f7421fdbac285e770432737fe -> 
  custom:scripting/monoscript/fileName/Eye.cs: afd6b945d219259bc28efd165ef781f4 -> 
  custom:scripting/monoscript/fileName/PrevTextureBtn.cs: ca06f7a8c9b0f19ce544f3b94a1420fa -> 
  custom:scripting/monoscript/fileName/ClearColorBtn.cs: 1e8e6c93adda6a5ba905483e8182c1dd -> 
  custom:scripting/monoscript/fileName/SaveManager.cs: de2264e4a492adfd4c3a4c607fa8c9d4 -> 
  custom:scripting/monoscript/fileName/PrevCharacterBtn.cs: 8b169ad1106eaf0dbdbff832654707ff -> 
  custom:scripting/monoscript/fileName/Popup.cs: 1c1ef9080900e5e97d1b14f0b41eadfa -> 
  custom:scripting/monoscript/fileName/EditorBundleManager.cs: 25971b08130223425370a0c67fd24c1d -> 
  custom:scripting/monoscript/fileName/LoadBtn.cs: 70bafae7f72c9ee6623f2f31d0779c28 -> 
  custom:scripting/monoscript/fileName/TextureTypeMaskSelector.cs: 7ff2a9c585e0132e7eecc431d721fd4f -> 
  custom:scripting/monoscript/fileName/Pants.cs: 6c99c36b54f1584503cd85f530589db5 -> 
  custom:scripting/monoscript/fileName/ABDataSourceProvider.cs: 4f93c6cdfbe44a00612a956e4ef9ffe7 -> 
  custom:video-decoder-ogg-theora: a1e56fd34408186e4bbccfd4996cb3dc -> 
  custom:scripting/monoscript/fileName/MeshManager.cs: 2f249bf80d6ae36c03b9409f5feb6c0d -> 
  custom:scripting/monoscript/fileName/ABDataSource.cs: 41b8295d17e0ef0ed1d4f959baadf27f -> 
  custom:framework-win-MediaFoundation: 216162199b28c13a410421893ffa2e32 -> 
  custom:scripting/monoscript/fileName/NextCharacterBtn.cs: 3c5d6d5f91a48826bcb43d4ef5261f6a -> 
  custom:scripting/monoscript/fileName/AssetBundleInspectTab.cs: 945f43d3df2c8ee2453a9a63fa11274c -> 
  custom:scripting/monoscript/fileName/SaveListView.cs: e595613b43c00299f3513b824b0dabc3 -> 
  custom:scripting/monoscript/fileName/MeshFactory.cs: 4bbafa913eed9f0fb1b99654c8762909 -> 
  custom:scripting/monoscript/fileName/CharacterRenderer.cs: 9882c587b2237760ae2eb744100b26f4 -> 
  custom:scripting/monoscript/fileName/AssetDatabaseABDataSource.cs: f87f54f41a9ae61d6c93a1ee4a7276fe -> 
  custom:scripting/monoscript/fileName/AbstractFXMesh.cs: 2f7f8bc9d1b9e98b83ebf043ab545fae -> 
  custom:scripting/monoscript/fileName/IConfigLoader.cs: 290018350438b79782c4b9fdba32926e -> 
  custom:scripting/monoscript/fileName/ABModelBundleInfo.cs: 2188b089518dc510222192403494a01e -> 
  custom:scripting/monoscript/fileName/Leg.cs: ef7b14f4330dc25387e1b59f0290d188 -> 
  custom:scripting/monoscript/fileName/ABModelAssetInfo.cs: 30e23a9e1ca57fffc37b721992bcf1a0 -> 
  custom:scripting/monoscript/fileName/MeshTypeMaskSelector.cs: e94ba6f4a1adba4feee5fb7cc4e351fe -> 
  custom:scripting/monoscript/fileName/ClearMeshBtn.cs: b14d5ced1c19826bfc491001a3f185d1 -> 
  custom:scripting/monoscript/fileName/MeshAndTextureTypeMaskSelector.cs: fdba9a050c9e3646ce8e80b7e936d037 -> 
  custom:scripting/monoscript/fileName/FxMeshFactory.cs: c3e28ca0186ef5ee5525c8801ad21c5a -> 
  custom:scripting/monoscript/fileName/FXTypeMaskSelector.cs: d74f6e4a0bcd101e2717459b81084106 -> 
  custom:scripting/monoscript/fileName/PlayerController.cs: 5b090d859ab09be631dc3b0f203f9571 -> 
  custom:scripting/monoscript/fileName/BuildScript.cs: 426ea9e2914d6e2d91f1414353c5dafc -> 
  custom:scripting/monoscript/fileName/ClearSkinMeshBtn.cs: 82d2655784ebc16abf5528736d619a9b -> 
  custom:scripting/monoscript/fileName/CreateCharacterWizard.cs: acfc968f24a9426403bd5add4843dcf8 -> 
  custom:CustomObjectIndexerAttribute: 72b91833f83ae208fae7752999fa3104 -> 
  custom:scripting/monoscript/fileName/AbstractTexture.cs: 5fe6f2f7be7fb5a86569856b4345a004 -> 
  custom:scripting/monoscript/fileName/FollowCamera.cs: 2d720f10865b64f024b0e3fccdd261c7 -> 
  custom:scripting/monoscript/fileName/FxMeshTypeBone.cs: f85b6921dfd1e47314410f2e3b110e25 -> 
  custom:scripting/monoscript/fileName/AssetbundlesMenuItems.cs: c3bdb3cf11cdd131fd9c40f5c72fdbb7 -> 
  custom:scripting/monoscript/fileName/Arm.cs: 4102684b6836edb71c1e92ebf943cfad -> 
  custom:container-demuxer-webm: 4f35f7cbe854078d1ac9338744f61a02 -> 
  custom:scripting/monoscript/fileName/NextMeshBtn.cs: c626932f4e3ef625c1f95cbb7df53377 -> 
  custom:scripting/monoscript/fileName/FaceFeature.cs: 4fb49a14cfb347e565b8520b489cd06f -> 
  custom:scripting/monoscript/fileName/SavePrefabBtn.cs: 3a461d0b73e33e6450805a3d4c14cf7e -> 
  custom:scripting/monoscript/fileName/LoaderManager.cs: 369c2be46c8c25c8c25ebdc236e1107b -> 
  custom:scripting/monoscript/fileName/SaveNameInput.cs: 38a66e5dc26bdeafde0ff106788ee663 -> 
  custom:scripting/monoscript/fileName/Config.cs: e85a922a2347c074e5939d78a5a7a10e -> 
  custom:scripting/monoscript/fileName/EyeFX.cs: bb3e917396c4b9336da3800cda69d75f -> 
  custom:scripting/monoscript/fileName/JumpFallBehaviour.cs: 6e303c4d540ce7e39efab9189bb22bcd -> 
  custom:scripting/monoscript/fileName/PrevMeshBtn.cs: e4cc6e23cf1ae834cfc676eb293c1a5c -> 
  custom:container-muxer-webm: aa71ff27fc2769a1b78a27578f13a17b -> 
  custom:scripting/monoscript/fileName/ClearTextureBtn.cs: 4f31783abce9af1d7ec4839287fef475 -> 
  custom:scripting/monoscript/fileName/Shoes.cs: 066ec4aa35b5452249c3208e4decccac -> 
  custom:video-decoder-webm-vp8: 9c59270c3fd7afecdb556c50c9e8de78 -> 
  custom:scripting/monoscript/fileName/ConfigManager.cs: ecadd354c11a441a4c89b5fd7a9f00e6 -> 
  custom:scripting/monoscript/fileName/ClearFXBtn.cs: 9a39f15de353636ac82e469249897f2d -> 
  custom:scripting/monoscript/fileName/ClosePopup.cs: b8d454205b2ceefe37b5fd3a66ce3f21 -> 
  custom:SearchIndexIgnoredProperties: e643bd26f0fe6173181afceb89e7c659 -> 
  custom:scripting/monoscript/fileName/Belt.cs: 57f9cd2ecc900069b427149243ef3bc5 -> 
  custom:AudioImporter_EditorPlatform: d09bf68614088b80899f8185d706f6e7 -> 
  custom:scripting/monoscript/fileName/AssetBundleLoadOperation.cs: 6671757952e868610efe84deb7d10911 -> 
  custom:scripting/monoscript/fileName/PrevSkinMeshBtn.cs: 4b975732b197cfed11faf978a39a86d9 -> 
  custom:scripting/monoscript/fileName/RandomBtn.cs: 09358cb3d53669a5fb3911b12bed41f9 -> 
  custom:scripting/monoscript/fileName/Beard.cs: fcba2011bd59aa862783e312bcb3f1ed -> 
  custom:scripting/monoscript/fileName/EnumFlagAttribute.cs: 74d0d26091c169f8de5e9bf42af43876 -> 
  custom:scripting/monoscript/fileName/LaunchAssetBundleServer.cs: fde14ca75a313e949066fe5170090bd6 -> 
  custom:scripting/monoscript/fileName/TextureManager.cs: e8b62e3c8c466c37ed390308c47b609f -> 
  custom:scripting/monoscript/fileName/RobeShort.cs: 98a985110c88276dffccdebb9b45a97a -> 
  custom:scripting/monoscript/fileName/AssetBundleRecord.cs: 5e3e2662beb76f92f544ca3a6af0a002 -> 
  custom:scripting/monoscript/fileName/TogglePopup.cs: e3546a95722da3ab7907a444f1349cba -> 
  custom:scripting/monoscript/fileName/ITextureLoader.cs: fb942611a67ee29c2d3906a7f2b2ca06 -> 
  custom:scripting/monoscript/fileName/SaveBtn.cs: 3dfbd63f5b032b539a11095805980518 -> 
  custom:scripting/monoscript/fileName/NextSkinMeshBtn.cs: 7bde284a6144f85f7d24cd53fe360afe -> 
  custom:scripting/monoscript/fileName/Head.cs: ef8602f0e05bb6f56d36072970253a56 -> 
  custom:scripting/monoscript/fileName/NextFXBtn.cs: ec23ffa473c712e78d6eb18c4ae448be -> 
  custom:scripting/monoscript/fileName/AssetBundleBrowserMain.cs: adf460d08e5161db4df4e9efbad520b6 -> 
  custom:scripting/monoscript/fileName/JSONMap.cs: 0cc7c12ea7048b3ee204a6864ec14612 -> 
  custom:scripting/monoscript/fileName/AssetBundleManageTab.cs: cd787c8175c6b452036330db58559128 -> 
  custom:scripting/monoscript/fileName/Torso.cs: 69b7e0d6a62aacc036b1886a4ba2587b -> 
  custom:scripting/monoscript/fileName/AssetBundleBuildTab.cs: e4d3d716146519b1f52f6c0fe7ec5a47 -> 
  custom:scripting/monoscript/fileName/Hair.cs: 1f4e341ec44f1e9a43da832f30eda5e7 -> 
  custom:scripting/monoscript/fileName/AbstractMesh.cs: f416745403975ff81463073698d6e017 -> 
  custom:scripting/monoscript/fileName/NextTextureBtn.cs: d5a300ee8993aada97b6138db78b58aa -> 
  custom:scripting/monoscript/fileName/Gloves.cs: 21fa036484600f2d249c1ff665501393 -> 
  custom:scripting/monoscript/fileName/AssetBundleManager.cs: 0e168d48c6d3576e59f6c42f92fecd60 -> 
  custom:scripting/monoscript/fileName/RobeLong.cs: 1a7163e76453fecee35478b548086606 -> 
  custom:scripting/monoscript/fileName/InspectTreeView.cs: 4d03769e654689089e5185b09bfc6882 -> 
  custom:scripting/monoscript/fileName/MeshLoader.cs: 0b10154577fb1ae0dd2e8310eae4ddf4 -> 
  custom:scripting/monoscript/fileName/PrevFXBtn.cs: 9adcb6db2d84b99fc2ba85718ff2705c -> 
  custom:scripting/monoscript/fileName/ABModel.cs: d4f2ea81e354d5c73ab4578ede6b09b2 -> 
  custom:video-encoder-webm-vp8: eb34c28f22e8b96e1ab97ce403110664 -> 
  custom:scripting/monoscript/fileName/TextureLoader.cs: ef2efb353191380796da06838f0ca27c -> 
  custom:scripting/monoscript/fileName/Cloak.cs: 83fee273266203de062b641017c68a04 -> 
  custom:audio-decoder-ogg-vorbis: bf7c407c2cedff20999df2af8eb42d56 -> 
  custom:scripting/monoscript/fileName/Eyebrow.cs: a80914df48c7002be677c64522cce038 -> 
  custom:scripting/monoscript/fileName/MeshUVManager.cs: 3a3d4245c35b74c0afddd620ce689573 -> 
  custom:scripting/monoscript/fileName/MessageList.cs: 6b608508dbf342db2b025fa4e75150ed -> 
  custom:scripting/monoscript/fileName/ClearMeshColorBtn.cs: 0007c8d870af1fc291acf8c091e58855 -> 
  custom:scripting/monoscript/fileName/MessageSystem.cs: e1fba72936ec77bbbc283ee14a4e5ac9 -> 
  custom:scripting/monoscript/fileName/Helper.cs: c607632c58e5a7e90f5ab372e55f1b53 -> 
  custom:scripting/monoscript/fileName/TorsoAdd.cs: de2919cda7445d192f99b708ac4f8f98 -> 
  custom:scripting/monoscript/fileName/EnumFlagDrawer.cs: 41a8255d04f81b6824e2eb405c56f882 -> 
  custom:scripting/monoscript/fileName/Utility.cs: 28500e0d15bd811ed13877f72f01a728 -> 
  custom:scripting/monoscript/fileName/NextColorBtn.cs: 3c291ea58299c895d1e49ee9d26926c4 -> 
  custom:scripting/monoscript/fileName/BeltAdd.cs: cb7f04a49673453c6e59d8a19fc25506 -> 
  custom:scripting/monoscript/fileName/Skin.cs: b53e0e70cea1e5a2051dbeb2d303d7bf -> 
  custom:scripting/monoscript/fileName/PrevMeshColorBtn.cs: 6e7146d83f859cab20d94f99a895303c -> 
  custom:audio-encoder-webm-vorbis: bf7c407c2cedff20999df2af8eb42d56 -> 
  custom:scripting/precompiled-assembly-types:Assembly-CSharp-Editor: 45468fdc512dfc301cf6919cd834a8f4 -> aca7125a3389c5f4127a11b74e5e93cb
  custom:scripting/monoscript/fileName/Helm.cs: c26d56b2bba9bcb0ed144e3501bc4050 -> 
  custom:scripting/monoscript/fileName/Shoulder.cs: cd26873c046cfe405838db4b32b97d24 -> 
  custom:scripting/monoscript/fileName/IMeshLoader.cs: 9ae204479feb9db18b224953da5838fd -> 
  custom:scripting/monoscript/fileName/AssetListTree.cs: 255920d2dc3ac581fe65ea217df17385 -> 
  custom:scripting/monoscript/fileName/MeshTexture.cs: e035409d8c1a139d8e58746d92de0530 -> 
  custom:scripting/monoscript/fileName/AssetBundleTree.cs: db18b513ade8dfdb586627b6c32bbf86 -> 
  custom:scripting/precompiled-assembly-types:Assembly-CSharp: 71dc2e711fff86daa09194780d69256e -> 3c21daaa6596794b482770e25e43442b
  custom:scripting/monoscript/fileName/SpriteProcessor.cs: ecdbdd0dbf42b62f38de6c8096601c0d -> 
  custom:scripting/monoscript/fileName/NextMeshColorBtn.cs: f15a2f312aac46efa390132e8e876a6a -> 
  custom:scripting/monoscript/fileName/ClearAllBtn.cs: 6b6df7aa9e75a6cecf2976db793db6eb -> 
  custom:scripting/monoscript/fileName/PlayerMoveController.cs: a4e66a81bcb2d723b3fb87dd004c6314 -> 
  custom:scripting/monoscript/fileName/CosmeticItem.cs: ac5d536a14f2cae3d00504fc810f7ed7 -> 
  custom:scripting/monoscript/fileName/ConfigLoader.cs: 62e091607cdc915ce80d4a253b61a2e7 -> 
  custom:scripting/monoscript/fileName/SaveItem.cs: 9fe0db1767d984560e8ce3cdb5cdd4f1 -> 
  custom:scripting/monoscript/fileName/SaveData.cs: cb74f51d5ddf1e3c0494034ad7572a91 -> 
  custom:scripting/monoscript/fileName/PrevColorBtn.cs: 745000830732e20a24b2b0544e8a21f7 -> 
========================================================================
Received Prepare
Caller must complete domain reload
Begin MonoManager ReloadAssembly
- Loaded All Assemblies, in  0.799 seconds
Native extension for WindowsStandalone target not found
Native extension for Android target not found
Mono: successfully reloaded assembly
- Finished resetting the current domain, in  1.807 seconds
Domain Reload Profiling: 2602ms
	BeginReloadAssembly (214ms)
		ExecutionOrderSort (0ms)
		DisableScriptedObjects (7ms)
		BackupInstance (0ms)
		ReleaseScriptingObjects (0ms)
		CreateAndSetChildDomain (53ms)
	RebuildCommonClasses (50ms)
	RebuildNativeTypeToScriptingClass (10ms)
	initialDomainReloadingComplete (42ms)
	LoadAllAssembliesAndSetupDomain (478ms)
		LoadAssemblies (530ms)
		RebuildTransferFunctionScriptingTraits (0ms)
		AnalyzeDomain (63ms)
			TypeCache.Refresh (22ms)
				TypeCache.ScanAssembly (3ms)
			ScanForSourceGeneratedMonoScriptInfo (26ms)
			ResolveRequiredComponents (12ms)
	FinalizeReload (1808ms)
		ReleaseScriptCaches (0ms)
		RebuildScriptCaches (0ms)
		SetupLoadedEditorAssemblies (595ms)
			LogAssemblyErrors (0ms)
			InitializePlatformSupportModulesInManaged (27ms)
			SetLoadedEditorAssemblies (5ms)
			RefreshPlugins (0ms)
			BeforeProcessingInitializeOnLoad (124ms)
			ProcessInitializeOnLoadAttributes (349ms)
			ProcessInitializeOnLoadMethodAttributes (78ms)
			AfterProcessingInitializeOnLoad (11ms)
			EditorAssembliesLoaded (1ms)
		ExecutionOrderSort2 (0ms)
		AwakeInstancesAfterBackupRestoration (21ms)
WARNING: Shader Unsupported: 'Toon/Basic Outline' - All subshaders removed
WARNING: Shader Did you use #pragma only_renderers and omit this platform?
WARNING: Shader If subshaders removal was intentional, you may have forgotten turning Fallback off?
WARNING: Shader Unsupported: 'Toon/Basic Outline' - All subshaders removed
WARNING: Shader Did you use #pragma only_renderers and omit this platform?
WARNING: Shader If subshaders removal was intentional, you may have forgotten turning Fallback off?
WARNING: Shader Unsupported: 'Toon/Lit Outline' - All subshaders removed
WARNING: Shader Did you use #pragma only_renderers and omit this platform?
WARNING: Shader If subshaders removal was intentional, you may have forgotten turning Fallback off?
WARNING: Shader Unsupported: 'Toon/Lit Outline' - All subshaders removed
WARNING: Shader Did you use #pragma only_renderers and omit this platform?
WARNING: Shader If subshaders removal was intentional, you may have forgotten turning Fallback off?
Refreshing native plugins compatible for Editor in 8.34 ms, found 4 plugins.
Preloading 0 native plugins for Editor in 0.00 ms.
Unloading 5361 Unused Serialized files (Serialized files now loaded: 0)
Unloading 25 unused Assets / (0.9 MB). Loaded Objects now: 6154.
Memory consumption went from 196.0 MB to 195.1 MB.
Total: 7.806900 ms (FindLiveObjects: 0.539700 ms CreateObjectMapping: 0.458300 ms MarkObjects: 5.175700 ms  DeleteObjects: 1.630900 ms)

Prepare: number of updated asset objects reloaded= 0
AssetImportParameters requested are different than current active one (requested -> active):
  custom:scripting/monoscript/fileName/MeshTypeBone.cs: f2929f2b8ecce3a651b0fd3ffe111924 -> 
  custom:scripting/monoscript/fileName/ShaderSelector.cs: 685bc00da5c5122ea4d91cfb7c33d4ce -> 
  custom:scripting/monoscript/fileName/Hand.cs: 5052127099e76a39f6f2b58ea1ef5c1e -> 
  custom:scripting/monoscript/fileName/TextureFactory.cs: cee276c059ba8c5d89b2dce85c58444e -> 
  custom:scripting/monoscript/fileName/ExecuteInternalMono.cs: 3e44be6fc6d7f25500f51fef3364e783 -> 
  custom:scripting/monoscript/fileName/BundleDetailList.cs: 49a12b558eca8c309cefc20f79be4f08 -> 
  custom:scripting/monoscript/fileName/ChangeSkinMeshBtn.cs: 5c6d8ac28a61c97b01d08415ec68b892 -> 
  custom:container-demuxer-ogg: 62fdf1f143b41e24485cea50d1cbac27 -> 
  custom:scripting/monoscript/fileName/InspectSingleBundle.cs: c4ddaa812469395f667f8059fbbafbb2 -> 
  custom:scripting/monoscript/fileName/TorsoFX.cs: 8364f33fdfe728687ae399ca95227afe -> 
  custom:scripting/monoscript/fileName/Scar.cs: a42aaa0f7421fdbac285e770432737fe -> 
  custom:scripting/monoscript/fileName/Eye.cs: afd6b945d219259bc28efd165ef781f4 -> 
  custom:scripting/monoscript/fileName/PrevTextureBtn.cs: ca06f7a8c9b0f19ce544f3b94a1420fa -> 
  custom:scripting/monoscript/fileName/ClearColorBtn.cs: 1e8e6c93adda6a5ba905483e8182c1dd -> 
  custom:scripting/monoscript/fileName/SaveManager.cs: de2264e4a492adfd4c3a4c607fa8c9d4 -> 
  custom:scripting/monoscript/fileName/PrevCharacterBtn.cs: 8b169ad1106eaf0dbdbff832654707ff -> 
  custom:scripting/monoscript/fileName/Popup.cs: 1c1ef9080900e5e97d1b14f0b41eadfa -> 
  custom:scripting/monoscript/fileName/EditorBundleManager.cs: 25971b08130223425370a0c67fd24c1d -> 
  custom:scripting/monoscript/fileName/LoadBtn.cs: 70bafae7f72c9ee6623f2f31d0779c28 -> 
  custom:scripting/monoscript/fileName/TextureTypeMaskSelector.cs: 7ff2a9c585e0132e7eecc431d721fd4f -> 
  custom:scripting/monoscript/fileName/Pants.cs: 6c99c36b54f1584503cd85f530589db5 -> 
  custom:scripting/monoscript/fileName/ABDataSourceProvider.cs: 4f93c6cdfbe44a00612a956e4ef9ffe7 -> 
  custom:video-decoder-ogg-theora: a1e56fd34408186e4bbccfd4996cb3dc -> 
  custom:scripting/monoscript/fileName/MeshManager.cs: 2f249bf80d6ae36c03b9409f5feb6c0d -> 
  custom:scripting/monoscript/fileName/ABDataSource.cs: 41b8295d17e0ef0ed1d4f959baadf27f -> 
  custom:framework-win-MediaFoundation: 216162199b28c13a410421893ffa2e32 -> 
  custom:scripting/monoscript/fileName/NextCharacterBtn.cs: 3c5d6d5f91a48826bcb43d4ef5261f6a -> 
  custom:scripting/monoscript/fileName/AssetBundleInspectTab.cs: 945f43d3df2c8ee2453a9a63fa11274c -> 
  custom:scripting/monoscript/fileName/CharacterDatabase.cs: 6f42a19de87aeff9442c5ac7cf5bd343 -> 
  custom:scripting/monoscript/fileName/SaveListView.cs: e595613b43c00299f3513b824b0dabc3 -> 
  custom:scripting/monoscript/fileName/MeshFactory.cs: 4bbafa913eed9f0fb1b99654c8762909 -> 
  custom:scripting/monoscript/fileName/CharacterRenderer.cs: 9882c587b2237760ae2eb744100b26f4 -> 
  custom:scripting/monoscript/fileName/AssetDatabaseABDataSource.cs: f87f54f41a9ae61d6c93a1ee4a7276fe -> 
  custom:scripting/monoscript/fileName/AbstractFXMesh.cs: 2f7f8bc9d1b9e98b83ebf043ab545fae -> 
  custom:scripting/monoscript/fileName/IConfigLoader.cs: 290018350438b79782c4b9fdba32926e -> 
  custom:scripting/monoscript/fileName/ABModelBundleInfo.cs: 2188b089518dc510222192403494a01e -> 
  custom:scripting/monoscript/fileName/Leg.cs: ef7b14f4330dc25387e1b59f0290d188 -> 
  custom:scripting/monoscript/fileName/ABModelAssetInfo.cs: 30e23a9e1ca57fffc37b721992bcf1a0 -> 
  custom:scripting/monoscript/fileName/MeshTypeMaskSelector.cs: e94ba6f4a1adba4feee5fb7cc4e351fe -> 
  custom:scripting/monoscript/fileName/ClearMeshBtn.cs: b14d5ced1c19826bfc491001a3f185d1 -> 
  custom:scripting/monoscript/fileName/MeshAndTextureTypeMaskSelector.cs: fdba9a050c9e3646ce8e80b7e936d037 -> 
  custom:scripting/monoscript/fileName/FxMeshFactory.cs: c3e28ca0186ef5ee5525c8801ad21c5a -> 
  custom:scripting/monoscript/fileName/FXTypeMaskSelector.cs: d74f6e4a0bcd101e2717459b81084106 -> 
  custom:scripting/monoscript/fileName/PlayerController.cs: 5b090d859ab09be631dc3b0f203f9571 -> 
  custom:scripting/monoscript/fileName/BuildScript.cs: 426ea9e2914d6e2d91f1414353c5dafc -> 
  custom:scripting/monoscript/fileName/ClearSkinMeshBtn.cs: 82d2655784ebc16abf5528736d619a9b -> 
  custom:scripting/monoscript/fileName/CreateCharacterWizard.cs: acfc968f24a9426403bd5add4843dcf8 -> 
  custom:CustomObjectIndexerAttribute: 72b91833f83ae208fae7752999fa3104 -> 
  custom:scripting/monoscript/fileName/AbstractTexture.cs: 5fe6f2f7be7fb5a86569856b4345a004 -> 
  custom:scripting/monoscript/fileName/FollowCamera.cs: 2d720f10865b64f024b0e3fccdd261c7 -> 
  custom:scripting/monoscript/fileName/FxMeshTypeBone.cs: f85b6921dfd1e47314410f2e3b110e25 -> 
  custom:scripting/monoscript/fileName/AssetbundlesMenuItems.cs: c3bdb3cf11cdd131fd9c40f5c72fdbb7 -> 
  custom:scripting/monoscript/fileName/Arm.cs: 4102684b6836edb71c1e92ebf943cfad -> 
  custom:container-demuxer-webm: 4f35f7cbe854078d1ac9338744f61a02 -> 
  custom:scripting/monoscript/fileName/NextMeshBtn.cs: c626932f4e3ef625c1f95cbb7df53377 -> 
  custom:scripting/monoscript/fileName/FaceFeature.cs: 4fb49a14cfb347e565b8520b489cd06f -> 
  custom:scripting/monoscript/fileName/SavePrefabBtn.cs: 3a461d0b73e33e6450805a3d4c14cf7e -> 
  custom:scripting/monoscript/fileName/LoaderManager.cs: 369c2be46c8c25c8c25ebdc236e1107b -> 
  custom:scripting/monoscript/fileName/SaveNameInput.cs: 38a66e5dc26bdeafde0ff106788ee663 -> 
  custom:scripting/monoscript/fileName/Config.cs: e85a922a2347c074e5939d78a5a7a10e -> 
  custom:scripting/monoscript/fileName/EyeFX.cs: bb3e917396c4b9336da3800cda69d75f -> 
  custom:scripting/monoscript/fileName/JumpFallBehaviour.cs: 6e303c4d540ce7e39efab9189bb22bcd -> 
  custom:scripting/monoscript/fileName/PrevMeshBtn.cs: e4cc6e23cf1ae834cfc676eb293c1a5c -> 
  custom:container-muxer-webm: aa71ff27fc2769a1b78a27578f13a17b -> 
  custom:scripting/monoscript/fileName/ClearTextureBtn.cs: 4f31783abce9af1d7ec4839287fef475 -> 
  custom:scripting/monoscript/fileName/Shoes.cs: 066ec4aa35b5452249c3208e4decccac -> 
  custom:video-decoder-webm-vp8: 9c59270c3fd7afecdb556c50c9e8de78 -> 
  custom:scripting/monoscript/fileName/ConfigManager.cs: ecadd354c11a441a4c89b5fd7a9f00e6 -> 
  custom:scripting/monoscript/fileName/ClearFXBtn.cs: 9a39f15de353636ac82e469249897f2d -> 
  custom:scripting/monoscript/fileName/ClosePopup.cs: b8d454205b2ceefe37b5fd3a66ce3f21 -> 
  custom:SearchIndexIgnoredProperties: e643bd26f0fe6173181afceb89e7c659 -> 
  custom:scripting/monoscript/fileName/Belt.cs: 57f9cd2ecc900069b427149243ef3bc5 -> 
  custom:AudioImporter_EditorPlatform: d09bf68614088b80899f8185d706f6e7 -> 
  custom:scripting/monoscript/fileName/AssetBundleLoadOperation.cs: 6671757952e868610efe84deb7d10911 -> 
  custom:scripting/monoscript/fileName/PrevSkinMeshBtn.cs: 4b975732b197cfed11faf978a39a86d9 -> 
  custom:scripting/monoscript/fileName/RandomBtn.cs: 09358cb3d53669a5fb3911b12bed41f9 -> 
  custom:scripting/monoscript/fileName/Beard.cs: fcba2011bd59aa862783e312bcb3f1ed -> 
  custom:scripting/monoscript/fileName/EnumFlagAttribute.cs: 74d0d26091c169f8de5e9bf42af43876 -> 
  custom:scripting/monoscript/fileName/LaunchAssetBundleServer.cs: fde14ca75a313e949066fe5170090bd6 -> 
  custom:scripting/monoscript/fileName/TextureManager.cs: e8b62e3c8c466c37ed390308c47b609f -> 
  custom:scripting/monoscript/fileName/RobeShort.cs: 98a985110c88276dffccdebb9b45a97a -> 
  custom:scripting/monoscript/fileName/AssetBundleRecord.cs: 5e3e2662beb76f92f544ca3a6af0a002 -> 
  custom:scripting/monoscript/fileName/TogglePopup.cs: e3546a95722da3ab7907a444f1349cba -> 
  custom:scripting/monoscript/fileName/ITextureLoader.cs: fb942611a67ee29c2d3906a7f2b2ca06 -> 
  custom:scripting/monoscript/fileName/SaveBtn.cs: 3dfbd63f5b032b539a11095805980518 -> 
  custom:scripting/monoscript/fileName/NextSkinMeshBtn.cs: 7bde284a6144f85f7d24cd53fe360afe -> 
  custom:scripting/monoscript/fileName/Head.cs: ef8602f0e05bb6f56d36072970253a56 -> 
  custom:scripting/monoscript/fileName/NextFXBtn.cs: ec23ffa473c712e78d6eb18c4ae448be -> 
  custom:scripting/monoscript/fileName/AssetBundleBrowserMain.cs: adf460d08e5161db4df4e9efbad520b6 -> 
  custom:scripting/monoscript/fileName/JSONMap.cs: 0cc7c12ea7048b3ee204a6864ec14612 -> 
  custom:scripting/monoscript/fileName/AssetBundleManageTab.cs: cd787c8175c6b452036330db58559128 -> 
  custom:scripting/monoscript/fileName/Torso.cs: 69b7e0d6a62aacc036b1886a4ba2587b -> 
  custom:scripting/monoscript/fileName/AssetBundleBuildTab.cs: e4d3d716146519b1f52f6c0fe7ec5a47 -> 
  custom:scripting/monoscript/fileName/Hair.cs: 1f4e341ec44f1e9a43da832f30eda5e7 -> 
  custom:scripting/monoscript/fileName/AbstractMesh.cs: f416745403975ff81463073698d6e017 -> 
  custom:scripting/monoscript/fileName/NextTextureBtn.cs: d5a300ee8993aada97b6138db78b58aa -> 
  custom:scripting/monoscript/fileName/Gloves.cs: 21fa036484600f2d249c1ff665501393 -> 
  custom:scripting/monoscript/fileName/AssetBundleManager.cs: 0e168d48c6d3576e59f6c42f92fecd60 -> 
  custom:scripting/monoscript/fileName/RobeLong.cs: 1a7163e76453fecee35478b548086606 -> 
  custom:scripting/monoscript/fileName/InspectTreeView.cs: 4d03769e654689089e5185b09bfc6882 -> 
  custom:scripting/monoscript/fileName/MeshLoader.cs: 0b10154577fb1ae0dd2e8310eae4ddf4 -> 
  custom:scripting/monoscript/fileName/PrevFXBtn.cs: 9adcb6db2d84b99fc2ba85718ff2705c -> 
  custom:scripting/monoscript/fileName/ABModel.cs: d4f2ea81e354d5c73ab4578ede6b09b2 -> 
  custom:video-encoder-webm-vp8: eb34c28f22e8b96e1ab97ce403110664 -> 
  custom:scripting/monoscript/fileName/TextureLoader.cs: ef2efb353191380796da06838f0ca27c -> 
  custom:scripting/monoscript/fileName/Cloak.cs: 83fee273266203de062b641017c68a04 -> 
  custom:audio-decoder-ogg-vorbis: bf7c407c2cedff20999df2af8eb42d56 -> 
  custom:scripting/monoscript/fileName/Eyebrow.cs: a80914df48c7002be677c64522cce038 -> 
  custom:scripting/monoscript/fileName/MeshUVManager.cs: 3a3d4245c35b74c0afddd620ce689573 -> 
  custom:scripting/monoscript/fileName/MessageList.cs: 6b608508dbf342db2b025fa4e75150ed -> 
  custom:scripting/monoscript/fileName/ClearMeshColorBtn.cs: 0007c8d870af1fc291acf8c091e58855 -> 
  custom:scripting/monoscript/fileName/MessageSystem.cs: e1fba72936ec77bbbc283ee14a4e5ac9 -> 
  custom:scripting/monoscript/fileName/Helper.cs: c607632c58e5a7e90f5ab372e55f1b53 -> 
  custom:scripting/monoscript/fileName/TorsoAdd.cs: de2919cda7445d192f99b708ac4f8f98 -> 
  custom:scripting/monoscript/fileName/EnumFlagDrawer.cs: 41a8255d04f81b6824e2eb405c56f882 -> 
  custom:scripting/monoscript/fileName/Utility.cs: 28500e0d15bd811ed13877f72f01a728 -> 
  custom:scripting/monoscript/fileName/NextColorBtn.cs: 3c291ea58299c895d1e49ee9d26926c4 -> 
  custom:scripting/monoscript/fileName/BeltAdd.cs: cb7f04a49673453c6e59d8a19fc25506 -> 
  custom:scripting/monoscript/fileName/Skin.cs: b53e0e70cea1e5a2051dbeb2d303d7bf -> 
  custom:scripting/monoscript/fileName/PrevMeshColorBtn.cs: 6e7146d83f859cab20d94f99a895303c -> 
  custom:audio-encoder-webm-vorbis: bf7c407c2cedff20999df2af8eb42d56 -> 
  custom:scripting/precompiled-assembly-types:Assembly-CSharp-Editor: 45468fdc512dfc301cf6919cd834a8f4 -> aca7125a3389c5f4127a11b74e5e93cb
  custom:scripting/monoscript/fileName/Helm.cs: c26d56b2bba9bcb0ed144e3501bc4050 -> 
  custom:scripting/monoscript/fileName/Shoulder.cs: cd26873c046cfe405838db4b32b97d24 -> 
  custom:scripting/monoscript/fileName/IMeshLoader.cs: 9ae204479feb9db18b224953da5838fd -> 
  custom:scripting/monoscript/fileName/AssetListTree.cs: 255920d2dc3ac581fe65ea217df17385 -> 
  custom:scripting/monoscript/fileName/MeshTexture.cs: e035409d8c1a139d8e58746d92de0530 -> 
  custom:scripting/monoscript/fileName/AssetBundleTree.cs: db18b513ade8dfdb586627b6c32bbf86 -> 
  custom:scripting/precompiled-assembly-types:Assembly-CSharp: ecc624f91e3e70503464d4fae9f5c793 -> 3c21daaa6596794b482770e25e43442b
  custom:scripting/monoscript/fileName/SpriteProcessor.cs: ecdbdd0dbf42b62f38de6c8096601c0d -> 
  custom:scripting/monoscript/fileName/NextMeshColorBtn.cs: f15a2f312aac46efa390132e8e876a6a -> 
  custom:scripting/monoscript/fileName/ClearAllBtn.cs: 6b6df7aa9e75a6cecf2976db793db6eb -> 
  custom:scripting/monoscript/fileName/PlayerMoveController.cs: a4e66a81bcb2d723b3fb87dd004c6314 -> 
  custom:scripting/monoscript/fileName/CosmeticItem.cs: ac5d536a14f2cae3d00504fc810f7ed7 -> 
  custom:scripting/monoscript/fileName/ConfigLoader.cs: 62e091607cdc915ce80d4a253b61a2e7 -> 
  custom:scripting/monoscript/fileName/SaveItem.cs: 9fe0db1767d984560e8ce3cdb5cdd4f1 -> 
  custom:scripting/monoscript/fileName/SaveData.cs: cb74f51d5ddf1e3c0494034ad7572a91 -> 
  custom:scripting/monoscript/fileName/PrevColorBtn.cs: 745000830732e20a24b2b0544e8a21f7 -> 
========================================================================
Received Import Request.
  Time since last request: 691.641625 seconds.
  path: Assets/EditorPersonajes/Scripts/CharacterDatabase.cs
  artifactKey: Guid(738b51aa8c416854caeeaef89e79268a) Importer(815301076,1909f56bfc062723c751e8b465ee728b)
Start importing Assets/EditorPersonajes/Scripts/CharacterDatabase.cs using Guid(738b51aa8c416854caeeaef89e79268a) Importer(815301076,1909f56bfc062723c751e8b465ee728b) [PhysX] Initialized MultithreadedTaskDispatcher with 12 workers.
 -> (artifact id: '9376e9b151fe017b7d5e19dee2a6f87c') in 0.004398 seconds
Number of updated asset objects reloaded before import = 0
Number of asset objects unloaded after import = 0
========================================================================
Received Prepare
Caller must complete domain reload
Begin MonoManager ReloadAssembly
- Loaded All Assemblies, in  0.776 seconds
Native extension for WindowsStandalone target not found
Native extension for Android target not found
Mono: successfully reloaded assembly
- Finished resetting the current domain, in  1.520 seconds
Domain Reload Profiling: 2292ms
	BeginReloadAssembly (225ms)
		ExecutionOrderSort (0ms)
		DisableScriptedObjects (5ms)
		BackupInstance (0ms)
		ReleaseScriptingObjects (0ms)
		CreateAndSetChildDomain (54ms)
	RebuildCommonClasses (35ms)
	RebuildNativeTypeToScriptingClass (9ms)
	initialDomainReloadingComplete (43ms)
	LoadAllAssembliesAndSetupDomain (459ms)
		LoadAssemblies (531ms)
		RebuildTransferFunctionScriptingTraits (0ms)
		AnalyzeDomain (59ms)
			TypeCache.Refresh (16ms)
				TypeCache.ScanAssembly (3ms)
			ScanForSourceGeneratedMonoScriptInfo (25ms)
			ResolveRequiredComponents (13ms)
	FinalizeReload (1521ms)
		ReleaseScriptCaches (0ms)
		RebuildScriptCaches (0ms)
		SetupLoadedEditorAssemblies (523ms)
			LogAssemblyErrors (0ms)
			InitializePlatformSupportModulesInManaged (21ms)
			SetLoadedEditorAssemblies (4ms)
			RefreshPlugins (0ms)
			BeforeProcessingInitializeOnLoad (95ms)
			ProcessInitializeOnLoadAttributes (320ms)
			ProcessInitializeOnLoadMethodAttributes (74ms)
			AfterProcessingInitializeOnLoad (10ms)
			EditorAssembliesLoaded (0ms)
		ExecutionOrderSort2 (0ms)
		AwakeInstancesAfterBackupRestoration (21ms)
WARNING: Shader Unsupported: 'Toon/Basic Outline' - All subshaders removed
WARNING: Shader Did you use #pragma only_renderers and omit this platform?
WARNING: Shader If subshaders removal was intentional, you may have forgotten turning Fallback off?
WARNING: Shader Unsupported: 'Toon/Basic Outline' - All subshaders removed
WARNING: Shader Did you use #pragma only_renderers and omit this platform?
WARNING: Shader If subshaders removal was intentional, you may have forgotten turning Fallback off?
WARNING: Shader Unsupported: 'Toon/Lit Outline' - All subshaders removed
WARNING: Shader Did you use #pragma only_renderers and omit this platform?
WARNING: Shader If subshaders removal was intentional, you may have forgotten turning Fallback off?
WARNING: Shader Unsupported: 'Toon/Lit Outline' - All subshaders removed
WARNING: Shader Did you use #pragma only_renderers and omit this platform?
WARNING: Shader If subshaders removal was intentional, you may have forgotten turning Fallback off?
Refreshing native plugins compatible for Editor in 36.18 ms, found 4 plugins.
Preloading 0 native plugins for Editor in 0.00 ms.
Unloading 5361 Unused Serialized files (Serialized files now loaded: 0)
Unloading 25 unused Assets / (0.9 MB). Loaded Objects now: 6159.
Memory consumption went from 196.1 MB to 195.2 MB.
Total: 6.333200 ms (FindLiveObjects: 0.756500 ms CreateObjectMapping: 0.240400 ms MarkObjects: 4.061200 ms  DeleteObjects: 1.273200 ms)

Prepare: number of updated asset objects reloaded= 0
AssetImportParameters requested are different than current active one (requested -> active):
  custom:scripting/monoscript/fileName/MeshTypeBone.cs: f2929f2b8ecce3a651b0fd3ffe111924 -> 
  custom:scripting/monoscript/fileName/ShaderSelector.cs: 685bc00da5c5122ea4d91cfb7c33d4ce -> 
  custom:scripting/monoscript/fileName/Hand.cs: 5052127099e76a39f6f2b58ea1ef5c1e -> 
  custom:scripting/monoscript/fileName/TextureFactory.cs: cee276c059ba8c5d89b2dce85c58444e -> 
  custom:scripting/monoscript/fileName/ExecuteInternalMono.cs: 3e44be6fc6d7f25500f51fef3364e783 -> 
  custom:scripting/monoscript/fileName/BundleDetailList.cs: 49a12b558eca8c309cefc20f79be4f08 -> 
  custom:scripting/monoscript/fileName/ChangeSkinMeshBtn.cs: 5c6d8ac28a61c97b01d08415ec68b892 -> 
  custom:container-demuxer-ogg: 62fdf1f143b41e24485cea50d1cbac27 -> 
  custom:scripting/monoscript/fileName/InspectSingleBundle.cs: c4ddaa812469395f667f8059fbbafbb2 -> 
  custom:scripting/monoscript/fileName/TorsoFX.cs: 8364f33fdfe728687ae399ca95227afe -> 
  custom:scripting/monoscript/fileName/Scar.cs: a42aaa0f7421fdbac285e770432737fe -> 
  custom:scripting/monoscript/fileName/Eye.cs: afd6b945d219259bc28efd165ef781f4 -> 
  custom:scripting/monoscript/fileName/PrevTextureBtn.cs: ca06f7a8c9b0f19ce544f3b94a1420fa -> 
  custom:scripting/monoscript/fileName/ClearColorBtn.cs: 1e8e6c93adda6a5ba905483e8182c1dd -> 
  custom:scripting/monoscript/fileName/SaveManager.cs: de2264e4a492adfd4c3a4c607fa8c9d4 -> 
  custom:scripting/monoscript/fileName/PrevCharacterBtn.cs: 8b169ad1106eaf0dbdbff832654707ff -> 
  custom:scripting/monoscript/fileName/Popup.cs: 1c1ef9080900e5e97d1b14f0b41eadfa -> 
  custom:scripting/monoscript/fileName/EditorBundleManager.cs: 25971b08130223425370a0c67fd24c1d -> 
  custom:scripting/monoscript/fileName/LoadBtn.cs: 70bafae7f72c9ee6623f2f31d0779c28 -> 
  custom:scripting/monoscript/fileName/TextureTypeMaskSelector.cs: 7ff2a9c585e0132e7eecc431d721fd4f -> 
  custom:scripting/monoscript/fileName/Pants.cs: 6c99c36b54f1584503cd85f530589db5 -> 
  custom:scripting/monoscript/fileName/ABDataSourceProvider.cs: 4f93c6cdfbe44a00612a956e4ef9ffe7 -> 
  custom:video-decoder-ogg-theora: a1e56fd34408186e4bbccfd4996cb3dc -> 
  custom:scripting/monoscript/fileName/MeshManager.cs: 2f249bf80d6ae36c03b9409f5feb6c0d -> 
  custom:scripting/monoscript/fileName/ABDataSource.cs: 41b8295d17e0ef0ed1d4f959baadf27f -> 
  custom:framework-win-MediaFoundation: 216162199b28c13a410421893ffa2e32 -> 
  custom:scripting/monoscript/fileName/NextCharacterBtn.cs: 3c5d6d5f91a48826bcb43d4ef5261f6a -> 
  custom:scripting/monoscript/fileName/AssetBundleInspectTab.cs: 945f43d3df2c8ee2453a9a63fa11274c -> 
  custom:scripting/monoscript/fileName/CharacterDatabase.cs: 6f42a19de87aeff9442c5ac7cf5bd343 -> 
  custom:scripting/monoscript/fileName/SaveListView.cs: e595613b43c00299f3513b824b0dabc3 -> 
  custom:scripting/monoscript/fileName/MeshFactory.cs: 4bbafa913eed9f0fb1b99654c8762909 -> 
  custom:scripting/monoscript/fileName/CharacterRenderer.cs: 9882c587b2237760ae2eb744100b26f4 -> 
  custom:scripting/monoscript/fileName/AssetDatabaseABDataSource.cs: f87f54f41a9ae61d6c93a1ee4a7276fe -> 
  custom:scripting/monoscript/fileName/AbstractFXMesh.cs: 2f7f8bc9d1b9e98b83ebf043ab545fae -> 
  custom:scripting/monoscript/fileName/IConfigLoader.cs: 290018350438b79782c4b9fdba32926e -> 
  custom:scripting/monoscript/fileName/ABModelBundleInfo.cs: 2188b089518dc510222192403494a01e -> 
  custom:scripting/monoscript/fileName/Leg.cs: ef7b14f4330dc25387e1b59f0290d188 -> 
  custom:scripting/monoscript/fileName/ABModelAssetInfo.cs: 30e23a9e1ca57fffc37b721992bcf1a0 -> 
  custom:scripting/monoscript/fileName/MeshTypeMaskSelector.cs: e94ba6f4a1adba4feee5fb7cc4e351fe -> 
  custom:scripting/monoscript/fileName/ClearMeshBtn.cs: b14d5ced1c19826bfc491001a3f185d1 -> 
  custom:scripting/monoscript/fileName/MeshAndTextureTypeMaskSelector.cs: fdba9a050c9e3646ce8e80b7e936d037 -> 
  custom:scripting/monoscript/fileName/FxMeshFactory.cs: c3e28ca0186ef5ee5525c8801ad21c5a -> 
  custom:scripting/monoscript/fileName/FXTypeMaskSelector.cs: d74f6e4a0bcd101e2717459b81084106 -> 
  custom:scripting/monoscript/fileName/PlayerController.cs: 5b090d859ab09be631dc3b0f203f9571 -> 
  custom:scripting/monoscript/fileName/BuildScript.cs: 426ea9e2914d6e2d91f1414353c5dafc -> 
  custom:scripting/monoscript/fileName/ClearSkinMeshBtn.cs: 82d2655784ebc16abf5528736d619a9b -> 
  custom:scripting/monoscript/fileName/CreateCharacterWizard.cs: acfc968f24a9426403bd5add4843dcf8 -> 
  custom:CustomObjectIndexerAttribute: 72b91833f83ae208fae7752999fa3104 -> 
  custom:scripting/monoscript/fileName/AbstractTexture.cs: 5fe6f2f7be7fb5a86569856b4345a004 -> 
  custom:scripting/monoscript/fileName/FollowCamera.cs: 2d720f10865b64f024b0e3fccdd261c7 -> 
  custom:scripting/monoscript/fileName/FxMeshTypeBone.cs: f85b6921dfd1e47314410f2e3b110e25 -> 
  custom:scripting/monoscript/fileName/AssetbundlesMenuItems.cs: c3bdb3cf11cdd131fd9c40f5c72fdbb7 -> 
  custom:scripting/monoscript/fileName/Arm.cs: 4102684b6836edb71c1e92ebf943cfad -> 
  custom:container-demuxer-webm: 4f35f7cbe854078d1ac9338744f61a02 -> 
  custom:scripting/monoscript/fileName/NextMeshBtn.cs: c626932f4e3ef625c1f95cbb7df53377 -> 
  custom:scripting/monoscript/fileName/FaceFeature.cs: 4fb49a14cfb347e565b8520b489cd06f -> 
  custom:scripting/monoscript/fileName/SavePrefabBtn.cs: 3a461d0b73e33e6450805a3d4c14cf7e -> 
  custom:scripting/monoscript/fileName/LoaderManager.cs: 369c2be46c8c25c8c25ebdc236e1107b -> 
  custom:scripting/monoscript/fileName/SaveNameInput.cs: 38a66e5dc26bdeafde0ff106788ee663 -> 
  custom:scripting/monoscript/fileName/Config.cs: e85a922a2347c074e5939d78a5a7a10e -> 
  custom:scripting/monoscript/fileName/EyeFX.cs: bb3e917396c4b9336da3800cda69d75f -> 
  custom:scripting/monoscript/fileName/JumpFallBehaviour.cs: 6e303c4d540ce7e39efab9189bb22bcd -> 
  custom:scripting/monoscript/fileName/PrevMeshBtn.cs: e4cc6e23cf1ae834cfc676eb293c1a5c -> 
  custom:container-muxer-webm: aa71ff27fc2769a1b78a27578f13a17b -> 
  custom:scripting/monoscript/fileName/ClearTextureBtn.cs: 4f31783abce9af1d7ec4839287fef475 -> 
  custom:scripting/monoscript/fileName/Shoes.cs: 066ec4aa35b5452249c3208e4decccac -> 
  custom:video-decoder-webm-vp8: 9c59270c3fd7afecdb556c50c9e8de78 -> 
  custom:scripting/monoscript/fileName/ConfigManager.cs: ecadd354c11a441a4c89b5fd7a9f00e6 -> 
  custom:scripting/monoscript/fileName/ClearFXBtn.cs: 9a39f15de353636ac82e469249897f2d -> 
  custom:scripting/monoscript/fileName/ClosePopup.cs: b8d454205b2ceefe37b5fd3a66ce3f21 -> 
  custom:SearchIndexIgnoredProperties: e643bd26f0fe6173181afceb89e7c659 -> 
  custom:scripting/monoscript/fileName/Belt.cs: 57f9cd2ecc900069b427149243ef3bc5 -> 
  custom:AudioImporter_EditorPlatform: d09bf68614088b80899f8185d706f6e7 -> 
  custom:scripting/monoscript/fileName/AssetBundleLoadOperation.cs: 6671757952e868610efe84deb7d10911 -> 
  custom:scripting/monoscript/fileName/PrevSkinMeshBtn.cs: 4b975732b197cfed11faf978a39a86d9 -> 
  custom:scripting/monoscript/fileName/RandomBtn.cs: 09358cb3d53669a5fb3911b12bed41f9 -> 
  custom:scripting/monoscript/fileName/Beard.cs: fcba2011bd59aa862783e312bcb3f1ed -> 
  custom:scripting/monoscript/fileName/EnumFlagAttribute.cs: 74d0d26091c169f8de5e9bf42af43876 -> 
  custom:scripting/monoscript/fileName/LaunchAssetBundleServer.cs: fde14ca75a313e949066fe5170090bd6 -> 
  custom:scripting/monoscript/fileName/TextureManager.cs: e8b62e3c8c466c37ed390308c47b609f -> 
  custom:scripting/monoscript/fileName/RobeShort.cs: 98a985110c88276dffccdebb9b45a97a -> 
  custom:scripting/monoscript/fileName/AssetBundleRecord.cs: 5e3e2662beb76f92f544ca3a6af0a002 -> 
  custom:scripting/monoscript/fileName/TogglePopup.cs: e3546a95722da3ab7907a444f1349cba -> 
  custom:scripting/monoscript/fileName/ITextureLoader.cs: fb942611a67ee29c2d3906a7f2b2ca06 -> 
  custom:scripting/monoscript/fileName/SaveBtn.cs: 3dfbd63f5b032b539a11095805980518 -> 
  custom:scripting/monoscript/fileName/NextSkinMeshBtn.cs: 7bde284a6144f85f7d24cd53fe360afe -> 
  custom:scripting/monoscript/fileName/Head.cs: ef8602f0e05bb6f56d36072970253a56 -> 
  custom:scripting/monoscript/fileName/NextFXBtn.cs: ec23ffa473c712e78d6eb18c4ae448be -> 
  custom:scripting/monoscript/fileName/AssetBundleBrowserMain.cs: adf460d08e5161db4df4e9efbad520b6 -> 
  custom:scripting/monoscript/fileName/JSONMap.cs: 0cc7c12ea7048b3ee204a6864ec14612 -> 
  custom:scripting/monoscript/fileName/AssetBundleManageTab.cs: cd787c8175c6b452036330db58559128 -> 
  custom:scripting/monoscript/fileName/Torso.cs: 69b7e0d6a62aacc036b1886a4ba2587b -> 
  custom:scripting/monoscript/fileName/AssetBundleBuildTab.cs: e4d3d716146519b1f52f6c0fe7ec5a47 -> 
  custom:scripting/monoscript/fileName/Hair.cs: 1f4e341ec44f1e9a43da832f30eda5e7 -> 
  custom:scripting/monoscript/fileName/AbstractMesh.cs: f416745403975ff81463073698d6e017 -> 
  custom:scripting/monoscript/fileName/NextTextureBtn.cs: d5a300ee8993aada97b6138db78b58aa -> 
  custom:scripting/monoscript/fileName/Gloves.cs: 21fa036484600f2d249c1ff665501393 -> 
  custom:scripting/monoscript/fileName/AssetBundleManager.cs: 0e168d48c6d3576e59f6c42f92fecd60 -> 
  custom:scripting/monoscript/fileName/RobeLong.cs: 1a7163e76453fecee35478b548086606 -> 
  custom:scripting/monoscript/fileName/InspectTreeView.cs: 4d03769e654689089e5185b09bfc6882 -> 
  custom:scripting/monoscript/fileName/MeshLoader.cs: 0b10154577fb1ae0dd2e8310eae4ddf4 -> 
  custom:scripting/monoscript/fileName/PrevFXBtn.cs: 9adcb6db2d84b99fc2ba85718ff2705c -> 
  custom:scripting/monoscript/fileName/ABModel.cs: d4f2ea81e354d5c73ab4578ede6b09b2 -> 
  custom:video-encoder-webm-vp8: eb34c28f22e8b96e1ab97ce403110664 -> 
  custom:scripting/monoscript/fileName/TextureLoader.cs: ef2efb353191380796da06838f0ca27c -> 
  custom:scripting/monoscript/fileName/Cloak.cs: 83fee273266203de062b641017c68a04 -> 
  custom:audio-decoder-ogg-vorbis: bf7c407c2cedff20999df2af8eb42d56 -> 
  custom:scripting/monoscript/fileName/Eyebrow.cs: a80914df48c7002be677c64522cce038 -> 
  custom:scripting/monoscript/fileName/MeshUVManager.cs: 3a3d4245c35b74c0afddd620ce689573 -> 
  custom:scripting/monoscript/fileName/MessageList.cs: 6b608508dbf342db2b025fa4e75150ed -> 
  custom:scripting/monoscript/fileName/ClearMeshColorBtn.cs: 0007c8d870af1fc291acf8c091e58855 -> 
  custom:scripting/monoscript/fileName/MessageSystem.cs: e1fba72936ec77bbbc283ee14a4e5ac9 -> 
  custom:scripting/monoscript/fileName/Helper.cs: c607632c58e5a7e90f5ab372e55f1b53 -> 
  custom:scripting/monoscript/fileName/TorsoAdd.cs: de2919cda7445d192f99b708ac4f8f98 -> 
  custom:scripting/monoscript/fileName/EnumFlagDrawer.cs: 41a8255d04f81b6824e2eb405c56f882 -> 
  custom:scripting/monoscript/fileName/Utility.cs: 28500e0d15bd811ed13877f72f01a728 -> 
  custom:scripting/monoscript/fileName/NextColorBtn.cs: 3c291ea58299c895d1e49ee9d26926c4 -> 
  custom:scripting/monoscript/fileName/BeltAdd.cs: cb7f04a49673453c6e59d8a19fc25506 -> 
  custom:scripting/monoscript/fileName/Skin.cs: b53e0e70cea1e5a2051dbeb2d303d7bf -> 
  custom:scripting/monoscript/fileName/PrevMeshColorBtn.cs: 6e7146d83f859cab20d94f99a895303c -> 
  custom:audio-encoder-webm-vorbis: bf7c407c2cedff20999df2af8eb42d56 -> 
  custom:scripting/precompiled-assembly-types:Assembly-CSharp-Editor: 45468fdc512dfc301cf6919cd834a8f4 -> aca7125a3389c5f4127a11b74e5e93cb
  custom:scripting/monoscript/fileName/Helm.cs: c26d56b2bba9bcb0ed144e3501bc4050 -> 
  custom:scripting/monoscript/fileName/Shoulder.cs: cd26873c046cfe405838db4b32b97d24 -> 
  custom:scripting/monoscript/fileName/IMeshLoader.cs: 9ae204479feb9db18b224953da5838fd -> 
  custom:scripting/monoscript/fileName/AssetListTree.cs: 255920d2dc3ac581fe65ea217df17385 -> 
  custom:scripting/monoscript/fileName/MeshTexture.cs: e035409d8c1a139d8e58746d92de0530 -> 
  custom:scripting/monoscript/fileName/AssetBundleTree.cs: db18b513ade8dfdb586627b6c32bbf86 -> 
  custom:scripting/precompiled-assembly-types:Assembly-CSharp: ecc624f91e3e70503464d4fae9f5c793 -> 3c21daaa6596794b482770e25e43442b
  custom:scripting/monoscript/fileName/SpriteProcessor.cs: ecdbdd0dbf42b62f38de6c8096601c0d -> 
  custom:scripting/monoscript/fileName/NextMeshColorBtn.cs: f15a2f312aac46efa390132e8e876a6a -> 
  custom:scripting/monoscript/fileName/ClearAllBtn.cs: 6b6df7aa9e75a6cecf2976db793db6eb -> 
  custom:scripting/monoscript/fileName/PlayerMoveController.cs: a4e66a81bcb2d723b3fb87dd004c6314 -> 
  custom:scripting/monoscript/fileName/CosmeticItem.cs: ac5d536a14f2cae3d00504fc810f7ed7 -> 
  custom:scripting/monoscript/fileName/ConfigLoader.cs: 62e091607cdc915ce80d4a253b61a2e7 -> 
  custom:scripting/monoscript/fileName/SaveItem.cs: 9fe0db1767d984560e8ce3cdb5cdd4f1 -> 
  custom:scripting/monoscript/fileName/SaveData.cs: cb74f51d5ddf1e3c0494034ad7572a91 -> 
  custom:scripting/monoscript/fileName/PrevColorBtn.cs: 745000830732e20a24b2b0544e8a21f7 -> 
========================================================================
Received Prepare
Caller must complete domain reload
Begin MonoManager ReloadAssembly
- Loaded All Assemblies, in  0.800 seconds
Native extension for WindowsStandalone target not found
Native extension for Android target not found
Mono: successfully reloaded assembly
- Finished resetting the current domain, in  1.686 seconds
Domain Reload Profiling: 2481ms
	BeginReloadAssembly (209ms)
		ExecutionOrderSort (0ms)
		DisableScriptedObjects (7ms)
		BackupInstance (0ms)
		ReleaseScriptingObjects (0ms)
		CreateAndSetChildDomain (54ms)
	RebuildCommonClasses (39ms)
	RebuildNativeTypeToScriptingClass (10ms)
	initialDomainReloadingComplete (44ms)
	LoadAllAssembliesAndSetupDomain (492ms)
		LoadAssemblies (544ms)
		RebuildTransferFunctionScriptingTraits (0ms)
		AnalyzeDomain (60ms)
			TypeCache.Refresh (19ms)
				TypeCache.ScanAssembly (3ms)
			ScanForSourceGeneratedMonoScriptInfo (26ms)
			ResolveRequiredComponents (13ms)
	FinalizeReload (1686ms)
		ReleaseScriptCaches (0ms)
		RebuildScriptCaches (0ms)
		SetupLoadedEditorAssemblies (581ms)
			LogAssemblyErrors (0ms)
			InitializePlatformSupportModulesInManaged (26ms)
			SetLoadedEditorAssemblies (6ms)
			RefreshPlugins (0ms)
			BeforeProcessingInitializeOnLoad (99ms)
			ProcessInitializeOnLoadAttributes (369ms)
			ProcessInitializeOnLoadMethodAttributes (71ms)
			AfterProcessingInitializeOnLoad (10ms)
			EditorAssembliesLoaded (0ms)
		ExecutionOrderSort2 (0ms)
		AwakeInstancesAfterBackupRestoration (25ms)
WARNING: Shader Unsupported: 'Toon/Basic Outline' - All subshaders removed
WARNING: Shader Did you use #pragma only_renderers and omit this platform?
WARNING: Shader If subshaders removal was intentional, you may have forgotten turning Fallback off?
WARNING: Shader Unsupported: 'Toon/Basic Outline' - All subshaders removed
WARNING: Shader Did you use #pragma only_renderers and omit this platform?
WARNING: Shader If subshaders removal was intentional, you may have forgotten turning Fallback off?
WARNING: Shader Unsupported: 'Toon/Lit Outline' - All subshaders removed
WARNING: Shader Did you use #pragma only_renderers and omit this platform?
WARNING: Shader If subshaders removal was intentional, you may have forgotten turning Fallback off?
WARNING: Shader Unsupported: 'Toon/Lit Outline' - All subshaders removed
WARNING: Shader Did you use #pragma only_renderers and omit this platform?
WARNING: Shader If subshaders removal was intentional, you may have forgotten turning Fallback off?
Refreshing native plugins compatible for Editor in 11.73 ms, found 4 plugins.
Preloading 0 native plugins for Editor in 0.00 ms.
Unloading 5361 Unused Serialized files (Serialized files now loaded: 0)
Unloading 25 unused Assets / (0.9 MB). Loaded Objects now: 6164.
Memory consumption went from 196.1 MB to 195.2 MB.
Total: 8.809300 ms (FindLiveObjects: 1.817300 ms CreateObjectMapping: 1.266000 ms MarkObjects: 5.116300 ms  DeleteObjects: 0.607600 ms)

Prepare: number of updated asset objects reloaded= 0
AssetImportParameters requested are different than current active one (requested -> active):
  custom:scripting/monoscript/fileName/MeshTypeBone.cs: f2929f2b8ecce3a651b0fd3ffe111924 -> 
  custom:scripting/monoscript/fileName/ShaderSelector.cs: 685bc00da5c5122ea4d91cfb7c33d4ce -> 
  custom:scripting/monoscript/fileName/Hand.cs: 5052127099e76a39f6f2b58ea1ef5c1e -> 
  custom:scripting/monoscript/fileName/TextureFactory.cs: cee276c059ba8c5d89b2dce85c58444e -> 
  custom:scripting/monoscript/fileName/ExecuteInternalMono.cs: 3e44be6fc6d7f25500f51fef3364e783 -> 
  custom:scripting/monoscript/fileName/BundleDetailList.cs: 49a12b558eca8c309cefc20f79be4f08 -> 
  custom:scripting/monoscript/fileName/ChangeSkinMeshBtn.cs: 5c6d8ac28a61c97b01d08415ec68b892 -> 
  custom:container-demuxer-ogg: 62fdf1f143b41e24485cea50d1cbac27 -> 
  custom:scripting/monoscript/fileName/InspectSingleBundle.cs: c4ddaa812469395f667f8059fbbafbb2 -> 
  custom:scripting/monoscript/fileName/TorsoFX.cs: 8364f33fdfe728687ae399ca95227afe -> 
  custom:scripting/monoscript/fileName/Scar.cs: a42aaa0f7421fdbac285e770432737fe -> 
  custom:scripting/monoscript/fileName/Eye.cs: afd6b945d219259bc28efd165ef781f4 -> 
  custom:scripting/monoscript/fileName/PrevTextureBtn.cs: ca06f7a8c9b0f19ce544f3b94a1420fa -> 
  custom:scripting/monoscript/fileName/ClearColorBtn.cs: 1e8e6c93adda6a5ba905483e8182c1dd -> 
  custom:scripting/monoscript/fileName/SaveManager.cs: de2264e4a492adfd4c3a4c607fa8c9d4 -> 
  custom:scripting/monoscript/fileName/PrevCharacterBtn.cs: 8b169ad1106eaf0dbdbff832654707ff -> 
  custom:scripting/monoscript/fileName/Popup.cs: 1c1ef9080900e5e97d1b14f0b41eadfa -> 
  custom:scripting/monoscript/fileName/EditorBundleManager.cs: 25971b08130223425370a0c67fd24c1d -> 
  custom:scripting/monoscript/fileName/LoadBtn.cs: 70bafae7f72c9ee6623f2f31d0779c28 -> 
  custom:scripting/monoscript/fileName/TextureTypeMaskSelector.cs: 7ff2a9c585e0132e7eecc431d721fd4f -> 
  custom:scripting/monoscript/fileName/Pants.cs: 6c99c36b54f1584503cd85f530589db5 -> 
  custom:scripting/monoscript/fileName/ABDataSourceProvider.cs: 4f93c6cdfbe44a00612a956e4ef9ffe7 -> 
  custom:video-decoder-ogg-theora: a1e56fd34408186e4bbccfd4996cb3dc -> 
  custom:scripting/monoscript/fileName/MeshManager.cs: 2f249bf80d6ae36c03b9409f5feb6c0d -> 
  custom:scripting/monoscript/fileName/ABDataSource.cs: 41b8295d17e0ef0ed1d4f959baadf27f -> 
  custom:framework-win-MediaFoundation: 216162199b28c13a410421893ffa2e32 -> 
  custom:scripting/monoscript/fileName/NextCharacterBtn.cs: 3c5d6d5f91a48826bcb43d4ef5261f6a -> 
  custom:scripting/monoscript/fileName/AssetBundleInspectTab.cs: 945f43d3df2c8ee2453a9a63fa11274c -> 
  custom:scripting/monoscript/fileName/CharacterDatabase.cs: 6f42a19de87aeff9442c5ac7cf5bd343 -> 
  custom:scripting/monoscript/fileName/SaveListView.cs: e595613b43c00299f3513b824b0dabc3 -> 
  custom:scripting/monoscript/fileName/MeshFactory.cs: 4bbafa913eed9f0fb1b99654c8762909 -> 
  custom:scripting/monoscript/fileName/CharacterRenderer.cs: 346f5894418514b3bf4a76be9c35cb0b -> 
  custom:scripting/monoscript/fileName/AssetDatabaseABDataSource.cs: f87f54f41a9ae61d6c93a1ee4a7276fe -> 
  custom:scripting/monoscript/fileName/AbstractFXMesh.cs: 2f7f8bc9d1b9e98b83ebf043ab545fae -> 
  custom:scripting/monoscript/fileName/IConfigLoader.cs: 290018350438b79782c4b9fdba32926e -> 
  custom:scripting/monoscript/fileName/ABModelBundleInfo.cs: 2188b089518dc510222192403494a01e -> 
  custom:scripting/monoscript/fileName/Leg.cs: ef7b14f4330dc25387e1b59f0290d188 -> 
  custom:scripting/monoscript/fileName/ABModelAssetInfo.cs: 30e23a9e1ca57fffc37b721992bcf1a0 -> 
  custom:scripting/monoscript/fileName/MeshTypeMaskSelector.cs: e94ba6f4a1adba4feee5fb7cc4e351fe -> 
  custom:scripting/monoscript/fileName/ClearMeshBtn.cs: b14d5ced1c19826bfc491001a3f185d1 -> 
  custom:scripting/monoscript/fileName/MeshAndTextureTypeMaskSelector.cs: fdba9a050c9e3646ce8e80b7e936d037 -> 
  custom:scripting/monoscript/fileName/FxMeshFactory.cs: c3e28ca0186ef5ee5525c8801ad21c5a -> 
  custom:scripting/monoscript/fileName/FXTypeMaskSelector.cs: d74f6e4a0bcd101e2717459b81084106 -> 
  custom:scripting/monoscript/fileName/PlayerController.cs: 5b090d859ab09be631dc3b0f203f9571 -> 
  custom:scripting/monoscript/fileName/BuildScript.cs: 426ea9e2914d6e2d91f1414353c5dafc -> 
  custom:scripting/monoscript/fileName/ClearSkinMeshBtn.cs: 82d2655784ebc16abf5528736d619a9b -> 
  custom:scripting/monoscript/fileName/CreateCharacterWizard.cs: acfc968f24a9426403bd5add4843dcf8 -> 
  custom:CustomObjectIndexerAttribute: 72b91833f83ae208fae7752999fa3104 -> 
  custom:scripting/monoscript/fileName/AbstractTexture.cs: 5fe6f2f7be7fb5a86569856b4345a004 -> 
  custom:scripting/monoscript/fileName/FollowCamera.cs: 2d720f10865b64f024b0e3fccdd261c7 -> 
  custom:scripting/monoscript/fileName/FxMeshTypeBone.cs: f85b6921dfd1e47314410f2e3b110e25 -> 
  custom:scripting/monoscript/fileName/AssetbundlesMenuItems.cs: c3bdb3cf11cdd131fd9c40f5c72fdbb7 -> 
  custom:scripting/monoscript/fileName/Arm.cs: 4102684b6836edb71c1e92ebf943cfad -> 
  custom:container-demuxer-webm: 4f35f7cbe854078d1ac9338744f61a02 -> 
  custom:scripting/monoscript/fileName/NextMeshBtn.cs: c626932f4e3ef625c1f95cbb7df53377 -> 
  custom:scripting/monoscript/fileName/FaceFeature.cs: 4fb49a14cfb347e565b8520b489cd06f -> 
  custom:scripting/monoscript/fileName/SavePrefabBtn.cs: 3a461d0b73e33e6450805a3d4c14cf7e -> 
  custom:scripting/monoscript/fileName/LoaderManager.cs: 369c2be46c8c25c8c25ebdc236e1107b -> 
  custom:scripting/monoscript/fileName/SaveNameInput.cs: 38a66e5dc26bdeafde0ff106788ee663 -> 
  custom:scripting/monoscript/fileName/Config.cs: e85a922a2347c074e5939d78a5a7a10e -> 
  custom:scripting/monoscript/fileName/EyeFX.cs: bb3e917396c4b9336da3800cda69d75f -> 
  custom:scripting/monoscript/fileName/JumpFallBehaviour.cs: 6e303c4d540ce7e39efab9189bb22bcd -> 
  custom:scripting/monoscript/fileName/PrevMeshBtn.cs: e4cc6e23cf1ae834cfc676eb293c1a5c -> 
  custom:container-muxer-webm: aa71ff27fc2769a1b78a27578f13a17b -> 
  custom:scripting/monoscript/fileName/ClearTextureBtn.cs: 4f31783abce9af1d7ec4839287fef475 -> 
  custom:scripting/monoscript/fileName/Shoes.cs: 066ec4aa35b5452249c3208e4decccac -> 
  custom:video-decoder-webm-vp8: 9c59270c3fd7afecdb556c50c9e8de78 -> 
  custom:scripting/monoscript/fileName/ConfigManager.cs: ecadd354c11a441a4c89b5fd7a9f00e6 -> 
  custom:scripting/monoscript/fileName/ClearFXBtn.cs: 9a39f15de353636ac82e469249897f2d -> 
  custom:scripting/monoscript/fileName/ClosePopup.cs: b8d454205b2ceefe37b5fd3a66ce3f21 -> 
  custom:SearchIndexIgnoredProperties: e643bd26f0fe6173181afceb89e7c659 -> 
  custom:scripting/monoscript/fileName/Belt.cs: 57f9cd2ecc900069b427149243ef3bc5 -> 
  custom:AudioImporter_EditorPlatform: d09bf68614088b80899f8185d706f6e7 -> 
  custom:scripting/monoscript/fileName/AssetBundleLoadOperation.cs: 6671757952e868610efe84deb7d10911 -> 
  custom:scripting/monoscript/fileName/PrevSkinMeshBtn.cs: 4b975732b197cfed11faf978a39a86d9 -> 
  custom:scripting/monoscript/fileName/RandomBtn.cs: 09358cb3d53669a5fb3911b12bed41f9 -> 
  custom:scripting/monoscript/fileName/Beard.cs: fcba2011bd59aa862783e312bcb3f1ed -> 
  custom:scripting/monoscript/fileName/EnumFlagAttribute.cs: 74d0d26091c169f8de5e9bf42af43876 -> 
  custom:scripting/monoscript/fileName/LaunchAssetBundleServer.cs: fde14ca75a313e949066fe5170090bd6 -> 
  custom:scripting/monoscript/fileName/TextureManager.cs: e8b62e3c8c466c37ed390308c47b609f -> 
  custom:scripting/monoscript/fileName/RobeShort.cs: 98a985110c88276dffccdebb9b45a97a -> 
  custom:scripting/monoscript/fileName/AssetBundleRecord.cs: 5e3e2662beb76f92f544ca3a6af0a002 -> 
  custom:scripting/monoscript/fileName/TogglePopup.cs: e3546a95722da3ab7907a444f1349cba -> 
  custom:scripting/monoscript/fileName/ITextureLoader.cs: fb942611a67ee29c2d3906a7f2b2ca06 -> 
  custom:scripting/monoscript/fileName/SaveBtn.cs: 3dfbd63f5b032b539a11095805980518 -> 
  custom:scripting/monoscript/fileName/NextSkinMeshBtn.cs: 7bde284a6144f85f7d24cd53fe360afe -> 
  custom:scripting/monoscript/fileName/Head.cs: ef8602f0e05bb6f56d36072970253a56 -> 
  custom:scripting/monoscript/fileName/NextFXBtn.cs: ec23ffa473c712e78d6eb18c4ae448be -> 
  custom:scripting/monoscript/fileName/AssetBundleBrowserMain.cs: adf460d08e5161db4df4e9efbad520b6 -> 
  custom:scripting/monoscript/fileName/JSONMap.cs: 0cc7c12ea7048b3ee204a6864ec14612 -> 
  custom:scripting/monoscript/fileName/AssetBundleManageTab.cs: cd787c8175c6b452036330db58559128 -> 
  custom:scripting/monoscript/fileName/Torso.cs: 69b7e0d6a62aacc036b1886a4ba2587b -> 
  custom:scripting/monoscript/fileName/AssetBundleBuildTab.cs: e4d3d716146519b1f52f6c0fe7ec5a47 -> 
  custom:scripting/monoscript/fileName/Hair.cs: 1f4e341ec44f1e9a43da832f30eda5e7 -> 
  custom:scripting/monoscript/fileName/AbstractMesh.cs: f416745403975ff81463073698d6e017 -> 
  custom:scripting/monoscript/fileName/NextTextureBtn.cs: d5a300ee8993aada97b6138db78b58aa -> 
  custom:scripting/monoscript/fileName/Gloves.cs: 21fa036484600f2d249c1ff665501393 -> 
  custom:scripting/monoscript/fileName/AssetBundleManager.cs: 0e168d48c6d3576e59f6c42f92fecd60 -> 
  custom:scripting/monoscript/fileName/RobeLong.cs: 1a7163e76453fecee35478b548086606 -> 
  custom:scripting/monoscript/fileName/InspectTreeView.cs: 4d03769e654689089e5185b09bfc6882 -> 
  custom:scripting/monoscript/fileName/MeshLoader.cs: 0b10154577fb1ae0dd2e8310eae4ddf4 -> 
  custom:scripting/monoscript/fileName/PrevFXBtn.cs: 9adcb6db2d84b99fc2ba85718ff2705c -> 
  custom:scripting/monoscript/fileName/ABModel.cs: d4f2ea81e354d5c73ab4578ede6b09b2 -> 
  custom:video-encoder-webm-vp8: eb34c28f22e8b96e1ab97ce403110664 -> 
  custom:scripting/monoscript/fileName/TextureLoader.cs: ef2efb353191380796da06838f0ca27c -> 
  custom:scripting/monoscript/fileName/Cloak.cs: 83fee273266203de062b641017c68a04 -> 
  custom:audio-decoder-ogg-vorbis: bf7c407c2cedff20999df2af8eb42d56 -> 
  custom:scripting/monoscript/fileName/Eyebrow.cs: a80914df48c7002be677c64522cce038 -> 
  custom:scripting/monoscript/fileName/MeshUVManager.cs: 3a3d4245c35b74c0afddd620ce689573 -> 
  custom:scripting/monoscript/fileName/MessageList.cs: 6b608508dbf342db2b025fa4e75150ed -> 
  custom:scripting/monoscript/fileName/ClearMeshColorBtn.cs: 0007c8d870af1fc291acf8c091e58855 -> 
  custom:scripting/monoscript/fileName/MessageSystem.cs: e1fba72936ec77bbbc283ee14a4e5ac9 -> 
  custom:scripting/monoscript/fileName/Helper.cs: c607632c58e5a7e90f5ab372e55f1b53 -> 
  custom:scripting/monoscript/fileName/TorsoAdd.cs: de2919cda7445d192f99b708ac4f8f98 -> 
  custom:scripting/monoscript/fileName/EnumFlagDrawer.cs: 41a8255d04f81b6824e2eb405c56f882 -> 
  custom:scripting/monoscript/fileName/Utility.cs: 28500e0d15bd811ed13877f72f01a728 -> 
  custom:scripting/monoscript/fileName/NextColorBtn.cs: 3c291ea58299c895d1e49ee9d26926c4 -> 
  custom:scripting/monoscript/fileName/BeltAdd.cs: cb7f04a49673453c6e59d8a19fc25506 -> 
  custom:scripting/monoscript/fileName/Skin.cs: b53e0e70cea1e5a2051dbeb2d303d7bf -> 
  custom:scripting/monoscript/fileName/PrevMeshColorBtn.cs: 6e7146d83f859cab20d94f99a895303c -> 
  custom:audio-encoder-webm-vorbis: bf7c407c2cedff20999df2af8eb42d56 -> 
  custom:scripting/precompiled-assembly-types:Assembly-CSharp-Editor: 45468fdc512dfc301cf6919cd834a8f4 -> aca7125a3389c5f4127a11b74e5e93cb
  custom:scripting/monoscript/fileName/Helm.cs: c26d56b2bba9bcb0ed144e3501bc4050 -> 
  custom:scripting/monoscript/fileName/Shoulder.cs: cd26873c046cfe405838db4b32b97d24 -> 
  custom:scripting/monoscript/fileName/IMeshLoader.cs: 9ae204479feb9db18b224953da5838fd -> 
  custom:scripting/monoscript/fileName/AssetListTree.cs: 255920d2dc3ac581fe65ea217df17385 -> 
  custom:scripting/monoscript/fileName/MeshTexture.cs: e035409d8c1a139d8e58746d92de0530 -> 
  custom:scripting/monoscript/fileName/AssetBundleTree.cs: db18b513ade8dfdb586627b6c32bbf86 -> 
  custom:scripting/precompiled-assembly-types:Assembly-CSharp: 2a57b7d9ba6c891b20990c959df4dfe7 -> 3c21daaa6596794b482770e25e43442b
  custom:scripting/monoscript/fileName/SpriteProcessor.cs: ecdbdd0dbf42b62f38de6c8096601c0d -> 
  custom:scripting/monoscript/fileName/NextMeshColorBtn.cs: f15a2f312aac46efa390132e8e876a6a -> 
  custom:scripting/monoscript/fileName/ClearAllBtn.cs: 6b6df7aa9e75a6cecf2976db793db6eb -> 
  custom:scripting/monoscript/fileName/PlayerMoveController.cs: a4e66a81bcb2d723b3fb87dd004c6314 -> 
  custom:scripting/monoscript/fileName/CosmeticItem.cs: ac5d536a14f2cae3d00504fc810f7ed7 -> 
  custom:scripting/monoscript/fileName/ConfigLoader.cs: 62e091607cdc915ce80d4a253b61a2e7 -> 
  custom:scripting/monoscript/fileName/SaveItem.cs: 9fe0db1767d984560e8ce3cdb5cdd4f1 -> 
  custom:scripting/monoscript/fileName/SaveData.cs: cb74f51d5ddf1e3c0494034ad7572a91 -> 
  custom:scripting/monoscript/fileName/PrevColorBtn.cs: 745000830732e20a24b2b0544e8a21f7 -> 
========================================================================
Received Import Request.
  Time since last request: 109.375312 seconds.
  path: Assets/EditorPersonajes/Scripts/CharacterRenderer.cs
  artifactKey: Guid(2e22deb876ea6264c95cdb33f23224df) Importer(815301076,1909f56bfc062723c751e8b465ee728b)
Start importing Assets/EditorPersonajes/Scripts/CharacterRenderer.cs using Guid(2e22deb876ea6264c95cdb33f23224df) Importer(815301076,1909f56bfc062723c751e8b465ee728b) [PhysX] Initialized MultithreadedTaskDispatcher with 12 workers.
 -> (artifact id: '170b2e7e275cfede752b8a29b3224c24') in 0.003256 seconds
Number of updated asset objects reloaded before import = 0
Number of asset objects unloaded after import = 0
========================================================================
Received Prepare
Caller must complete domain reload
Begin MonoManager ReloadAssembly
- Loaded All Assemblies, in  0.754 seconds
Native extension for WindowsStandalone target not found
Native extension for Android target not found
Mono: successfully reloaded assembly
- Finished resetting the current domain, in  1.639 seconds
Domain Reload Profiling: 2388ms
	BeginReloadAssembly (226ms)
		ExecutionOrderSort (0ms)
		DisableScriptedObjects (7ms)
		BackupInstance (0ms)
		ReleaseScriptingObjects (0ms)
		CreateAndSetChildDomain (51ms)
	RebuildCommonClasses (34ms)
	RebuildNativeTypeToScriptingClass (10ms)
	initialDomainReloadingComplete (44ms)
	LoadAllAssembliesAndSetupDomain (436ms)
		LoadAssemblies (533ms)
		RebuildTransferFunctionScriptingTraits (0ms)
		AnalyzeDomain (32ms)
			TypeCache.Refresh (14ms)
				TypeCache.ScanAssembly (0ms)
			ScanForSourceGeneratedMonoScriptInfo (0ms)
			ResolveRequiredComponents (13ms)
	FinalizeReload (1639ms)
		ReleaseScriptCaches (0ms)
		RebuildScriptCaches (0ms)
		SetupLoadedEditorAssemblies (522ms)
			LogAssemblyErrors (0ms)
			InitializePlatformSupportModulesInManaged (22ms)
			SetLoadedEditorAssemblies (4ms)
			RefreshPlugins (0ms)
			BeforeProcessingInitializeOnLoad (94ms)
			ProcessInitializeOnLoadAttributes (322ms)
			ProcessInitializeOnLoadMethodAttributes (69ms)
			AfterProcessingInitializeOnLoad (10ms)
			EditorAssembliesLoaded (0ms)
		ExecutionOrderSort2 (0ms)
		AwakeInstancesAfterBackupRestoration (24ms)
WARNING: Shader Unsupported: 'Toon/Basic Outline' - All subshaders removed
WARNING: Shader Did you use #pragma only_renderers and omit this platform?
WARNING: Shader If subshaders removal was intentional, you may have forgotten turning Fallback off?
WARNING: Shader Unsupported: 'Toon/Basic Outline' - All subshaders removed
WARNING: Shader Did you use #pragma only_renderers and omit this platform?
WARNING: Shader If subshaders removal was intentional, you may have forgotten turning Fallback off?
WARNING: Shader Unsupported: 'Toon/Lit Outline' - All subshaders removed
WARNING: Shader Did you use #pragma only_renderers and omit this platform?
WARNING: Shader If subshaders removal was intentional, you may have forgotten turning Fallback off?
WARNING: Shader Unsupported: 'Toon/Lit Outline' - All subshaders removed
WARNING: Shader Did you use #pragma only_renderers and omit this platform?
WARNING: Shader If subshaders removal was intentional, you may have forgotten turning Fallback off?
Refreshing native plugins compatible for Editor in 9.16 ms, found 4 plugins.
Preloading 0 native plugins for Editor in 0.00 ms.
Unloading 5361 Unused Serialized files (Serialized files now loaded: 0)
Unloading 25 unused Assets / (0.9 MB). Loaded Objects now: 6169.
Memory consumption went from 196.1 MB to 195.2 MB.
Total: 7.401800 ms (FindLiveObjects: 1.907000 ms CreateObjectMapping: 1.050000 ms MarkObjects: 3.868000 ms  DeleteObjects: 0.571800 ms)

Prepare: number of updated asset objects reloaded= 0
AssetImportParameters requested are different than current active one (requested -> active):
  custom:scripting/monoscript/fileName/MeshTypeBone.cs: f2929f2b8ecce3a651b0fd3ffe111924 -> 
  custom:scripting/monoscript/fileName/ShaderSelector.cs: 685bc00da5c5122ea4d91cfb7c33d4ce -> 
  custom:scripting/monoscript/fileName/Hand.cs: 5052127099e76a39f6f2b58ea1ef5c1e -> 
  custom:scripting/monoscript/fileName/TextureFactory.cs: cee276c059ba8c5d89b2dce85c58444e -> 
  custom:scripting/monoscript/fileName/ExecuteInternalMono.cs: 3e44be6fc6d7f25500f51fef3364e783 -> 
  custom:scripting/monoscript/fileName/BundleDetailList.cs: 49a12b558eca8c309cefc20f79be4f08 -> 
  custom:scripting/monoscript/fileName/ChangeSkinMeshBtn.cs: 5c6d8ac28a61c97b01d08415ec68b892 -> 
  custom:container-demuxer-ogg: 62fdf1f143b41e24485cea50d1cbac27 -> 
  custom:scripting/monoscript/fileName/InspectSingleBundle.cs: c4ddaa812469395f667f8059fbbafbb2 -> 
  custom:scripting/monoscript/fileName/TorsoFX.cs: 8364f33fdfe728687ae399ca95227afe -> 
  custom:scripting/monoscript/fileName/Scar.cs: a42aaa0f7421fdbac285e770432737fe -> 
  custom:scripting/monoscript/fileName/Eye.cs: afd6b945d219259bc28efd165ef781f4 -> 
  custom:scripting/monoscript/fileName/PrevTextureBtn.cs: ca06f7a8c9b0f19ce544f3b94a1420fa -> 
  custom:scripting/monoscript/fileName/ClearColorBtn.cs: 1e8e6c93adda6a5ba905483e8182c1dd -> 
  custom:scripting/monoscript/fileName/SaveManager.cs: de2264e4a492adfd4c3a4c607fa8c9d4 -> 
  custom:scripting/monoscript/fileName/PrevCharacterBtn.cs: 8b169ad1106eaf0dbdbff832654707ff -> 
  custom:scripting/monoscript/fileName/Popup.cs: 1c1ef9080900e5e97d1b14f0b41eadfa -> 
  custom:scripting/monoscript/fileName/EditorBundleManager.cs: 25971b08130223425370a0c67fd24c1d -> 
  custom:scripting/monoscript/fileName/LoadBtn.cs: 70bafae7f72c9ee6623f2f31d0779c28 -> 
  custom:scripting/monoscript/fileName/TextureTypeMaskSelector.cs: 7ff2a9c585e0132e7eecc431d721fd4f -> 
  custom:scripting/monoscript/fileName/Pants.cs: 6c99c36b54f1584503cd85f530589db5 -> 
  custom:scripting/monoscript/fileName/ABDataSourceProvider.cs: 4f93c6cdfbe44a00612a956e4ef9ffe7 -> 
  custom:video-decoder-ogg-theora: a1e56fd34408186e4bbccfd4996cb3dc -> 
  custom:scripting/monoscript/fileName/MeshManager.cs: 2f249bf80d6ae36c03b9409f5feb6c0d -> 
  custom:scripting/monoscript/fileName/ABDataSource.cs: 41b8295d17e0ef0ed1d4f959baadf27f -> 
  custom:framework-win-MediaFoundation: 216162199b28c13a410421893ffa2e32 -> 
  custom:scripting/monoscript/fileName/NextCharacterBtn.cs: 3c5d6d5f91a48826bcb43d4ef5261f6a -> 
  custom:scripting/monoscript/fileName/AssetBundleInspectTab.cs: 945f43d3df2c8ee2453a9a63fa11274c -> 
  custom:scripting/monoscript/fileName/CharacterDatabase.cs: 6f42a19de87aeff9442c5ac7cf5bd343 -> 
  custom:scripting/monoscript/fileName/SaveListView.cs: e595613b43c00299f3513b824b0dabc3 -> 
  custom:scripting/monoscript/fileName/MeshFactory.cs: 4bbafa913eed9f0fb1b99654c8762909 -> 
  custom:scripting/monoscript/fileName/CharacterRenderer.cs: 346f5894418514b3bf4a76be9c35cb0b -> 
  custom:scripting/monoscript/fileName/AssetDatabaseABDataSource.cs: f87f54f41a9ae61d6c93a1ee4a7276fe -> 
  custom:scripting/monoscript/fileName/AbstractFXMesh.cs: 2f7f8bc9d1b9e98b83ebf043ab545fae -> 
  custom:scripting/monoscript/fileName/IConfigLoader.cs: 290018350438b79782c4b9fdba32926e -> 
  custom:scripting/monoscript/fileName/ABModelBundleInfo.cs: 2188b089518dc510222192403494a01e -> 
  custom:scripting/monoscript/fileName/Leg.cs: ef7b14f4330dc25387e1b59f0290d188 -> 
  custom:scripting/monoscript/fileName/ABModelAssetInfo.cs: 30e23a9e1ca57fffc37b721992bcf1a0 -> 
  custom:scripting/monoscript/fileName/MeshTypeMaskSelector.cs: e94ba6f4a1adba4feee5fb7cc4e351fe -> 
  custom:scripting/monoscript/fileName/ClearMeshBtn.cs: b14d5ced1c19826bfc491001a3f185d1 -> 
  custom:scripting/monoscript/fileName/MeshAndTextureTypeMaskSelector.cs: fdba9a050c9e3646ce8e80b7e936d037 -> 
  custom:scripting/monoscript/fileName/FxMeshFactory.cs: c3e28ca0186ef5ee5525c8801ad21c5a -> 
  custom:scripting/monoscript/fileName/FXTypeMaskSelector.cs: d74f6e4a0bcd101e2717459b81084106 -> 
  custom:scripting/monoscript/fileName/PlayerController.cs: 5b090d859ab09be631dc3b0f203f9571 -> 
  custom:scripting/monoscript/fileName/BuildScript.cs: 426ea9e2914d6e2d91f1414353c5dafc -> 
  custom:scripting/monoscript/fileName/ClearSkinMeshBtn.cs: 82d2655784ebc16abf5528736d619a9b -> 
  custom:scripting/monoscript/fileName/CreateCharacterWizard.cs: acfc968f24a9426403bd5add4843dcf8 -> 
  custom:CustomObjectIndexerAttribute: 72b91833f83ae208fae7752999fa3104 -> 
  custom:scripting/monoscript/fileName/AbstractTexture.cs: 5fe6f2f7be7fb5a86569856b4345a004 -> 
  custom:scripting/monoscript/fileName/FollowCamera.cs: 2d720f10865b64f024b0e3fccdd261c7 -> 
  custom:scripting/monoscript/fileName/FxMeshTypeBone.cs: f85b6921dfd1e47314410f2e3b110e25 -> 
  custom:scripting/monoscript/fileName/AssetbundlesMenuItems.cs: c3bdb3cf11cdd131fd9c40f5c72fdbb7 -> 
  custom:scripting/monoscript/fileName/Arm.cs: 4102684b6836edb71c1e92ebf943cfad -> 
  custom:container-demuxer-webm: 4f35f7cbe854078d1ac9338744f61a02 -> 
  custom:scripting/monoscript/fileName/NextMeshBtn.cs: c626932f4e3ef625c1f95cbb7df53377 -> 
  custom:scripting/monoscript/fileName/FaceFeature.cs: 4fb49a14cfb347e565b8520b489cd06f -> 
  custom:scripting/monoscript/fileName/SavePrefabBtn.cs: 3a461d0b73e33e6450805a3d4c14cf7e -> 
  custom:scripting/monoscript/fileName/LoaderManager.cs: 369c2be46c8c25c8c25ebdc236e1107b -> 
  custom:scripting/monoscript/fileName/SaveNameInput.cs: 38a66e5dc26bdeafde0ff106788ee663 -> 
  custom:scripting/monoscript/fileName/Config.cs: e85a922a2347c074e5939d78a5a7a10e -> 
  custom:scripting/monoscript/fileName/EyeFX.cs: bb3e917396c4b9336da3800cda69d75f -> 
  custom:scripting/monoscript/fileName/JumpFallBehaviour.cs: 6e303c4d540ce7e39efab9189bb22bcd -> 
  custom:scripting/monoscript/fileName/PrevMeshBtn.cs: e4cc6e23cf1ae834cfc676eb293c1a5c -> 
  custom:container-muxer-webm: aa71ff27fc2769a1b78a27578f13a17b -> 
  custom:scripting/monoscript/fileName/ClearTextureBtn.cs: 4f31783abce9af1d7ec4839287fef475 -> 
  custom:scripting/monoscript/fileName/Shoes.cs: 066ec4aa35b5452249c3208e4decccac -> 
  custom:video-decoder-webm-vp8: 9c59270c3fd7afecdb556c50c9e8de78 -> 
  custom:scripting/monoscript/fileName/ConfigManager.cs: ecadd354c11a441a4c89b5fd7a9f00e6 -> 
  custom:scripting/monoscript/fileName/ClearFXBtn.cs: 9a39f15de353636ac82e469249897f2d -> 
  custom:scripting/monoscript/fileName/ClosePopup.cs: b8d454205b2ceefe37b5fd3a66ce3f21 -> 
  custom:SearchIndexIgnoredProperties: e643bd26f0fe6173181afceb89e7c659 -> 
  custom:scripting/monoscript/fileName/Belt.cs: 57f9cd2ecc900069b427149243ef3bc5 -> 
  custom:AudioImporter_EditorPlatform: d09bf68614088b80899f8185d706f6e7 -> 
  custom:scripting/monoscript/fileName/AssetBundleLoadOperation.cs: 6671757952e868610efe84deb7d10911 -> 
  custom:scripting/monoscript/fileName/PrevSkinMeshBtn.cs: 4b975732b197cfed11faf978a39a86d9 -> 
  custom:scripting/monoscript/fileName/RandomBtn.cs: 09358cb3d53669a5fb3911b12bed41f9 -> 
  custom:scripting/monoscript/fileName/Beard.cs: fcba2011bd59aa862783e312bcb3f1ed -> 
  custom:scripting/monoscript/fileName/EnumFlagAttribute.cs: 74d0d26091c169f8de5e9bf42af43876 -> 
  custom:scripting/monoscript/fileName/LaunchAssetBundleServer.cs: fde14ca75a313e949066fe5170090bd6 -> 
  custom:scripting/monoscript/fileName/TextureManager.cs: e8b62e3c8c466c37ed390308c47b609f -> 
  custom:scripting/monoscript/fileName/RobeShort.cs: 98a985110c88276dffccdebb9b45a97a -> 
  custom:scripting/monoscript/fileName/AssetBundleRecord.cs: 5e3e2662beb76f92f544ca3a6af0a002 -> 
  custom:scripting/monoscript/fileName/TogglePopup.cs: e3546a95722da3ab7907a444f1349cba -> 
  custom:scripting/monoscript/fileName/ITextureLoader.cs: fb942611a67ee29c2d3906a7f2b2ca06 -> 
  custom:scripting/monoscript/fileName/SaveBtn.cs: 3dfbd63f5b032b539a11095805980518 -> 
  custom:scripting/monoscript/fileName/NextSkinMeshBtn.cs: 7bde284a6144f85f7d24cd53fe360afe -> 
  custom:scripting/monoscript/fileName/Head.cs: ef8602f0e05bb6f56d36072970253a56 -> 
  custom:scripting/monoscript/fileName/NextFXBtn.cs: ec23ffa473c712e78d6eb18c4ae448be -> 
  custom:scripting/monoscript/fileName/AssetBundleBrowserMain.cs: adf460d08e5161db4df4e9efbad520b6 -> 
  custom:scripting/monoscript/fileName/JSONMap.cs: 0cc7c12ea7048b3ee204a6864ec14612 -> 
  custom:scripting/monoscript/fileName/AssetBundleManageTab.cs: cd787c8175c6b452036330db58559128 -> 
  custom:scripting/monoscript/fileName/Torso.cs: 69b7e0d6a62aacc036b1886a4ba2587b -> 
  custom:scripting/monoscript/fileName/AssetBundleBuildTab.cs: e4d3d716146519b1f52f6c0fe7ec5a47 -> 
  custom:scripting/monoscript/fileName/Hair.cs: 1f4e341ec44f1e9a43da832f30eda5e7 -> 
  custom:scripting/monoscript/fileName/AbstractMesh.cs: f416745403975ff81463073698d6e017 -> 
  custom:scripting/monoscript/fileName/NextTextureBtn.cs: d5a300ee8993aada97b6138db78b58aa -> 
  custom:scripting/monoscript/fileName/Gloves.cs: 21fa036484600f2d249c1ff665501393 -> 
  custom:scripting/monoscript/fileName/AssetBundleManager.cs: 0e168d48c6d3576e59f6c42f92fecd60 -> 
  custom:scripting/monoscript/fileName/RobeLong.cs: 1a7163e76453fecee35478b548086606 -> 
  custom:scripting/monoscript/fileName/InspectTreeView.cs: 4d03769e654689089e5185b09bfc6882 -> 
  custom:scripting/monoscript/fileName/MeshLoader.cs: 0b10154577fb1ae0dd2e8310eae4ddf4 -> 
  custom:scripting/monoscript/fileName/PrevFXBtn.cs: 9adcb6db2d84b99fc2ba85718ff2705c -> 
  custom:scripting/monoscript/fileName/ABModel.cs: d4f2ea81e354d5c73ab4578ede6b09b2 -> 
  custom:video-encoder-webm-vp8: eb34c28f22e8b96e1ab97ce403110664 -> 
  custom:scripting/monoscript/fileName/TextureLoader.cs: ef2efb353191380796da06838f0ca27c -> 
  custom:scripting/monoscript/fileName/Cloak.cs: 83fee273266203de062b641017c68a04 -> 
  custom:audio-decoder-ogg-vorbis: bf7c407c2cedff20999df2af8eb42d56 -> 
  custom:scripting/monoscript/fileName/Eyebrow.cs: a80914df48c7002be677c64522cce038 -> 
  custom:scripting/monoscript/fileName/MeshUVManager.cs: 3a3d4245c35b74c0afddd620ce689573 -> 
  custom:scripting/monoscript/fileName/MessageList.cs: 6b608508dbf342db2b025fa4e75150ed -> 
  custom:scripting/monoscript/fileName/ClearMeshColorBtn.cs: 0007c8d870af1fc291acf8c091e58855 -> 
  custom:scripting/monoscript/fileName/MessageSystem.cs: e1fba72936ec77bbbc283ee14a4e5ac9 -> 
  custom:scripting/monoscript/fileName/Helper.cs: c607632c58e5a7e90f5ab372e55f1b53 -> 
  custom:scripting/monoscript/fileName/TorsoAdd.cs: de2919cda7445d192f99b708ac4f8f98 -> 
  custom:scripting/monoscript/fileName/EnumFlagDrawer.cs: 41a8255d04f81b6824e2eb405c56f882 -> 
  custom:scripting/monoscript/fileName/Utility.cs: 28500e0d15bd811ed13877f72f01a728 -> 
  custom:scripting/monoscript/fileName/NextColorBtn.cs: 3c291ea58299c895d1e49ee9d26926c4 -> 
  custom:scripting/monoscript/fileName/BeltAdd.cs: cb7f04a49673453c6e59d8a19fc25506 -> 
  custom:scripting/monoscript/fileName/Skin.cs: b53e0e70cea1e5a2051dbeb2d303d7bf -> 
  custom:scripting/monoscript/fileName/PrevMeshColorBtn.cs: 6e7146d83f859cab20d94f99a895303c -> 
  custom:audio-encoder-webm-vorbis: bf7c407c2cedff20999df2af8eb42d56 -> 
  custom:scripting/precompiled-assembly-types:Assembly-CSharp-Editor: 45468fdc512dfc301cf6919cd834a8f4 -> aca7125a3389c5f4127a11b74e5e93cb
  custom:scripting/monoscript/fileName/Helm.cs: c26d56b2bba9bcb0ed144e3501bc4050 -> 
  custom:scripting/monoscript/fileName/Shoulder.cs: cd26873c046cfe405838db4b32b97d24 -> 
  custom:scripting/monoscript/fileName/IMeshLoader.cs: 9ae204479feb9db18b224953da5838fd -> 
  custom:scripting/monoscript/fileName/AssetListTree.cs: 255920d2dc3ac581fe65ea217df17385 -> 
  custom:scripting/monoscript/fileName/MeshTexture.cs: e035409d8c1a139d8e58746d92de0530 -> 
  custom:scripting/monoscript/fileName/AssetBundleTree.cs: db18b513ade8dfdb586627b6c32bbf86 -> 
  custom:scripting/precompiled-assembly-types:Assembly-CSharp: 2a57b7d9ba6c891b20990c959df4dfe7 -> 3c21daaa6596794b482770e25e43442b
  custom:scripting/monoscript/fileName/SpriteProcessor.cs: ecdbdd0dbf42b62f38de6c8096601c0d -> 
  custom:scripting/monoscript/fileName/NextMeshColorBtn.cs: f15a2f312aac46efa390132e8e876a6a -> 
  custom:scripting/monoscript/fileName/ClearAllBtn.cs: 6b6df7aa9e75a6cecf2976db793db6eb -> 
  custom:scripting/monoscript/fileName/PlayerMoveController.cs: a4e66a81bcb2d723b3fb87dd004c6314 -> 
  custom:scripting/monoscript/fileName/CosmeticItem.cs: ac5d536a14f2cae3d00504fc810f7ed7 -> 
  custom:scripting/monoscript/fileName/ConfigLoader.cs: 62e091607cdc915ce80d4a253b61a2e7 -> 
  custom:scripting/monoscript/fileName/SaveItem.cs: 9fe0db1767d984560e8ce3cdb5cdd4f1 -> 
  custom:scripting/monoscript/fileName/SaveData.cs: cb74f51d5ddf1e3c0494034ad7572a91 -> 
  custom:scripting/monoscript/fileName/PrevColorBtn.cs: 745000830732e20a24b2b0544e8a21f7 -> 
========================================================================
Received Import Request.
  Time since last request: 316.390318 seconds.
  path: Assets/EditorPersonajes/Data/Hair/Hair_02.asset
  artifactKey: Guid(31684db99c09f474ea6b1f4130181b91) Importer(815301076,1909f56bfc062723c751e8b465ee728b)
Start importing Assets/EditorPersonajes/Data/Hair/Hair_02.asset using Guid(31684db99c09f474ea6b1f4130181b91) Importer(815301076,1909f56bfc062723c751e8b465ee728b) [PhysX] Initialized MultithreadedTaskDispatcher with 12 workers.
 -> (artifact id: '7764bf14e921b5e441370cb238bfa70f') in 0.038461 seconds
Number of updated asset objects reloaded before import = 0
Number of asset objects unloaded after import = 2
========================================================================
Received Import Request.
  Time since last request: 79.904835 seconds.
  path: Assets/EditorPersonajes/Data/Shirts/Shirt_02.asset
  artifactKey: Guid(d7de72de3be571646a1901c0a31343e4) Importer(815301076,1909f56bfc062723c751e8b465ee728b)
Start importing Assets/EditorPersonajes/Data/Shirts/Shirt_02.asset using Guid(d7de72de3be571646a1901c0a31343e4) Importer(815301076,1909f56bfc062723c751e8b465ee728b) [PhysX] Initialized MultithreadedTaskDispatcher with 12 workers.
 -> (artifact id: '18b8be3eb2d41b175f8d0e5ae19000c9') in 0.006817 seconds
Number of updated asset objects reloaded before import = 0
Number of asset objects unloaded after import = 2
========================================================================
Received Import Request.
  Time since last request: 0.000047 seconds.
  path: Assets/EditorPersonajes/Data/Shirts/Shirt_04.asset
  artifactKey: Guid(aa4bf9b7631d53940b6691f2aa0c1dbe) Importer(815301076,1909f56bfc062723c751e8b465ee728b)
Start importing Assets/EditorPersonajes/Data/Shirts/Shirt_04.asset using Guid(aa4bf9b7631d53940b6691f2aa0c1dbe) Importer(815301076,1909f56bfc062723c751e8b465ee728b) [PhysX] Initialized MultithreadedTaskDispatcher with 12 workers.
 -> (artifact id: '94f9ba0a51929d4fd764e52ef898a4ff') in 0.002685 seconds
Number of updated asset objects reloaded before import = 0
Number of asset objects unloaded after import = 2
Editor requested this worker to shutdown with reason: Scaling down because of idle timeout
TcpMessagingSession - receive error: operation aborted. errorcode: 995, details: La operación de E/S se anuló por una salida de subproceso o por una solicitud de aplicación.
AssetImportWorker is now disconnected from the server
Process exiting
Exiting without the bug reporter. Application will terminate with return code 0