Using pre-set license
Built from '2022.3/respin/2022.3.62f2-4af31df585-v2' branch; Version is '2022.3.62f3 (96770f904ca7) revision 9860879'; Using compiler version '192829333'; Build Type 'Release'
OS: 'Windows 10  (10.0.19045) 64bit CoreSingleLanguage' Language: 'es' Physical Memory: 15042 MB
BatchMode: 1, IsHumanControllingUs: 0, StartBugReporterOnCrash: 0, Is64bit: 1, IsPro: 1

COMMAND LINE ARGUMENTS:
C:\Program Files\Unity\Hub\2022.3.62f3\Editor\Unity.exe
-adb2
-batchMode
-noUpm
-name
AssetImportWorker3
-projectPath
C:/Users/Cheee/OneDrive/Documentos/GitHub/VisualNovelExp/VisualNovelExp
-logFile
Logs/AssetImportWorker3.log
-srvPort
59111
Successfully changed project path to: C:/Users/Cheee/OneDrive/Documentos/GitHub/VisualNovelExp/VisualNovelExp
C:/Users/Cheee/OneDrive/Documentos/GitHub/VisualNovelExp/VisualNovelExp
[UnityMemory] Configuration Parameters - Can be set up in boot.config
    "memorysetup-bucket-allocator-granularity=16"
    "memorysetup-bucket-allocator-bucket-count=8"
    "memorysetup-bucket-allocator-block-size=33554432"
    "memorysetup-bucket-allocator-block-count=8"
    "memorysetup-main-allocator-block-size=16777216"
    "memorysetup-thread-allocator-block-size=16777216"
    "memorysetup-gfx-main-allocator-block-size=16777216"
    "memorysetup-gfx-thread-allocator-block-size=16777216"
    "memorysetup-cache-allocator-block-size=4194304"
    "memorysetup-typetree-allocator-block-size=2097152"
    "memorysetup-profiler-bucket-allocator-granularity=16"
    "memorysetup-profiler-bucket-allocator-bucket-count=8"
    "memorysetup-profiler-bucket-allocator-block-size=33554432"
    "memorysetup-profiler-bucket-allocator-block-count=8"
    "memorysetup-profiler-allocator-block-size=16777216"
    "memorysetup-profiler-editor-allocator-block-size=1048576"
    "memorysetup-temp-allocator-size-main=16777216"
    "memorysetup-job-temp-allocator-block-size=2097152"
    "memorysetup-job-temp-allocator-block-size-background=1048576"
    "memorysetup-job-temp-allocator-reduction-small-platforms=262144"
    "memorysetup-allocator-temp-initial-block-size-main=262144"
    "memorysetup-allocator-temp-initial-block-size-worker=262144"
    "memorysetup-temp-allocator-size-background-worker=32768"
    "memorysetup-temp-allocator-size-job-worker=262144"
    "memorysetup-temp-allocator-size-preload-manager=33554432"
    "memorysetup-temp-allocator-size-nav-mesh-worker=65536"
    "memorysetup-temp-allocator-size-audio-worker=65536"
    "memorysetup-temp-allocator-size-cloud-worker=32768"
    "memorysetup-temp-allocator-size-gi-baking-worker=262144"
    "memorysetup-temp-allocator-size-gfx=262144"
Player connection [22720]  Target information:

Player connection [22720]  * "[IP] 192.168.0.15 [Port] 0 [Flags] 2 [Guid] 2012192386 [EditorId] 2012192386 [Version] 1048832 [Id] WindowsEditor(7,DESKTOP-3OIPDIC) [Debug] 1 [PackageName] WindowsEditor [ProjectName] Editor" 

Player connection [22720] Host joined multi-casting on [225.0.0.222:54997]...
Player connection [22720] Host joined alternative multi-casting on [225.0.0.222:34997]...
Input System module state changed to: Initialized.
[PhysX] Initialized MultithreadedTaskDispatcher with 12 workers.
Refreshing native plugins compatible for Editor in 45.02 ms, found 4 plugins.
Preloading 0 native plugins for Editor in 0.00 ms.
Initialize engine version: 2022.3.62f3 (96770f904ca7)
[Subsystems] Discovering subsystems at path C:/Program Files/Unity/Hub/2022.3.62f3/Editor/Data/Resources/UnitySubsystems
[Subsystems] Discovering subsystems at path C:/Users/Cheee/OneDrive/Documentos/GitHub/VisualNovelExp/VisualNovelExp/Assets
GfxDevice: creating device client; threaded=0; jobified=0
Direct3D:
    Version:  Direct3D 11.0 [level 11.1]
    Renderer: AMD Radeon RX 5500 XT (ID=0x7340)
    Vendor:   ATI
    VRAM:     4055 MB
    Driver:   32.0.21043.19003
Initialize mono
Mono path[0] = 'C:/Program Files/Unity/Hub/2022.3.62f3/Editor/Data/Managed'
Mono path[1] = 'C:/Program Files/Unity/Hub/2022.3.62f3/Editor/Data/MonoBleedingEdge/lib/mono/unityjit-win32'
Mono config path = 'C:/Program Files/Unity/Hub/2022.3.62f3/Editor/Data/MonoBleedingEdge/etc'
Using monoOptions --debugger-agent=transport=dt_socket,embedding=1,server=y,suspend=n,address=127.0.0.1:56528
Begin MonoManager ReloadAssembly
Registering precompiled unity dll's ...
Register platform support module: C:/Program Files/Unity/Hub/2022.3.62f3/Editor/Data/PlaybackEngines/AndroidPlayer/UnityEditor.Android.Extensions.dll
Register platform support module: C:/Program Files/Unity/Hub/2022.3.62f3/Editor/Data/PlaybackEngines/WindowsStandaloneSupport/UnityEditor.WindowsStandalone.Extensions.dll
Registered in 0.012588 seconds.
- Loaded All Assemblies, in  0.424 seconds
Native extension for WindowsStandalone target not found
Native extension for Android target not found
Android Extension - Scanning For ADB Devices 307 ms
Mono: successfully reloaded assembly
- Finished resetting the current domain, in  0.661 seconds
Domain Reload Profiling: 1083ms
	BeginReloadAssembly (123ms)
		ExecutionOrderSort (0ms)
		DisableScriptedObjects (0ms)
		BackupInstance (0ms)
		ReleaseScriptingObjects (0ms)
		CreateAndSetChildDomain (1ms)
	RebuildCommonClasses (42ms)
	RebuildNativeTypeToScriptingClass (11ms)
	initialDomainReloadingComplete (80ms)
	LoadAllAssembliesAndSetupDomain (166ms)
		LoadAssemblies (122ms)
		RebuildTransferFunctionScriptingTraits (0ms)
		AnalyzeDomain (162ms)
			TypeCache.Refresh (161ms)
				TypeCache.ScanAssembly (146ms)
			ScanForSourceGeneratedMonoScriptInfo (0ms)
			ResolveRequiredComponents (1ms)
	FinalizeReload (662ms)
		ReleaseScriptCaches (0ms)
		RebuildScriptCaches (0ms)
		SetupLoadedEditorAssemblies (607ms)
			LogAssemblyErrors (0ms)
			InitializePlatformSupportModulesInManaged (399ms)
			SetLoadedEditorAssemblies (5ms)
			RefreshPlugins (0ms)
			BeforeProcessingInitializeOnLoad (3ms)
			ProcessInitializeOnLoadAttributes (147ms)
			ProcessInitializeOnLoadMethodAttributes (53ms)
			AfterProcessingInitializeOnLoad (0ms)
			EditorAssembliesLoaded (0ms)
		ExecutionOrderSort2 (0ms)
		AwakeInstancesAfterBackupRestoration (0ms)
========================================================================
Worker process is ready to serve import requests
Caller must complete domain reload
Begin MonoManager ReloadAssembly
- Loaded All Assemblies, in  1.062 seconds
Native extension for WindowsStandalone target not found
Native extension for Android target not found
Mono: successfully reloaded assembly
- Finished resetting the current domain, in  0.722 seconds
Domain Reload Profiling: 1776ms
	BeginReloadAssembly (173ms)
		ExecutionOrderSort (0ms)
		DisableScriptedObjects (6ms)
		BackupInstance (0ms)
		ReleaseScriptingObjects (0ms)
		CreateAndSetChildDomain (36ms)
	RebuildCommonClasses (36ms)
	RebuildNativeTypeToScriptingClass (8ms)
	initialDomainReloadingComplete (50ms)
	LoadAllAssembliesAndSetupDomain (786ms)
		LoadAssemblies (635ms)
		RebuildTransferFunctionScriptingTraits (0ms)
		AnalyzeDomain (248ms)
			TypeCache.Refresh (211ms)
				TypeCache.ScanAssembly (189ms)
			ScanForSourceGeneratedMonoScriptInfo (23ms)
			ResolveRequiredComponents (12ms)
	FinalizeReload (722ms)
		ReleaseScriptCaches (0ms)
		RebuildScriptCaches (0ms)
		SetupLoadedEditorAssemblies (561ms)
			LogAssemblyErrors (0ms)
			InitializePlatformSupportModulesInManaged (21ms)
			SetLoadedEditorAssemblies (3ms)
			RefreshPlugins (0ms)
			BeforeProcessingInitializeOnLoad (86ms)
			ProcessInitializeOnLoadAttributes (365ms)
			ProcessInitializeOnLoadMethodAttributes (77ms)
			AfterProcessingInitializeOnLoad (9ms)
			EditorAssembliesLoaded (0ms)
		ExecutionOrderSort2 (0ms)
		AwakeInstancesAfterBackupRestoration (6ms)
Launched and connected shader compiler UnityShaderCompiler.exe after 0.07 seconds
Refreshing native plugins compatible for Editor in 7.50 ms, found 4 plugins.
Preloading 0 native plugins for Editor in 0.00 ms.
Unloading 5376 Unused Serialized files (Serialized files now loaded: 0)
Unloading 27 unused Assets / (351.0 KB). Loaded Objects now: 5843.
Memory consumption went from 214.7 MB to 214.3 MB.
Total: 4.491100 ms (FindLiveObjects: 0.462600 ms CreateObjectMapping: 0.429000 ms MarkObjects: 3.404700 ms  DeleteObjects: 0.194000 ms)

AssetImportParameters requested are different than current active one (requested -> active):
  custom:container-demuxer-ogg: 62fdf1f143b41e24485cea50d1cbac27 -> 
  custom:video-decoder-ogg-theora: a1e56fd34408186e4bbccfd4996cb3dc -> 
  custom:framework-win-MediaFoundation: 216162199b28c13a410421893ffa2e32 -> 
  custom:CustomObjectIndexerAttribute: 72b91833f83ae208fae7752999fa3104 -> 
  custom:container-demuxer-webm: 4f35f7cbe854078d1ac9338744f61a02 -> 
  custom:container-muxer-webm: aa71ff27fc2769a1b78a27578f13a17b -> 
  custom:video-decoder-webm-vp8: 9c59270c3fd7afecdb556c50c9e8de78 -> 
  custom:SearchIndexIgnoredProperties: e643bd26f0fe6173181afceb89e7c659 -> 
  custom:AudioImporter_EditorPlatform: d09bf68614088b80899f8185d706f6e7 -> 
  custom:video-encoder-webm-vp8: eb34c28f22e8b96e1ab97ce403110664 -> 
  custom:audio-decoder-ogg-vorbis: bf7c407c2cedff20999df2af8eb42d56 -> 
  custom:audio-encoder-webm-vorbis: bf7c407c2cedff20999df2af8eb42d56 -> 
========================================================================
Received Import Request.
  Time since last request: 494127.199074 seconds.
  path: Assets/ZRNAssets/Cars/Car_Sedan_03.fbx
  artifactKey: Guid(f8fb5be307ca84a53bf7b8b966a2b4da) Importer(2089858483,0ecaa5967403d082aa24f35e1b516d23)
Start importing Assets/ZRNAssets/Cars/Car_Sedan_03.fbx using Guid(f8fb5be307ca84a53bf7b8b966a2b4da) Importer(2089858483,0ecaa5967403d082aa24f35e1b516d23) [PhysX] Initialized MultithreadedTaskDispatcher with 12 workers.
 -> (artifact id: '5f428aea27af14cb709ab7774a58afbb') in 0.265446 seconds
Number of updated asset objects reloaded before import = 0
Number of asset objects unloaded after import = 22
========================================================================
Received Import Request.
  Time since last request: 0.000056 seconds.
  path: Assets/ZRNAssets/005339_08932_25_14/Materials/005339_08932_unitedmat_136.mat
  artifactKey: Guid(b8293c5d004fb4a16821f6209a9d828f) Importer(2089858483,0ecaa5967403d082aa24f35e1b516d23)
Start importing Assets/ZRNAssets/005339_08932_25_14/Materials/005339_08932_unitedmat_136.mat using Guid(b8293c5d004fb4a16821f6209a9d828f) Importer(2089858483,0ecaa5967403d082aa24f35e1b516d23) [PhysX] Initialized MultithreadedTaskDispatcher with 12 workers.
 -> (artifact id: '369df343feae781ae2843532708c4efb') in 0.020806 seconds
Number of updated asset objects reloaded before import = 0
Number of asset objects unloaded after import = 1
========================================================================
Received Import Request.
  Time since last request: 0.000030 seconds.
  path: Assets/ZRNAssets/Skyboxes/Textures/Sunny1/Sunny1_right.tif
  artifactKey: Guid(195c271a9118d224c8562ae67cf47a66) Importer(2089858483,0ecaa5967403d082aa24f35e1b516d23)
Start importing Assets/ZRNAssets/Skyboxes/Textures/Sunny1/Sunny1_right.tif using Guid(195c271a9118d224c8562ae67cf47a66) Importer(2089858483,0ecaa5967403d082aa24f35e1b516d23) [PhysX] Initialized MultithreadedTaskDispatcher with 12 workers.
 -> (artifact id: 'a93f00e0d906f27738d127b868a76e69') in 0.054594 seconds
Number of updated asset objects reloaded before import = 0
Number of asset objects unloaded after import = 1
========================================================================
Received Import Request.
  Time since last request: 0.000036 seconds.
  path: Assets/ZRNAssets/005339_08932_25_14/Materials/005339_08932_unitedmat_117.mat
  artifactKey: Guid(9a1ff407559a442078e4fd260c21a0b3) Importer(2089858483,0ecaa5967403d082aa24f35e1b516d23)
Start importing Assets/ZRNAssets/005339_08932_25_14/Materials/005339_08932_unitedmat_117.mat using Guid(9a1ff407559a442078e4fd260c21a0b3) Importer(2089858483,0ecaa5967403d082aa24f35e1b516d23) [PhysX] Initialized MultithreadedTaskDispatcher with 12 workers.
 -> (artifact id: 'f358939d17eb301446f8cc87d3146085') in 0.015090 seconds
Number of updated asset objects reloaded before import = 0
Number of asset objects unloaded after import = 1
========================================================================
Received Import Request.
  Time since last request: 0.000065 seconds.
  path: Assets/ZRNAssets/PQAssets/Query-Chan/Scripts/QueryAnimationController.cs
  artifactKey: Guid(f93a8ef5f983e4d278644a510e8ae080) Importer(2089858483,0ecaa5967403d082aa24f35e1b516d23)
Start importing Assets/ZRNAssets/PQAssets/Query-Chan/Scripts/QueryAnimationController.cs using Guid(f93a8ef5f983e4d278644a510e8ae080) Importer(2089858483,0ecaa5967403d082aa24f35e1b516d23) [PhysX] Initialized MultithreadedTaskDispatcher with 12 workers.
 -> (artifact id: '03a93d1729009579d085f7380a67be10') in 0.015796 seconds
Number of updated asset objects reloaded before import = 0
Number of asset objects unloaded after import = 1
========================================================================
Received Import Request.
  Time since last request: 0.000045 seconds.
  path: Assets/ZRNAssets/PQAssets/Query-Chan/Sounds/Voice/02_Shouts/One_Two.wav
  artifactKey: Guid(bd0a4629fdbd8439b887eec07145e7d6) Importer(2089858483,0ecaa5967403d082aa24f35e1b516d23)
Start importing Assets/ZRNAssets/PQAssets/Query-Chan/Sounds/Voice/02_Shouts/One_Two.wav using Guid(bd0a4629fdbd8439b887eec07145e7d6) Importer(2089858483,0ecaa5967403d082aa24f35e1b516d23) [PhysX] Initialized MultithreadedTaskDispatcher with 12 workers.
 -> (artifact id: '85cfd3a541f4441814f7988adfe353ef') in 0.048677 seconds
Number of updated asset objects reloaded before import = 0
Number of asset objects unloaded after import = 1
========================================================================
Received Import Request.
  Time since last request: 0.000041 seconds.
  path: Assets/ZRNAssets/005339_08932_25_14/Materials/005339_08932_L_-101698_0_01_01_4.mat
  artifactKey: Guid(8391c9263ecb2429f8f199ca98a799e9) Importer(2089858483,0ecaa5967403d082aa24f35e1b516d23)
Start importing Assets/ZRNAssets/005339_08932_25_14/Materials/005339_08932_L_-101698_0_01_01_4.mat using Guid(8391c9263ecb2429f8f199ca98a799e9) Importer(2089858483,0ecaa5967403d082aa24f35e1b516d23) [PhysX] Initialized MultithreadedTaskDispatcher with 12 workers.
 -> (artifact id: 'e825bbec0d3bb6d018926830da99d567') in 0.017711 seconds
Number of updated asset objects reloaded before import = 0
Number of asset objects unloaded after import = 2
========================================================================
Received Import Request.
  Time since last request: 0.000040 seconds.
  path: Assets/ZRNAssets/005339_08932_25_14/Textures/005339_08932_L_-90154_0_01_01_14.png
  artifactKey: Guid(f45667b61013741faa955a25fccd0164) Importer(2089858483,0ecaa5967403d082aa24f35e1b516d23)
Start importing Assets/ZRNAssets/005339_08932_25_14/Textures/005339_08932_L_-90154_0_01_01_14.png using Guid(f45667b61013741faa955a25fccd0164) Importer(2089858483,0ecaa5967403d082aa24f35e1b516d23) [PhysX] Initialized MultithreadedTaskDispatcher with 12 workers.
 -> (artifact id: 'b329761f467061af310fe4edf11ca220') in 0.024570 seconds
Number of updated asset objects reloaded before import = 0
Number of asset objects unloaded after import = 1
========================================================================
Received Import Request.
  Time since last request: 0.000049 seconds.
  path: Assets/ZRNAssets/005339_08932_25_14/Materials/005339_08932_unitedmat_120.mat
  artifactKey: Guid(467fe3f87c50a48c1b1a3204d7dea34b) Importer(2089858483,0ecaa5967403d082aa24f35e1b516d23)
Start importing Assets/ZRNAssets/005339_08932_25_14/Materials/005339_08932_unitedmat_120.mat using Guid(467fe3f87c50a48c1b1a3204d7dea34b) Importer(2089858483,0ecaa5967403d082aa24f35e1b516d23) [PhysX] Initialized MultithreadedTaskDispatcher with 12 workers.
 -> (artifact id: '19fdbc8f528e6c46629a2f80ac5cb7f0') in 0.018303 seconds
Number of updated asset objects reloaded before import = 0
Number of asset objects unloaded after import = 1
========================================================================
Received Import Request.
  Time since last request: 0.000050 seconds.
  path: Assets/ZRNAssets/005339_08932_25_14/Textures/005339_08932_L_-90303_0_01_01_102.png
  artifactKey: Guid(3feb34364e2c349bda2fbe190e734708) Importer(2089858483,0ecaa5967403d082aa24f35e1b516d23)
Start importing Assets/ZRNAssets/005339_08932_25_14/Textures/005339_08932_L_-90303_0_01_01_102.png using Guid(3feb34364e2c349bda2fbe190e734708) Importer(2089858483,0ecaa5967403d082aa24f35e1b516d23) [PhysX] Initialized MultithreadedTaskDispatcher with 12 workers.
 -> (artifact id: '9f0586220783864ac629dc83b6fd592c') in 0.022718 seconds
Number of updated asset objects reloaded before import = 0
Number of asset objects unloaded after import = 1
========================================================================
Received Import Request.
  Time since last request: 0.000028 seconds.
  path: Assets/ZRNAssets/005339_08932_25_14/Materials/005339_08932_unitedmat_108.mat
  artifactKey: Guid(307c6cbd5292e4cb38c31fbba7045928) Importer(2089858483,0ecaa5967403d082aa24f35e1b516d23)
Start importing Assets/ZRNAssets/005339_08932_25_14/Materials/005339_08932_unitedmat_108.mat using Guid(307c6cbd5292e4cb38c31fbba7045928) Importer(2089858483,0ecaa5967403d082aa24f35e1b516d23) [PhysX] Initialized MultithreadedTaskDispatcher with 12 workers.
 -> (artifact id: 'a8e31105590437fd3c5f6da644e5ce8e') in 0.015423 seconds
Number of updated asset objects reloaded before import = 0
Number of asset objects unloaded after import = 1
========================================================================
Received Import Request.
  Time since last request: 0.000036 seconds.
  path: Assets/ZRNAssets/005339_08932_25_14/Textures/005339_08932_25_14_39.png
  artifactKey: Guid(defaa2fcfe70f42b78d62bbed8ba9278) Importer(2089858483,0ecaa5967403d082aa24f35e1b516d23)
Start importing Assets/ZRNAssets/005339_08932_25_14/Textures/005339_08932_25_14_39.png using Guid(defaa2fcfe70f42b78d62bbed8ba9278) Importer(2089858483,0ecaa5967403d082aa24f35e1b516d23) [PhysX] Initialized MultithreadedTaskDispatcher with 12 workers.
 -> (artifact id: 'e81965101a6e345f34132696f7ffd844') in 0.022414 seconds
Number of updated asset objects reloaded before import = 0
Number of asset objects unloaded after import = 1
========================================================================
Received Import Request.
  Time since last request: 0.000041 seconds.
  path: Assets/ZRNAssets/005339_08932_25_14/Materials/005339_08932_25_14_unitedmat_156.mat
  artifactKey: Guid(3ac6c6b8d779747be97e5e15d2bb1f32) Importer(2089858483,0ecaa5967403d082aa24f35e1b516d23)
Start importing Assets/ZRNAssets/005339_08932_25_14/Materials/005339_08932_25_14_unitedmat_156.mat using Guid(3ac6c6b8d779747be97e5e15d2bb1f32) Importer(2089858483,0ecaa5967403d082aa24f35e1b516d23) [PhysX] Initialized MultithreadedTaskDispatcher with 12 workers.
 -> (artifact id: '75955110eafc4c38d89f56ce4e8623cc') in 0.015693 seconds
Number of updated asset objects reloaded before import = 0
Number of asset objects unloaded after import = 2
========================================================================
Received Import Request.
  Time since last request: 0.000028 seconds.
  path: Assets/ZRNAssets/005339_08932_25_14/Materials/S_G_000107_F.mat
  artifactKey: Guid(bfbf5c1861ddb4a3cb7d5c80439ce73d) Importer(2089858483,0ecaa5967403d082aa24f35e1b516d23)
Start importing Assets/ZRNAssets/005339_08932_25_14/Materials/S_G_000107_F.mat using Guid(bfbf5c1861ddb4a3cb7d5c80439ce73d) Importer(2089858483,0ecaa5967403d082aa24f35e1b516d23) [PhysX] Initialized MultithreadedTaskDispatcher with 12 workers.
 -> (artifact id: 'dab34dd9668dd0f0b03b58efc82d9bcc') in 0.018269 seconds
Number of updated asset objects reloaded before import = 0
Number of asset objects unloaded after import = 2
========================================================================
Received Import Request.
  Time since last request: 0.000029 seconds.
  path: Assets/ZRNAssets/005339_08932_25_14/Textures/005339_08932_L_-90296_0_01_01_4.png
  artifactKey: Guid(6cbb7758726fd46f6964a1da08a58a87) Importer(2089858483,0ecaa5967403d082aa24f35e1b516d23)
Start importing Assets/ZRNAssets/005339_08932_25_14/Textures/005339_08932_L_-90296_0_01_01_4.png using Guid(6cbb7758726fd46f6964a1da08a58a87) Importer(2089858483,0ecaa5967403d082aa24f35e1b516d23) [PhysX] Initialized MultithreadedTaskDispatcher with 12 workers.
 -> (artifact id: 'c3963e9d762004a8893e989ca76e0c88') in 0.025731 seconds
Number of updated asset objects reloaded before import = 0
Number of asset objects unloaded after import = 1
========================================================================
Received Import Request.
  Time since last request: 0.000036 seconds.
  path: Assets/ZRNAssets/005339_08932_25_14/Materials/S_G_000137_S.mat
  artifactKey: Guid(785c6220f646147bcbbe2a232f5eeb9c) Importer(2089858483,0ecaa5967403d082aa24f35e1b516d23)
Start importing Assets/ZRNAssets/005339_08932_25_14/Materials/S_G_000137_S.mat using Guid(785c6220f646147bcbbe2a232f5eeb9c) Importer(2089858483,0ecaa5967403d082aa24f35e1b516d23) [PhysX] Initialized MultithreadedTaskDispatcher with 12 workers.
 -> (artifact id: '3c8cc8b602caf0005f200d9754b9b582') in 0.015150 seconds
Number of updated asset objects reloaded before import = 0
Number of asset objects unloaded after import = 2
========================================================================
Received Import Request.
  Time since last request: 0.000037 seconds.
  path: Assets/ZRNAssets/005339_08932_25_14/Textures/T_58000A_0_TransP.png
  artifactKey: Guid(254952ddcf3594dfea2116ef7ce1d895) Importer(2089858483,0ecaa5967403d082aa24f35e1b516d23)
Start importing Assets/ZRNAssets/005339_08932_25_14/Textures/T_58000A_0_TransP.png using Guid(254952ddcf3594dfea2116ef7ce1d895) Importer(2089858483,0ecaa5967403d082aa24f35e1b516d23) [PhysX] Initialized MultithreadedTaskDispatcher with 12 workers.
 -> (artifact id: 'fb3afb544690623707ffd0f8c636d2fd') in 0.020818 seconds
Number of updated asset objects reloaded before import = 0
Number of asset objects unloaded after import = 1
========================================================================
Received Import Request.
  Time since last request: 0.000065 seconds.
  path: Assets/ZRNAssets/005339_08932_25_14/Materials/005339_08932_25_14_unitedmat_75.mat
  artifactKey: Guid(7431198924a1d4ce9b7be1636b04f833) Importer(2089858483,0ecaa5967403d082aa24f35e1b516d23)
Start importing Assets/ZRNAssets/005339_08932_25_14/Materials/005339_08932_25_14_unitedmat_75.mat using Guid(7431198924a1d4ce9b7be1636b04f833) Importer(2089858483,0ecaa5967403d082aa24f35e1b516d23) [PhysX] Initialized MultithreadedTaskDispatcher with 12 workers.
 -> (artifact id: 'ac450f8866848445a6d98085fa62f3d6') in 0.013514 seconds
Number of updated asset objects reloaded before import = 0
Number of asset objects unloaded after import = 2
========================================================================
Received Import Request.
  Time since last request: 0.000030 seconds.
  path: Assets/ZRNAssets/005339_08932_25_14/Materials/005339_08932_L_-101753_0_01_01_2.mat
  artifactKey: Guid(6c20621553fe946b2bfc41052c82ea8f) Importer(2089858483,0ecaa5967403d082aa24f35e1b516d23)
Start importing Assets/ZRNAssets/005339_08932_25_14/Materials/005339_08932_L_-101753_0_01_01_2.mat using Guid(6c20621553fe946b2bfc41052c82ea8f) Importer(2089858483,0ecaa5967403d082aa24f35e1b516d23) [PhysX] Initialized MultithreadedTaskDispatcher with 12 workers.
 -> (artifact id: 'b9710eb093f0b429eb8dd373a8b5e780') in 0.014483 seconds
Number of updated asset objects reloaded before import = 0
Number of asset objects unloaded after import = 2
========================================================================
Received Import Request.
  Time since last request: 0.000029 seconds.
  path: Assets/ZRNAssets/Skyboxes/Textures/MoonShine/MoonShine_back.tif
  artifactKey: Guid(427ff48b098658742bdcce953d607e78) Importer(2089858483,0ecaa5967403d082aa24f35e1b516d23)
Start importing Assets/ZRNAssets/Skyboxes/Textures/MoonShine/MoonShine_back.tif using Guid(427ff48b098658742bdcce953d607e78) Importer(2089858483,0ecaa5967403d082aa24f35e1b516d23) [PhysX] Initialized MultithreadedTaskDispatcher with 12 workers.
 -> (artifact id: 'ec6e9fedffe4c5646196d10aedbd2f30') in 0.022563 seconds
Number of updated asset objects reloaded before import = 0
Number of asset objects unloaded after import = 1
========================================================================
Received Import Request.
  Time since last request: 0.000033 seconds.
  path: Assets/ZRNAssets/005339_08932_25_14/Textures/S_G_000156_S.png
  artifactKey: Guid(eb7f9d698834a4c11a77f1fad61f53f9) Importer(2089858483,0ecaa5967403d082aa24f35e1b516d23)
Start importing Assets/ZRNAssets/005339_08932_25_14/Textures/S_G_000156_S.png using Guid(eb7f9d698834a4c11a77f1fad61f53f9) Importer(2089858483,0ecaa5967403d082aa24f35e1b516d23) [PhysX] Initialized MultithreadedTaskDispatcher with 12 workers.
 -> (artifact id: 'eb5e354b303df3a496e2605ccb124dee') in 0.021134 seconds
Number of updated asset objects reloaded before import = 0
Number of asset objects unloaded after import = 1
========================================================================
Received Import Request.
  Time since last request: 0.000039 seconds.
  path: Assets/ZRNAssets/005339_08932_25_14/Materials/mat.0102.mat
  artifactKey: Guid(8f52d3f9efc90446b9a9b2b6dc5f1f1d) Importer(2089858483,0ecaa5967403d082aa24f35e1b516d23)
Start importing Assets/ZRNAssets/005339_08932_25_14/Materials/mat.0102.mat using Guid(8f52d3f9efc90446b9a9b2b6dc5f1f1d) Importer(2089858483,0ecaa5967403d082aa24f35e1b516d23) [PhysX] Initialized MultithreadedTaskDispatcher with 12 workers.
 -> (artifact id: '37f4e15fbb26708fa8d387d8662a4863') in 0.014394 seconds
Number of updated asset objects reloaded before import = 0
Number of asset objects unloaded after import = 1
========================================================================
Received Import Request.
  Time since last request: 0.000028 seconds.
  path: Assets/ZRNAssets/005339_08932_25_14/Materials/005339_08932_unitedmat_174.mat
  artifactKey: Guid(3afeff0d04d584375a9b132fc2498dfd) Importer(2089858483,0ecaa5967403d082aa24f35e1b516d23)
Start importing Assets/ZRNAssets/005339_08932_25_14/Materials/005339_08932_unitedmat_174.mat using Guid(3afeff0d04d584375a9b132fc2498dfd) Importer(2089858483,0ecaa5967403d082aa24f35e1b516d23) [PhysX] Initialized MultithreadedTaskDispatcher with 12 workers.
 -> (artifact id: '73945e4db2ffb07ad6fadbbfb9efd2b9') in 0.013165 seconds
Number of updated asset objects reloaded before import = 0
Number of asset objects unloaded after import = 1
========================================================================
Received Import Request.
  Time since last request: 0.000045 seconds.
  path: Assets/ZRNAssets/005339_08932_25_14/Materials/S_G_000149_S.mat
  artifactKey: Guid(46b24c89d5f08476bba0af6c38c797b4) Importer(2089858483,0ecaa5967403d082aa24f35e1b516d23)
Start importing Assets/ZRNAssets/005339_08932_25_14/Materials/S_G_000149_S.mat using Guid(46b24c89d5f08476bba0af6c38c797b4) Importer(2089858483,0ecaa5967403d082aa24f35e1b516d23) [PhysX] Initialized MultithreadedTaskDispatcher with 12 workers.
 -> (artifact id: '0ca8e065bde3dbb587cd1b96d2e7c7f0') in 0.013451 seconds
Number of updated asset objects reloaded before import = 0
Number of asset objects unloaded after import = 2
========================================================================
Received Import Request.
  Time since last request: 0.000028 seconds.
  path: Assets/ZRNAssets/005339_08932_25_14/Textures/S_G_000168_S.png
  artifactKey: Guid(18e41255988f4484b92a1a953d0f1e49) Importer(2089858483,0ecaa5967403d082aa24f35e1b516d23)
Start importing Assets/ZRNAssets/005339_08932_25_14/Textures/S_G_000168_S.png using Guid(18e41255988f4484b92a1a953d0f1e49) Importer(2089858483,0ecaa5967403d082aa24f35e1b516d23) [PhysX] Initialized MultithreadedTaskDispatcher with 12 workers.
 -> (artifact id: 'ecaef4abe1d50222eaede407d1463bb6') in 0.024141 seconds
Number of updated asset objects reloaded before import = 0
Number of asset objects unloaded after import = 1
========================================================================
Received Import Request.
  Time since last request: 0.000034 seconds.
  path: Assets/ZRNAssets/Skyboxes/Textures/StarryNight
  artifactKey: Guid(ff063c9db7e6e467d86d376ff5be5ca0) Importer(2089858483,0ecaa5967403d082aa24f35e1b516d23)
Start importing Assets/ZRNAssets/Skyboxes/Textures/StarryNight using Guid(ff063c9db7e6e467d86d376ff5be5ca0) Importer(2089858483,0ecaa5967403d082aa24f35e1b516d23) [PhysX] Initialized MultithreadedTaskDispatcher with 12 workers.
 -> (artifact id: 'd99887340b722501237489eb40d08673') in 0.013020 seconds
Number of updated asset objects reloaded before import = 0
Number of asset objects unloaded after import = 1
========================================================================
Received Import Request.
  Time since last request: 0.000044 seconds.
  path: Assets/ZRNAssets/005339_08932_25_14/Textures/005339_08932_L_-90286_0_01_01_6.png
  artifactKey: Guid(0a6b9ea996a264d32abd438edf8d9090) Importer(2089858483,0ecaa5967403d082aa24f35e1b516d23)
Start importing Assets/ZRNAssets/005339_08932_25_14/Textures/005339_08932_L_-90286_0_01_01_6.png using Guid(0a6b9ea996a264d32abd438edf8d9090) Importer(2089858483,0ecaa5967403d082aa24f35e1b516d23) [PhysX] Initialized MultithreadedTaskDispatcher with 12 workers.
 -> (artifact id: 'c37cc08832f3fe53adcffd2cdb297345') in 0.018258 seconds
Number of updated asset objects reloaded before import = 0
Number of asset objects unloaded after import = 1
========================================================================
Received Import Request.
  Time since last request: 0.000046 seconds.
  path: Assets/ZRNAssets/PQAssets/Query-Chan/Sounds/Voice/03_Others/My_Turn.wav
  artifactKey: Guid(f04dff3e48c784b629448c06241ed1da) Importer(2089858483,0ecaa5967403d082aa24f35e1b516d23)
Start importing Assets/ZRNAssets/PQAssets/Query-Chan/Sounds/Voice/03_Others/My_Turn.wav using Guid(f04dff3e48c784b629448c06241ed1da) Importer(2089858483,0ecaa5967403d082aa24f35e1b516d23) [PhysX] Initialized MultithreadedTaskDispatcher with 12 workers.
 -> (artifact id: '9dd32369aa9c24774a6dc6d0c9d005a6') in 0.040354 seconds
Number of updated asset objects reloaded before import = 0
Number of asset objects unloaded after import = 1
========================================================================
Received Import Request.
  Time since last request: 0.000031 seconds.
  path: Assets/ZRNAssets/005339_08932_25_14/Materials/005339_08932_L_-90241_0_01_01_15.mat
  artifactKey: Guid(8f0fa4e84b0b6432786b83a022aaf3e4) Importer(2089858483,0ecaa5967403d082aa24f35e1b516d23)
Start importing Assets/ZRNAssets/005339_08932_25_14/Materials/005339_08932_L_-90241_0_01_01_15.mat using Guid(8f0fa4e84b0b6432786b83a022aaf3e4) Importer(2089858483,0ecaa5967403d082aa24f35e1b516d23) [PhysX] Initialized MultithreadedTaskDispatcher with 12 workers.
 -> (artifact id: '62ecec04af6469f8df378f487d98769d') in 0.015531 seconds
Number of updated asset objects reloaded before import = 0
Number of asset objects unloaded after import = 2
========================================================================
Received Import Request.
  Time since last request: 0.000040 seconds.
  path: Assets/ZRNAssets/005339_08932_25_14/Textures/S_G_000183_F.png
  artifactKey: Guid(00304f2e2922c4b1d8e4f72e63692d73) Importer(2089858483,0ecaa5967403d082aa24f35e1b516d23)
Start importing Assets/ZRNAssets/005339_08932_25_14/Textures/S_G_000183_F.png using Guid(00304f2e2922c4b1d8e4f72e63692d73) Importer(2089858483,0ecaa5967403d082aa24f35e1b516d23) [PhysX] Initialized MultithreadedTaskDispatcher with 12 workers.
 -> (artifact id: 'a4e5e9ca5bc11fa9ed234b8742212348') in 0.020868 seconds
Number of updated asset objects reloaded before import = 0
Number of asset objects unloaded after import = 1
========================================================================
Received Import Request.
  Time since last request: 0.000054 seconds.
  path: Assets/ZRNAssets/005339_08932_25_14/Materials/005339_08932_L_-90207_0_01_01_7.mat
  artifactKey: Guid(6aead2c2f8a8642b3b5a17e44e50fdcb) Importer(2089858483,0ecaa5967403d082aa24f35e1b516d23)
Start importing Assets/ZRNAssets/005339_08932_25_14/Materials/005339_08932_L_-90207_0_01_01_7.mat using Guid(6aead2c2f8a8642b3b5a17e44e50fdcb) Importer(2089858483,0ecaa5967403d082aa24f35e1b516d23) [PhysX] Initialized MultithreadedTaskDispatcher with 12 workers.
 -> (artifact id: '52e1e302ce4cd00e0639fd84c98db27c') in 0.015641 seconds
Number of updated asset objects reloaded before import = 0
Number of asset objects unloaded after import = 2
========================================================================
Received Import Request.
  Time since last request: 0.000041 seconds.
  path: Assets/ZRNAssets/005339_08932_25_14/Textures/005339_08932_25_14_41.png
  artifactKey: Guid(1f5f236ca90cf461db4ef6765bff38fd) Importer(2089858483,0ecaa5967403d082aa24f35e1b516d23)
Start importing Assets/ZRNAssets/005339_08932_25_14/Textures/005339_08932_25_14_41.png using Guid(1f5f236ca90cf461db4ef6765bff38fd) Importer(2089858483,0ecaa5967403d082aa24f35e1b516d23) [PhysX] Initialized MultithreadedTaskDispatcher with 12 workers.
 -> (artifact id: 'e63a046cc5157380ea4c201732fb091b') in 0.018854 seconds
Number of updated asset objects reloaded before import = 0
Number of asset objects unloaded after import = 1
========================================================================
Received Import Request.
  Time since last request: 0.000073 seconds.
  path: Assets/ZRNAssets/005339_08932_25_14/Materials/005339_08932_25_14_unitedmat_94.mat
  artifactKey: Guid(50877ae2633034fe2ade3666da64e68e) Importer(2089858483,0ecaa5967403d082aa24f35e1b516d23)
Start importing Assets/ZRNAssets/005339_08932_25_14/Materials/005339_08932_25_14_unitedmat_94.mat using Guid(50877ae2633034fe2ade3666da64e68e) Importer(2089858483,0ecaa5967403d082aa24f35e1b516d23) [PhysX] Initialized MultithreadedTaskDispatcher with 12 workers.
 -> (artifact id: '33e41adda1cc83fbf2ef080fa97e0742') in 0.015201 seconds
Number of updated asset objects reloaded before import = 0
Number of asset objects unloaded after import = 2
========================================================================
Received Import Request.
  Time since last request: 0.000036 seconds.
  path: Assets/ZRNAssets/005339_08932_25_14/Textures/005339_08932_L_-90304_0_01_01_6.png
  artifactKey: Guid(badbdf4bb75204d3790a755040aac396) Importer(2089858483,0ecaa5967403d082aa24f35e1b516d23)
Start importing Assets/ZRNAssets/005339_08932_25_14/Textures/005339_08932_L_-90304_0_01_01_6.png using Guid(badbdf4bb75204d3790a755040aac396) Importer(2089858483,0ecaa5967403d082aa24f35e1b516d23) [PhysX] Initialized MultithreadedTaskDispatcher with 12 workers.
 -> (artifact id: 'b3d432689ee2563719fd7270a821b072') in 0.020476 seconds
Number of updated asset objects reloaded before import = 0
Number of asset objects unloaded after import = 1
========================================================================
Received Import Request.
  Time since last request: 0.000046 seconds.
  path: Assets/ZRNAssets/005339_08932_25_14/Textures/005339_08932_25_14_16.png
  artifactKey: Guid(d5d72b6fa1ae4451db9f7954b39cc84a) Importer(2089858483,0ecaa5967403d082aa24f35e1b516d23)
Start importing Assets/ZRNAssets/005339_08932_25_14/Textures/005339_08932_25_14_16.png using Guid(d5d72b6fa1ae4451db9f7954b39cc84a) Importer(2089858483,0ecaa5967403d082aa24f35e1b516d23) [PhysX] Initialized MultithreadedTaskDispatcher with 12 workers.
 -> (artifact id: '9d42b493e555367e3504bea2017b4571') in 0.019062 seconds
Number of updated asset objects reloaded before import = 0
Number of asset objects unloaded after import = 1
========================================================================
Received Import Request.
  Time since last request: 0.000033 seconds.
  path: Assets/ZRNAssets/005339_08932_25_14/Materials/005339_08932_L_-90298_0_01_01_56.mat
  artifactKey: Guid(d7f9b40b1d67040d7a1f6dd4404e9691) Importer(2089858483,0ecaa5967403d082aa24f35e1b516d23)
Start importing Assets/ZRNAssets/005339_08932_25_14/Materials/005339_08932_L_-90298_0_01_01_56.mat using Guid(d7f9b40b1d67040d7a1f6dd4404e9691) Importer(2089858483,0ecaa5967403d082aa24f35e1b516d23) [PhysX] Initialized MultithreadedTaskDispatcher with 12 workers.
 -> (artifact id: 'f187306b50176c2facbea4b71b7a7997') in 0.017883 seconds
Number of updated asset objects reloaded before import = 0
Number of asset objects unloaded after import = 2
========================================================================
Received Import Request.
  Time since last request: 0.000033 seconds.
  path: Assets/ZRNAssets/005339_08932_25_14/Materials/005339_08932_25_14_unitedmat_131.mat
  artifactKey: Guid(9cbc3d1f6fd9346a7abff8c9dbb3ace0) Importer(2089858483,0ecaa5967403d082aa24f35e1b516d23)
Start importing Assets/ZRNAssets/005339_08932_25_14/Materials/005339_08932_25_14_unitedmat_131.mat using Guid(9cbc3d1f6fd9346a7abff8c9dbb3ace0) Importer(2089858483,0ecaa5967403d082aa24f35e1b516d23) [PhysX] Initialized MultithreadedTaskDispatcher with 12 workers.
 -> (artifact id: 'cf0e79703b8a06e537e6a176293287ca') in 0.016810 seconds
Number of updated asset objects reloaded before import = 0
Number of asset objects unloaded after import = 2
========================================================================
Received Import Request.
  Time since last request: 0.000032 seconds.
  path: Assets/ZRNAssets/Cars/Models/Car_Kei_03.fbx
  artifactKey: Guid(5d7c4e0917dcbc842a0a978f30d35ca3) Importer(2089858483,0ecaa5967403d082aa24f35e1b516d23)
Start importing Assets/ZRNAssets/Cars/Models/Car_Kei_03.fbx using Guid(5d7c4e0917dcbc842a0a978f30d35ca3) Importer(2089858483,0ecaa5967403d082aa24f35e1b516d23) [PhysX] Initialized MultithreadedTaskDispatcher with 12 workers.
 -> (artifact id: 'd108c645890974b3ec67c192493d6b9d') in 0.029043 seconds
Number of updated asset objects reloaded before import = 0
Number of asset objects unloaded after import = 22
========================================================================
Received Import Request.
  Time since last request: 0.000052 seconds.
  path: Assets/ZRNAssets/005339_08932_25_14/Materials/005339_08932_L_-90216_0_01_01_11.mat
  artifactKey: Guid(470d95042a04743e980d96d60ac102d3) Importer(2089858483,0ecaa5967403d082aa24f35e1b516d23)
Start importing Assets/ZRNAssets/005339_08932_25_14/Materials/005339_08932_L_-90216_0_01_01_11.mat using Guid(470d95042a04743e980d96d60ac102d3) Importer(2089858483,0ecaa5967403d082aa24f35e1b516d23) [PhysX] Initialized MultithreadedTaskDispatcher with 12 workers.
 -> (artifact id: '0a5578ae7797d163293b24a4e4524f86') in 0.017002 seconds
Number of updated asset objects reloaded before import = 0
Number of asset objects unloaded after import = 2
========================================================================
Received Import Request.
  Time since last request: 0.000049 seconds.
  path: Assets/ZRNAssets/Cars/Textures/tex_Track_01.tga
  artifactKey: Guid(63c4fe3913afc294493f962a0c44c314) Importer(2089858483,0ecaa5967403d082aa24f35e1b516d23)
Start importing Assets/ZRNAssets/Cars/Textures/tex_Track_01.tga using Guid(63c4fe3913afc294493f962a0c44c314) Importer(2089858483,0ecaa5967403d082aa24f35e1b516d23) [PhysX] Initialized MultithreadedTaskDispatcher with 12 workers.
 -> (artifact id: '931176ceeb4b5a81c0b21a14d1fba8d3') in 0.023644 seconds
Number of updated asset objects reloaded before import = 0
Number of asset objects unloaded after import = 1
========================================================================
Received Import Request.
  Time since last request: 0.000033 seconds.
  path: Assets/ZRNAssets/005339_08932_25_14/Materials/S_G_000122_E.mat
  artifactKey: Guid(4d1ce78d1ce2b49d489e3bf6761bb899) Importer(2089858483,0ecaa5967403d082aa24f35e1b516d23)
Start importing Assets/ZRNAssets/005339_08932_25_14/Materials/S_G_000122_E.mat using Guid(4d1ce78d1ce2b49d489e3bf6761bb899) Importer(2089858483,0ecaa5967403d082aa24f35e1b516d23) [PhysX] Initialized MultithreadedTaskDispatcher with 12 workers.
 -> (artifact id: '8792beca41e643ce1808ef8c0a0b826f') in 0.015030 seconds
Number of updated asset objects reloaded before import = 0
Number of asset objects unloaded after import = 2
========================================================================
Received Import Request.
  Time since last request: 0.000041 seconds.
  path: Assets/ZRNAssets/005339_08932_25_14/Materials/005339_08932_25_14_unitedmat_50.mat
  artifactKey: Guid(9f6e51af1a2ba44f59a02b53a29b3654) Importer(2089858483,0ecaa5967403d082aa24f35e1b516d23)
Start importing Assets/ZRNAssets/005339_08932_25_14/Materials/005339_08932_25_14_unitedmat_50.mat using Guid(9f6e51af1a2ba44f59a02b53a29b3654) Importer(2089858483,0ecaa5967403d082aa24f35e1b516d23) [PhysX] Initialized MultithreadedTaskDispatcher with 12 workers.
 -> (artifact id: '20571d449055cbf6e9f92901540ad3bc') in 0.014592 seconds
Number of updated asset objects reloaded before import = 0
Number of asset objects unloaded after import = 2
========================================================================
Received Import Request.
  Time since last request: 0.000050 seconds.
  path: Assets/ZRNAssets/005339_08932_25_14/Textures/005339_08932_L_-90314_0_01_01_9.png
  artifactKey: Guid(380c3828e9c094011ac0270c503ca200) Importer(2089858483,0ecaa5967403d082aa24f35e1b516d23)
Start importing Assets/ZRNAssets/005339_08932_25_14/Textures/005339_08932_L_-90314_0_01_01_9.png using Guid(380c3828e9c094011ac0270c503ca200) Importer(2089858483,0ecaa5967403d082aa24f35e1b516d23) [PhysX] Initialized MultithreadedTaskDispatcher with 12 workers.
 -> (artifact id: 'e151840cd9426c2ced9074546c3c2255') in 0.018344 seconds
Number of updated asset objects reloaded before import = 0
Number of asset objects unloaded after import = 1
========================================================================
Received Import Request.
  Time since last request: 0.000044 seconds.
  path: Assets/ZRNAssets/005339_08932_25_14/Materials/S_G_000167_S.mat
  artifactKey: Guid(276d9ad1d35bf447eafd52bc97d02c29) Importer(2089858483,0ecaa5967403d082aa24f35e1b516d23)
Start importing Assets/ZRNAssets/005339_08932_25_14/Materials/S_G_000167_S.mat using Guid(276d9ad1d35bf447eafd52bc97d02c29) Importer(2089858483,0ecaa5967403d082aa24f35e1b516d23) [PhysX] Initialized MultithreadedTaskDispatcher with 12 workers.
 -> (artifact id: '419545f2c7e915a7b95d87959793d8fc') in 0.014809 seconds
Number of updated asset objects reloaded before import = 0
Number of asset objects unloaded after import = 2
========================================================================
Received Import Request.
  Time since last request: 0.000048 seconds.
  path: Assets/ZRNAssets/Skyboxes/Sunny2 Skybox.mat
  artifactKey: Guid(da976b1a4f7ebb949b0f71341e4f1821) Importer(2089858483,0ecaa5967403d082aa24f35e1b516d23)
Start importing Assets/ZRNAssets/Skyboxes/Sunny2 Skybox.mat using Guid(da976b1a4f7ebb949b0f71341e4f1821) Importer(2089858483,0ecaa5967403d082aa24f35e1b516d23) [PhysX] Initialized MultithreadedTaskDispatcher with 12 workers.
 -> (artifact id: '085cde8f916c323ca96ad03c311ca260') in 0.043388 seconds
Number of updated asset objects reloaded before import = 0
Number of asset objects unloaded after import = 7
========================================================================
Received Import Request.
  Time since last request: 0.000050 seconds.
  path: Assets/ZRNAssets/PQAssets/Query-Chan/Prefabs/Query-Chan.prefab
  artifactKey: Guid(c6c351e949c91492d8a587e1ec2f5121) Importer(2089858483,0ecaa5967403d082aa24f35e1b516d23)
Start importing Assets/ZRNAssets/PQAssets/Query-Chan/Prefabs/Query-Chan.prefab using Guid(c6c351e949c91492d8a587e1ec2f5121) Importer(2089858483,0ecaa5967403d082aa24f35e1b516d23) [PhysX] Initialized MultithreadedTaskDispatcher with 12 workers.
 -> (artifact id: '61d05befd7773a5b6b03ebbde495012f') in 0.093866 seconds
Number of updated asset objects reloaded before import = 0
Number of asset objects unloaded after import = 220
========================================================================
Received Import Request.
  Time since last request: 0.000026 seconds.
  path: Assets/ZRNAssets/005339_08932_25_14/Textures/005339_08932_25_14_11.png
  artifactKey: Guid(160208c47e152493c9af2e7a5e2a6ac0) Importer(2089858483,0ecaa5967403d082aa24f35e1b516d23)
Start importing Assets/ZRNAssets/005339_08932_25_14/Textures/005339_08932_25_14_11.png using Guid(160208c47e152493c9af2e7a5e2a6ac0) Importer(2089858483,0ecaa5967403d082aa24f35e1b516d23) [PhysX] Initialized MultithreadedTaskDispatcher with 12 workers.
 -> (artifact id: '53185f1715564107e47de6c69a6176c1') in 0.021406 seconds
Number of updated asset objects reloaded before import = 0
Number of asset objects unloaded after import = 1
========================================================================
Received Import Request.
  Time since last request: 0.000033 seconds.
  path: Assets/ZRNAssets/Skyboxes/Textures/MoonShine/MoonShine_left.tif
  artifactKey: Guid(752b01b0aec6184468996505d2ab8a9c) Importer(2089858483,0ecaa5967403d082aa24f35e1b516d23)
Start importing Assets/ZRNAssets/Skyboxes/Textures/MoonShine/MoonShine_left.tif using Guid(752b01b0aec6184468996505d2ab8a9c) Importer(2089858483,0ecaa5967403d082aa24f35e1b516d23) [PhysX] Initialized MultithreadedTaskDispatcher with 12 workers.
 -> (artifact id: 'd2d3c82c59d947cd4df638ceb2c1fec6') in 0.021394 seconds
Number of updated asset objects reloaded before import = 0
Number of asset objects unloaded after import = 1
========================================================================
Received Import Request.
  Time since last request: 0.000037 seconds.
  path: Assets/ZRNAssets/PQAssets/Query-Chan/Sounds/Voice/02_Shouts/Congratulations.wav
  artifactKey: Guid(1be5835fd1a9144d59a583744bcb4f3f) Importer(2089858483,0ecaa5967403d082aa24f35e1b516d23)
Start importing Assets/ZRNAssets/PQAssets/Query-Chan/Sounds/Voice/02_Shouts/Congratulations.wav using Guid(1be5835fd1a9144d59a583744bcb4f3f) Importer(2089858483,0ecaa5967403d082aa24f35e1b516d23) [PhysX] Initialized MultithreadedTaskDispatcher with 12 workers.
 -> (artifact id: 'f0aede5515f5b073f591d3bfeb32bdf5') in 0.050645 seconds
Number of updated asset objects reloaded before import = 0
Number of asset objects unloaded after import = 1
========================================================================
Received Import Request.
  Time since last request: 0.000109 seconds.
  path: Assets/ZRNAssets/005339_08932_25_14/Materials/S_G_000184_F.mat
  artifactKey: Guid(4de7405095dab46a0a0a75aad6feb2f9) Importer(2089858483,0ecaa5967403d082aa24f35e1b516d23)
Start importing Assets/ZRNAssets/005339_08932_25_14/Materials/S_G_000184_F.mat using Guid(4de7405095dab46a0a0a75aad6feb2f9) Importer(2089858483,0ecaa5967403d082aa24f35e1b516d23) [PhysX] Initialized MultithreadedTaskDispatcher with 12 workers.
 -> (artifact id: '260e563e139a9a4f7d1180b5cde5d433') in 0.017294 seconds
Number of updated asset objects reloaded before import = 0
Number of asset objects unloaded after import = 2
========================================================================
Received Import Request.
  Time since last request: 0.000050 seconds.
  path: Assets/ZRNAssets/005339_08932_25_14/Materials/S_G_000115_S.mat
  artifactKey: Guid(05bbbf8a2ae7e4fa497e46d0c247492e) Importer(2089858483,0ecaa5967403d082aa24f35e1b516d23)
Start importing Assets/ZRNAssets/005339_08932_25_14/Materials/S_G_000115_S.mat using Guid(05bbbf8a2ae7e4fa497e46d0c247492e) Importer(2089858483,0ecaa5967403d082aa24f35e1b516d23) [PhysX] Initialized MultithreadedTaskDispatcher with 12 workers.
 -> (artifact id: 'e6d15e107ee1af804bec2b769a717b33') in 0.015263 seconds
Number of updated asset objects reloaded before import = 0
Number of asset objects unloaded after import = 2
========================================================================
Received Import Request.
  Time since last request: 0.000035 seconds.
  path: Assets/ZRNAssets/005339_08932_25_14/Materials/005339_08932_L_-90224_0_01_01_16.mat
  artifactKey: Guid(e9daed53fe6814ea285310d6276ae3c7) Importer(2089858483,0ecaa5967403d082aa24f35e1b516d23)
Start importing Assets/ZRNAssets/005339_08932_25_14/Materials/005339_08932_L_-90224_0_01_01_16.mat using Guid(e9daed53fe6814ea285310d6276ae3c7) Importer(2089858483,0ecaa5967403d082aa24f35e1b516d23) [PhysX] Initialized MultithreadedTaskDispatcher with 12 workers.
 -> (artifact id: '080f2ba996f99c181af3a38cb9ad5ebb') in 0.014638 seconds
Number of updated asset objects reloaded before import = 0
Number of asset objects unloaded after import = 2
========================================================================
Received Import Request.
  Time since last request: 0.000031 seconds.
  path: Assets/ZRNAssets/Skyboxes/Textures/Eerie/Eerie_front.tif
  artifactKey: Guid(e7a88268a460f384cbef52d988810865) Importer(2089858483,0ecaa5967403d082aa24f35e1b516d23)
Start importing Assets/ZRNAssets/Skyboxes/Textures/Eerie/Eerie_front.tif using Guid(e7a88268a460f384cbef52d988810865) Importer(2089858483,0ecaa5967403d082aa24f35e1b516d23) [PhysX] Initialized MultithreadedTaskDispatcher with 12 workers.
 -> (artifact id: 'cbf3231266e6d94f1d6fa1ac1edc4e32') in 0.032701 seconds
Number of updated asset objects reloaded before import = 0
Number of asset objects unloaded after import = 1
========================================================================
Received Import Request.
  Time since last request: 0.000034 seconds.
  path: Assets/ZRNAssets/PQAssets/Query-Chan/Sounds/Voice/01_Greetings/Greeting_02.wav
  artifactKey: Guid(f56b4bc5a44bd4fd6b6ddf55bdf3e370) Importer(2089858483,0ecaa5967403d082aa24f35e1b516d23)
Start importing Assets/ZRNAssets/PQAssets/Query-Chan/Sounds/Voice/01_Greetings/Greeting_02.wav using Guid(f56b4bc5a44bd4fd6b6ddf55bdf3e370) Importer(2089858483,0ecaa5967403d082aa24f35e1b516d23) [PhysX] Initialized MultithreadedTaskDispatcher with 12 workers.
 -> (artifact id: '87e3f93dc1825f53dd44dcaced94dbae') in 0.034067 seconds
Number of updated asset objects reloaded before import = 0
Number of asset objects unloaded after import = 1
========================================================================
Received Import Request.
  Time since last request: 0.000027 seconds.
  path: Assets/ZRNAssets/005339_08932_25_14/Materials/005339_08932_L_-90295_0_01_01_7.mat
  artifactKey: Guid(8c6f43d871ece43dc966f80bfc69613a) Importer(2089858483,0ecaa5967403d082aa24f35e1b516d23)
Start importing Assets/ZRNAssets/005339_08932_25_14/Materials/005339_08932_L_-90295_0_01_01_7.mat using Guid(8c6f43d871ece43dc966f80bfc69613a) Importer(2089858483,0ecaa5967403d082aa24f35e1b516d23) [PhysX] Initialized MultithreadedTaskDispatcher with 12 workers.
 -> (artifact id: '9d7e56d7fed81ddc102f2d3f10742c0a') in 0.012566 seconds
Number of updated asset objects reloaded before import = 0
Number of asset objects unloaded after import = 2
========================================================================
Received Import Request.
  Time since last request: 0.000024 seconds.
  path: Assets/ZRNAssets/Cars/Models/Car_TAXI_01.fbx
  artifactKey: Guid(9966bef51f8cb6d4493dcebd711faeab) Importer(2089858483,0ecaa5967403d082aa24f35e1b516d23)
Start importing Assets/ZRNAssets/Cars/Models/Car_TAXI_01.fbx using Guid(9966bef51f8cb6d4493dcebd711faeab) Importer(2089858483,0ecaa5967403d082aa24f35e1b516d23) [PhysX] Initialized MultithreadedTaskDispatcher with 12 workers.
 -> (artifact id: '2064993ed9e0b66ff42b34905013478a') in 0.023015 seconds
Number of updated asset objects reloaded before import = 0
Number of asset objects unloaded after import = 22
========================================================================
Received Import Request.
  Time since last request: 0.000026 seconds.
  path: Assets/ZRNAssets/005339_08932_25_14/Textures/005339_08932_L_-101709_0_01_01_3.png
  artifactKey: Guid(a3fc5fc7317b9428497fdd84482236d7) Importer(2089858483,0ecaa5967403d082aa24f35e1b516d23)
Start importing Assets/ZRNAssets/005339_08932_25_14/Textures/005339_08932_L_-101709_0_01_01_3.png using Guid(a3fc5fc7317b9428497fdd84482236d7) Importer(2089858483,0ecaa5967403d082aa24f35e1b516d23) [PhysX] Initialized MultithreadedTaskDispatcher with 12 workers.
 -> (artifact id: '9957593d507d179c9dd53ab6f7e0d3ea') in 0.016568 seconds
Number of updated asset objects reloaded before import = 0
Number of asset objects unloaded after import = 1
========================================================================
Received Import Request.
  Time since last request: 0.000046 seconds.
  path: Assets/ZRNAssets/005339_08932_25_14/Materials/005339_08932_L_-90212_0_01_01_22.mat
  artifactKey: Guid(1fc3ab18445f44c938f74b68f3af30c8) Importer(2089858483,0ecaa5967403d082aa24f35e1b516d23)
Start importing Assets/ZRNAssets/005339_08932_25_14/Materials/005339_08932_L_-90212_0_01_01_22.mat using Guid(1fc3ab18445f44c938f74b68f3af30c8) Importer(2089858483,0ecaa5967403d082aa24f35e1b516d23) [PhysX] Initialized MultithreadedTaskDispatcher with 12 workers.
 -> (artifact id: 'addec1cd42a2d75ac5b53daa125adcec') in 0.015554 seconds
Number of updated asset objects reloaded before import = 0
Number of asset objects unloaded after import = 2
========================================================================
Received Import Request.
  Time since last request: 0.000044 seconds.
  path: Assets/ZRNAssets/005339_08932_25_14/Materials/005339_08932_25_14_unitedmat_113.mat
  artifactKey: Guid(e54379f843bd7418b97621d1b2e0af36) Importer(2089858483,0ecaa5967403d082aa24f35e1b516d23)
Start importing Assets/ZRNAssets/005339_08932_25_14/Materials/005339_08932_25_14_unitedmat_113.mat using Guid(e54379f843bd7418b97621d1b2e0af36) Importer(2089858483,0ecaa5967403d082aa24f35e1b516d23) [PhysX] Initialized MultithreadedTaskDispatcher with 12 workers.
 -> (artifact id: '03b250a665d7de1d65b88ad140ae06b4') in 0.013543 seconds
Number of updated asset objects reloaded before import = 0
Number of asset objects unloaded after import = 2
========================================================================
Received Import Request.
  Time since last request: 0.000027 seconds.
  path: Assets/ZRNAssets/005339_08932_25_14/Materials/005339_08932_25_14_unitedmat_42.mat
  artifactKey: Guid(d7701904ccf6e47a29fb3db10b8ce56a) Importer(2089858483,0ecaa5967403d082aa24f35e1b516d23)
Start importing Assets/ZRNAssets/005339_08932_25_14/Materials/005339_08932_25_14_unitedmat_42.mat using Guid(d7701904ccf6e47a29fb3db10b8ce56a) Importer(2089858483,0ecaa5967403d082aa24f35e1b516d23) [PhysX] Initialized MultithreadedTaskDispatcher with 12 workers.
 -> (artifact id: '84667c24fc00788f6479bd527f44a6e5') in 0.014650 seconds
Number of updated asset objects reloaded before import = 0
Number of asset objects unloaded after import = 2
========================================================================
Received Import Request.
  Time since last request: 0.000032 seconds.
  path: Assets/ZRNAssets/PQAssets/Query-Chan/Sounds/Voice/03_Others/Watch_Out.wav
  artifactKey: Guid(d27cc430103aa4d969f8b711b7d537a0) Importer(2089858483,0ecaa5967403d082aa24f35e1b516d23)
Start importing Assets/ZRNAssets/PQAssets/Query-Chan/Sounds/Voice/03_Others/Watch_Out.wav using Guid(d27cc430103aa4d969f8b711b7d537a0) Importer(2089858483,0ecaa5967403d082aa24f35e1b516d23) [PhysX] Initialized MultithreadedTaskDispatcher with 12 workers.
 -> (artifact id: '64d0540dca8f5c4f6c35126d63b082b9') in 0.036621 seconds
Number of updated asset objects reloaded before import = 0
Number of asset objects unloaded after import = 1
========================================================================
Received Import Request.
  Time since last request: 0.000028 seconds.
  path: Assets/ZRNAssets/005339_08932_25_14/Materials/005339_08932_25_14_unitedmat_8.mat
  artifactKey: Guid(f94b920cad2954d0883948d34cf645a9) Importer(2089858483,0ecaa5967403d082aa24f35e1b516d23)
Start importing Assets/ZRNAssets/005339_08932_25_14/Materials/005339_08932_25_14_unitedmat_8.mat using Guid(f94b920cad2954d0883948d34cf645a9) Importer(2089858483,0ecaa5967403d082aa24f35e1b516d23) [PhysX] Initialized MultithreadedTaskDispatcher with 12 workers.
 -> (artifact id: 'db515b9c2beac5ec2e908ff5afffc14d') in 0.012338 seconds
Number of updated asset objects reloaded before import = 0
Number of asset objects unloaded after import = 2
========================================================================
Received Import Request.
  Time since last request: 0.000026 seconds.
  path: Assets/ZRNAssets/PQAssets/Query-Chan/Sounds/Voice/02_Shouts/Wait_A_Minute.wav
  artifactKey: Guid(ea3aa0c8820f84c2396cc9ac609e8b47) Importer(2089858483,0ecaa5967403d082aa24f35e1b516d23)
Start importing Assets/ZRNAssets/PQAssets/Query-Chan/Sounds/Voice/02_Shouts/Wait_A_Minute.wav using Guid(ea3aa0c8820f84c2396cc9ac609e8b47) Importer(2089858483,0ecaa5967403d082aa24f35e1b516d23) [PhysX] Initialized MultithreadedTaskDispatcher with 12 workers.
 -> (artifact id: '2e0d34f313b5c649f4d7c6d47cd44545') in 0.033918 seconds
Number of updated asset objects reloaded before import = 0
Number of asset objects unloaded after import = 1
========================================================================
Received Import Request.
  Time since last request: 0.000035 seconds.
  path: Assets/ZRNAssets/005339_08932_25_14/Textures/00_TexturesPlus/building-2.png
  artifactKey: Guid(de9f7894af14c40168c1a1562c4a1110) Importer(2089858483,0ecaa5967403d082aa24f35e1b516d23)
Start importing Assets/ZRNAssets/005339_08932_25_14/Textures/00_TexturesPlus/building-2.png using Guid(de9f7894af14c40168c1a1562c4a1110) Importer(2089858483,0ecaa5967403d082aa24f35e1b516d23) [PhysX] Initialized MultithreadedTaskDispatcher with 12 workers.
 -> (artifact id: '792370436b0b94898a143ecad88f0876') in 0.017268 seconds
Number of updated asset objects reloaded before import = 0
Number of asset objects unloaded after import = 1
========================================================================
Received Import Request.
  Time since last request: 0.000039 seconds.
  path: Assets/ZRNAssets/005339_08932_25_14/Materials/005339_08932_unitedmat_165.mat
  artifactKey: Guid(f89fac40dc0c04bcb865ec324442f959) Importer(2089858483,0ecaa5967403d082aa24f35e1b516d23)
Start importing Assets/ZRNAssets/005339_08932_25_14/Materials/005339_08932_unitedmat_165.mat using Guid(f89fac40dc0c04bcb865ec324442f959) Importer(2089858483,0ecaa5967403d082aa24f35e1b516d23) [PhysX] Initialized MultithreadedTaskDispatcher with 12 workers.
 -> (artifact id: '1ac53cbd29347d1353d25c6e7a3c1e84') in 0.012575 seconds
Number of updated asset objects reloaded before import = 0
Number of asset objects unloaded after import = 1
========================================================================
Received Import Request.
  Time since last request: 0.000025 seconds.
  path: Assets/ZRNAssets/005339_08932_25_14/Materials/005339_08932_unitedmat_112.mat
  artifactKey: Guid(12bf88cb2a0634360946254723676584) Importer(2089858483,0ecaa5967403d082aa24f35e1b516d23)
Start importing Assets/ZRNAssets/005339_08932_25_14/Materials/005339_08932_unitedmat_112.mat using Guid(12bf88cb2a0634360946254723676584) Importer(2089858483,0ecaa5967403d082aa24f35e1b516d23) [PhysX] Initialized MultithreadedTaskDispatcher with 12 workers.
 -> (artifact id: '3e71f935de5a59e6a7eb2efc5b99491d') in 0.014815 seconds
Number of updated asset objects reloaded before import = 0
Number of asset objects unloaded after import = 1
========================================================================
Received Import Request.
  Time since last request: 0.000041 seconds.
  path: Assets/ZRNAssets/005339_08932_25_14/Textures/005339_08932_L_-101709_0_01_01_1.png
  artifactKey: Guid(cb0b50bd7939140eb9e81b5c03e62537) Importer(2089858483,0ecaa5967403d082aa24f35e1b516d23)
Start importing Assets/ZRNAssets/005339_08932_25_14/Textures/005339_08932_L_-101709_0_01_01_1.png using Guid(cb0b50bd7939140eb9e81b5c03e62537) Importer(2089858483,0ecaa5967403d082aa24f35e1b516d23) [PhysX] Initialized MultithreadedTaskDispatcher with 12 workers.
 -> (artifact id: '9e695a63ac5039f76d3f97681fe3a46f') in 0.018172 seconds
Number of updated asset objects reloaded before import = 0
Number of asset objects unloaded after import = 1
========================================================================
Received Import Request.
  Time since last request: 0.000032 seconds.
  path: Assets/ZRNAssets/005339_08932_25_14/Textures/005339_08932_L_-90299_0_01_01_10.png
  artifactKey: Guid(bf690179f0cec41e2a148151a1fbc398) Importer(2089858483,0ecaa5967403d082aa24f35e1b516d23)
Start importing Assets/ZRNAssets/005339_08932_25_14/Textures/005339_08932_L_-90299_0_01_01_10.png using Guid(bf690179f0cec41e2a148151a1fbc398) Importer(2089858483,0ecaa5967403d082aa24f35e1b516d23) [PhysX] Initialized MultithreadedTaskDispatcher with 12 workers.
 -> (artifact id: 'e3cd5cb9231b384236891cbb3395dc93') in 0.020060 seconds
Number of updated asset objects reloaded before import = 0
Number of asset objects unloaded after import = 1
========================================================================
Received Import Request.
  Time since last request: 0.000044 seconds.
  path: Assets/ZRNAssets/005339_08932_25_14/Textures/005339_08932_L_-101410_0_01_01_14.png
  artifactKey: Guid(5284ac6b3fefe4598af6066d7c228240) Importer(2089858483,0ecaa5967403d082aa24f35e1b516d23)
Start importing Assets/ZRNAssets/005339_08932_25_14/Textures/005339_08932_L_-101410_0_01_01_14.png using Guid(5284ac6b3fefe4598af6066d7c228240) Importer(2089858483,0ecaa5967403d082aa24f35e1b516d23) [PhysX] Initialized MultithreadedTaskDispatcher with 12 workers.
 -> (artifact id: '6cd1f15fe24ce4e12db17e6c8ab7ff34') in 0.018801 seconds
Number of updated asset objects reloaded before import = 0
Number of asset objects unloaded after import = 1
========================================================================
Received Import Request.
  Time since last request: 0.000034 seconds.
  path: Assets/ZRNAssets/005339_08932_25_14/Textures/T_580009_0_TransP.png
  artifactKey: Guid(cc446f58d411047b7964ad1f8b94688f) Importer(2089858483,0ecaa5967403d082aa24f35e1b516d23)
Start importing Assets/ZRNAssets/005339_08932_25_14/Textures/T_580009_0_TransP.png using Guid(cc446f58d411047b7964ad1f8b94688f) Importer(2089858483,0ecaa5967403d082aa24f35e1b516d23) [PhysX] Initialized MultithreadedTaskDispatcher with 12 workers.
 -> (artifact id: '438ac0308fe9bb5d09b55dca3dafa763') in 0.019964 seconds
Number of updated asset objects reloaded before import = 0
Number of asset objects unloaded after import = 1
========================================================================
Received Import Request.
  Time since last request: 0.000028 seconds.
  path: Assets/ZRNAssets/Cars/Materials/mat_Hatchback_01.mat
  artifactKey: Guid(043636e082ea38a4281b090bdb170544) Importer(2089858483,0ecaa5967403d082aa24f35e1b516d23)
Start importing Assets/ZRNAssets/Cars/Materials/mat_Hatchback_01.mat using Guid(043636e082ea38a4281b090bdb170544) Importer(2089858483,0ecaa5967403d082aa24f35e1b516d23) [PhysX] Initialized MultithreadedTaskDispatcher with 12 workers.
 -> (artifact id: '9639e500831f2a0b6b146ed6ec098337') in 0.014639 seconds
Number of updated asset objects reloaded before import = 0
Number of asset objects unloaded after import = 2
========================================================================
Received Import Request.
  Time since last request: 0.000030 seconds.
  path: Assets/ZRNAssets/PQAssets/Query-Chan/Textures/tex_Face_Anger_p4.tga
  artifactKey: Guid(de16a0d1ea3644725a97f59af561410a) Importer(2089858483,0ecaa5967403d082aa24f35e1b516d23)
Start importing Assets/ZRNAssets/PQAssets/Query-Chan/Textures/tex_Face_Anger_p4.tga using Guid(de16a0d1ea3644725a97f59af561410a) Importer(2089858483,0ecaa5967403d082aa24f35e1b516d23) [PhysX] Initialized MultithreadedTaskDispatcher with 12 workers.
 -> (artifact id: 'ef6ec97a7de4934235b932ff13332093') in 0.025017 seconds
Number of updated asset objects reloaded before import = 0
Number of asset objects unloaded after import = 1
========================================================================
Received Import Request.
  Time since last request: 10.213711 seconds.
  path: Assets/ZRNAssets/005339_08932_25_14/Textures/005339_08932_L_-90272_0_01_01_16.png
  artifactKey: Guid(6644b742975ff408da158c83854ac92f) Importer(2089858483,0ecaa5967403d082aa24f35e1b516d23)
Start importing Assets/ZRNAssets/005339_08932_25_14/Textures/005339_08932_L_-90272_0_01_01_16.png using Guid(6644b742975ff408da158c83854ac92f) Importer(2089858483,0ecaa5967403d082aa24f35e1b516d23) [PhysX] Initialized MultithreadedTaskDispatcher with 12 workers.
 -> (artifact id: 'b6c27e3dc5a423d4735c5cc86e1505dd') in 0.021729 seconds
Number of updated asset objects reloaded before import = 0
Number of asset objects unloaded after import = 1
========================================================================
Received Import Request.
  Time since last request: 0.000040 seconds.
  path: Assets/ZRNAssets/005339_08932_25_14/Materials/mat_PQ_Ground.mat
  artifactKey: Guid(0959566374a99714c8f110a905c8b07e) Importer(2089858483,0ecaa5967403d082aa24f35e1b516d23)
Start importing Assets/ZRNAssets/005339_08932_25_14/Materials/mat_PQ_Ground.mat using Guid(0959566374a99714c8f110a905c8b07e) Importer(2089858483,0ecaa5967403d082aa24f35e1b516d23) [PhysX] Initialized MultithreadedTaskDispatcher with 12 workers.
 -> (artifact id: 'a064ba6abcbadf695f0940f0048e1b7e') in 0.012720 seconds
Number of updated asset objects reloaded before import = 0
Number of asset objects unloaded after import = 2
========================================================================
Received Import Request.
  Time since last request: 0.000030 seconds.
  path: Assets/ZRNAssets/PQAssets/Query-Chan/Materials/mat_Face_FUN_EYECLOSE_MOUTHCLOSE.mat
  artifactKey: Guid(355b3c7011db04d47a99e9e829b63cf4) Importer(2089858483,0ecaa5967403d082aa24f35e1b516d23)
Start importing Assets/ZRNAssets/PQAssets/Query-Chan/Materials/mat_Face_FUN_EYECLOSE_MOUTHCLOSE.mat using Guid(355b3c7011db04d47a99e9e829b63cf4) Importer(2089858483,0ecaa5967403d082aa24f35e1b516d23) [PhysX] Initialized MultithreadedTaskDispatcher with 12 workers.
 -> (artifact id: 'd060a9ca35a7cabebe89ee39d013f424') in 0.021566 seconds
Number of updated asset objects reloaded before import = 0
Number of asset objects unloaded after import = 2
========================================================================
Received Import Request.
  Time since last request: 0.000034 seconds.
  path: Assets/ZRNAssets/005339_08932_25_14/Materials/005339_08932_25_14_unitedmat_117.mat
  artifactKey: Guid(f09343a309adc4a6f82ad8812cf833b8) Importer(2089858483,0ecaa5967403d082aa24f35e1b516d23)
Start importing Assets/ZRNAssets/005339_08932_25_14/Materials/005339_08932_25_14_unitedmat_117.mat using Guid(f09343a309adc4a6f82ad8812cf833b8) Importer(2089858483,0ecaa5967403d082aa24f35e1b516d23) [PhysX] Initialized MultithreadedTaskDispatcher with 12 workers.
 -> (artifact id: '52844dada00572f0a3be1f360d73648d') in 0.012901 seconds
Number of updated asset objects reloaded before import = 0
Number of asset objects unloaded after import = 2
========================================================================
Received Import Request.
  Time since last request: 0.000028 seconds.
  path: Assets/ZRNAssets/005339_08932_25_14/Materials/005339_08932_L_-90289_0_01_01_5.mat
  artifactKey: Guid(c41379fb076fe430fbfbf0234bdaca19) Importer(2089858483,0ecaa5967403d082aa24f35e1b516d23)
Start importing Assets/ZRNAssets/005339_08932_25_14/Materials/005339_08932_L_-90289_0_01_01_5.mat using Guid(c41379fb076fe430fbfbf0234bdaca19) Importer(2089858483,0ecaa5967403d082aa24f35e1b516d23) [PhysX] Initialized MultithreadedTaskDispatcher with 12 workers.
 -> (artifact id: '19c43a632e82f0c01103fc25f495f51a') in 0.012874 seconds
Number of updated asset objects reloaded before import = 0
Number of asset objects unloaded after import = 2
========================================================================
Received Import Request.
  Time since last request: 0.000033 seconds.
  path: Assets/ZRNAssets/005339_08932_25_14/Materials/005339_08932_L_-104983_0_01_01_2.mat
  artifactKey: Guid(0b84e7e3cadc9453c9109c8e821f255b) Importer(2089858483,0ecaa5967403d082aa24f35e1b516d23)
Start importing Assets/ZRNAssets/005339_08932_25_14/Materials/005339_08932_L_-104983_0_01_01_2.mat using Guid(0b84e7e3cadc9453c9109c8e821f255b) Importer(2089858483,0ecaa5967403d082aa24f35e1b516d23) [PhysX] Initialized MultithreadedTaskDispatcher with 12 workers.
 -> (artifact id: '865a64233d8717769697bf1d08dd5f25') in 0.013104 seconds
Number of updated asset objects reloaded before import = 0
Number of asset objects unloaded after import = 2
========================================================================
Received Import Request.
  Time since last request: 0.000029 seconds.
  path: Assets/ZRNAssets/005339_08932_25_14/Materials/S_G_000158_E1.mat
  artifactKey: Guid(761c4131b6030435487ea39449213e6d) Importer(2089858483,0ecaa5967403d082aa24f35e1b516d23)
Start importing Assets/ZRNAssets/005339_08932_25_14/Materials/S_G_000158_E1.mat using Guid(761c4131b6030435487ea39449213e6d) Importer(2089858483,0ecaa5967403d082aa24f35e1b516d23) [PhysX] Initialized MultithreadedTaskDispatcher with 12 workers.
 -> (artifact id: '06713db30d45350aea14f5454c742575') in 0.012631 seconds
Number of updated asset objects reloaded before import = 0
Number of asset objects unloaded after import = 2
========================================================================
Received Import Request.
  Time since last request: 0.000030 seconds.
  path: Assets/ZRNAssets/005339_08932_25_14/Materials/S_G_000127_E1.mat
  artifactKey: Guid(d538f78a2c46e4faf9a5f890ec0e9575) Importer(2089858483,0ecaa5967403d082aa24f35e1b516d23)
Start importing Assets/ZRNAssets/005339_08932_25_14/Materials/S_G_000127_E1.mat using Guid(d538f78a2c46e4faf9a5f890ec0e9575) Importer(2089858483,0ecaa5967403d082aa24f35e1b516d23) [PhysX] Initialized MultithreadedTaskDispatcher with 12 workers.
 -> (artifact id: '1e85d2397ee035d7683ad542713a5d87') in 0.012207 seconds
Number of updated asset objects reloaded before import = 0
Number of asset objects unloaded after import = 2
========================================================================
Received Import Request.
  Time since last request: 0.000030 seconds.
  path: Assets/ZRNAssets/005339_08932_25_14/Materials/005339_08932_25_14_unitedmat_67.mat
  artifactKey: Guid(ddcc6cefcce8b4109b48a0eba0d570ef) Importer(2089858483,0ecaa5967403d082aa24f35e1b516d23)
Start importing Assets/ZRNAssets/005339_08932_25_14/Materials/005339_08932_25_14_unitedmat_67.mat using Guid(ddcc6cefcce8b4109b48a0eba0d570ef) Importer(2089858483,0ecaa5967403d082aa24f35e1b516d23) [PhysX] Initialized MultithreadedTaskDispatcher with 12 workers.
 -> (artifact id: 'dc1a623a3086faa628b67e80d26a0404') in 0.015695 seconds
Number of updated asset objects reloaded before import = 0
Number of asset objects unloaded after import = 2
========================================================================
Received Import Request.
  Time since last request: 0.000032 seconds.
  path: Assets/ZRNAssets/Skyboxes/Textures/Overcast2/Overcast2_up.tif
  artifactKey: Guid(bbba6214b1838a64ebc939ac9a08726d) Importer(2089858483,0ecaa5967403d082aa24f35e1b516d23)
Start importing Assets/ZRNAssets/Skyboxes/Textures/Overcast2/Overcast2_up.tif using Guid(bbba6214b1838a64ebc939ac9a08726d) Importer(2089858483,0ecaa5967403d082aa24f35e1b516d23) [PhysX] Initialized MultithreadedTaskDispatcher with 12 workers.
 -> (artifact id: '833be5371c8c360c2c8e795c9a2579a8') in 0.017093 seconds
Number of updated asset objects reloaded before import = 0
Number of asset objects unloaded after import = 1
========================================================================
Received Import Request.
  Time since last request: 0.000051 seconds.
  path: Assets/ZRNAssets/005339_08932_25_14/Materials/S_G_000116_S.mat
  artifactKey: Guid(7b8dfea2a6ae645e095322255a20221f) Importer(2089858483,0ecaa5967403d082aa24f35e1b516d23)
Start importing Assets/ZRNAssets/005339_08932_25_14/Materials/S_G_000116_S.mat using Guid(7b8dfea2a6ae645e095322255a20221f) Importer(2089858483,0ecaa5967403d082aa24f35e1b516d23) [PhysX] Initialized MultithreadedTaskDispatcher with 12 workers.
 -> (artifact id: '93362fc5df9998eb36f2138ecd47d8c8') in 0.012584 seconds
Number of updated asset objects reloaded before import = 0
Number of asset objects unloaded after import = 2
========================================================================
Received Import Request.
  Time since last request: 0.000033 seconds.
  path: Assets/ZRNAssets/005339_08932_25_14/Materials/005339_08932_25_14_unitedmat_40.mat
  artifactKey: Guid(7e0eba4c9f7454588b9e7c00fabcb920) Importer(2089858483,0ecaa5967403d082aa24f35e1b516d23)
Start importing Assets/ZRNAssets/005339_08932_25_14/Materials/005339_08932_25_14_unitedmat_40.mat using Guid(7e0eba4c9f7454588b9e7c00fabcb920) Importer(2089858483,0ecaa5967403d082aa24f35e1b516d23) [PhysX] Initialized MultithreadedTaskDispatcher with 12 workers.
 -> (artifact id: '111216feebed78548c259cadd29a875a') in 0.015615 seconds
Number of updated asset objects reloaded before import = 0
Number of asset objects unloaded after import = 2
========================================================================
Received Import Request.
  Time since last request: 0.000041 seconds.
  path: Assets/ZRNAssets/005339_08932_25_14/Materials/005339_08932_unitedmat_144.mat
  artifactKey: Guid(bc1ad310cc8e741248ff1a322a8ab134) Importer(2089858483,0ecaa5967403d082aa24f35e1b516d23)
Start importing Assets/ZRNAssets/005339_08932_25_14/Materials/005339_08932_unitedmat_144.mat using Guid(bc1ad310cc8e741248ff1a322a8ab134) Importer(2089858483,0ecaa5967403d082aa24f35e1b516d23) [PhysX] Initialized MultithreadedTaskDispatcher with 12 workers.
 -> (artifact id: 'f50663d4a09084ccf2b678e2bfdcb25d') in 0.012246 seconds
Number of updated asset objects reloaded before import = 0
Number of asset objects unloaded after import = 1
========================================================================
Received Import Request.
  Time since last request: 0.000048 seconds.
  path: Assets/ZRNAssets/005339_08932_25_14/Textures/005339_08932_25_14_14.png
  artifactKey: Guid(b2874c14f8e654496aa15401f0541ae1) Importer(2089858483,0ecaa5967403d082aa24f35e1b516d23)
Start importing Assets/ZRNAssets/005339_08932_25_14/Textures/005339_08932_25_14_14.png using Guid(b2874c14f8e654496aa15401f0541ae1) Importer(2089858483,0ecaa5967403d082aa24f35e1b516d23) [PhysX] Initialized MultithreadedTaskDispatcher with 12 workers.
 -> (artifact id: '7d399243ecc423133dcf9ffa70feb8be') in 0.020799 seconds
Number of updated asset objects reloaded before import = 0
Number of asset objects unloaded after import = 1
========================================================================
Received Import Request.
  Time since last request: 0.000032 seconds.
  path: Assets/ZRNAssets/005339_08932_25_14/Textures/S_G_000159_E.png
  artifactKey: Guid(c9e3f3bbfcdff450f8b3adf8aaff29a9) Importer(2089858483,0ecaa5967403d082aa24f35e1b516d23)
Start importing Assets/ZRNAssets/005339_08932_25_14/Textures/S_G_000159_E.png using Guid(c9e3f3bbfcdff450f8b3adf8aaff29a9) Importer(2089858483,0ecaa5967403d082aa24f35e1b516d23) [PhysX] Initialized MultithreadedTaskDispatcher with 12 workers.
 -> (artifact id: '70f3863731a1b65b9e9e8f85a76f2490') in 0.017841 seconds
Number of updated asset objects reloaded before import = 0
Number of asset objects unloaded after import = 1
========================================================================
Received Import Request.
  Time since last request: 0.000033 seconds.
  path: Assets/ZRNAssets/005339_08932_25_14/Textures/S_G_000118_F.png
  artifactKey: Guid(b12b8fc024d314e6a9871644d9e1022b) Importer(2089858483,0ecaa5967403d082aa24f35e1b516d23)
Start importing Assets/ZRNAssets/005339_08932_25_14/Textures/S_G_000118_F.png using Guid(b12b8fc024d314e6a9871644d9e1022b) Importer(2089858483,0ecaa5967403d082aa24f35e1b516d23) [PhysX] Initialized MultithreadedTaskDispatcher with 12 workers.
 -> (artifact id: 'c7aa923ad7bcc15e9f1626c39f151357') in 0.017883 seconds
Number of updated asset objects reloaded before import = 0
Number of asset objects unloaded after import = 1
========================================================================
Received Import Request.
  Time since last request: 0.000064 seconds.
  path: Assets/ZRNAssets/005339_08932_25_14/Materials/005339_08932_25_14_unitedmat_213.mat
  artifactKey: Guid(254daf024f67d4fb1a85f2220dafb07e) Importer(2089858483,0ecaa5967403d082aa24f35e1b516d23)
Start importing Assets/ZRNAssets/005339_08932_25_14/Materials/005339_08932_25_14_unitedmat_213.mat using Guid(254daf024f67d4fb1a85f2220dafb07e) Importer(2089858483,0ecaa5967403d082aa24f35e1b516d23) [PhysX] Initialized MultithreadedTaskDispatcher with 12 workers.
 -> (artifact id: '2fe90a1b58c5fbc0cabab362f53ac51c') in 0.014546 seconds
Number of updated asset objects reloaded before import = 0
Number of asset objects unloaded after import = 2
========================================================================
Received Import Request.
  Time since last request: 0.000033 seconds.
  path: Assets/ZRNAssets/PQAssets/Query-Chan/Materials/mat_Body.mat
  artifactKey: Guid(0f7fb12b140dc45dba5332f52910c559) Importer(2089858483,0ecaa5967403d082aa24f35e1b516d23)
Start importing Assets/ZRNAssets/PQAssets/Query-Chan/Materials/mat_Body.mat using Guid(0f7fb12b140dc45dba5332f52910c559) Importer(2089858483,0ecaa5967403d082aa24f35e1b516d23) [PhysX] Initialized MultithreadedTaskDispatcher with 12 workers.
 -> (artifact id: 'ae99f836a664ed83a5490c40a47bb784') in 0.032380 seconds
Number of updated asset objects reloaded before import = 0
Number of asset objects unloaded after import = 2
========================================================================
Received Import Request.
  Time since last request: 0.000030 seconds.
  path: Assets/ZRNAssets/PQAssets/Query-Chan/Materials/mat_Face_NORMAL_EYEOPEN_MOUTHCLOSE.mat
  artifactKey: Guid(2592095eaaf3042cab4015fbb8ee87a9) Importer(2089858483,0ecaa5967403d082aa24f35e1b516d23)
Start importing Assets/ZRNAssets/PQAssets/Query-Chan/Materials/mat_Face_NORMAL_EYEOPEN_MOUTHCLOSE.mat using Guid(2592095eaaf3042cab4015fbb8ee87a9) Importer(2089858483,0ecaa5967403d082aa24f35e1b516d23) [PhysX] Initialized MultithreadedTaskDispatcher with 12 workers.
 -> (artifact id: '92a52f1c83422fb4303fc82bc7538d5a') in 0.019315 seconds
Number of updated asset objects reloaded before import = 0
Number of asset objects unloaded after import = 2
========================================================================
Received Import Request.
  Time since last request: 0.000062 seconds.
  path: Assets/ZRNAssets/005339_08932_25_14
  artifactKey: Guid(e97ebda2e23854440997df7cd31c7e5d) Importer(2089858483,0ecaa5967403d082aa24f35e1b516d23)
Start importing Assets/ZRNAssets/005339_08932_25_14 using Guid(e97ebda2e23854440997df7cd31c7e5d) Importer(2089858483,0ecaa5967403d082aa24f35e1b516d23) [PhysX] Initialized MultithreadedTaskDispatcher with 12 workers.
 -> (artifact id: '146f23565f5e10202c1b49a17c09e220') in 0.011241 seconds
Number of updated asset objects reloaded before import = 0
Number of asset objects unloaded after import = 1
========================================================================
Received Import Request.
  Time since last request: 0.000043 seconds.
  path: Assets/ZRNAssets/Cars/Models/Car_Hatchback_03.fbx
  artifactKey: Guid(bfef2e7d045e5874faee9e828b19ebd8) Importer(2089858483,0ecaa5967403d082aa24f35e1b516d23)
Start importing Assets/ZRNAssets/Cars/Models/Car_Hatchback_03.fbx using Guid(bfef2e7d045e5874faee9e828b19ebd8) Importer(2089858483,0ecaa5967403d082aa24f35e1b516d23) [PhysX] Initialized MultithreadedTaskDispatcher with 12 workers.
 -> (artifact id: '197bdd97ee928383b507ba672ce3d607') in 0.025271 seconds
Number of updated asset objects reloaded before import = 0
Number of asset objects unloaded after import = 22
========================================================================
Received Import Request.
  Time since last request: 0.000031 seconds.
  path: Assets/ZRNAssets/005339_08932_25_14/Textures/s_FootBrigeSteps.png
  artifactKey: Guid(e78a0e9937b154741b35bca901e8ed49) Importer(2089858483,0ecaa5967403d082aa24f35e1b516d23)
Start importing Assets/ZRNAssets/005339_08932_25_14/Textures/s_FootBrigeSteps.png using Guid(e78a0e9937b154741b35bca901e8ed49) Importer(2089858483,0ecaa5967403d082aa24f35e1b516d23) [PhysX] Initialized MultithreadedTaskDispatcher with 12 workers.
 -> (artifact id: '224680e4dd7a33c372e58f3caa191a27') in 0.019969 seconds
Number of updated asset objects reloaded before import = 0
Number of asset objects unloaded after import = 1
========================================================================
Received Import Request.
  Time since last request: 0.000062 seconds.
  path: Assets/ZRNAssets/005339_08932_25_14/Textures/005339_08932_L_-107135_0_01_01_2.png
  artifactKey: Guid(3e7f4748c2ecf4f4c89457e466bf3db7) Importer(2089858483,0ecaa5967403d082aa24f35e1b516d23)
Start importing Assets/ZRNAssets/005339_08932_25_14/Textures/005339_08932_L_-107135_0_01_01_2.png using Guid(3e7f4748c2ecf4f4c89457e466bf3db7) Importer(2089858483,0ecaa5967403d082aa24f35e1b516d23) [PhysX] Initialized MultithreadedTaskDispatcher with 12 workers.
 -> (artifact id: 'bfc9f27044cf4b993098167c3b95d915') in 0.022198 seconds
Number of updated asset objects reloaded before import = 0
Number of asset objects unloaded after import = 1
========================================================================
Received Import Request.
  Time since last request: 0.000032 seconds.
  path: Assets/ZRNAssets/005339_08932_25_14/Materials/005339_08932_25_14_unitedmat_195.mat
  artifactKey: Guid(f9434ba616b394e7884431941fd5ea66) Importer(2089858483,0ecaa5967403d082aa24f35e1b516d23)
Start importing Assets/ZRNAssets/005339_08932_25_14/Materials/005339_08932_25_14_unitedmat_195.mat using Guid(f9434ba616b394e7884431941fd5ea66) Importer(2089858483,0ecaa5967403d082aa24f35e1b516d23) [PhysX] Initialized MultithreadedTaskDispatcher with 12 workers.
 -> (artifact id: '2b572709a1ed441b6289ac6865bb4147') in 0.013917 seconds
Number of updated asset objects reloaded before import = 0
Number of asset objects unloaded after import = 2
========================================================================
Received Import Request.
  Time since last request: 0.000036 seconds.
  path: Assets/ZRNAssets/Cars/Car_TAXI_03.fbx
  artifactKey: Guid(09138089c3c6f421cb5374ef0466c53c) Importer(2089858483,0ecaa5967403d082aa24f35e1b516d23)
Start importing Assets/ZRNAssets/Cars/Car_TAXI_03.fbx using Guid(09138089c3c6f421cb5374ef0466c53c) Importer(2089858483,0ecaa5967403d082aa24f35e1b516d23) [PhysX] Initialized MultithreadedTaskDispatcher with 12 workers.
 -> (artifact id: 'd4f24aaf92b42775ea1560a3d23921ba') in 0.023666 seconds
Number of updated asset objects reloaded before import = 0
Number of asset objects unloaded after import = 22
========================================================================
Received Import Request.
  Time since last request: 0.000033 seconds.
  path: Assets/ZRNAssets/005339_08932_25_14/Materials/005339_08932_25_14_unitedmat_99.mat
  artifactKey: Guid(4d9de711f5fd04e09b9b52f454bda61e) Importer(2089858483,0ecaa5967403d082aa24f35e1b516d23)
Start importing Assets/ZRNAssets/005339_08932_25_14/Materials/005339_08932_25_14_unitedmat_99.mat using Guid(4d9de711f5fd04e09b9b52f454bda61e) Importer(2089858483,0ecaa5967403d082aa24f35e1b516d23) [PhysX] Initialized MultithreadedTaskDispatcher with 12 workers.
 -> (artifact id: 'f14617d02c835fecb0d5505d357f0ad8') in 0.012516 seconds
Number of updated asset objects reloaded before import = 0
Number of asset objects unloaded after import = 2
========================================================================
Received Import Request.
  Time since last request: 0.000030 seconds.
  path: Assets/ZRNAssets/005339_08932_25_14/Materials/S_G_000151_E.mat
  artifactKey: Guid(8fff0d183c7f5496ca34cbe6d9400f38) Importer(2089858483,0ecaa5967403d082aa24f35e1b516d23)
Start importing Assets/ZRNAssets/005339_08932_25_14/Materials/S_G_000151_E.mat using Guid(8fff0d183c7f5496ca34cbe6d9400f38) Importer(2089858483,0ecaa5967403d082aa24f35e1b516d23) [PhysX] Initialized MultithreadedTaskDispatcher with 12 workers.
 -> (artifact id: 'c59332283c6d53fc2a0973c7f61cc676') in 0.013757 seconds
Number of updated asset objects reloaded before import = 0
Number of asset objects unloaded after import = 2
========================================================================
Received Import Request.
  Time since last request: 0.000033 seconds.
  path: Assets/ZRNAssets/PQAssets/Query-Chan/Sounds/Voice/03_Others/Cheer_Up.wav
  artifactKey: Guid(d98a1581c36554d46821a0ec2568d3ed) Importer(2089858483,0ecaa5967403d082aa24f35e1b516d23)
Start importing Assets/ZRNAssets/PQAssets/Query-Chan/Sounds/Voice/03_Others/Cheer_Up.wav using Guid(d98a1581c36554d46821a0ec2568d3ed) Importer(2089858483,0ecaa5967403d082aa24f35e1b516d23) [PhysX] Initialized MultithreadedTaskDispatcher with 12 workers.
 -> (artifact id: '10fd9b226337d4315efa66b8a2f0c302') in 0.035486 seconds
Number of updated asset objects reloaded before import = 0
Number of asset objects unloaded after import = 1
========================================================================
Received Import Request.
  Time since last request: 0.000036 seconds.
  path: Assets/ZRNAssets/005339_08932_25_14/Materials/S_G_000165_S.mat
  artifactKey: Guid(e7ec7702492cc4b23991f614b26d982e) Importer(2089858483,0ecaa5967403d082aa24f35e1b516d23)
Start importing Assets/ZRNAssets/005339_08932_25_14/Materials/S_G_000165_S.mat using Guid(e7ec7702492cc4b23991f614b26d982e) Importer(2089858483,0ecaa5967403d082aa24f35e1b516d23) [PhysX] Initialized MultithreadedTaskDispatcher with 12 workers.
 -> (artifact id: '12c0e0527a3ace5b1cd9e7e0e7101aa9') in 0.012805 seconds
Number of updated asset objects reloaded before import = 0
Number of asset objects unloaded after import = 2
========================================================================
Received Import Request.
  Time since last request: 0.000041 seconds.
  path: Assets/ZRNAssets/005339_08932_25_14/Materials/S_G_000114_F1.mat
  artifactKey: Guid(0f9c44f595ca746428353fc0a59685a2) Importer(2089858483,0ecaa5967403d082aa24f35e1b516d23)
Start importing Assets/ZRNAssets/005339_08932_25_14/Materials/S_G_000114_F1.mat using Guid(0f9c44f595ca746428353fc0a59685a2) Importer(2089858483,0ecaa5967403d082aa24f35e1b516d23) [PhysX] Initialized MultithreadedTaskDispatcher with 12 workers.
 -> (artifact id: 'c556c56289fa69edef757e86d0a51a95') in 0.012070 seconds
Number of updated asset objects reloaded before import = 0
Number of asset objects unloaded after import = 2
========================================================================
Received Import Request.
  Time since last request: 0.000025 seconds.
  path: Assets/ZRNAssets/005339_08932_25_14/Materials/005339_08932_unitedmat_162.mat
  artifactKey: Guid(ded20d9bd899d48059c00ec6269746a8) Importer(2089858483,0ecaa5967403d082aa24f35e1b516d23)
Start importing Assets/ZRNAssets/005339_08932_25_14/Materials/005339_08932_unitedmat_162.mat using Guid(ded20d9bd899d48059c00ec6269746a8) Importer(2089858483,0ecaa5967403d082aa24f35e1b516d23) [PhysX] Initialized MultithreadedTaskDispatcher with 12 workers.
 -> (artifact id: 'ac6d74636f732bce52e3fc8d9c9f6307') in 0.011149 seconds
Number of updated asset objects reloaded before import = 0
Number of asset objects unloaded after import = 1
========================================================================
Received Import Request.
  Time since last request: 0.000027 seconds.
  path: Assets/ZRNAssets/005339_08932_25_14/Materials/S_G_000133_S.mat
  artifactKey: Guid(b8ad2326551be4f1aa9b6cfbe9e029d0) Importer(2089858483,0ecaa5967403d082aa24f35e1b516d23)
Start importing Assets/ZRNAssets/005339_08932_25_14/Materials/S_G_000133_S.mat using Guid(b8ad2326551be4f1aa9b6cfbe9e029d0) Importer(2089858483,0ecaa5967403d082aa24f35e1b516d23) [PhysX] Initialized MultithreadedTaskDispatcher with 12 workers.
 -> (artifact id: 'b10d3c57ba1641614e58395260146698') in 0.012713 seconds
Number of updated asset objects reloaded before import = 0
Number of asset objects unloaded after import = 2
========================================================================
Received Import Request.
  Time since last request: 0.000052 seconds.
  path: Assets/ZRNAssets/005339_08932_25_14/Textures/00_TexturesPlus/Materials/denki-building-5.mat
  artifactKey: Guid(6fc5cdd988b044012ab1c53d849e4728) Importer(2089858483,0ecaa5967403d082aa24f35e1b516d23)
Start importing Assets/ZRNAssets/005339_08932_25_14/Textures/00_TexturesPlus/Materials/denki-building-5.mat using Guid(6fc5cdd988b044012ab1c53d849e4728) Importer(2089858483,0ecaa5967403d082aa24f35e1b516d23) [PhysX] Initialized MultithreadedTaskDispatcher with 12 workers.
 -> (artifact id: '05498d23bd22a537088842db42a9d3f8') in 0.015600 seconds
Number of updated asset objects reloaded before import = 0
Number of asset objects unloaded after import = 2
========================================================================
Received Import Request.
  Time since last request: 0.000043 seconds.
  path: Assets/ZRNAssets/005339_08932_25_14/Materials/005339_08932_25_14_unitedmat_111.mat
  artifactKey: Guid(125c5d401ce91417eb48313c708c2ab6) Importer(2089858483,0ecaa5967403d082aa24f35e1b516d23)
Start importing Assets/ZRNAssets/005339_08932_25_14/Materials/005339_08932_25_14_unitedmat_111.mat using Guid(125c5d401ce91417eb48313c708c2ab6) Importer(2089858483,0ecaa5967403d082aa24f35e1b516d23) [PhysX] Initialized MultithreadedTaskDispatcher with 12 workers.
 -> (artifact id: 'f261ce3fe9168f7238ad4817fb4800a0') in 0.015593 seconds
Number of updated asset objects reloaded before import = 0
Number of asset objects unloaded after import = 2
========================================================================
Received Import Request.
  Time since last request: 0.000035 seconds.
  path: Assets/ZRNAssets/005339_08932_25_14/Materials/005339_08932_25_14_unitedmat_15.mat
  artifactKey: Guid(97c2d3da7fc9341ecaa56cce1cc3c443) Importer(2089858483,0ecaa5967403d082aa24f35e1b516d23)
Start importing Assets/ZRNAssets/005339_08932_25_14/Materials/005339_08932_25_14_unitedmat_15.mat using Guid(97c2d3da7fc9341ecaa56cce1cc3c443) Importer(2089858483,0ecaa5967403d082aa24f35e1b516d23) [PhysX] Initialized MultithreadedTaskDispatcher with 12 workers.
 -> (artifact id: '0098fa49b1e7cfcda12a3e7b51d5578a') in 0.018783 seconds
Number of updated asset objects reloaded before import = 0
Number of asset objects unloaded after import = 2
========================================================================
Received Import Request.
  Time since last request: 0.000033 seconds.
  path: Assets/ZRNAssets/005339_08932_25_14/Textures/S_G_000193_C.png
  artifactKey: Guid(5021d5bdc315d42498553bcacb475aed) Importer(2089858483,0ecaa5967403d082aa24f35e1b516d23)
Start importing Assets/ZRNAssets/005339_08932_25_14/Textures/S_G_000193_C.png using Guid(5021d5bdc315d42498553bcacb475aed) Importer(2089858483,0ecaa5967403d082aa24f35e1b516d23) [PhysX] Initialized MultithreadedTaskDispatcher with 12 workers.
 -> (artifact id: '3444280bf12bf9d1c6fff4463fea011c') in 0.019854 seconds
Number of updated asset objects reloaded before import = 0
Number of asset objects unloaded after import = 1
========================================================================
Received Import Request.
  Time since last request: 0.000032 seconds.
  path: Assets/ZRNAssets/005339_08932_25_14/Materials/005339_08932_L_-90308_0_01_01_9.mat
  artifactKey: Guid(bc5067c9d988a4225bc2a41e36e66323) Importer(2089858483,0ecaa5967403d082aa24f35e1b516d23)
Start importing Assets/ZRNAssets/005339_08932_25_14/Materials/005339_08932_L_-90308_0_01_01_9.mat using Guid(bc5067c9d988a4225bc2a41e36e66323) Importer(2089858483,0ecaa5967403d082aa24f35e1b516d23) [PhysX] Initialized MultithreadedTaskDispatcher with 12 workers.
 -> (artifact id: '62991d16fa2bafca8a96cdc9333fcd99') in 0.015332 seconds
Number of updated asset objects reloaded before import = 0
Number of asset objects unloaded after import = 2
========================================================================
Received Import Request.
  Time since last request: 0.000050 seconds.
  path: Assets/ZRNAssets/005339_08932_25_14/Textures/005339_08932_25_14_51.png
  artifactKey: Guid(5ec55c8e720dd4fd08978ff9da14d750) Importer(2089858483,0ecaa5967403d082aa24f35e1b516d23)
Start importing Assets/ZRNAssets/005339_08932_25_14/Textures/005339_08932_25_14_51.png using Guid(5ec55c8e720dd4fd08978ff9da14d750) Importer(2089858483,0ecaa5967403d082aa24f35e1b516d23) [PhysX] Initialized MultithreadedTaskDispatcher with 12 workers.
 -> (artifact id: '02ee40af8cc5f44e7b5a4e3928daec5c') in 0.020158 seconds
Number of updated asset objects reloaded before import = 0
Number of asset objects unloaded after import = 1
========================================================================
Received Import Request.
  Time since last request: 0.000049 seconds.
  path: Assets/ZRNAssets/005339_08932_25_14/Textures/S_G_000122_E.png
  artifactKey: Guid(bb682081b2e5f4b348f0d3fe51d346f6) Importer(2089858483,0ecaa5967403d082aa24f35e1b516d23)
Start importing Assets/ZRNAssets/005339_08932_25_14/Textures/S_G_000122_E.png using Guid(bb682081b2e5f4b348f0d3fe51d346f6) Importer(2089858483,0ecaa5967403d082aa24f35e1b516d23) [PhysX] Initialized MultithreadedTaskDispatcher with 12 workers.
 -> (artifact id: '4c77c1094730d2c9aaadd81082dbf2e0') in 0.022695 seconds
Number of updated asset objects reloaded before import = 0
Number of asset objects unloaded after import = 1
========================================================================
Received Import Request.
  Time since last request: 0.000044 seconds.
  path: Assets/ZRNAssets/005339_08932_25_14/Materials/S_G_000171_S.mat
  artifactKey: Guid(5d34ce46478d64ab2a8e1bc2f201f9e2) Importer(2089858483,0ecaa5967403d082aa24f35e1b516d23)
Start importing Assets/ZRNAssets/005339_08932_25_14/Materials/S_G_000171_S.mat using Guid(5d34ce46478d64ab2a8e1bc2f201f9e2) Importer(2089858483,0ecaa5967403d082aa24f35e1b516d23) [PhysX] Initialized MultithreadedTaskDispatcher with 12 workers.
 -> (artifact id: '155da121d955907962d443ad57d31765') in 0.015037 seconds
Number of updated asset objects reloaded before import = 0
Number of asset objects unloaded after import = 2
========================================================================
Received Import Request.
  Time since last request: 0.000106 seconds.
  path: Assets/ZRNAssets/PQAssets/Query-Chan/Materials/mat_Face_SURPRISED_EYEOPEN_MOUTHOPEN_MID.mat
  artifactKey: Guid(66962c5f852ff4b579e48aa0b2b52c7f) Importer(2089858483,0ecaa5967403d082aa24f35e1b516d23)
Start importing Assets/ZRNAssets/PQAssets/Query-Chan/Materials/mat_Face_SURPRISED_EYEOPEN_MOUTHOPEN_MID.mat using Guid(66962c5f852ff4b579e48aa0b2b52c7f) Importer(2089858483,0ecaa5967403d082aa24f35e1b516d23) [PhysX] Initialized MultithreadedTaskDispatcher with 12 workers.
 -> (artifact id: 'c3f68b000fcb65710ac28de7c07a6683') in 0.023076 seconds
Number of updated asset objects reloaded before import = 0
Number of asset objects unloaded after import = 2
========================================================================
Received Import Request.
  Time since last request: 0.000055 seconds.
  path: Assets/ZRNAssets/Skyboxes/Textures/Sunny3/Sunny3_right.tif
  artifactKey: Guid(e349c3f4b36417b48b65112d7bd0b54e) Importer(2089858483,0ecaa5967403d082aa24f35e1b516d23)
Start importing Assets/ZRNAssets/Skyboxes/Textures/Sunny3/Sunny3_right.tif using Guid(e349c3f4b36417b48b65112d7bd0b54e) Importer(2089858483,0ecaa5967403d082aa24f35e1b516d23) [PhysX] Initialized MultithreadedTaskDispatcher with 12 workers.
 -> (artifact id: '5c2154eb48488c16c992ca46b8fbb858') in 0.041903 seconds
Number of updated asset objects reloaded before import = 0
Number of asset objects unloaded after import = 1
========================================================================
Received Import Request.
  Time since last request: 0.000040 seconds.
  path: Assets/ZRNAssets/005339_08932_25_14/Textures/005339_08932_L_-90129_0_01_01_1.png
  artifactKey: Guid(ff1d1476ddbf64e3f8abf0b0f41096a9) Importer(2089858483,0ecaa5967403d082aa24f35e1b516d23)
Start importing Assets/ZRNAssets/005339_08932_25_14/Textures/005339_08932_L_-90129_0_01_01_1.png using Guid(ff1d1476ddbf64e3f8abf0b0f41096a9) Importer(2089858483,0ecaa5967403d082aa24f35e1b516d23) [PhysX] Initialized MultithreadedTaskDispatcher with 12 workers.
 -> (artifact id: 'fe6a26969e904cd99b6a184f769f9841') in 0.028064 seconds
Number of updated asset objects reloaded before import = 0
Number of asset objects unloaded after import = 1
========================================================================
Received Import Request.
  Time since last request: 0.000037 seconds.
  path: Assets/ZRNAssets/005339_08932_25_14/Textures/005339_08932_L_-90243_0_01_01_5.png
  artifactKey: Guid(f90b5f22ee7b44545b32825b38fd5bf8) Importer(2089858483,0ecaa5967403d082aa24f35e1b516d23)
Start importing Assets/ZRNAssets/005339_08932_25_14/Textures/005339_08932_L_-90243_0_01_01_5.png using Guid(f90b5f22ee7b44545b32825b38fd5bf8) Importer(2089858483,0ecaa5967403d082aa24f35e1b516d23) [PhysX] Initialized MultithreadedTaskDispatcher with 12 workers.
 -> (artifact id: '87ffec15b905c9cab4aa1dfbbd90252f') in 0.025916 seconds
Number of updated asset objects reloaded before import = 0
Number of asset objects unloaded after import = 1
========================================================================
Received Import Request.
  Time since last request: 0.000039 seconds.
  path: Assets/ZRNAssets/005339_08932_25_14/Textures/s_koujichuumuji.png
  artifactKey: Guid(f482736c9c4534083ae90e2b824c73f0) Importer(2089858483,0ecaa5967403d082aa24f35e1b516d23)
Start importing Assets/ZRNAssets/005339_08932_25_14/Textures/s_koujichuumuji.png using Guid(f482736c9c4534083ae90e2b824c73f0) Importer(2089858483,0ecaa5967403d082aa24f35e1b516d23) [PhysX] Initialized MultithreadedTaskDispatcher with 12 workers.
 -> (artifact id: '3245f9f03f0c8524fe201a0b39b6733b') in 0.022863 seconds
Number of updated asset objects reloaded before import = 0
Number of asset objects unloaded after import = 1
========================================================================
Received Import Request.
  Time since last request: 0.000041 seconds.
  path: Assets/ZRNAssets/005339_08932_25_14/Materials/S_G_000177_E1.mat
  artifactKey: Guid(ef8e93f83b8124e47a48fc731d00c9dc) Importer(2089858483,0ecaa5967403d082aa24f35e1b516d23)
Start importing Assets/ZRNAssets/005339_08932_25_14/Materials/S_G_000177_E1.mat using Guid(ef8e93f83b8124e47a48fc731d00c9dc) Importer(2089858483,0ecaa5967403d082aa24f35e1b516d23) [PhysX] Initialized MultithreadedTaskDispatcher with 12 workers.
 -> (artifact id: '77af5c02650f28f7e8c1ca8711801641') in 0.017707 seconds
Number of updated asset objects reloaded before import = 0
Number of asset objects unloaded after import = 2
========================================================================
Received Import Request.
  Time since last request: 0.000106 seconds.
  path: Assets/ZRNAssets/005339_08932_25_14/Materials/005339_08932_L_-90301_0_01_01_16.mat
  artifactKey: Guid(d20f67b7d69a54d3c82e24cd90f9e4a1) Importer(2089858483,0ecaa5967403d082aa24f35e1b516d23)
Start importing Assets/ZRNAssets/005339_08932_25_14/Materials/005339_08932_L_-90301_0_01_01_16.mat using Guid(d20f67b7d69a54d3c82e24cd90f9e4a1) Importer(2089858483,0ecaa5967403d082aa24f35e1b516d23) [PhysX] Initialized MultithreadedTaskDispatcher with 12 workers.
 -> (artifact id: 'e32721259099e32d13caa677e6ae2f49') in 0.017896 seconds
Number of updated asset objects reloaded before import = 0
Number of asset objects unloaded after import = 2
========================================================================
Received Import Request.
  Time since last request: 0.000031 seconds.
  path: Assets/ZRNAssets/Cars/Materials/mat_Kei_01.mat
  artifactKey: Guid(ed88d3b83328d0242b0fcb77d63ac3b5) Importer(2089858483,0ecaa5967403d082aa24f35e1b516d23)
Start importing Assets/ZRNAssets/Cars/Materials/mat_Kei_01.mat using Guid(ed88d3b83328d0242b0fcb77d63ac3b5) Importer(2089858483,0ecaa5967403d082aa24f35e1b516d23) [PhysX] Initialized MultithreadedTaskDispatcher with 12 workers.
 -> (artifact id: '60c7697a4d6d32b662e825f7ff5e376e') in 0.017059 seconds
Number of updated asset objects reloaded before import = 0
Number of asset objects unloaded after import = 2
========================================================================
Received Import Request.
  Time since last request: 0.000030 seconds.
  path: Assets/ZRNAssets/005339_08932_25_14/Textures/005339_08932_25_14_0.png
  artifactKey: Guid(7e44dccf031ee44fe8512a94d298e3aa) Importer(2089858483,0ecaa5967403d082aa24f35e1b516d23)
Start importing Assets/ZRNAssets/005339_08932_25_14/Textures/005339_08932_25_14_0.png using Guid(7e44dccf031ee44fe8512a94d298e3aa) Importer(2089858483,0ecaa5967403d082aa24f35e1b516d23) [PhysX] Initialized MultithreadedTaskDispatcher with 12 workers.
 -> (artifact id: 'a592c037c92c6fa71d41549f56f71277') in 0.022132 seconds
Number of updated asset objects reloaded before import = 0
Number of asset objects unloaded after import = 1
========================================================================
Received Import Request.
  Time since last request: 0.000033 seconds.
  path: Assets/ZRNAssets/005339_08932_25_14/Materials/005339_08932_unitedmat_173.mat
  artifactKey: Guid(4d1b2feec88f3433c927b2e7a59adbbf) Importer(2089858483,0ecaa5967403d082aa24f35e1b516d23)
Start importing Assets/ZRNAssets/005339_08932_25_14/Materials/005339_08932_unitedmat_173.mat using Guid(4d1b2feec88f3433c927b2e7a59adbbf) Importer(2089858483,0ecaa5967403d082aa24f35e1b516d23) [PhysX] Initialized MultithreadedTaskDispatcher with 12 workers.
 -> (artifact id: 'ddbea47834cb94f89b056a720dd1653d') in 0.017258 seconds
Number of updated asset objects reloaded before import = 0
Number of asset objects unloaded after import = 1
========================================================================
Received Import Request.
  Time since last request: 0.000034 seconds.
  path: Assets/ZRNAssets/005339_08932_25_14/Materials/005339_08932_25_14_unitedmat_34.mat
  artifactKey: Guid(0758a23fb48e24f8dbb593f66e333c82) Importer(2089858483,0ecaa5967403d082aa24f35e1b516d23)
Start importing Assets/ZRNAssets/005339_08932_25_14/Materials/005339_08932_25_14_unitedmat_34.mat using Guid(0758a23fb48e24f8dbb593f66e333c82) Importer(2089858483,0ecaa5967403d082aa24f35e1b516d23) [PhysX] Initialized MultithreadedTaskDispatcher with 12 workers.
 -> (artifact id: '13cb4aa46115d70b4a1934d16fa90ecb') in 0.017363 seconds
Number of updated asset objects reloaded before import = 0
Number of asset objects unloaded after import = 2
========================================================================
Received Import Request.
  Time since last request: 0.000037 seconds.
  path: Assets/ZRNAssets/005339_08932_25_14/Materials/S_G_000107_S1.mat
  artifactKey: Guid(465fda5f7b02c4ecd9cd2aef897e1a41) Importer(2089858483,0ecaa5967403d082aa24f35e1b516d23)
Start importing Assets/ZRNAssets/005339_08932_25_14/Materials/S_G_000107_S1.mat using Guid(465fda5f7b02c4ecd9cd2aef897e1a41) Importer(2089858483,0ecaa5967403d082aa24f35e1b516d23) [PhysX] Initialized MultithreadedTaskDispatcher with 12 workers.
 -> (artifact id: '1df25c0ed616cdba3b1e7dd3e71c9f38') in 0.017692 seconds
Number of updated asset objects reloaded before import = 0
Number of asset objects unloaded after import = 2
========================================================================
Received Import Request.
  Time since last request: 0.000056 seconds.
  path: Assets/ZRNAssets/005339_08932_25_14/Materials/005339_08932_L_-90304_0_01_01_8.mat
  artifactKey: Guid(723932eff7cb94e41b1cc8f1cea5907a) Importer(2089858483,0ecaa5967403d082aa24f35e1b516d23)
Start importing Assets/ZRNAssets/005339_08932_25_14/Materials/005339_08932_L_-90304_0_01_01_8.mat using Guid(723932eff7cb94e41b1cc8f1cea5907a) Importer(2089858483,0ecaa5967403d082aa24f35e1b516d23) [PhysX] Initialized MultithreadedTaskDispatcher with 12 workers.
 -> (artifact id: 'f392b57eafbb678d22ddecc0e5640337') in 0.015923 seconds
Number of updated asset objects reloaded before import = 0
Number of asset objects unloaded after import = 2
========================================================================
Received Import Request.
  Time since last request: 0.000048 seconds.
  path: Assets/ZRNAssets/005339_08932_25_14/Textures/005339_08932_25_14_15.png
  artifactKey: Guid(fe3578da29d9d4ee593cdbb0a1364dc5) Importer(2089858483,0ecaa5967403d082aa24f35e1b516d23)
Start importing Assets/ZRNAssets/005339_08932_25_14/Textures/005339_08932_25_14_15.png using Guid(fe3578da29d9d4ee593cdbb0a1364dc5) Importer(2089858483,0ecaa5967403d082aa24f35e1b516d23) [PhysX] Initialized MultithreadedTaskDispatcher with 12 workers.
 -> (artifact id: '695919aab66505972171a1220b2327bc') in 0.019881 seconds
Number of updated asset objects reloaded before import = 0
Number of asset objects unloaded after import = 1
========================================================================
Received Import Request.
  Time since last request: 0.000055 seconds.
  path: Assets/ZRNAssets/005339_08932_25_14/Textures/005339_08932_L_-90214_0_01_01_8.png
  artifactKey: Guid(f4a85ad83acf3474090efd31e69bb5cc) Importer(2089858483,0ecaa5967403d082aa24f35e1b516d23)
Start importing Assets/ZRNAssets/005339_08932_25_14/Textures/005339_08932_L_-90214_0_01_01_8.png using Guid(f4a85ad83acf3474090efd31e69bb5cc) Importer(2089858483,0ecaa5967403d082aa24f35e1b516d23) [PhysX] Initialized MultithreadedTaskDispatcher with 12 workers.
 -> (artifact id: '11fba2020aad4eba3b733e92f329785d') in 0.023781 seconds
Number of updated asset objects reloaded before import = 0
Number of asset objects unloaded after import = 1
========================================================================
Received Import Request.
  Time since last request: 0.000045 seconds.
  path: Assets/ZRNAssets/Skyboxes/Textures/StarryNight/StarryNight_left.tif
  artifactKey: Guid(c419698c0038a6e40868e7a0da6198dd) Importer(2089858483,0ecaa5967403d082aa24f35e1b516d23)
Start importing Assets/ZRNAssets/Skyboxes/Textures/StarryNight/StarryNight_left.tif using Guid(c419698c0038a6e40868e7a0da6198dd) Importer(2089858483,0ecaa5967403d082aa24f35e1b516d23) [PhysX] Initialized MultithreadedTaskDispatcher with 12 workers.
 -> (artifact id: '2cd38d0de596f6e070f7edc3e13faa5a') in 0.022352 seconds
Number of updated asset objects reloaded before import = 0
Number of asset objects unloaded after import = 1
========================================================================
Received Import Request.
  Time since last request: 0.000032 seconds.
  path: Assets/ZRNAssets/Skyboxes/Textures/Sunny2/Sunny2_back.tif
  artifactKey: Guid(9ef26a39a400bec44a36b85fd38a2d65) Importer(2089858483,0ecaa5967403d082aa24f35e1b516d23)
Start importing Assets/ZRNAssets/Skyboxes/Textures/Sunny2/Sunny2_back.tif using Guid(9ef26a39a400bec44a36b85fd38a2d65) Importer(2089858483,0ecaa5967403d082aa24f35e1b516d23) [PhysX] Initialized MultithreadedTaskDispatcher with 12 workers.
 -> (artifact id: '39c73156faf79dff61da9b20a0fe7086') in 0.023097 seconds
Number of updated asset objects reloaded before import = 0
Number of asset objects unloaded after import = 1
========================================================================
Received Import Request.
  Time since last request: 0.000042 seconds.
  path: Assets/ZRNAssets/PQAssets/Query-Chan/Materials
  artifactKey: Guid(a9aad2c373417479d890fd41881a20a2) Importer(2089858483,0ecaa5967403d082aa24f35e1b516d23)
Start importing Assets/ZRNAssets/PQAssets/Query-Chan/Materials using Guid(a9aad2c373417479d890fd41881a20a2) Importer(2089858483,0ecaa5967403d082aa24f35e1b516d23) [PhysX] Initialized MultithreadedTaskDispatcher with 12 workers.
 -> (artifact id: '27055f9eb50ebdc4d42c7a4e8acb930f') in 0.012823 seconds
Number of updated asset objects reloaded before import = 0
Number of asset objects unloaded after import = 1
========================================================================
Received Import Request.
  Time since last request: 0.000031 seconds.
  path: Assets/ZRNAssets/Cars/Models/Car_Sedan_02.fbx
  artifactKey: Guid(956f5586ec9edcc4594abf7f3a68bd51) Importer(2089858483,0ecaa5967403d082aa24f35e1b516d23)
Start importing Assets/ZRNAssets/Cars/Models/Car_Sedan_02.fbx using Guid(956f5586ec9edcc4594abf7f3a68bd51) Importer(2089858483,0ecaa5967403d082aa24f35e1b516d23) [PhysX] Initialized MultithreadedTaskDispatcher with 12 workers.
 -> (artifact id: '1baaa95c869c26311d77970d2d444984') in 0.030226 seconds
Number of updated asset objects reloaded before import = 0
Number of asset objects unloaded after import = 22
========================================================================
Received Import Request.
  Time since last request: 0.000037 seconds.
  path: Assets/ZRNAssets/005339_08932_25_14/Textures/005339_08932_L_-90143_0_01_01_24.png
  artifactKey: Guid(f38d8b99d84d449b3aafe5cc68baea47) Importer(2089858483,0ecaa5967403d082aa24f35e1b516d23)
Start importing Assets/ZRNAssets/005339_08932_25_14/Textures/005339_08932_L_-90143_0_01_01_24.png using Guid(f38d8b99d84d449b3aafe5cc68baea47) Importer(2089858483,0ecaa5967403d082aa24f35e1b516d23) [PhysX] Initialized MultithreadedTaskDispatcher with 12 workers.
 -> (artifact id: '719c96328a2be6e8fdac376506eb042f') in 0.024707 seconds
Number of updated asset objects reloaded before import = 0
Number of asset objects unloaded after import = 1
========================================================================
Received Import Request.
  Time since last request: 0.000040 seconds.
  path: Assets/ZRNAssets/005339_08932_25_14/Textures/S_G_000115_E.png
  artifactKey: Guid(358364bd96bb347d7bd58262522ba81a) Importer(2089858483,0ecaa5967403d082aa24f35e1b516d23)
Start importing Assets/ZRNAssets/005339_08932_25_14/Textures/S_G_000115_E.png using Guid(358364bd96bb347d7bd58262522ba81a) Importer(2089858483,0ecaa5967403d082aa24f35e1b516d23) [PhysX] Initialized MultithreadedTaskDispatcher with 12 workers.
 -> (artifact id: '1ac3137bbf4f0ab818b505dd3342abfa') in 0.021100 seconds
Number of updated asset objects reloaded before import = 0
Number of asset objects unloaded after import = 1
========================================================================
Received Import Request.
  Time since last request: 0.000050 seconds.
  path: Assets/ZRNAssets/005339_08932_25_14/Materials/005339_08932_unitedmat_133.mat
  artifactKey: Guid(05123f694f31a4c1fa488878c6903d72) Importer(2089858483,0ecaa5967403d082aa24f35e1b516d23)
Start importing Assets/ZRNAssets/005339_08932_25_14/Materials/005339_08932_unitedmat_133.mat using Guid(05123f694f31a4c1fa488878c6903d72) Importer(2089858483,0ecaa5967403d082aa24f35e1b516d23) [PhysX] Initialized MultithreadedTaskDispatcher with 12 workers.
 -> (artifact id: '11870ce643e3052ac5ec8ecf3ef60fe3') in 0.015909 seconds
Number of updated asset objects reloaded before import = 0
Number of asset objects unloaded after import = 1
========================================================================
Received Import Request.
  Time since last request: 0.000033 seconds.
  path: Assets/ZRNAssets/PQAssets/Query-Chan/Textures/tex_Cube_Front.tga
  artifactKey: Guid(a1d559dd3a0d5b74bae5dd3976ca3fdd) Importer(2089858483,0ecaa5967403d082aa24f35e1b516d23)
Start importing Assets/ZRNAssets/PQAssets/Query-Chan/Textures/tex_Cube_Front.tga using Guid(a1d559dd3a0d5b74bae5dd3976ca3fdd) Importer(2089858483,0ecaa5967403d082aa24f35e1b516d23) [PhysX] Initialized MultithreadedTaskDispatcher with 12 workers.
 -> (artifact id: '03747ea3c6850b6c0a8705dd9ba4d873') in 0.021045 seconds
Number of updated asset objects reloaded before import = 0
Number of asset objects unloaded after import = 1
========================================================================
Received Import Request.
  Time since last request: 0.000061 seconds.
  path: Assets/ZRNAssets/005339_08932_25_14/Materials/005339_08932_unitedmat_115.mat
  artifactKey: Guid(90fd88d2e2ab44acc941c514c9df3d74) Importer(2089858483,0ecaa5967403d082aa24f35e1b516d23)
Start importing Assets/ZRNAssets/005339_08932_25_14/Materials/005339_08932_unitedmat_115.mat using Guid(90fd88d2e2ab44acc941c514c9df3d74) Importer(2089858483,0ecaa5967403d082aa24f35e1b516d23) [PhysX] Initialized MultithreadedTaskDispatcher with 12 workers.
 -> (artifact id: '797022083880e9d210c2120fc866b519') in 0.017304 seconds
Number of updated asset objects reloaded before import = 0
Number of asset objects unloaded after import = 1
========================================================================
Received Import Request.
  Time since last request: 0.000036 seconds.
  path: Assets/ZRNAssets/005339_08932_25_14/Textures/s_05.png
  artifactKey: Guid(88076bd2fccf74488b0c5c0672ca8754) Importer(2089858483,0ecaa5967403d082aa24f35e1b516d23)
Start importing Assets/ZRNAssets/005339_08932_25_14/Textures/s_05.png using Guid(88076bd2fccf74488b0c5c0672ca8754) Importer(2089858483,0ecaa5967403d082aa24f35e1b516d23) [PhysX] Initialized MultithreadedTaskDispatcher with 12 workers.
 -> (artifact id: 'c01fe509ba5108c92bdf30a647169691') in 0.020356 seconds
Number of updated asset objects reloaded before import = 0
Number of asset objects unloaded after import = 1
========================================================================
Received Import Request.
  Time since last request: 0.000034 seconds.
  path: Assets/ZRNAssets/005339_08932_25_14/Materials/S_G_000177_S.mat
  artifactKey: Guid(853148d3fb7344ae3bcd60b6c7f24329) Importer(2089858483,0ecaa5967403d082aa24f35e1b516d23)
Start importing Assets/ZRNAssets/005339_08932_25_14/Materials/S_G_000177_S.mat using Guid(853148d3fb7344ae3bcd60b6c7f24329) Importer(2089858483,0ecaa5967403d082aa24f35e1b516d23) [PhysX] Initialized MultithreadedTaskDispatcher with 12 workers.
 -> (artifact id: '54145af27b51e0ce32adf76e6c5a0bda') in 0.015805 seconds
Number of updated asset objects reloaded before import = 0
Number of asset objects unloaded after import = 2
========================================================================
Received Import Request.
  Time since last request: 0.000034 seconds.
  path: Assets/ZRNAssets/005339_08932_25_14/Textures/s_FootBridgeSide_TransP.png
  artifactKey: Guid(05f2fa2af545e41bb8e1adebf31e9846) Importer(2089858483,0ecaa5967403d082aa24f35e1b516d23)
Start importing Assets/ZRNAssets/005339_08932_25_14/Textures/s_FootBridgeSide_TransP.png using Guid(05f2fa2af545e41bb8e1adebf31e9846) Importer(2089858483,0ecaa5967403d082aa24f35e1b516d23) [PhysX] Initialized MultithreadedTaskDispatcher with 12 workers.
 -> (artifact id: 'c62fdf9a74623654f8659e05003fe83a') in 0.025651 seconds
Number of updated asset objects reloaded before import = 0
Number of asset objects unloaded after import = 1
========================================================================
Received Import Request.
  Time since last request: 0.000057 seconds.
  path: Assets/ZRNAssets/005339_08932_25_14/Materials/005339_08932_unitedmat_152.mat
  artifactKey: Guid(ad9785c94373846bba008aeaf77f14ae) Importer(2089858483,0ecaa5967403d082aa24f35e1b516d23)
Start importing Assets/ZRNAssets/005339_08932_25_14/Materials/005339_08932_unitedmat_152.mat using Guid(ad9785c94373846bba008aeaf77f14ae) Importer(2089858483,0ecaa5967403d082aa24f35e1b516d23) [PhysX] Initialized MultithreadedTaskDispatcher with 12 workers.
 -> (artifact id: '0158d54d4eada25d95e9e763324d00ff') in 0.016593 seconds
Number of updated asset objects reloaded before import = 0
Number of asset objects unloaded after import = 1
========================================================================
Received Import Request.
  Time since last request: 0.000092 seconds.
  path: Assets/ZRNAssets/005339_08932_25_14/Materials/S_G_000156_S.mat
  artifactKey: Guid(82e8308ae0f774482825d6d7f5a7315e) Importer(2089858483,0ecaa5967403d082aa24f35e1b516d23)
Start importing Assets/ZRNAssets/005339_08932_25_14/Materials/S_G_000156_S.mat using Guid(82e8308ae0f774482825d6d7f5a7315e) Importer(2089858483,0ecaa5967403d082aa24f35e1b516d23) [PhysX] Initialized MultithreadedTaskDispatcher with 12 workers.
 -> (artifact id: '61b82ca7f5583a76cab2d1f22c245a54') in 0.017770 seconds
Number of updated asset objects reloaded before import = 0
Number of asset objects unloaded after import = 2
========================================================================
Received Import Request.
  Time since last request: 0.000037 seconds.
  path: Assets/ZRNAssets/005339_08932_25_14/Textures/S_G_000114_S.png
  artifactKey: Guid(730bba81c2e144fbdb7e8e41b44f13bb) Importer(2089858483,0ecaa5967403d082aa24f35e1b516d23)
Start importing Assets/ZRNAssets/005339_08932_25_14/Textures/S_G_000114_S.png using Guid(730bba81c2e144fbdb7e8e41b44f13bb) Importer(2089858483,0ecaa5967403d082aa24f35e1b516d23) [PhysX] Initialized MultithreadedTaskDispatcher with 12 workers.
 -> (artifact id: '799d430035535bcb80efd6b767405c27') in 0.021839 seconds
Number of updated asset objects reloaded before import = 0
Number of asset objects unloaded after import = 1
========================================================================
Received Import Request.
  Time since last request: 0.000058 seconds.
  path: Assets/ZRNAssets/005339_08932_25_14/Materials/005339_08932_L_-101079_0_01_01_45.mat
  artifactKey: Guid(8183089451ed64e00972f16b91c2ffdf) Importer(2089858483,0ecaa5967403d082aa24f35e1b516d23)
Start importing Assets/ZRNAssets/005339_08932_25_14/Materials/005339_08932_L_-101079_0_01_01_45.mat using Guid(8183089451ed64e00972f16b91c2ffdf) Importer(2089858483,0ecaa5967403d082aa24f35e1b516d23) [PhysX] Initialized MultithreadedTaskDispatcher with 12 workers.
 -> (artifact id: '9e4a3229622cfaa2ede67f0136b1316c') in 0.015547 seconds
Number of updated asset objects reloaded before import = 0
Number of asset objects unloaded after import = 2
========================================================================
Received Import Request.
  Time since last request: 0.000037 seconds.
  path: Assets/ZRNAssets/005339_08932_25_14/Textures/S_G_000147_E.png
  artifactKey: Guid(f7b02183e3912488b80dff2034845f7f) Importer(2089858483,0ecaa5967403d082aa24f35e1b516d23)
Start importing Assets/ZRNAssets/005339_08932_25_14/Textures/S_G_000147_E.png using Guid(f7b02183e3912488b80dff2034845f7f) Importer(2089858483,0ecaa5967403d082aa24f35e1b516d23) [PhysX] Initialized MultithreadedTaskDispatcher with 12 workers.
 -> (artifact id: '9c3492d3289ec7278898ebbcb715e8a6') in 0.022853 seconds
Number of updated asset objects reloaded before import = 0
Number of asset objects unloaded after import = 1
========================================================================
Received Import Request.
  Time since last request: 0.000049 seconds.
  path: Assets/ZRNAssets/005339_08932_25_14/Materials/005339_08932_L_-90296_0_01_01_4.mat
  artifactKey: Guid(03eee80d10bb4402e9e0e02ec0115d5b) Importer(2089858483,0ecaa5967403d082aa24f35e1b516d23)
Start importing Assets/ZRNAssets/005339_08932_25_14/Materials/005339_08932_L_-90296_0_01_01_4.mat using Guid(03eee80d10bb4402e9e0e02ec0115d5b) Importer(2089858483,0ecaa5967403d082aa24f35e1b516d23) [PhysX] Initialized MultithreadedTaskDispatcher with 12 workers.
 -> (artifact id: '08197af04b948acaa5ac20a86f2ae485') in 0.015249 seconds
Number of updated asset objects reloaded before import = 0
Number of asset objects unloaded after import = 2
========================================================================
Received Import Request.
  Time since last request: 0.000037 seconds.
  path: Assets/ZRNAssets/005339_08932_25_14/Textures/005339_08932_L_-90207_0_01_01_6.png
  artifactKey: Guid(e120a0f337d2b4be9adcf6924c78e1b9) Importer(2089858483,0ecaa5967403d082aa24f35e1b516d23)
Start importing Assets/ZRNAssets/005339_08932_25_14/Textures/005339_08932_L_-90207_0_01_01_6.png using Guid(e120a0f337d2b4be9adcf6924c78e1b9) Importer(2089858483,0ecaa5967403d082aa24f35e1b516d23) [PhysX] Initialized MultithreadedTaskDispatcher with 12 workers.
 -> (artifact id: '8c88a5f8e2dffe4950462e3f9fbe26fd') in 0.021662 seconds
Number of updated asset objects reloaded before import = 0
Number of asset objects unloaded after import = 1
========================================================================
Received Import Request.
  Time since last request: 0.000048 seconds.
  path: Assets/ZRNAssets/005339_08932_25_14/Materials/005339_08932_25_14_unitedmat_44.mat
  artifactKey: Guid(60cee4f8a913240ae9834a26602f74fd) Importer(2089858483,0ecaa5967403d082aa24f35e1b516d23)
Start importing Assets/ZRNAssets/005339_08932_25_14/Materials/005339_08932_25_14_unitedmat_44.mat using Guid(60cee4f8a913240ae9834a26602f74fd) Importer(2089858483,0ecaa5967403d082aa24f35e1b516d23) [PhysX] Initialized MultithreadedTaskDispatcher with 12 workers.
 -> (artifact id: 'bda2cd35014a77ac05c4afa2a18b2fce') in 0.014653 seconds
Number of updated asset objects reloaded before import = 0
Number of asset objects unloaded after import = 2
========================================================================
Received Import Request.
  Time since last request: 0.000038 seconds.
  path: Assets/ZRNAssets/005339_08932_25_14/Materials/mat_PQ_Police.mat
  artifactKey: Guid(7ac0fa57857494346948a26609a8e3b2) Importer(2089858483,0ecaa5967403d082aa24f35e1b516d23)
Start importing Assets/ZRNAssets/005339_08932_25_14/Materials/mat_PQ_Police.mat using Guid(7ac0fa57857494346948a26609a8e3b2) Importer(2089858483,0ecaa5967403d082aa24f35e1b516d23) [PhysX] Initialized MultithreadedTaskDispatcher with 12 workers.
 -> (artifact id: 'fa786be43530918ec0c8d565f0c95a6d') in 0.015512 seconds
Number of updated asset objects reloaded before import = 0
Number of asset objects unloaded after import = 2
========================================================================
Received Import Request.
  Time since last request: 0.000030 seconds.
  path: Assets/ZRNAssets/005339_08932_25_14/Materials/005339_08932_unitedmat_177.mat
  artifactKey: Guid(befe6062ed2fa445d846bc707c991f71) Importer(2089858483,0ecaa5967403d082aa24f35e1b516d23)
Start importing Assets/ZRNAssets/005339_08932_25_14/Materials/005339_08932_unitedmat_177.mat using Guid(befe6062ed2fa445d846bc707c991f71) Importer(2089858483,0ecaa5967403d082aa24f35e1b516d23) [PhysX] Initialized MultithreadedTaskDispatcher with 12 workers.
 -> (artifact id: '8fcae0d27d2cb09d8f356a3c019205f7') in 0.017394 seconds
Number of updated asset objects reloaded before import = 0
Number of asset objects unloaded after import = 1
========================================================================
Received Import Request.
  Time since last request: 0.000037 seconds.
  path: Assets/ZRNAssets/005339_08932_25_14/Materials/005339_08932_25_14_unitedmat_78.mat
  artifactKey: Guid(2aeb72113c7fb434fa222ddf04e43942) Importer(2089858483,0ecaa5967403d082aa24f35e1b516d23)
Start importing Assets/ZRNAssets/005339_08932_25_14/Materials/005339_08932_25_14_unitedmat_78.mat using Guid(2aeb72113c7fb434fa222ddf04e43942) Importer(2089858483,0ecaa5967403d082aa24f35e1b516d23) [PhysX] Initialized MultithreadedTaskDispatcher with 12 workers.
 -> (artifact id: 'ec02c89ff33ae752fcdf29f01564b9e4') in 0.021107 seconds
Number of updated asset objects reloaded before import = 0
Number of asset objects unloaded after import = 2
========================================================================
Received Import Request.
  Time since last request: 0.000042 seconds.
  path: Assets/ZRNAssets/005339_08932_25_14/Textures/005339_08932_L_-90257_0_01_01_11.png
  artifactKey: Guid(6f5b11b6acd9d421db657cbf546bb349) Importer(2089858483,0ecaa5967403d082aa24f35e1b516d23)
Start importing Assets/ZRNAssets/005339_08932_25_14/Textures/005339_08932_L_-90257_0_01_01_11.png using Guid(6f5b11b6acd9d421db657cbf546bb349) Importer(2089858483,0ecaa5967403d082aa24f35e1b516d23) [PhysX] Initialized MultithreadedTaskDispatcher with 12 workers.
 -> (artifact id: '64be4ea8da9b1d4a40c9da7f986aa45b') in 0.019943 seconds
Number of updated asset objects reloaded before import = 0
Number of asset objects unloaded after import = 1
========================================================================
Received Import Request.
  Time since last request: 0.000035 seconds.
  path: Assets/ZRNAssets/005339_08932_25_14/Materials/005339_08932_unitedmat_251.mat
  artifactKey: Guid(d025c43e1df51423d96ee8bee048ecb7) Importer(2089858483,0ecaa5967403d082aa24f35e1b516d23)
Start importing Assets/ZRNAssets/005339_08932_25_14/Materials/005339_08932_unitedmat_251.mat using Guid(d025c43e1df51423d96ee8bee048ecb7) Importer(2089858483,0ecaa5967403d082aa24f35e1b516d23) [PhysX] Initialized MultithreadedTaskDispatcher with 12 workers.
 -> (artifact id: '2df935b21ee67de520a4c373939b3548') in 0.014699 seconds
Number of updated asset objects reloaded before import = 0
Number of asset objects unloaded after import = 1
========================================================================
Received Import Request.
  Time since last request: 0.000037 seconds.
  path: Assets/ZRNAssets/005339_08932_25_14/Materials/S_G_000127_E.mat
  artifactKey: Guid(fa2ee3c245e5743dab4a83c3a748d9ef) Importer(2089858483,0ecaa5967403d082aa24f35e1b516d23)
Start importing Assets/ZRNAssets/005339_08932_25_14/Materials/S_G_000127_E.mat using Guid(fa2ee3c245e5743dab4a83c3a748d9ef) Importer(2089858483,0ecaa5967403d082aa24f35e1b516d23) [PhysX] Initialized MultithreadedTaskDispatcher with 12 workers.
 -> (artifact id: 'd8ef823b6afaa4f927d514a5e9c041e7') in 0.015164 seconds
Number of updated asset objects reloaded before import = 0
Number of asset objects unloaded after import = 2
========================================================================
Received Import Request.
  Time since last request: 0.000057 seconds.
  path: Assets/ZRNAssets/PQAssets/Query-Chan/Sounds/Voice/01_Greetings/Have_A_Nice_Day.wav
  artifactKey: Guid(74c2679e23af840d9b19e21341331001) Importer(2089858483,0ecaa5967403d082aa24f35e1b516d23)
Start importing Assets/ZRNAssets/PQAssets/Query-Chan/Sounds/Voice/01_Greetings/Have_A_Nice_Day.wav using Guid(74c2679e23af840d9b19e21341331001) Importer(2089858483,0ecaa5967403d082aa24f35e1b516d23) [PhysX] Initialized MultithreadedTaskDispatcher with 12 workers.
 -> (artifact id: 'c0cb05674b5d535978af4c37fc648765') in 0.042821 seconds
Number of updated asset objects reloaded before import = 0
Number of asset objects unloaded after import = 1
========================================================================
Received Import Request.
  Time since last request: 0.000034 seconds.
  path: Assets/ZRNAssets/005339_08932_25_14/Textures/S_G_000110_S.png
  artifactKey: Guid(76f4305a589704214b702498d9d334ea) Importer(2089858483,0ecaa5967403d082aa24f35e1b516d23)
Start importing Assets/ZRNAssets/005339_08932_25_14/Textures/S_G_000110_S.png using Guid(76f4305a589704214b702498d9d334ea) Importer(2089858483,0ecaa5967403d082aa24f35e1b516d23) [PhysX] Initialized MultithreadedTaskDispatcher with 12 workers.
 -> (artifact id: 'f1e166b462df615e56995227735670af') in 0.019927 seconds
Number of updated asset objects reloaded before import = 0
Number of asset objects unloaded after import = 1
========================================================================
Received Import Request.
  Time since last request: 0.000031 seconds.
  path: Assets/ZRNAssets/005339_08932_25_14/Materials/005339_08932_unitedmat_138.mat
  artifactKey: Guid(a228896ff83ba4e13b81f65d1101af97) Importer(2089858483,0ecaa5967403d082aa24f35e1b516d23)
Start importing Assets/ZRNAssets/005339_08932_25_14/Materials/005339_08932_unitedmat_138.mat using Guid(a228896ff83ba4e13b81f65d1101af97) Importer(2089858483,0ecaa5967403d082aa24f35e1b516d23) [PhysX] Initialized MultithreadedTaskDispatcher with 12 workers.
 -> (artifact id: '5d0c58bbd2eb8e131a18d65b9fc2100d') in 0.014400 seconds
Number of updated asset objects reloaded before import = 0
Number of asset objects unloaded after import = 1
========================================================================
Received Import Request.
  Time since last request: 0.000061 seconds.
  path: Assets/ZRNAssets/PQAssets/Query-Chan/Textures/icon/icon_query_1.png
  artifactKey: Guid(8f28b4bf2d0e04ebb90e9c12721eb1c0) Importer(2089858483,0ecaa5967403d082aa24f35e1b516d23)
Start importing Assets/ZRNAssets/PQAssets/Query-Chan/Textures/icon/icon_query_1.png using Guid(8f28b4bf2d0e04ebb90e9c12721eb1c0) Importer(2089858483,0ecaa5967403d082aa24f35e1b516d23) [PhysX] Initialized MultithreadedTaskDispatcher with 12 workers.
 -> (artifact id: '6a5058283f8af09c971659ca1c060a7b') in 0.034883 seconds
Number of updated asset objects reloaded before import = 0
Number of asset objects unloaded after import = 1
========================================================================
Received Import Request.
  Time since last request: 0.000034 seconds.
  path: Assets/ZRNAssets/PQAssets/Query-Chan/Materials/mat_Face_NORMAL_EYECLOSE_MOUTHCLOSE.mat
  artifactKey: Guid(895172404c8e34587b1482146f1fb244) Importer(2089858483,0ecaa5967403d082aa24f35e1b516d23)
Start importing Assets/ZRNAssets/PQAssets/Query-Chan/Materials/mat_Face_NORMAL_EYECLOSE_MOUTHCLOSE.mat using Guid(895172404c8e34587b1482146f1fb244) Importer(2089858483,0ecaa5967403d082aa24f35e1b516d23) [PhysX] Initialized MultithreadedTaskDispatcher with 12 workers.
 -> (artifact id: 'c0294667baf43daa8b59f177800d247b') in 0.022932 seconds
Number of updated asset objects reloaded before import = 0
Number of asset objects unloaded after import = 2
========================================================================
Received Import Request.
  Time since last request: 0.000041 seconds.
  path: Assets/ZRNAssets/Skyboxes/Textures/Overcast1/Overcast1_down.tif
  artifactKey: Guid(454585cca07f953479b902a00ead3015) Importer(2089858483,0ecaa5967403d082aa24f35e1b516d23)
Start importing Assets/ZRNAssets/Skyboxes/Textures/Overcast1/Overcast1_down.tif using Guid(454585cca07f953479b902a00ead3015) Importer(2089858483,0ecaa5967403d082aa24f35e1b516d23) [PhysX] Initialized MultithreadedTaskDispatcher with 12 workers.
 -> (artifact id: '60a41917ae54b9520ac3b22dc0f43b77') in 0.026868 seconds
Number of updated asset objects reloaded before import = 0
Number of asset objects unloaded after import = 1
========================================================================
Received Import Request.
  Time since last request: 0.000057 seconds.
  path: Assets/ZRNAssets/005339_08932_25_14/Materials/mat.0357.mat
  artifactKey: Guid(0e4de07c557ca48ec948891365c9a4b7) Importer(2089858483,0ecaa5967403d082aa24f35e1b516d23)
Start importing Assets/ZRNAssets/005339_08932_25_14/Materials/mat.0357.mat using Guid(0e4de07c557ca48ec948891365c9a4b7) Importer(2089858483,0ecaa5967403d082aa24f35e1b516d23) [PhysX] Initialized MultithreadedTaskDispatcher with 12 workers.
 -> (artifact id: '1bfc1bc240ddc39d5b0e983e1c66326b') in 0.017044 seconds
Number of updated asset objects reloaded before import = 0
Number of asset objects unloaded after import = 1
========================================================================
Received Import Request.
  Time since last request: 0.000068 seconds.
  path: Assets/ZRNAssets/005339_08932_25_14/Textures/S_G_000142_F.png
  artifactKey: Guid(02586c7b5635d4d808c29d3881fed08a) Importer(2089858483,0ecaa5967403d082aa24f35e1b516d23)
Start importing Assets/ZRNAssets/005339_08932_25_14/Textures/S_G_000142_F.png using Guid(02586c7b5635d4d808c29d3881fed08a) Importer(2089858483,0ecaa5967403d082aa24f35e1b516d23) [PhysX] Initialized MultithreadedTaskDispatcher with 12 workers.
 -> (artifact id: '287de53ee923dbfa615e6dd297e3c99e') in 0.023732 seconds
Number of updated asset objects reloaded before import = 0
Number of asset objects unloaded after import = 1
========================================================================
Received Import Request.
  Time since last request: 0.000052 seconds.
  path: Assets/ZRNAssets/005339_08932_25_14/Textures/005339_08932_25_14_60.png
  artifactKey: Guid(e9e784b634ead4ce698aa93d5ef41114) Importer(2089858483,0ecaa5967403d082aa24f35e1b516d23)
Start importing Assets/ZRNAssets/005339_08932_25_14/Textures/005339_08932_25_14_60.png using Guid(e9e784b634ead4ce698aa93d5ef41114) Importer(2089858483,0ecaa5967403d082aa24f35e1b516d23) [PhysX] Initialized MultithreadedTaskDispatcher with 12 workers.
 -> (artifact id: '538e6a3ed33087f907ab38c7f0066f10') in 0.030175 seconds
Number of updated asset objects reloaded before import = 0
Number of asset objects unloaded after import = 1
========================================================================
Received Import Request.
  Time since last request: 0.000076 seconds.
  path: Assets/ZRNAssets/PQAssets/Query-Chan/Sounds/Voice/02_Shouts/Relax_Relax.wav
  artifactKey: Guid(a987cd5a56da64324a2abca6e4d020d0) Importer(2089858483,0ecaa5967403d082aa24f35e1b516d23)
Start importing Assets/ZRNAssets/PQAssets/Query-Chan/Sounds/Voice/02_Shouts/Relax_Relax.wav using Guid(a987cd5a56da64324a2abca6e4d020d0) Importer(2089858483,0ecaa5967403d082aa24f35e1b516d23) [PhysX] Initialized MultithreadedTaskDispatcher with 12 workers.
 -> (artifact id: 'c4a606344e65001523a899e0035247e3') in 0.052796 seconds
Number of updated asset objects reloaded before import = 0
Number of asset objects unloaded after import = 1
========================================================================
Received Import Request.
  Time since last request: 0.000045 seconds.
  path: Assets/ZRNAssets/PQAssets/Query-Chan/Textures/tex_Face_Surprised_p3.tga
  artifactKey: Guid(1da3c01094a8f4a87959b41f6d2c2f38) Importer(2089858483,0ecaa5967403d082aa24f35e1b516d23)
Start importing Assets/ZRNAssets/PQAssets/Query-Chan/Textures/tex_Face_Surprised_p3.tga using Guid(1da3c01094a8f4a87959b41f6d2c2f38) Importer(2089858483,0ecaa5967403d082aa24f35e1b516d23) [PhysX] Initialized MultithreadedTaskDispatcher with 12 workers.
 -> (artifact id: 'b32cab280f54bfa670d2abb70f8cceb7') in 0.028662 seconds
Number of updated asset objects reloaded before import = 0
Number of asset objects unloaded after import = 1
========================================================================
Received Import Request.
  Time since last request: 0.000049 seconds.
  path: Assets/ZRNAssets/005339_08932_25_14/Materials/005339_08932_25_14_TransP_unitedmat_6.mat
  artifactKey: Guid(7f90e7514c6914b43868c168537fd19f) Importer(2089858483,0ecaa5967403d082aa24f35e1b516d23)
Start importing Assets/ZRNAssets/005339_08932_25_14/Materials/005339_08932_25_14_TransP_unitedmat_6.mat using Guid(7f90e7514c6914b43868c168537fd19f) Importer(2089858483,0ecaa5967403d082aa24f35e1b516d23) [PhysX] Initialized MultithreadedTaskDispatcher with 12 workers.
 -> (artifact id: 'e01c92af9f1cfc79ceb456e52544bcd2') in 0.017697 seconds
Number of updated asset objects reloaded before import = 0
Number of asset objects unloaded after import = 2
========================================================================
Received Import Request.
  Time since last request: 0.000035 seconds.
  path: Assets/ZRNAssets/005339_08932_25_14/Materials/005339_08932_unitedmat_116.mat
  artifactKey: Guid(8d0ab714fa6bc402fa7859357d3356be) Importer(2089858483,0ecaa5967403d082aa24f35e1b516d23)
Start importing Assets/ZRNAssets/005339_08932_25_14/Materials/005339_08932_unitedmat_116.mat using Guid(8d0ab714fa6bc402fa7859357d3356be) Importer(2089858483,0ecaa5967403d082aa24f35e1b516d23) [PhysX] Initialized MultithreadedTaskDispatcher with 12 workers.
 -> (artifact id: 'a116baa4ada2609609cb019268f3ac7f') in 0.014775 seconds
Number of updated asset objects reloaded before import = 0
Number of asset objects unloaded after import = 1
========================================================================
Received Import Request.
  Time since last request: 0.000038 seconds.
  path: Assets/ZRNAssets/005339_08932_25_14/Textures/005339_08932_25_14_83.png
  artifactKey: Guid(fcd4a7ed20f27410eb83fa1d228f5aca) Importer(2089858483,0ecaa5967403d082aa24f35e1b516d23)
Start importing Assets/ZRNAssets/005339_08932_25_14/Textures/005339_08932_25_14_83.png using Guid(fcd4a7ed20f27410eb83fa1d228f5aca) Importer(2089858483,0ecaa5967403d082aa24f35e1b516d23) [PhysX] Initialized MultithreadedTaskDispatcher with 12 workers.
 -> (artifact id: '92cc0428f3c65e812050938014f8c064') in 0.022036 seconds
Number of updated asset objects reloaded before import = 0
Number of asset objects unloaded after import = 1
========================================================================
Received Import Request.
  Time since last request: 0.000046 seconds.
  path: Assets/ZRNAssets/005339_08932_25_14/Textures/005339_08932_25_14_25.png
  artifactKey: Guid(0883451e5c19343049e7922251256852) Importer(2089858483,0ecaa5967403d082aa24f35e1b516d23)
Start importing Assets/ZRNAssets/005339_08932_25_14/Textures/005339_08932_25_14_25.png using Guid(0883451e5c19343049e7922251256852) Importer(2089858483,0ecaa5967403d082aa24f35e1b516d23) [PhysX] Initialized MultithreadedTaskDispatcher with 12 workers.
 -> (artifact id: '304b0207485c6955e4cfff1734ff2920') in 0.024632 seconds
Number of updated asset objects reloaded before import = 0
Number of asset objects unloaded after import = 1
========================================================================
Received Import Request.
  Time since last request: 0.000033 seconds.
  path: Assets/ZRNAssets/PQAssets/Query-Chan/Materials/mat_Face.mat
  artifactKey: Guid(f22342f73c1df429bb53441c54d18f39) Importer(2089858483,0ecaa5967403d082aa24f35e1b516d23)
Start importing Assets/ZRNAssets/PQAssets/Query-Chan/Materials/mat_Face.mat using Guid(f22342f73c1df429bb53441c54d18f39) Importer(2089858483,0ecaa5967403d082aa24f35e1b516d23) [PhysX] Initialized MultithreadedTaskDispatcher with 12 workers.
 -> (artifact id: '5472d1b2167cf49dbba548d9b632e4a5') in 0.017487 seconds
Number of updated asset objects reloaded before import = 0
Number of asset objects unloaded after import = 2
========================================================================
Received Import Request.
  Time since last request: 0.000062 seconds.
  path: Assets/ZRNAssets/005339_08932_25_14/Materials/005339_08932_L_-98977_0_01_01_5.mat
  artifactKey: Guid(1df83dcc7121b4700842e704e52266b0) Importer(2089858483,0ecaa5967403d082aa24f35e1b516d23)
Start importing Assets/ZRNAssets/005339_08932_25_14/Materials/005339_08932_L_-98977_0_01_01_5.mat using Guid(1df83dcc7121b4700842e704e52266b0) Importer(2089858483,0ecaa5967403d082aa24f35e1b516d23) [PhysX] Initialized MultithreadedTaskDispatcher with 12 workers.
 -> (artifact id: '7effd0e5bec5baee0353d5494ce7d79d') in 0.018303 seconds
Number of updated asset objects reloaded before import = 0
Number of asset objects unloaded after import = 2
========================================================================
Received Import Request.
  Time since last request: 0.000029 seconds.
  path: Assets/ZRNAssets/Skyboxes/Textures/Eerie/Eerie_right.tif
  artifactKey: Guid(67de91b5513a4d8489588fb65de75caa) Importer(2089858483,0ecaa5967403d082aa24f35e1b516d23)
Start importing Assets/ZRNAssets/Skyboxes/Textures/Eerie/Eerie_right.tif using Guid(67de91b5513a4d8489588fb65de75caa) Importer(2089858483,0ecaa5967403d082aa24f35e1b516d23) [PhysX] Initialized MultithreadedTaskDispatcher with 12 workers.
 -> (artifact id: '0783293a9be405f7a845e7e8cc607377') in 0.030577 seconds
Number of updated asset objects reloaded before import = 0
Number of asset objects unloaded after import = 1
========================================================================
Received Import Request.
  Time since last request: 0.000049 seconds.
  path: Assets/ZRNAssets/005339_08932_25_14/Textures/005339_08932_25_14_17.png
  artifactKey: Guid(684246dfd8bce4c18bd3669eadcd2b3c) Importer(2089858483,0ecaa5967403d082aa24f35e1b516d23)
Start importing Assets/ZRNAssets/005339_08932_25_14/Textures/005339_08932_25_14_17.png using Guid(684246dfd8bce4c18bd3669eadcd2b3c) Importer(2089858483,0ecaa5967403d082aa24f35e1b516d23) [PhysX] Initialized MultithreadedTaskDispatcher with 12 workers.
 -> (artifact id: 'cb1a7a73240e71d25a12f29743208f40') in 0.029709 seconds
Number of updated asset objects reloaded before import = 0
Number of asset objects unloaded after import = 1
========================================================================
Received Import Request.
  Time since last request: 0.000051 seconds.
  path: Assets/ZRNAssets/005339_08932_25_14/Materials/s_FootBridgeTop2.mat
  artifactKey: Guid(ef42ac6951fbe4380a62a1b82368a3ce) Importer(2089858483,0ecaa5967403d082aa24f35e1b516d23)
Start importing Assets/ZRNAssets/005339_08932_25_14/Materials/s_FootBridgeTop2.mat using Guid(ef42ac6951fbe4380a62a1b82368a3ce) Importer(2089858483,0ecaa5967403d082aa24f35e1b516d23) [PhysX] Initialized MultithreadedTaskDispatcher with 12 workers.
 -> (artifact id: '46ac362b967ac05c7b6b985896906c47') in 0.017933 seconds
Number of updated asset objects reloaded before import = 0
Number of asset objects unloaded after import = 2
========================================================================
Received Import Request.
  Time since last request: 0.000039 seconds.
  path: Assets/ZRNAssets/PQAssets/Query-Chan/Sounds/Voice/02_Shouts/Go_Ahead.wav
  artifactKey: Guid(96828a68d42574912a6b880eb744ce67) Importer(2089858483,0ecaa5967403d082aa24f35e1b516d23)
Start importing Assets/ZRNAssets/PQAssets/Query-Chan/Sounds/Voice/02_Shouts/Go_Ahead.wav using Guid(96828a68d42574912a6b880eb744ce67) Importer(2089858483,0ecaa5967403d082aa24f35e1b516d23) [PhysX] Initialized MultithreadedTaskDispatcher with 12 workers.
 -> (artifact id: '6ea07d0ce8e9792bb8fbeccc900b44d3') in 0.051498 seconds
Number of updated asset objects reloaded before import = 0
Number of asset objects unloaded after import = 1
========================================================================
Received Import Request.
  Time since last request: 0.000037 seconds.
  path: Assets/ZRNAssets/005339_08932_25_14/Textures/005339_08932_L_-90300_0_01_01_26.png
  artifactKey: Guid(534b0327033334e20bf7dbc2d394ae68) Importer(2089858483,0ecaa5967403d082aa24f35e1b516d23)
Start importing Assets/ZRNAssets/005339_08932_25_14/Textures/005339_08932_L_-90300_0_01_01_26.png using Guid(534b0327033334e20bf7dbc2d394ae68) Importer(2089858483,0ecaa5967403d082aa24f35e1b516d23) [PhysX] Initialized MultithreadedTaskDispatcher with 12 workers.
 -> (artifact id: '02ae141820d2be00f79602842a0e534b') in 0.025895 seconds
Number of updated asset objects reloaded before import = 0
Number of asset objects unloaded after import = 1
========================================================================
Received Import Request.
  Time since last request: 0.000076 seconds.
  path: Assets/ZRNAssets/005339_08932_25_14/Textures/S_G_000116_E.png
  artifactKey: Guid(1204464889c1641ee86002f25fad5044) Importer(2089858483,0ecaa5967403d082aa24f35e1b516d23)
Start importing Assets/ZRNAssets/005339_08932_25_14/Textures/S_G_000116_E.png using Guid(1204464889c1641ee86002f25fad5044) Importer(2089858483,0ecaa5967403d082aa24f35e1b516d23) [PhysX] Initialized MultithreadedTaskDispatcher with 12 workers.
 -> (artifact id: 'e3a675c2e52494d1e03a8ca7f4de0173') in 0.025560 seconds
Number of updated asset objects reloaded before import = 0
Number of asset objects unloaded after import = 1
========================================================================
Received Import Request.
  Time since last request: 0.000032 seconds.
  path: Assets/ZRNAssets/005339_08932_25_14/Materials/005339_08932_unitedmat_155.mat
  artifactKey: Guid(d09e78dcab8e4425aab1e0b20f3950bc) Importer(2089858483,0ecaa5967403d082aa24f35e1b516d23)
Start importing Assets/ZRNAssets/005339_08932_25_14/Materials/005339_08932_unitedmat_155.mat using Guid(d09e78dcab8e4425aab1e0b20f3950bc) Importer(2089858483,0ecaa5967403d082aa24f35e1b516d23) [PhysX] Initialized MultithreadedTaskDispatcher with 12 workers.
 -> (artifact id: '271fd952f68b2b02572c57f2a885a062') in 0.019368 seconds
Number of updated asset objects reloaded before import = 0
Number of asset objects unloaded after import = 1
========================================================================
Received Import Request.
  Time since last request: 0.000058 seconds.
  path: Assets/ZRNAssets/005339_08932_25_14/Textures/S_G_000171_E.png
  artifactKey: Guid(ae371d0c582944982b1dec5170408044) Importer(2089858483,0ecaa5967403d082aa24f35e1b516d23)
Start importing Assets/ZRNAssets/005339_08932_25_14/Textures/S_G_000171_E.png using Guid(ae371d0c582944982b1dec5170408044) Importer(2089858483,0ecaa5967403d082aa24f35e1b516d23) [PhysX] Initialized MultithreadedTaskDispatcher with 12 workers.
 -> (artifact id: '3d55262a9ce961944ba6c70d57a1dbb5') in 0.023694 seconds
Number of updated asset objects reloaded before import = 0
Number of asset objects unloaded after import = 1
========================================================================
Received Import Request.
  Time since last request: 0.000048 seconds.
  path: Assets/ZRNAssets/PQAssets/Query-Chan/Models
  artifactKey: Guid(42fae7b560ec047f9b9b21c63351157e) Importer(2089858483,0ecaa5967403d082aa24f35e1b516d23)
Start importing Assets/ZRNAssets/PQAssets/Query-Chan/Models using Guid(42fae7b560ec047f9b9b21c63351157e) Importer(2089858483,0ecaa5967403d082aa24f35e1b516d23) [PhysX] Initialized MultithreadedTaskDispatcher with 12 workers.
 -> (artifact id: 'f725b6961d43a01ae4b6c20d6492b965') in 0.014391 seconds
Number of updated asset objects reloaded before import = 0
Number of asset objects unloaded after import = 1
========================================================================
Received Import Request.
  Time since last request: 0.000039 seconds.
  path: Assets/ZRNAssets/005339_08932_25_14/Textures/005339_08932_25_14_29.png
  artifactKey: Guid(0f5f9705496034aedb1d69fde4cfcc0d) Importer(2089858483,0ecaa5967403d082aa24f35e1b516d23)
Start importing Assets/ZRNAssets/005339_08932_25_14/Textures/005339_08932_25_14_29.png using Guid(0f5f9705496034aedb1d69fde4cfcc0d) Importer(2089858483,0ecaa5967403d082aa24f35e1b516d23) [PhysX] Initialized MultithreadedTaskDispatcher with 12 workers.
 -> (artifact id: '71563a0db1f627ccd2c1da46d60f0424') in 0.020657 seconds
Number of updated asset objects reloaded before import = 0
Number of asset objects unloaded after import = 1
========================================================================
Received Import Request.
  Time since last request: 0.000110 seconds.
  path: Assets/ZRNAssets/005339_08932_25_14/Textures/S_G_000196_F.png
  artifactKey: Guid(b52e9e994715e434f8930f88be8da17f) Importer(2089858483,0ecaa5967403d082aa24f35e1b516d23)
Start importing Assets/ZRNAssets/005339_08932_25_14/Textures/S_G_000196_F.png using Guid(b52e9e994715e434f8930f88be8da17f) Importer(2089858483,0ecaa5967403d082aa24f35e1b516d23) [PhysX] Initialized MultithreadedTaskDispatcher with 12 workers.
 -> (artifact id: '5494c6dc5b223a6436ef49afd140f16f') in 0.024309 seconds
Number of updated asset objects reloaded before import = 0
Number of asset objects unloaded after import = 1
========================================================================
Received Import Request.
  Time since last request: 0.000032 seconds.
  path: Assets/ZRNAssets/005339_08932_25_14/Materials/005339_08932_unitedmat_253.mat
  artifactKey: Guid(8d7cd0ba86cb74b78bf7e053b5e1447a) Importer(2089858483,0ecaa5967403d082aa24f35e1b516d23)
Start importing Assets/ZRNAssets/005339_08932_25_14/Materials/005339_08932_unitedmat_253.mat using Guid(8d7cd0ba86cb74b78bf7e053b5e1447a) Importer(2089858483,0ecaa5967403d082aa24f35e1b516d23) [PhysX] Initialized MultithreadedTaskDispatcher with 12 workers.
 -> (artifact id: 'a6cca7553fb273c9fbde385a33ad8007') in 0.015115 seconds
Number of updated asset objects reloaded before import = 0
Number of asset objects unloaded after import = 1
========================================================================
Received Import Request.
  Time since last request: 0.000033 seconds.
  path: Assets/ZRNAssets/005339_08932_25_14/Textures/005339_08932_L_-90257_0_01_01_9.png
  artifactKey: Guid(5722b145ad41448398e1d452a330f859) Importer(2089858483,0ecaa5967403d082aa24f35e1b516d23)
Start importing Assets/ZRNAssets/005339_08932_25_14/Textures/005339_08932_L_-90257_0_01_01_9.png using Guid(5722b145ad41448398e1d452a330f859) Importer(2089858483,0ecaa5967403d082aa24f35e1b516d23) [PhysX] Initialized MultithreadedTaskDispatcher with 12 workers.
 -> (artifact id: 'c202888b351633db613324f1802a1c10') in 0.021043 seconds
Number of updated asset objects reloaded before import = 0
Number of asset objects unloaded after import = 1
========================================================================
Received Import Request.
  Time since last request: 0.000045 seconds.
  path: Assets/ZRNAssets/005339_08932_25_14/Materials/S_G_000167_S1.mat
  artifactKey: Guid(6bf9c296fe1c34d08a48d0c53874d53c) Importer(2089858483,0ecaa5967403d082aa24f35e1b516d23)
Start importing Assets/ZRNAssets/005339_08932_25_14/Materials/S_G_000167_S1.mat using Guid(6bf9c296fe1c34d08a48d0c53874d53c) Importer(2089858483,0ecaa5967403d082aa24f35e1b516d23) [PhysX] Initialized MultithreadedTaskDispatcher with 12 workers.
 -> (artifact id: '7e04841cb88cd9ef12d8e8546c9b9f8a') in 0.016948 seconds
Number of updated asset objects reloaded before import = 0
Number of asset objects unloaded after import = 2
========================================================================
Received Import Request.
  Time since last request: 0.000036 seconds.
  path: Assets/ZRNAssets/005339_08932_25_14/Materials/005339_08932_L_-105382_0_01_01_28.mat
  artifactKey: Guid(76e0014963aa840f893e7e7189724369) Importer(2089858483,0ecaa5967403d082aa24f35e1b516d23)
Start importing Assets/ZRNAssets/005339_08932_25_14/Materials/005339_08932_L_-105382_0_01_01_28.mat using Guid(76e0014963aa840f893e7e7189724369) Importer(2089858483,0ecaa5967403d082aa24f35e1b516d23) [PhysX] Initialized MultithreadedTaskDispatcher with 12 workers.
 -> (artifact id: '0c414f88f263abdc19299456de30fa17') in 0.017300 seconds
Number of updated asset objects reloaded before import = 0
Number of asset objects unloaded after import = 2
========================================================================
Received Import Request.
  Time since last request: 0.000039 seconds.
  path: Assets/ZRNAssets/005339_08932_25_14/Textures/005339_08932_L_-90304_0_01_01_5.png
  artifactKey: Guid(8f55c04ee0e6f4168a9fdb02a62849d6) Importer(2089858483,0ecaa5967403d082aa24f35e1b516d23)
Start importing Assets/ZRNAssets/005339_08932_25_14/Textures/005339_08932_L_-90304_0_01_01_5.png using Guid(8f55c04ee0e6f4168a9fdb02a62849d6) Importer(2089858483,0ecaa5967403d082aa24f35e1b516d23) [PhysX] Initialized MultithreadedTaskDispatcher with 12 workers.
 -> (artifact id: '16930765ba9e6b4c72ef5e0174ede75c') in 0.024206 seconds
Number of updated asset objects reloaded before import = 0
Number of asset objects unloaded after import = 1
========================================================================
Received Import Request.
  Time since last request: 0.000038 seconds.
  path: Assets/ZRNAssets/005339_08932_25_14/Materials/S_G_000125_S.mat
  artifactKey: Guid(d8accf27603094bbdb8137db47672538) Importer(2089858483,0ecaa5967403d082aa24f35e1b516d23)
Start importing Assets/ZRNAssets/005339_08932_25_14/Materials/S_G_000125_S.mat using Guid(d8accf27603094bbdb8137db47672538) Importer(2089858483,0ecaa5967403d082aa24f35e1b516d23) [PhysX] Initialized MultithreadedTaskDispatcher with 12 workers.
 -> (artifact id: '21ae4ad7630cf910fc420340dd567435') in 0.021753 seconds
Number of updated asset objects reloaded before import = 0
Number of asset objects unloaded after import = 2
========================================================================
Received Import Request.
  Time since last request: 0.000045 seconds.
  path: Assets/ZRNAssets/005339_08932_25_14/Materials/005339_08932_25_14_unitedmat_159.mat
  artifactKey: Guid(4f1b07d12aebb47fca1a02c8db54b6af) Importer(2089858483,0ecaa5967403d082aa24f35e1b516d23)
Start importing Assets/ZRNAssets/005339_08932_25_14/Materials/005339_08932_25_14_unitedmat_159.mat using Guid(4f1b07d12aebb47fca1a02c8db54b6af) Importer(2089858483,0ecaa5967403d082aa24f35e1b516d23) [PhysX] Initialized MultithreadedTaskDispatcher with 12 workers.
 -> (artifact id: 'fc1e1bc9d58aabda833f3e924f7bcefc') in 0.024089 seconds
Number of updated asset objects reloaded before import = 0
Number of asset objects unloaded after import = 2
========================================================================
Received Import Request.
  Time since last request: 0.000048 seconds.
  path: Assets/ZRNAssets/005339_08932_25_14/Materials/005339_08932_25_14_unitedmat_124.mat
  artifactKey: Guid(9f9d23850e2e04cf0b2baf9e553ee0ba) Importer(2089858483,0ecaa5967403d082aa24f35e1b516d23)
Start importing Assets/ZRNAssets/005339_08932_25_14/Materials/005339_08932_25_14_unitedmat_124.mat using Guid(9f9d23850e2e04cf0b2baf9e553ee0ba) Importer(2089858483,0ecaa5967403d082aa24f35e1b516d23) [PhysX] Initialized MultithreadedTaskDispatcher with 12 workers.
 -> (artifact id: '6c2788098b002ef011dcf349d2135202') in 0.018909 seconds
Number of updated asset objects reloaded before import = 0
Number of asset objects unloaded after import = 2
========================================================================
Received Import Request.
  Time since last request: 0.000034 seconds.
  path: Assets/ZRNAssets/005339_08932_25_14/Textures/S_G_000158_E.png
  artifactKey: Guid(e8a8218bbd0df4f289b588385024686a) Importer(2089858483,0ecaa5967403d082aa24f35e1b516d23)
Start importing Assets/ZRNAssets/005339_08932_25_14/Textures/S_G_000158_E.png using Guid(e8a8218bbd0df4f289b588385024686a) Importer(2089858483,0ecaa5967403d082aa24f35e1b516d23) [PhysX] Initialized MultithreadedTaskDispatcher with 12 workers.
 -> (artifact id: 'b82e170c6b909c112e344fb9e94b21d8') in 0.023272 seconds
Number of updated asset objects reloaded before import = 0
Number of asset objects unloaded after import = 1
========================================================================
Received Import Request.
  Time since last request: 0.000041 seconds.
  path: Assets/ZRNAssets/005339_08932_25_14/Materials/005339_08932_25_14_unitedmat_36.mat
  artifactKey: Guid(a365268ce27b04b799a5ac1a95114e8f) Importer(2089858483,0ecaa5967403d082aa24f35e1b516d23)
Start importing Assets/ZRNAssets/005339_08932_25_14/Materials/005339_08932_25_14_unitedmat_36.mat using Guid(a365268ce27b04b799a5ac1a95114e8f) Importer(2089858483,0ecaa5967403d082aa24f35e1b516d23) [PhysX] Initialized MultithreadedTaskDispatcher with 12 workers.
 -> (artifact id: '6e144d0c93a02e00da521201155bd2b7') in 0.019480 seconds
Number of updated asset objects reloaded before import = 0
Number of asset objects unloaded after import = 2
========================================================================
Received Import Request.
  Time since last request: 0.000048 seconds.
  path: Assets/ZRNAssets/PQAssets/Query-Chan/Shaders/PQ_Skin.shader
  artifactKey: Guid(a97a42c1501deab459c25228d61487f2) Importer(2089858483,0ecaa5967403d082aa24f35e1b516d23)
Start importing Assets/ZRNAssets/PQAssets/Query-Chan/Shaders/PQ_Skin.shader using Guid(a97a42c1501deab459c25228d61487f2) Importer(2089858483,0ecaa5967403d082aa24f35e1b516d23) [PhysX] Initialized MultithreadedTaskDispatcher with 12 workers.
 -> (artifact id: 'c4b37d5e6a420c298d74db878e2e29c2') in 0.018239 seconds
Number of updated asset objects reloaded before import = 0
Number of asset objects unloaded after import = 1
========================================================================
Received Import Request.
  Time since last request: 0.000054 seconds.
  path: Assets/ZRNAssets/005339_08932_25_14/Textures/00_TexturesPlus/Materials/denki-building-6.mat
  artifactKey: Guid(c0fce4cd144ac42488460d829adfb52e) Importer(2089858483,0ecaa5967403d082aa24f35e1b516d23)
Start importing Assets/ZRNAssets/005339_08932_25_14/Textures/00_TexturesPlus/Materials/denki-building-6.mat using Guid(c0fce4cd144ac42488460d829adfb52e) Importer(2089858483,0ecaa5967403d082aa24f35e1b516d23) [PhysX] Initialized MultithreadedTaskDispatcher with 12 workers.
 -> (artifact id: '1d4eb2edd4d304dca521f333883e49ee') in 0.017441 seconds
Number of updated asset objects reloaded before import = 0
Number of asset objects unloaded after import = 2
========================================================================
Received Import Request.
  Time since last request: 0.000028 seconds.
  path: Assets/ZRNAssets/005339_08932_25_14/Materials/005339_08932_25_14_unitedmat_125.mat
  artifactKey: Guid(871fa4b385d914975989e356a85ff095) Importer(2089858483,0ecaa5967403d082aa24f35e1b516d23)
Start importing Assets/ZRNAssets/005339_08932_25_14/Materials/005339_08932_25_14_unitedmat_125.mat using Guid(871fa4b385d914975989e356a85ff095) Importer(2089858483,0ecaa5967403d082aa24f35e1b516d23) [PhysX] Initialized MultithreadedTaskDispatcher with 12 workers.
 -> (artifact id: '76c01938759637702190e19f2704e1af') in 0.015265 seconds
Number of updated asset objects reloaded before import = 0
Number of asset objects unloaded after import = 2
========================================================================
Received Import Request.
  Time since last request: 0.000031 seconds.
  path: Assets/ZRNAssets/005339_08932_25_14/Textures/005339_08932_25_14_22.png
  artifactKey: Guid(04ca5345dd72940f792d5deed8a9b1e5) Importer(2089858483,0ecaa5967403d082aa24f35e1b516d23)
Start importing Assets/ZRNAssets/005339_08932_25_14/Textures/005339_08932_25_14_22.png using Guid(04ca5345dd72940f792d5deed8a9b1e5) Importer(2089858483,0ecaa5967403d082aa24f35e1b516d23) [PhysX] Initialized MultithreadedTaskDispatcher with 12 workers.
 -> (artifact id: '98c394c32b0c4e396f91af5ee33e6be5') in 0.024964 seconds
Number of updated asset objects reloaded before import = 0
Number of asset objects unloaded after import = 1
========================================================================
Received Import Request.
  Time since last request: 0.000047 seconds.
  path: Assets/ZRNAssets/005339_08932_25_14/Textures/S_G_000158_F.png
  artifactKey: Guid(58be31a2a88f2442b9db2f6f3e476ea8) Importer(2089858483,0ecaa5967403d082aa24f35e1b516d23)
Start importing Assets/ZRNAssets/005339_08932_25_14/Textures/S_G_000158_F.png using Guid(58be31a2a88f2442b9db2f6f3e476ea8) Importer(2089858483,0ecaa5967403d082aa24f35e1b516d23) [PhysX] Initialized MultithreadedTaskDispatcher with 12 workers.
 -> (artifact id: '4dd43c7d8fa9e0be8ba1a30124b2f178') in 0.020832 seconds
Number of updated asset objects reloaded before import = 0
Number of asset objects unloaded after import = 1
========================================================================
Received Import Request.
  Time since last request: 0.000033 seconds.
  path: Assets/ZRNAssets/005339_08932_25_14/Textures/005339_08932_L_-90313_0_01_01_6.png
  artifactKey: Guid(e69a686eec4fc48fb82fee29381c4a1d) Importer(2089858483,0ecaa5967403d082aa24f35e1b516d23)
Start importing Assets/ZRNAssets/005339_08932_25_14/Textures/005339_08932_L_-90313_0_01_01_6.png using Guid(e69a686eec4fc48fb82fee29381c4a1d) Importer(2089858483,0ecaa5967403d082aa24f35e1b516d23) [PhysX] Initialized MultithreadedTaskDispatcher with 12 workers.
 -> (artifact id: '76029585966bcde07684e8e875ba27c4') in 0.026455 seconds
Number of updated asset objects reloaded before import = 0
Number of asset objects unloaded after import = 1
========================================================================
Received Import Request.
  Time since last request: 0.000063 seconds.
  path: Assets/ZRNAssets/005339_08932_25_14/Materials/005339_08932_25_14_unitedmat_29.mat
  artifactKey: Guid(b20efcf744be545968463ec1b1ee3e65) Importer(2089858483,0ecaa5967403d082aa24f35e1b516d23)
Start importing Assets/ZRNAssets/005339_08932_25_14/Materials/005339_08932_25_14_unitedmat_29.mat using Guid(b20efcf744be545968463ec1b1ee3e65) Importer(2089858483,0ecaa5967403d082aa24f35e1b516d23) [PhysX] Initialized MultithreadedTaskDispatcher with 12 workers.
 -> (artifact id: '5c321a6feea01877bf179fd98c252c50') in 0.020979 seconds
Number of updated asset objects reloaded before import = 0
Number of asset objects unloaded after import = 2
========================================================================
Received Import Request.
  Time since last request: 0.000047 seconds.
  path: Assets/ZRNAssets/005339_08932_25_14/Materials/005339_08932_25_14_unitedmat_174.mat
  artifactKey: Guid(904f1aaaaf1f349da903a1225c8a9d68) Importer(2089858483,0ecaa5967403d082aa24f35e1b516d23)
Start importing Assets/ZRNAssets/005339_08932_25_14/Materials/005339_08932_25_14_unitedmat_174.mat using Guid(904f1aaaaf1f349da903a1225c8a9d68) Importer(2089858483,0ecaa5967403d082aa24f35e1b516d23) [PhysX] Initialized MultithreadedTaskDispatcher with 12 workers.
 -> (artifact id: 'f6c92430f58dd0738104c8137833f694') in 0.016455 seconds
Number of updated asset objects reloaded before import = 0
Number of asset objects unloaded after import = 2
========================================================================
Received Import Request.
  Time since last request: 0.000036 seconds.
  path: Assets/ZRNAssets/005339_08932_25_14/Materials/005339_08932_L_-90218_0_01_01_5.mat
  artifactKey: Guid(125b5bd19b7494b75adc28ca2549d104) Importer(2089858483,0ecaa5967403d082aa24f35e1b516d23)
Start importing Assets/ZRNAssets/005339_08932_25_14/Materials/005339_08932_L_-90218_0_01_01_5.mat using Guid(125b5bd19b7494b75adc28ca2549d104) Importer(2089858483,0ecaa5967403d082aa24f35e1b516d23) [PhysX] Initialized MultithreadedTaskDispatcher with 12 workers.
 -> (artifact id: '5858428958430a756a276ed30ec10439') in 0.014371 seconds
Number of updated asset objects reloaded before import = 0
Number of asset objects unloaded after import = 2
========================================================================
Received Import Request.
  Time since last request: 0.000039 seconds.
  path: Assets/ZRNAssets/005339_08932_25_14/Materials/005339_08932_25_14_unitedmat_90.mat
  artifactKey: Guid(6be785f4ae99d464c981cdf95f382409) Importer(2089858483,0ecaa5967403d082aa24f35e1b516d23)
Start importing Assets/ZRNAssets/005339_08932_25_14/Materials/005339_08932_25_14_unitedmat_90.mat using Guid(6be785f4ae99d464c981cdf95f382409) Importer(2089858483,0ecaa5967403d082aa24f35e1b516d23) [PhysX] Initialized MultithreadedTaskDispatcher with 12 workers.
 -> (artifact id: 'f02bc482cb4b63da030f3e68f1bf26c6') in 0.017560 seconds
Number of updated asset objects reloaded before import = 0
Number of asset objects unloaded after import = 2
========================================================================
Received Import Request.
  Time since last request: 0.000048 seconds.
  path: Assets/ZRNAssets/005339_08932_25_14/Materials/005339_08932_25_14_unitedmat_0.mat
  artifactKey: Guid(25fe600d555c6451ca2bf915e7569c25) Importer(2089858483,0ecaa5967403d082aa24f35e1b516d23)
Start importing Assets/ZRNAssets/005339_08932_25_14/Materials/005339_08932_25_14_unitedmat_0.mat using Guid(25fe600d555c6451ca2bf915e7569c25) Importer(2089858483,0ecaa5967403d082aa24f35e1b516d23) [PhysX] Initialized MultithreadedTaskDispatcher with 12 workers.
 -> (artifact id: 'fed90af4d6c30ff7729907f434143ae1') in 0.017504 seconds
Number of updated asset objects reloaded before import = 0
Number of asset objects unloaded after import = 2
========================================================================
Received Import Request.
  Time since last request: 0.000026 seconds.
  path: Assets/ZRNAssets/005339_08932_25_14/Materials/005339_08932_25_14_unitedmat_103.mat
  artifactKey: Guid(4e7565bc2c44f4c2baf1dc858e48ffc9) Importer(2089858483,0ecaa5967403d082aa24f35e1b516d23)
Start importing Assets/ZRNAssets/005339_08932_25_14/Materials/005339_08932_25_14_unitedmat_103.mat using Guid(4e7565bc2c44f4c2baf1dc858e48ffc9) Importer(2089858483,0ecaa5967403d082aa24f35e1b516d23) [PhysX] Initialized MultithreadedTaskDispatcher with 12 workers.
 -> (artifact id: '2d240d26645a1e61900bedcde91ce2f4') in 0.014750 seconds
Number of updated asset objects reloaded before import = 0
Number of asset objects unloaded after import = 2
========================================================================
Received Import Request.
  Time since last request: 0.000034 seconds.
  path: Assets/ZRNAssets/005339_08932_25_14/Materials/Rain.mat
  artifactKey: Guid(14b7204a28ce54490b5aea76ab395e93) Importer(2089858483,0ecaa5967403d082aa24f35e1b516d23)
Start importing Assets/ZRNAssets/005339_08932_25_14/Materials/Rain.mat using Guid(14b7204a28ce54490b5aea76ab395e93) Importer(2089858483,0ecaa5967403d082aa24f35e1b516d23) [PhysX] Initialized MultithreadedTaskDispatcher with 12 workers.
 -> (artifact id: '39d1139b2b557206dad7b9a88e065ae2') in 0.017991 seconds
Number of updated asset objects reloaded before import = 0
Number of asset objects unloaded after import = 2
========================================================================
Received Import Request.
  Time since last request: 0.000039 seconds.
  path: Assets/ZRNAssets/005339_08932_25_14/Materials/005339_08932_L_-90284_0_01_01_7.mat
  artifactKey: Guid(b6535783dd2644c31988a75c307c98b8) Importer(2089858483,0ecaa5967403d082aa24f35e1b516d23)
Start importing Assets/ZRNAssets/005339_08932_25_14/Materials/005339_08932_L_-90284_0_01_01_7.mat using Guid(b6535783dd2644c31988a75c307c98b8) Importer(2089858483,0ecaa5967403d082aa24f35e1b516d23) [PhysX] Initialized MultithreadedTaskDispatcher with 12 workers.
 -> (artifact id: '442d1a4d237ab32664499f086966ead7') in 0.014348 seconds
Number of updated asset objects reloaded before import = 0
Number of asset objects unloaded after import = 2
========================================================================
Received Import Request.
  Time since last request: 0.000042 seconds.
  path: Assets/ZRNAssets/005339_08932_25_14/Textures/005339_08932_25_14_97.png
  artifactKey: Guid(05ce76026bd3c4465a34a914b3f99d3c) Importer(2089858483,0ecaa5967403d082aa24f35e1b516d23)
Start importing Assets/ZRNAssets/005339_08932_25_14/Textures/005339_08932_25_14_97.png using Guid(05ce76026bd3c4465a34a914b3f99d3c) Importer(2089858483,0ecaa5967403d082aa24f35e1b516d23) [PhysX] Initialized MultithreadedTaskDispatcher with 12 workers.
 -> (artifact id: 'c00eee221925829744ccd390f17cbfb4') in 0.024865 seconds
Number of updated asset objects reloaded before import = 0
Number of asset objects unloaded after import = 1
========================================================================
Received Import Request.
  Time since last request: 0.000054 seconds.
  path: Assets/ZRNAssets/005339_08932_25_14/Textures/005339_08932_L_-101753_0_01_01_2.png
  artifactKey: Guid(9b349d5c6f06c483185c861922462acb) Importer(2089858483,0ecaa5967403d082aa24f35e1b516d23)
Start importing Assets/ZRNAssets/005339_08932_25_14/Textures/005339_08932_L_-101753_0_01_01_2.png using Guid(9b349d5c6f06c483185c861922462acb) Importer(2089858483,0ecaa5967403d082aa24f35e1b516d23) [PhysX] Initialized MultithreadedTaskDispatcher with 12 workers.
 -> (artifact id: 'f9bc54295a22c22345fb2148a97c72ce') in 0.021610 seconds
Number of updated asset objects reloaded before import = 0
Number of asset objects unloaded after import = 1
========================================================================
Received Import Request.
  Time since last request: 0.000030 seconds.
  path: Assets/ZRNAssets/005339_08932_25_14/Textures/005339_08932_L_-90295_0_01_01_6.png
  artifactKey: Guid(682a4067145c94258bb65ead9c2cc252) Importer(2089858483,0ecaa5967403d082aa24f35e1b516d23)
Start importing Assets/ZRNAssets/005339_08932_25_14/Textures/005339_08932_L_-90295_0_01_01_6.png using Guid(682a4067145c94258bb65ead9c2cc252) Importer(2089858483,0ecaa5967403d082aa24f35e1b516d23) [PhysX] Initialized MultithreadedTaskDispatcher with 12 workers.
 -> (artifact id: '941a8a51e435576ef14af2bfb2a95322') in 0.029291 seconds
Number of updated asset objects reloaded before import = 0
Number of asset objects unloaded after import = 1
========================================================================
Received Import Request.
  Time since last request: 0.000050 seconds.
  path: Assets/ZRNAssets/005339_08932_25_14/Textures/005339_08932_L_-90260_0_01_01_15.png
  artifactKey: Guid(2e3993269204a411e9ff4c4f2ca6b35c) Importer(2089858483,0ecaa5967403d082aa24f35e1b516d23)
Start importing Assets/ZRNAssets/005339_08932_25_14/Textures/005339_08932_L_-90260_0_01_01_15.png using Guid(2e3993269204a411e9ff4c4f2ca6b35c) Importer(2089858483,0ecaa5967403d082aa24f35e1b516d23) [PhysX] Initialized MultithreadedTaskDispatcher with 12 workers.
 -> (artifact id: '1ea935a908cafc6b519f00154a9695d4') in 0.021553 seconds
Number of updated asset objects reloaded before import = 0
Number of asset objects unloaded after import = 1
========================================================================
Received Import Request.
  Time since last request: 0.000049 seconds.
  path: Assets/ZRNAssets/Cars/Materials/mat_Hatchback.mat
  artifactKey: Guid(6098268d3b7ae45b8bcae38170274130) Importer(2089858483,0ecaa5967403d082aa24f35e1b516d23)
Start importing Assets/ZRNAssets/Cars/Materials/mat_Hatchback.mat using Guid(6098268d3b7ae45b8bcae38170274130) Importer(2089858483,0ecaa5967403d082aa24f35e1b516d23) [PhysX] Initialized MultithreadedTaskDispatcher with 12 workers.
 -> (artifact id: '3286f27fdf21ee7e0c5326a0bbb025c4') in 0.016407 seconds
Number of updated asset objects reloaded before import = 0
Number of asset objects unloaded after import = 2
========================================================================
Received Import Request.
  Time since last request: 0.000037 seconds.
  path: Assets/ZRNAssets/005339_08932_25_14/Materials/005339_08932_25_14_unitedmat_6.mat
  artifactKey: Guid(26f4ec40c1b6549faa20451609962b9a) Importer(2089858483,0ecaa5967403d082aa24f35e1b516d23)
Start importing Assets/ZRNAssets/005339_08932_25_14/Materials/005339_08932_25_14_unitedmat_6.mat using Guid(26f4ec40c1b6549faa20451609962b9a) Importer(2089858483,0ecaa5967403d082aa24f35e1b516d23) [PhysX] Initialized MultithreadedTaskDispatcher with 12 workers.
 -> (artifact id: '8472ea942ac1f825f1a55e67cab7f258') in 0.018411 seconds
Number of updated asset objects reloaded before import = 0
Number of asset objects unloaded after import = 2
========================================================================
Received Import Request.
  Time since last request: 0.000033 seconds.
  path: Assets/ZRNAssets/005339_08932_25_14/Materials/S_G_000187_F1.mat
  artifactKey: Guid(ac2f8ba7be5dc4ab0be7a6d8931ec733) Importer(2089858483,0ecaa5967403d082aa24f35e1b516d23)
Start importing Assets/ZRNAssets/005339_08932_25_14/Materials/S_G_000187_F1.mat using Guid(ac2f8ba7be5dc4ab0be7a6d8931ec733) Importer(2089858483,0ecaa5967403d082aa24f35e1b516d23) [PhysX] Initialized MultithreadedTaskDispatcher with 12 workers.
 -> (artifact id: '763e6e2ba859a2cf6784116f0c31410e') in 0.018344 seconds
Number of updated asset objects reloaded before import = 0
Number of asset objects unloaded after import = 2
========================================================================
Received Import Request.
  Time since last request: 0.000035 seconds.
  path: Assets/ZRNAssets/005339_08932_25_14/Materials/S_G_000128_S.mat
  artifactKey: Guid(7b08c0d462792405391c7f91168bf758) Importer(2089858483,0ecaa5967403d082aa24f35e1b516d23)
Start importing Assets/ZRNAssets/005339_08932_25_14/Materials/S_G_000128_S.mat using Guid(7b08c0d462792405391c7f91168bf758) Importer(2089858483,0ecaa5967403d082aa24f35e1b516d23) [PhysX] Initialized MultithreadedTaskDispatcher with 12 workers.
 -> (artifact id: '7957735758a53f478d4b2a84140e06e6') in 0.015227 seconds
Number of updated asset objects reloaded before import = 0
Number of asset objects unloaded after import = 2
========================================================================
Received Import Request.
  Time since last request: 0.000069 seconds.
  path: Assets/ZRNAssets/005339_08932_25_14/Textures/005339_08932_L_-90216_0_01_01_11.png
  artifactKey: Guid(58215b77cb06641118bad1bdae72a8ec) Importer(2089858483,0ecaa5967403d082aa24f35e1b516d23)
Start importing Assets/ZRNAssets/005339_08932_25_14/Textures/005339_08932_L_-90216_0_01_01_11.png using Guid(58215b77cb06641118bad1bdae72a8ec) Importer(2089858483,0ecaa5967403d082aa24f35e1b516d23) [PhysX] Initialized MultithreadedTaskDispatcher with 12 workers.
 -> (artifact id: '150e4370521ae374f6029bd40b51e78b') in 0.020656 seconds
Number of updated asset objects reloaded before import = 0
Number of asset objects unloaded after import = 1
========================================================================
Received Import Request.
  Time since last request: 0.000051 seconds.
  path: Assets/ZRNAssets/Skyboxes/Textures/Overcast1/Overcast1_left.tif
  artifactKey: Guid(0904e339eb6fdd546b8539bd04db10ed) Importer(2089858483,0ecaa5967403d082aa24f35e1b516d23)
Start importing Assets/ZRNAssets/Skyboxes/Textures/Overcast1/Overcast1_left.tif using Guid(0904e339eb6fdd546b8539bd04db10ed) Importer(2089858483,0ecaa5967403d082aa24f35e1b516d23) [PhysX] Initialized MultithreadedTaskDispatcher with 12 workers.
 -> (artifact id: 'da2c007b7a6ddeff14fa63436d98fff6') in 0.021024 seconds
Number of updated asset objects reloaded before import = 0
Number of asset objects unloaded after import = 1
========================================================================
Received Import Request.
  Time since last request: 0.000034 seconds.
  path: Assets/ZRNAssets/005339_08932_25_14/Materials/S_G_000193_S1.mat
  artifactKey: Guid(c2dab3145dfca4b718c369a6973bca51) Importer(2089858483,0ecaa5967403d082aa24f35e1b516d23)
Start importing Assets/ZRNAssets/005339_08932_25_14/Materials/S_G_000193_S1.mat using Guid(c2dab3145dfca4b718c369a6973bca51) Importer(2089858483,0ecaa5967403d082aa24f35e1b516d23) [PhysX] Initialized MultithreadedTaskDispatcher with 12 workers.
 -> (artifact id: '19f8d4a8b7b61fd2aa9cf2d036744104') in 0.016469 seconds
Number of updated asset objects reloaded before import = 0
Number of asset objects unloaded after import = 2
========================================================================
Received Import Request.
  Time since last request: 0.000038 seconds.
  path: Assets/ZRNAssets/005339_08932_25_14/Textures/S_G_000150_F.png
  artifactKey: Guid(213750b90a52043458f563a808aff7c8) Importer(2089858483,0ecaa5967403d082aa24f35e1b516d23)
Start importing Assets/ZRNAssets/005339_08932_25_14/Textures/S_G_000150_F.png using Guid(213750b90a52043458f563a808aff7c8) Importer(2089858483,0ecaa5967403d082aa24f35e1b516d23) [PhysX] Initialized MultithreadedTaskDispatcher with 12 workers.
 -> (artifact id: '44a1172d35d0659e5d70ffd6b5e0e4ae') in 0.018721 seconds
Number of updated asset objects reloaded before import = 0
Number of asset objects unloaded after import = 1
========================================================================
Received Import Request.
  Time since last request: 0.000056 seconds.
  path: Assets/ZRNAssets/005339_08932_25_14/Textures/S_G_000179_E.png
  artifactKey: Guid(b50fd68fc065f4d8cb505f3d7d9c2a15) Importer(2089858483,0ecaa5967403d082aa24f35e1b516d23)
Start importing Assets/ZRNAssets/005339_08932_25_14/Textures/S_G_000179_E.png using Guid(b50fd68fc065f4d8cb505f3d7d9c2a15) Importer(2089858483,0ecaa5967403d082aa24f35e1b516d23) [PhysX] Initialized MultithreadedTaskDispatcher with 12 workers.
 -> (artifact id: '04476aa95ac5fbcf91f92f5e22b9318f') in 0.019851 seconds
Number of updated asset objects reloaded before import = 0
Number of asset objects unloaded after import = 1
========================================================================
Received Import Request.
  Time since last request: 0.000050 seconds.
  path: Assets/ZRNAssets/Cars/Materials/mat_Sedan_01.mat
  artifactKey: Guid(813dda150c90f594f9c8e6fc3ea67665) Importer(2089858483,0ecaa5967403d082aa24f35e1b516d23)
Start importing Assets/ZRNAssets/Cars/Materials/mat_Sedan_01.mat using Guid(813dda150c90f594f9c8e6fc3ea67665) Importer(2089858483,0ecaa5967403d082aa24f35e1b516d23) [PhysX] Initialized MultithreadedTaskDispatcher with 12 workers.
 -> (artifact id: '6814357f104dc8014477f9c44501d529') in 0.013885 seconds
Number of updated asset objects reloaded before import = 0
Number of asset objects unloaded after import = 2
========================================================================
Received Import Request.
  Time since last request: 0.000043 seconds.
  path: Assets/ZRNAssets/PQAssets/Query-Chan
  artifactKey: Guid(10cf2ddb330724fc08667d825ceb8b9b) Importer(2089858483,0ecaa5967403d082aa24f35e1b516d23)
Start importing Assets/ZRNAssets/PQAssets/Query-Chan using Guid(10cf2ddb330724fc08667d825ceb8b9b) Importer(2089858483,0ecaa5967403d082aa24f35e1b516d23) [PhysX] Initialized MultithreadedTaskDispatcher with 12 workers.
 -> (artifact id: '6bbc782468774656f30416d334387e48') in 0.012630 seconds
Number of updated asset objects reloaded before import = 0
Number of asset objects unloaded after import = 1
========================================================================
Received Import Request.
  Time since last request: 0.000045 seconds.
  path: Assets/ZRNAssets/005339_08932_25_14/Textures/005339_08932_25_14_33.png
  artifactKey: Guid(b1016543273334519a8fc7271fb10fa3) Importer(2089858483,0ecaa5967403d082aa24f35e1b516d23)
Start importing Assets/ZRNAssets/005339_08932_25_14/Textures/005339_08932_25_14_33.png using Guid(b1016543273334519a8fc7271fb10fa3) Importer(2089858483,0ecaa5967403d082aa24f35e1b516d23) [PhysX] Initialized MultithreadedTaskDispatcher with 12 workers.
 -> (artifact id: 'c49782fd1d247b1c7fc111702955e5b2') in 0.024378 seconds
Number of updated asset objects reloaded before import = 0
Number of asset objects unloaded after import = 1
========================================================================
Received Import Request.
  Time since last request: 0.000034 seconds.
  path: Assets/ZRNAssets/005339_08932_25_14/Materials/005339_08932_L_-90214_0_01_01_8.mat
  artifactKey: Guid(b979b501fffb34fdc9980b3814209709) Importer(2089858483,0ecaa5967403d082aa24f35e1b516d23)
Start importing Assets/ZRNAssets/005339_08932_25_14/Materials/005339_08932_L_-90214_0_01_01_8.mat using Guid(b979b501fffb34fdc9980b3814209709) Importer(2089858483,0ecaa5967403d082aa24f35e1b516d23) [PhysX] Initialized MultithreadedTaskDispatcher with 12 workers.
 -> (artifact id: '5bd110f63d9f3515bd871d6c479dabe1') in 0.014562 seconds
Number of updated asset objects reloaded before import = 0
Number of asset objects unloaded after import = 2
========================================================================
Received Import Request.
  Time since last request: 0.000053 seconds.
  path: Assets/ZRNAssets/005339_08932_25_14/Materials/005339_08932_L_-90211_0_01_01_38.mat
  artifactKey: Guid(119ff1ab5c130420ea62017c3aefe9d4) Importer(2089858483,0ecaa5967403d082aa24f35e1b516d23)
Start importing Assets/ZRNAssets/005339_08932_25_14/Materials/005339_08932_L_-90211_0_01_01_38.mat using Guid(119ff1ab5c130420ea62017c3aefe9d4) Importer(2089858483,0ecaa5967403d082aa24f35e1b516d23) [PhysX] Initialized MultithreadedTaskDispatcher with 12 workers.
 -> (artifact id: '8d3cbf2ba4145f2c83b6433d81db55fd') in 0.017370 seconds
Number of updated asset objects reloaded before import = 0
Number of asset objects unloaded after import = 2
========================================================================
Received Import Request.
  Time since last request: 0.000038 seconds.
  path: Assets/ZRNAssets/005339_08932_25_14/Textures/S_G_000181_E.png
  artifactKey: Guid(ad13ace28d6954684879cf1074eca424) Importer(2089858483,0ecaa5967403d082aa24f35e1b516d23)
Start importing Assets/ZRNAssets/005339_08932_25_14/Textures/S_G_000181_E.png using Guid(ad13ace28d6954684879cf1074eca424) Importer(2089858483,0ecaa5967403d082aa24f35e1b516d23) [PhysX] Initialized MultithreadedTaskDispatcher with 12 workers.
 -> (artifact id: '167914a7baf08a9fabb8fab919858e9c') in 0.022158 seconds
Number of updated asset objects reloaded before import = 0
Number of asset objects unloaded after import = 1
========================================================================
Received Import Request.
  Time since last request: 0.000060 seconds.
  path: Assets/ZRNAssets/005339_08932_25_14/Textures/S_G_000105_F.png
  artifactKey: Guid(7398bcc8dc5ef4cb785361eb737f0e16) Importer(2089858483,0ecaa5967403d082aa24f35e1b516d23)
Start importing Assets/ZRNAssets/005339_08932_25_14/Textures/S_G_000105_F.png using Guid(7398bcc8dc5ef4cb785361eb737f0e16) Importer(2089858483,0ecaa5967403d082aa24f35e1b516d23) [PhysX] Initialized MultithreadedTaskDispatcher with 12 workers.
 -> (artifact id: '7ceec726128eccb48d347aadecdfaf2c') in 0.025584 seconds
Number of updated asset objects reloaded before import = 0
Number of asset objects unloaded after import = 1
========================================================================
Received Import Request.
  Time since last request: 0.000032 seconds.
  path: Assets/ZRNAssets/Skyboxes/Textures/Sunny1/Sunny1_back.tif
  artifactKey: Guid(32ef381921b3f7f479831b042c113762) Importer(2089858483,0ecaa5967403d082aa24f35e1b516d23)
Start importing Assets/ZRNAssets/Skyboxes/Textures/Sunny1/Sunny1_back.tif using Guid(32ef381921b3f7f479831b042c113762) Importer(2089858483,0ecaa5967403d082aa24f35e1b516d23) [PhysX] Initialized MultithreadedTaskDispatcher with 12 workers.
 -> (artifact id: '1207b113021382c51c614eb5495af7fd') in 0.021052 seconds
Number of updated asset objects reloaded before import = 0
Number of asset objects unloaded after import = 1
========================================================================
Received Import Request.
  Time since last request: 0.000037 seconds.
  path: Assets/ZRNAssets/005339_08932_25_14/Textures/005339_08932_25_14_62.png
  artifactKey: Guid(85b34a307e2544bd2ad684a686b47961) Importer(2089858483,0ecaa5967403d082aa24f35e1b516d23)
Start importing Assets/ZRNAssets/005339_08932_25_14/Textures/005339_08932_25_14_62.png using Guid(85b34a307e2544bd2ad684a686b47961) Importer(2089858483,0ecaa5967403d082aa24f35e1b516d23) [PhysX] Initialized MultithreadedTaskDispatcher with 12 workers.
 -> (artifact id: '9861a7142d23809e221d7185ba452c9e') in 0.020537 seconds
Number of updated asset objects reloaded before import = 0
Number of asset objects unloaded after import = 1
========================================================================
Received Import Request.
  Time since last request: 0.000055 seconds.
  path: Assets/ZRNAssets/005339_08932_25_14/Textures/S_G_000105_E.png
  artifactKey: Guid(3cbbaaeffd3f24b67a36438fea4c9e17) Importer(2089858483,0ecaa5967403d082aa24f35e1b516d23)
Start importing Assets/ZRNAssets/005339_08932_25_14/Textures/S_G_000105_E.png using Guid(3cbbaaeffd3f24b67a36438fea4c9e17) Importer(2089858483,0ecaa5967403d082aa24f35e1b516d23) [PhysX] Initialized MultithreadedTaskDispatcher with 12 workers.
 -> (artifact id: '2b8839aa564a7a2eb987324887146a11') in 0.019775 seconds
Number of updated asset objects reloaded before import = 0
Number of asset objects unloaded after import = 1
========================================================================
Received Import Request.
  Time since last request: 0.000035 seconds.
  path: Assets/ZRNAssets/005339_08932_25_14/Textures/S_G_000179_S.png
  artifactKey: Guid(2b4eee0f5549b4a8db3a98805ca23790) Importer(2089858483,0ecaa5967403d082aa24f35e1b516d23)
Start importing Assets/ZRNAssets/005339_08932_25_14/Textures/S_G_000179_S.png using Guid(2b4eee0f5549b4a8db3a98805ca23790) Importer(2089858483,0ecaa5967403d082aa24f35e1b516d23) [PhysX] Initialized MultithreadedTaskDispatcher with 12 workers.
 -> (artifact id: 'b17141aed55e66c9c369177f3c353ee8') in 0.021655 seconds
Number of updated asset objects reloaded before import = 0
Number of asset objects unloaded after import = 1
========================================================================
Received Import Request.
  Time since last request: 0.000035 seconds.
  path: Assets/ZRNAssets/005339_08932_25_14/Scripts/MoveCamera.cs
  artifactKey: Guid(4a15673d4f1ca4d8c963a25b6b5298cd) Importer(2089858483,0ecaa5967403d082aa24f35e1b516d23)
Start importing Assets/ZRNAssets/005339_08932_25_14/Scripts/MoveCamera.cs using Guid(4a15673d4f1ca4d8c963a25b6b5298cd) Importer(2089858483,0ecaa5967403d082aa24f35e1b516d23) [PhysX] Initialized MultithreadedTaskDispatcher with 12 workers.
 -> (artifact id: '430bf0adc0405763b20139e118d686c2') in 0.014711 seconds
Number of updated asset objects reloaded before import = 0
Number of asset objects unloaded after import = 1
========================================================================
Received Import Request.
  Time since last request: 0.000062 seconds.
  path: Assets/ZRNAssets/Skyboxes/Textures/Sunny3/Sunny3_left.tif
  artifactKey: Guid(7a3134e5f9749c449ad2289cfe93f5d5) Importer(2089858483,0ecaa5967403d082aa24f35e1b516d23)
Start importing Assets/ZRNAssets/Skyboxes/Textures/Sunny3/Sunny3_left.tif using Guid(7a3134e5f9749c449ad2289cfe93f5d5) Importer(2089858483,0ecaa5967403d082aa24f35e1b516d23) [PhysX] Initialized MultithreadedTaskDispatcher with 12 workers.
 -> (artifact id: '862737036338c9ff4e3227769c4c9e2d') in 0.025234 seconds
Number of updated asset objects reloaded before import = 0
Number of asset objects unloaded after import = 1
========================================================================
Received Import Request.
  Time since last request: 0.000055 seconds.
  path: Assets/ZRNAssets/Cars/Materials/mat_Kei_00.mat
  artifactKey: Guid(a2d343e6fde044cab85332458e94689e) Importer(2089858483,0ecaa5967403d082aa24f35e1b516d23)
Start importing Assets/ZRNAssets/Cars/Materials/mat_Kei_00.mat using Guid(a2d343e6fde044cab85332458e94689e) Importer(2089858483,0ecaa5967403d082aa24f35e1b516d23) [PhysX] Initialized MultithreadedTaskDispatcher with 12 workers.
 -> (artifact id: 'eba08681904c7135a6f09c1b043e42c8') in 0.014320 seconds
Number of updated asset objects reloaded before import = 0
Number of asset objects unloaded after import = 2
========================================================================
Received Import Request.
  Time since last request: 0.000035 seconds.
  path: Assets/ZRNAssets/005339_08932_25_14/Materials/005339_08932_L_-90205_0_01_01_6.mat
  artifactKey: Guid(8e66d9198593f4431adb706820ea1261) Importer(2089858483,0ecaa5967403d082aa24f35e1b516d23)
Start importing Assets/ZRNAssets/005339_08932_25_14/Materials/005339_08932_L_-90205_0_01_01_6.mat using Guid(8e66d9198593f4431adb706820ea1261) Importer(2089858483,0ecaa5967403d082aa24f35e1b516d23) [PhysX] Initialized MultithreadedTaskDispatcher with 12 workers.
 -> (artifact id: 'f7534ff24443e5c45993e1f8cdeb521a') in 0.016321 seconds
Number of updated asset objects reloaded before import = 0
Number of asset objects unloaded after import = 2
========================================================================
Received Import Request.
  Time since last request: 0.000033 seconds.
  path: Assets/ZRNAssets/005339_08932_25_14/Materials/005339_08932_25_14_unitedmat_84.mat
  artifactKey: Guid(78a50a08e5df943babeccc3bb04b9c1b) Importer(2089858483,0ecaa5967403d082aa24f35e1b516d23)
Start importing Assets/ZRNAssets/005339_08932_25_14/Materials/005339_08932_25_14_unitedmat_84.mat using Guid(78a50a08e5df943babeccc3bb04b9c1b) Importer(2089858483,0ecaa5967403d082aa24f35e1b516d23) [PhysX] Initialized MultithreadedTaskDispatcher with 12 workers.
 -> (artifact id: '9c2d5e1d73e983ab5f817dd8de151415') in 0.015647 seconds
Number of updated asset objects reloaded before import = 0
Number of asset objects unloaded after import = 2
========================================================================
Received Import Request.
  Time since last request: 0.000039 seconds.
  path: Assets/ZRNAssets/005339_08932_25_14/Textures/S_G_000126_F.png
  artifactKey: Guid(d4f9e613568454dbeac528726532ab39) Importer(2089858483,0ecaa5967403d082aa24f35e1b516d23)
Start importing Assets/ZRNAssets/005339_08932_25_14/Textures/S_G_000126_F.png using Guid(d4f9e613568454dbeac528726532ab39) Importer(2089858483,0ecaa5967403d082aa24f35e1b516d23) [PhysX] Initialized MultithreadedTaskDispatcher with 12 workers.
 -> (artifact id: '932c6358c20cf919c400a9088a52563d') in 0.021421 seconds
Number of updated asset objects reloaded before import = 0
Number of asset objects unloaded after import = 1
========================================================================
Received Import Request.
  Time since last request: 0.000113 seconds.
  path: Assets/ZRNAssets/005339_08932_25_14/Materials/005339_08932_L_-90223_0_01_01_50.mat
  artifactKey: Guid(515913b060d4e46da852921af2a20e51) Importer(2089858483,0ecaa5967403d082aa24f35e1b516d23)
Start importing Assets/ZRNAssets/005339_08932_25_14/Materials/005339_08932_L_-90223_0_01_01_50.mat using Guid(515913b060d4e46da852921af2a20e51) Importer(2089858483,0ecaa5967403d082aa24f35e1b516d23) [PhysX] Initialized MultithreadedTaskDispatcher with 12 workers.
 -> (artifact id: '69f55c34c539fca891d7369d59b10dd0') in 0.020113 seconds
Number of updated asset objects reloaded before import = 0
Number of asset objects unloaded after import = 2
========================================================================
Received Import Request.
  Time since last request: 0.000056 seconds.
  path: Assets/ZRNAssets/005339_08932_25_14/Textures/s_stripe_TransP.png
  artifactKey: Guid(af8bdbaaf30004065b5b5733805968ed) Importer(2089858483,0ecaa5967403d082aa24f35e1b516d23)
Start importing Assets/ZRNAssets/005339_08932_25_14/Textures/s_stripe_TransP.png using Guid(af8bdbaaf30004065b5b5733805968ed) Importer(2089858483,0ecaa5967403d082aa24f35e1b516d23) [PhysX] Initialized MultithreadedTaskDispatcher with 12 workers.
 -> (artifact id: '1822cd268bced8fc7f457f9352d2f6b6') in 0.020069 seconds
Number of updated asset objects reloaded before import = 0
Number of asset objects unloaded after import = 1
========================================================================
Received Import Request.
  Time since last request: 0.000046 seconds.
  path: Assets/ZRNAssets/PQAssets/Query-Chan/Materials/mat_Face_FUN_EYECLOSE_MOUTHOPEN.mat
  artifactKey: Guid(c843bce1b159641a39ad6783f9cceb43) Importer(2089858483,0ecaa5967403d082aa24f35e1b516d23)
Start importing Assets/ZRNAssets/PQAssets/Query-Chan/Materials/mat_Face_FUN_EYECLOSE_MOUTHOPEN.mat using Guid(c843bce1b159641a39ad6783f9cceb43) Importer(2089858483,0ecaa5967403d082aa24f35e1b516d23) [PhysX] Initialized MultithreadedTaskDispatcher with 12 workers.
 -> (artifact id: 'c8f3a5bbc44e2a81db82bfbe80b8825e') in 0.017844 seconds
Number of updated asset objects reloaded before import = 0
Number of asset objects unloaded after import = 2
========================================================================
Received Import Request.
  Time since last request: 0.000046 seconds.
  path: Assets/ZRNAssets/005339_08932_25_14/Textures/S_G_000159_S.png
  artifactKey: Guid(0b10749fe224640749fff81d7c83a222) Importer(2089858483,0ecaa5967403d082aa24f35e1b516d23)
Start importing Assets/ZRNAssets/005339_08932_25_14/Textures/S_G_000159_S.png using Guid(0b10749fe224640749fff81d7c83a222) Importer(2089858483,0ecaa5967403d082aa24f35e1b516d23) [PhysX] Initialized MultithreadedTaskDispatcher with 12 workers.
 -> (artifact id: 'dd19f44d7dc24ab5d51d92ede844c265') in 0.019462 seconds
Number of updated asset objects reloaded before import = 0
Number of asset objects unloaded after import = 1
========================================================================
Received Import Request.
  Time since last request: 0.000033 seconds.
  path: Assets/ZRNAssets/005339_08932_25_14/Textures/s_rankan001_TransP.png
  artifactKey: Guid(0b9f5f1aeda124bdd9e7c6e2de37944b) Importer(2089858483,0ecaa5967403d082aa24f35e1b516d23)
Start importing Assets/ZRNAssets/005339_08932_25_14/Textures/s_rankan001_TransP.png using Guid(0b9f5f1aeda124bdd9e7c6e2de37944b) Importer(2089858483,0ecaa5967403d082aa24f35e1b516d23) [PhysX] Initialized MultithreadedTaskDispatcher with 12 workers.
 -> (artifact id: 'da53edc9a236ed8b235831a1b2813445') in 0.022783 seconds
Number of updated asset objects reloaded before import = 0
Number of asset objects unloaded after import = 1
========================================================================
Received Import Request.
  Time since last request: 0.000033 seconds.
  path: Assets/ZRNAssets/005339_08932_25_14/Materials/005339_08932_unitedmat_170.mat
  artifactKey: Guid(26a45c1dbbf3b4f83bd80c3715555a76) Importer(2089858483,0ecaa5967403d082aa24f35e1b516d23)
Start importing Assets/ZRNAssets/005339_08932_25_14/Materials/005339_08932_unitedmat_170.mat using Guid(26a45c1dbbf3b4f83bd80c3715555a76) Importer(2089858483,0ecaa5967403d082aa24f35e1b516d23) [PhysX] Initialized MultithreadedTaskDispatcher with 12 workers.
 -> (artifact id: '83f93b7ac6d3bae401060261a3450be1') in 0.016012 seconds
Number of updated asset objects reloaded before import = 0
Number of asset objects unloaded after import = 1
========================================================================
Received Import Request.
  Time since last request: 0.000035 seconds.
  path: Assets/ZRNAssets/005339_08932_25_14/Materials/S_G_000187_S.mat
  artifactKey: Guid(6f5a9546b41844aad9c8bc7670c5a367) Importer(2089858483,0ecaa5967403d082aa24f35e1b516d23)
Start importing Assets/ZRNAssets/005339_08932_25_14/Materials/S_G_000187_S.mat using Guid(6f5a9546b41844aad9c8bc7670c5a367) Importer(2089858483,0ecaa5967403d082aa24f35e1b516d23) [PhysX] Initialized MultithreadedTaskDispatcher with 12 workers.
 -> (artifact id: 'c53d712a93107d655cd89878027ea61b') in 0.015938 seconds
Number of updated asset objects reloaded before import = 0
Number of asset objects unloaded after import = 2
========================================================================
Received Import Request.
  Time since last request: 0.000029 seconds.
  path: Assets/ZRNAssets/005339_08932_25_14/Materials/005339_08932_unitedmat_129.mat
  artifactKey: Guid(d6d7d1fdad304452db5908e115f5c070) Importer(2089858483,0ecaa5967403d082aa24f35e1b516d23)
Start importing Assets/ZRNAssets/005339_08932_25_14/Materials/005339_08932_unitedmat_129.mat using Guid(d6d7d1fdad304452db5908e115f5c070) Importer(2089858483,0ecaa5967403d082aa24f35e1b516d23) [PhysX] Initialized MultithreadedTaskDispatcher with 12 workers.
 -> (artifact id: 'ab0f067c042404b98ad00cacb7ce12d4') in 0.015027 seconds
Number of updated asset objects reloaded before import = 0
Number of asset objects unloaded after import = 1
========================================================================
Received Import Request.
  Time since last request: 0.000030 seconds.
  path: Assets/ZRNAssets/005339_08932_25_14/Materials/005339_08932_25_14_unitedmat_52.mat
  artifactKey: Guid(49a756ee1477c4e7b9fb454ae0febb67) Importer(2089858483,0ecaa5967403d082aa24f35e1b516d23)
Start importing Assets/ZRNAssets/005339_08932_25_14/Materials/005339_08932_25_14_unitedmat_52.mat using Guid(49a756ee1477c4e7b9fb454ae0febb67) Importer(2089858483,0ecaa5967403d082aa24f35e1b516d23) [PhysX] Initialized MultithreadedTaskDispatcher with 12 workers.
 -> (artifact id: '924dc8ff5f6b5f4a1c59ddcbd4c43aea') in 0.015241 seconds
Number of updated asset objects reloaded before import = 0
Number of asset objects unloaded after import = 2
========================================================================
Received Import Request.
  Time since last request: 0.000071 seconds.
  path: Assets/ZRNAssets/005339_08932_25_14/Textures/005339_08932_25_14_98.png
  artifactKey: Guid(f28f1e239a3704f0198dbe72d788dae8) Importer(2089858483,0ecaa5967403d082aa24f35e1b516d23)
Start importing Assets/ZRNAssets/005339_08932_25_14/Textures/005339_08932_25_14_98.png using Guid(f28f1e239a3704f0198dbe72d788dae8) Importer(2089858483,0ecaa5967403d082aa24f35e1b516d23) [PhysX] Initialized MultithreadedTaskDispatcher with 12 workers.
 -> (artifact id: '9783e3f07c51c4bb1dc15023b87640f9') in 0.020337 seconds
Number of updated asset objects reloaded before import = 0
Number of asset objects unloaded after import = 1
========================================================================
Received Import Request.
  Time since last request: 0.000044 seconds.
  path: Assets/ZRNAssets/005339_08932_25_14/Materials/005339_08932_25_14_unitedmat_65.mat
  artifactKey: Guid(cd3d1ced2fa0349c5ac6632c37f7e31c) Importer(2089858483,0ecaa5967403d082aa24f35e1b516d23)
Start importing Assets/ZRNAssets/005339_08932_25_14/Materials/005339_08932_25_14_unitedmat_65.mat using Guid(cd3d1ced2fa0349c5ac6632c37f7e31c) Importer(2089858483,0ecaa5967403d082aa24f35e1b516d23) [PhysX] Initialized MultithreadedTaskDispatcher with 12 workers.
 -> (artifact id: '3f769f2ba9aff3bb93b2012a733e332d') in 0.015279 seconds
Number of updated asset objects reloaded before import = 0
Number of asset objects unloaded after import = 2
========================================================================
Received Import Request.
  Time since last request: 0.000034 seconds.
  path: Assets/ZRNAssets/005339_08932_25_14/Materials/005339_08932_unitedmat_159.mat
  artifactKey: Guid(ef4df891018184c229a844062272e341) Importer(2089858483,0ecaa5967403d082aa24f35e1b516d23)
Start importing Assets/ZRNAssets/005339_08932_25_14/Materials/005339_08932_unitedmat_159.mat using Guid(ef4df891018184c229a844062272e341) Importer(2089858483,0ecaa5967403d082aa24f35e1b516d23) [PhysX] Initialized MultithreadedTaskDispatcher with 12 workers.
 -> (artifact id: 'c17404aa9e2eb592af91ef353253dc73') in 0.016424 seconds
Number of updated asset objects reloaded before import = 0
Number of asset objects unloaded after import = 1
========================================================================
Received Import Request.
  Time since last request: 0.000036 seconds.
  path: Assets/ZRNAssets/005339_08932_25_14/Materials/005339_08932_L_-90262_0_01_01_5.mat
  artifactKey: Guid(e8d6499e3f73b4bce803648ffdf5bb3b) Importer(2089858483,0ecaa5967403d082aa24f35e1b516d23)
Start importing Assets/ZRNAssets/005339_08932_25_14/Materials/005339_08932_L_-90262_0_01_01_5.mat using Guid(e8d6499e3f73b4bce803648ffdf5bb3b) Importer(2089858483,0ecaa5967403d082aa24f35e1b516d23) [PhysX] Initialized MultithreadedTaskDispatcher with 12 workers.
 -> (artifact id: 'e027e38ea9418c650b202ae16f58c8ad') in 0.016729 seconds
Number of updated asset objects reloaded before import = 0
Number of asset objects unloaded after import = 2
========================================================================
Received Import Request.
  Time since last request: 0.000048 seconds.
  path: Assets/ZRNAssets/005339_08932_25_14/Materials/005339_08932_25_14_unitedmat_180.mat
  artifactKey: Guid(9f2445ce8ea79406a8b79d805e3a049d) Importer(2089858483,0ecaa5967403d082aa24f35e1b516d23)
Start importing Assets/ZRNAssets/005339_08932_25_14/Materials/005339_08932_25_14_unitedmat_180.mat using Guid(9f2445ce8ea79406a8b79d805e3a049d) Importer(2089858483,0ecaa5967403d082aa24f35e1b516d23) [PhysX] Initialized MultithreadedTaskDispatcher with 12 workers.
 -> (artifact id: '806cf31a5f1ff7862afacc29dd128736') in 0.015419 seconds
Number of updated asset objects reloaded before import = 0
Number of asset objects unloaded after import = 2
========================================================================
Received Import Request.
  Time since last request: 0.000045 seconds.
  path: Assets/ZRNAssets/005339_08932_25_14/Materials/S_G_000128_S1.mat
  artifactKey: Guid(ce8268e80b3174f8aaf49a826d1e35ec) Importer(2089858483,0ecaa5967403d082aa24f35e1b516d23)
Start importing Assets/ZRNAssets/005339_08932_25_14/Materials/S_G_000128_S1.mat using Guid(ce8268e80b3174f8aaf49a826d1e35ec) Importer(2089858483,0ecaa5967403d082aa24f35e1b516d23) [PhysX] Initialized MultithreadedTaskDispatcher with 12 workers.
 -> (artifact id: '9b94fce7fcbedb63866f81b965de7ee6') in 0.014696 seconds
Number of updated asset objects reloaded before import = 0
Number of asset objects unloaded after import = 2
========================================================================
Received Import Request.
  Time since last request: 0.000030 seconds.
  path: Assets/ZRNAssets/PQAssets/Query-Chan/Textures/tex_Cube_Left.tga
  artifactKey: Guid(627e282aa2071604fb2eaf0c1090cf10) Importer(2089858483,0ecaa5967403d082aa24f35e1b516d23)
Start importing Assets/ZRNAssets/PQAssets/Query-Chan/Textures/tex_Cube_Left.tga using Guid(627e282aa2071604fb2eaf0c1090cf10) Importer(2089858483,0ecaa5967403d082aa24f35e1b516d23) [PhysX] Initialized MultithreadedTaskDispatcher with 12 workers.
 -> (artifact id: '58306f8cb1cf40bae7de606037c84456') in 0.024360 seconds
Number of updated asset objects reloaded before import = 0
Number of asset objects unloaded after import = 1
========================================================================
Received Import Request.
  Time since last request: 0.000031 seconds.
  path: Assets/ZRNAssets/PQAssets/Query-Chan/Textures
  artifactKey: Guid(40e49d921530a438fb22a533be70e14e) Importer(2089858483,0ecaa5967403d082aa24f35e1b516d23)
Start importing Assets/ZRNAssets/PQAssets/Query-Chan/Textures using Guid(40e49d921530a438fb22a533be70e14e) Importer(2089858483,0ecaa5967403d082aa24f35e1b516d23) [PhysX] Initialized MultithreadedTaskDispatcher with 12 workers.
 -> (artifact id: 'baa85019b70de7c49bcbb2aa9c87bfd0') in 0.013458 seconds
Number of updated asset objects reloaded before import = 0
Number of asset objects unloaded after import = 1
========================================================================
Received Import Request.
  Time since last request: 0.000031 seconds.
  path: Assets/ZRNAssets/005339_08932_25_14/Materials/005339_08932_unitedmat_163.mat
  artifactKey: Guid(188960c66cc9744498fa59332c09984d) Importer(2089858483,0ecaa5967403d082aa24f35e1b516d23)
Start importing Assets/ZRNAssets/005339_08932_25_14/Materials/005339_08932_unitedmat_163.mat using Guid(188960c66cc9744498fa59332c09984d) Importer(2089858483,0ecaa5967403d082aa24f35e1b516d23) [PhysX] Initialized MultithreadedTaskDispatcher with 12 workers.
 -> (artifact id: '1285d1d464a2d20b5d089b29f3327830') in 0.015743 seconds
Number of updated asset objects reloaded before import = 0
Number of asset objects unloaded after import = 1
========================================================================
Received Import Request.
  Time since last request: 0.000048 seconds.
  path: Assets/ZRNAssets/005339_08932_25_14/Textures/005339_08932_L_-90261_0_01_01_10.png
  artifactKey: Guid(3160f296c66e84b33a7659754b033cf5) Importer(2089858483,0ecaa5967403d082aa24f35e1b516d23)
Start importing Assets/ZRNAssets/005339_08932_25_14/Textures/005339_08932_L_-90261_0_01_01_10.png using Guid(3160f296c66e84b33a7659754b033cf5) Importer(2089858483,0ecaa5967403d082aa24f35e1b516d23) [PhysX] Initialized MultithreadedTaskDispatcher with 12 workers.
 -> (artifact id: '6e22d810b564c124990bc59751520639') in 0.019233 seconds
Number of updated asset objects reloaded before import = 0
Number of asset objects unloaded after import = 1
========================================================================
Received Import Request.
  Time since last request: 0.000043 seconds.
  path: Assets/ZRNAssets/005339_08932_25_14/Materials/005339_08932_25_14_unitedmat_23.mat
  artifactKey: Guid(639b6f9460b524618bbd8e20fd5fa0b4) Importer(2089858483,0ecaa5967403d082aa24f35e1b516d23)
Start importing Assets/ZRNAssets/005339_08932_25_14/Materials/005339_08932_25_14_unitedmat_23.mat using Guid(639b6f9460b524618bbd8e20fd5fa0b4) Importer(2089858483,0ecaa5967403d082aa24f35e1b516d23) [PhysX] Initialized MultithreadedTaskDispatcher with 12 workers.
 -> (artifact id: 'e9a6bbe564738e6a9dfb06e7111e3edd') in 0.015404 seconds
Number of updated asset objects reloaded before import = 0
Number of asset objects unloaded after import = 2
========================================================================
Received Import Request.
  Time since last request: 0.000061 seconds.
  path: Assets/ZRNAssets/005339_08932_25_14/Materials/S_G_000192_F.mat
  artifactKey: Guid(2297ff57ed32840868559b871e9c7471) Importer(2089858483,0ecaa5967403d082aa24f35e1b516d23)
Start importing Assets/ZRNAssets/005339_08932_25_14/Materials/S_G_000192_F.mat using Guid(2297ff57ed32840868559b871e9c7471) Importer(2089858483,0ecaa5967403d082aa24f35e1b516d23) [PhysX] Initialized MultithreadedTaskDispatcher with 12 workers.
 -> (artifact id: '00a3886f90dd83067fc696cc16484df1') in 0.015789 seconds
Number of updated asset objects reloaded before import = 0
Number of asset objects unloaded after import = 2
========================================================================
Received Import Request.
  Time since last request: 0.000036 seconds.
  path: Assets/ZRNAssets/005339_08932_25_14/Textures/005339_08932_L_-105382_0_01_01_27.png
  artifactKey: Guid(a817ece711a0e4329a5e1a0551620543) Importer(2089858483,0ecaa5967403d082aa24f35e1b516d23)
Start importing Assets/ZRNAssets/005339_08932_25_14/Textures/005339_08932_L_-105382_0_01_01_27.png using Guid(a817ece711a0e4329a5e1a0551620543) Importer(2089858483,0ecaa5967403d082aa24f35e1b516d23) [PhysX] Initialized MultithreadedTaskDispatcher with 12 workers.
 -> (artifact id: '1d0936ea933cda3af9e5466bb01046dc') in 0.022422 seconds
Number of updated asset objects reloaded before import = 0
Number of asset objects unloaded after import = 1
========================================================================
Received Import Request.
  Time since last request: 0.000033 seconds.
  path: Assets/ZRNAssets/005339_08932_25_14/Materials/005339_08932_L_-90308_0_01_01_10.mat
  artifactKey: Guid(d72f02a6e003a482e99599ad705d885d) Importer(2089858483,0ecaa5967403d082aa24f35e1b516d23)
Start importing Assets/ZRNAssets/005339_08932_25_14/Materials/005339_08932_L_-90308_0_01_01_10.mat using Guid(d72f02a6e003a482e99599ad705d885d) Importer(2089858483,0ecaa5967403d082aa24f35e1b516d23) [PhysX] Initialized MultithreadedTaskDispatcher with 12 workers.
 -> (artifact id: '7d1b99552d64e1896b987a925c5d9e0a') in 0.015863 seconds
Number of updated asset objects reloaded before import = 0
Number of asset objects unloaded after import = 2
========================================================================
Received Import Request.
  Time since last request: 0.000034 seconds.
  path: Assets/ZRNAssets/005339_08932_25_14/Materials/s_tetudou_bridgegirder.mat
  artifactKey: Guid(9d5cc9260cd1a4312a62041f9140c371) Importer(2089858483,0ecaa5967403d082aa24f35e1b516d23)
Start importing Assets/ZRNAssets/005339_08932_25_14/Materials/s_tetudou_bridgegirder.mat using Guid(9d5cc9260cd1a4312a62041f9140c371) Importer(2089858483,0ecaa5967403d082aa24f35e1b516d23) [PhysX] Initialized MultithreadedTaskDispatcher with 12 workers.
 -> (artifact id: '203ff2d8cb842419947a74bc300c4027') in 0.014556 seconds
Number of updated asset objects reloaded before import = 0
Number of asset objects unloaded after import = 2
========================================================================
Received Import Request.
  Time since last request: 0.000029 seconds.
  path: Assets/ZRNAssets/005339_08932_25_14/Materials/005339_08932_L_-90241_0_01_01_13.mat
  artifactKey: Guid(6a3463515ef844b1195b54ec5ef7d109) Importer(2089858483,0ecaa5967403d082aa24f35e1b516d23)
Start importing Assets/ZRNAssets/005339_08932_25_14/Materials/005339_08932_L_-90241_0_01_01_13.mat using Guid(6a3463515ef844b1195b54ec5ef7d109) Importer(2089858483,0ecaa5967403d082aa24f35e1b516d23) [PhysX] Initialized MultithreadedTaskDispatcher with 12 workers.
 -> (artifact id: '257e8cfd075c6da021eea0cfa0298f3f') in 0.017077 seconds
Number of updated asset objects reloaded before import = 0
Number of asset objects unloaded after import = 2
========================================================================
Received Import Request.
  Time since last request: 0.000048 seconds.
  path: Assets/ZRNAssets/Skyboxes/Eerie Skybox.mat
  artifactKey: Guid(16522f49031ff414abdf1f83f1b6a36c) Importer(2089858483,0ecaa5967403d082aa24f35e1b516d23)
Start importing Assets/ZRNAssets/Skyboxes/Eerie Skybox.mat using Guid(16522f49031ff414abdf1f83f1b6a36c) Importer(2089858483,0ecaa5967403d082aa24f35e1b516d23) [PhysX] Initialized MultithreadedTaskDispatcher with 12 workers.
 -> (artifact id: 'ab00cb6e5e361d69b1fed776eaf82fa7') in 0.022585 seconds
Number of updated asset objects reloaded before import = 0
Number of asset objects unloaded after import = 7
========================================================================
Received Import Request.
  Time since last request: 0.000026 seconds.
  path: Assets/ZRNAssets/005339_08932_25_14/Textures/005339_08932_L_-101063_0_01_01_11.png
  artifactKey: Guid(b1cd94c42981f4ab6978c516ddc95612) Importer(2089858483,0ecaa5967403d082aa24f35e1b516d23)
Start importing Assets/ZRNAssets/005339_08932_25_14/Textures/005339_08932_L_-101063_0_01_01_11.png using Guid(b1cd94c42981f4ab6978c516ddc95612) Importer(2089858483,0ecaa5967403d082aa24f35e1b516d23) [PhysX] Initialized MultithreadedTaskDispatcher with 12 workers.
 -> (artifact id: '82db832136710f6f9c874e39720517b5') in 0.021950 seconds
Number of updated asset objects reloaded before import = 0
Number of asset objects unloaded after import = 1
========================================================================
Received Import Request.
  Time since last request: 0.000101 seconds.
  path: Assets/ZRNAssets/005339_08932_25_14/Materials/S_G_000172_S1.mat
  artifactKey: Guid(5b6039270342a4cf486021333738a2f2) Importer(2089858483,0ecaa5967403d082aa24f35e1b516d23)
Start importing Assets/ZRNAssets/005339_08932_25_14/Materials/S_G_000172_S1.mat using Guid(5b6039270342a4cf486021333738a2f2) Importer(2089858483,0ecaa5967403d082aa24f35e1b516d23) [PhysX] Initialized MultithreadedTaskDispatcher with 12 workers.
 -> (artifact id: 'e8f5e0e7baa7b4eab835e53c09b60a36') in 0.014159 seconds
Number of updated asset objects reloaded before import = 0
Number of asset objects unloaded after import = 2
========================================================================
Received Import Request.
  Time since last request: 0.000032 seconds.
  path: Assets/ZRNAssets/Cars/Models/Car_Track_02.fbx
  artifactKey: Guid(e98027ec41fa73b4b98c5433a92f914c) Importer(2089858483,0ecaa5967403d082aa24f35e1b516d23)
Start importing Assets/ZRNAssets/Cars/Models/Car_Track_02.fbx using Guid(e98027ec41fa73b4b98c5433a92f914c) Importer(2089858483,0ecaa5967403d082aa24f35e1b516d23) [PhysX] Initialized MultithreadedTaskDispatcher with 12 workers.
 -> (artifact id: 'c3040e48899d94a2e00351aebdd99327') in 0.027415 seconds
Number of updated asset objects reloaded before import = 0
Number of asset objects unloaded after import = 22
========================================================================
Received Import Request.
  Time since last request: 0.000049 seconds.
  path: Assets/ZRNAssets/PQAssets/Query-Chan/Materials/mat_Hair.mat
  artifactKey: Guid(97582222d21a540ecafb44911bfcce5d) Importer(2089858483,0ecaa5967403d082aa24f35e1b516d23)
Start importing Assets/ZRNAssets/PQAssets/Query-Chan/Materials/mat_Hair.mat using Guid(97582222d21a540ecafb44911bfcce5d) Importer(2089858483,0ecaa5967403d082aa24f35e1b516d23) [PhysX] Initialized MultithreadedTaskDispatcher with 12 workers.
 -> (artifact id: '120cc031eba21ad050c52af666ef6600') in 0.020596 seconds
Number of updated asset objects reloaded before import = 0
Number of asset objects unloaded after import = 2
========================================================================
Received Import Request.
  Time since last request: 0.000042 seconds.
  path: Assets/ZRNAssets/005339_08932_25_14/Materials/S_G_000161_E.mat
  artifactKey: Guid(07936f0835ca447458b6261cc54a3124) Importer(2089858483,0ecaa5967403d082aa24f35e1b516d23)
Start importing Assets/ZRNAssets/005339_08932_25_14/Materials/S_G_000161_E.mat using Guid(07936f0835ca447458b6261cc54a3124) Importer(2089858483,0ecaa5967403d082aa24f35e1b516d23) [PhysX] Initialized MultithreadedTaskDispatcher with 12 workers.
 -> (artifact id: '1c3d90ed5896bb1267a6c3cb9bd71925') in 0.016756 seconds
Number of updated asset objects reloaded before import = 0
Number of asset objects unloaded after import = 2
========================================================================
Received Import Request.
  Time since last request: 0.000034 seconds.
  path: Assets/ZRNAssets/005339_08932_25_14/Materials/s_07.mat
  artifactKey: Guid(128c39ffc81cc4e1494deb42e3d3c3c8) Importer(2089858483,0ecaa5967403d082aa24f35e1b516d23)
Start importing Assets/ZRNAssets/005339_08932_25_14/Materials/s_07.mat using Guid(128c39ffc81cc4e1494deb42e3d3c3c8) Importer(2089858483,0ecaa5967403d082aa24f35e1b516d23) [PhysX] Initialized MultithreadedTaskDispatcher with 12 workers.
 -> (artifact id: '963187ae1b3efe78006326decd2aaf08') in 0.016157 seconds
Number of updated asset objects reloaded before import = 0
Number of asset objects unloaded after import = 2
========================================================================
Received Import Request.
  Time since last request: 0.000029 seconds.
  path: Assets/ZRNAssets/005339_08932_25_14/Materials/005339_08932_25_14_unitedmat_146.mat
  artifactKey: Guid(346cba1e32a8c4bae864b03272ed1602) Importer(2089858483,0ecaa5967403d082aa24f35e1b516d23)
Start importing Assets/ZRNAssets/005339_08932_25_14/Materials/005339_08932_25_14_unitedmat_146.mat using Guid(346cba1e32a8c4bae864b03272ed1602) Importer(2089858483,0ecaa5967403d082aa24f35e1b516d23) [PhysX] Initialized MultithreadedTaskDispatcher with 12 workers.
 -> (artifact id: '82446c25a71552f733f4ed46bf802923') in 0.015596 seconds
Number of updated asset objects reloaded before import = 0
Number of asset objects unloaded after import = 2
========================================================================
Received Import Request.
  Time since last request: 0.000026 seconds.
  path: Assets/ZRNAssets/005339_08932_25_14/Textures/S_G_000180_S.png
  artifactKey: Guid(348b556b3a3174518bf25466005bf9ad) Importer(2089858483,0ecaa5967403d082aa24f35e1b516d23)
Start importing Assets/ZRNAssets/005339_08932_25_14/Textures/S_G_000180_S.png using Guid(348b556b3a3174518bf25466005bf9ad) Importer(2089858483,0ecaa5967403d082aa24f35e1b516d23) [PhysX] Initialized MultithreadedTaskDispatcher with 12 workers.
 -> (artifact id: '7e9613513741c315dc0542e60f3122fd') in 0.018873 seconds
Number of updated asset objects reloaded before import = 0
Number of asset objects unloaded after import = 1
========================================================================
Received Import Request.
  Time since last request: 0.000028 seconds.
  path: Assets/ZRNAssets/005339_08932_25_14/Materials/005339_08932_25_14_unitedmat_145.mat
  artifactKey: Guid(493f0e71166a541bd91dccb54434b7e0) Importer(2089858483,0ecaa5967403d082aa24f35e1b516d23)
Start importing Assets/ZRNAssets/005339_08932_25_14/Materials/005339_08932_25_14_unitedmat_145.mat using Guid(493f0e71166a541bd91dccb54434b7e0) Importer(2089858483,0ecaa5967403d082aa24f35e1b516d23) [PhysX] Initialized MultithreadedTaskDispatcher with 12 workers.
 -> (artifact id: 'f903213a24ce6abd419b97236c79f068') in 0.016141 seconds
Number of updated asset objects reloaded before import = 0
Number of asset objects unloaded after import = 2
========================================================================
Received Import Request.
  Time since last request: 0.000040 seconds.
  path: Assets/ZRNAssets/005339_08932_25_14/Materials/s_Roof1Under.mat
  artifactKey: Guid(4692f280d0c7f410e8f7fead3454a933) Importer(2089858483,0ecaa5967403d082aa24f35e1b516d23)
Start importing Assets/ZRNAssets/005339_08932_25_14/Materials/s_Roof1Under.mat using Guid(4692f280d0c7f410e8f7fead3454a933) Importer(2089858483,0ecaa5967403d082aa24f35e1b516d23) [PhysX] Initialized MultithreadedTaskDispatcher with 12 workers.
 -> (artifact id: '3bc6a7480622c5ea00322e6e7007c71c') in 0.018111 seconds
Number of updated asset objects reloaded before import = 0
Number of asset objects unloaded after import = 2
========================================================================
Received Import Request.
  Time since last request: 0.000039 seconds.
  path: Assets/ZRNAssets/005339_08932_25_14/Materials/005339_08932_L_-90224_0_01_01_18.mat
  artifactKey: Guid(bd7f57442ef5247a39232d6d5efbc4bd) Importer(2089858483,0ecaa5967403d082aa24f35e1b516d23)
Start importing Assets/ZRNAssets/005339_08932_25_14/Materials/005339_08932_L_-90224_0_01_01_18.mat using Guid(bd7f57442ef5247a39232d6d5efbc4bd) Importer(2089858483,0ecaa5967403d082aa24f35e1b516d23) [PhysX] Initialized MultithreadedTaskDispatcher with 12 workers.
 -> (artifact id: '0cabe177c7518fc0fc1b6406ec3cfe22') in 0.017124 seconds
Number of updated asset objects reloaded before import = 0
Number of asset objects unloaded after import = 2
========================================================================
Received Import Request.
  Time since last request: 0.000063 seconds.
  path: Assets/ZRNAssets/005339_08932_25_14/Materials/005339_08932_unitedmat_255.mat
  artifactKey: Guid(762231bab439c4da4aee39454914d58f) Importer(2089858483,0ecaa5967403d082aa24f35e1b516d23)
Start importing Assets/ZRNAssets/005339_08932_25_14/Materials/005339_08932_unitedmat_255.mat using Guid(762231bab439c4da4aee39454914d58f) Importer(2089858483,0ecaa5967403d082aa24f35e1b516d23) [PhysX] Initialized MultithreadedTaskDispatcher with 12 workers.
 -> (artifact id: 'aa4d9ba3cb53e6ad70525e5d524ff653') in 0.014762 seconds
Number of updated asset objects reloaded before import = 0
Number of asset objects unloaded after import = 1
========================================================================
Received Import Request.
  Time since last request: 0.000066 seconds.
  path: Assets/ZRNAssets/PQAssets/Query-Chan/Sounds/Voice/03_Others/Energy.wav
  artifactKey: Guid(fee07623d3c9b494ab6269ac9f995b2e) Importer(2089858483,0ecaa5967403d082aa24f35e1b516d23)
Start importing Assets/ZRNAssets/PQAssets/Query-Chan/Sounds/Voice/03_Others/Energy.wav using Guid(fee07623d3c9b494ab6269ac9f995b2e) Importer(2089858483,0ecaa5967403d082aa24f35e1b516d23) [PhysX] Initialized MultithreadedTaskDispatcher with 12 workers.
 -> (artifact id: '68462e2d8a874559680cd4a7531a4e95') in 0.041751 seconds
Number of updated asset objects reloaded before import = 0
Number of asset objects unloaded after import = 1
========================================================================
Received Import Request.
  Time since last request: 0.000039 seconds.
  path: Assets/ZRNAssets/005339_08932_25_14/Textures/S_G_000193_E.png
  artifactKey: Guid(2dec723ca7e9944c8860aad09c276485) Importer(2089858483,0ecaa5967403d082aa24f35e1b516d23)
Start importing Assets/ZRNAssets/005339_08932_25_14/Textures/S_G_000193_E.png using Guid(2dec723ca7e9944c8860aad09c276485) Importer(2089858483,0ecaa5967403d082aa24f35e1b516d23) [PhysX] Initialized MultithreadedTaskDispatcher with 12 workers.
 -> (artifact id: '9c4daca5e1e37ce67b21ea2682cfd0ab') in 0.022835 seconds
Number of updated asset objects reloaded before import = 0
Number of asset objects unloaded after import = 1
========================================================================
Received Import Request.
  Time since last request: 0.000059 seconds.
  path: Assets/ZRNAssets/005339_08932_25_14/Textures/005339_08932_25_14_53.png
  artifactKey: Guid(a66451c93716f426fa5b5bb2ffb50ca2) Importer(2089858483,0ecaa5967403d082aa24f35e1b516d23)
Start importing Assets/ZRNAssets/005339_08932_25_14/Textures/005339_08932_25_14_53.png using Guid(a66451c93716f426fa5b5bb2ffb50ca2) Importer(2089858483,0ecaa5967403d082aa24f35e1b516d23) [PhysX] Initialized MultithreadedTaskDispatcher with 12 workers.
 -> (artifact id: 'cb78ea4bca12369e6aa4e2d6794013ec') in 0.024217 seconds
Number of updated asset objects reloaded before import = 0
Number of asset objects unloaded after import = 1
========================================================================
Received Import Request.
  Time since last request: 0.000045 seconds.
  path: Assets/ZRNAssets/005339_08932_25_14/Textures/005339_08932_25_14_67.png
  artifactKey: Guid(4a8932e91ff1c4c59994eb727842d920) Importer(2089858483,0ecaa5967403d082aa24f35e1b516d23)
Start importing Assets/ZRNAssets/005339_08932_25_14/Textures/005339_08932_25_14_67.png using Guid(4a8932e91ff1c4c59994eb727842d920) Importer(2089858483,0ecaa5967403d082aa24f35e1b516d23) [PhysX] Initialized MultithreadedTaskDispatcher with 12 workers.
 -> (artifact id: '39702037900a6e21fe2d1aa9439c170b') in 0.021546 seconds
Number of updated asset objects reloaded before import = 0
Number of asset objects unloaded after import = 1
========================================================================
Received Import Request.
  Time since last request: 0.000031 seconds.
  path: Assets/ZRNAssets/005339_08932_25_14/Materials/005339_08932_25_14_unitedmat_19.mat
  artifactKey: Guid(458e5c6f433c1411f86e0dfc36575b24) Importer(2089858483,0ecaa5967403d082aa24f35e1b516d23)
Start importing Assets/ZRNAssets/005339_08932_25_14/Materials/005339_08932_25_14_unitedmat_19.mat using Guid(458e5c6f433c1411f86e0dfc36575b24) Importer(2089858483,0ecaa5967403d082aa24f35e1b516d23) [PhysX] Initialized MultithreadedTaskDispatcher with 12 workers.
 -> (artifact id: '340fb774c1bd217ab4b54d03d34ce45d') in 0.077905 seconds
Number of updated asset objects reloaded before import = 0
Number of asset objects unloaded after import = 2
========================================================================
Received Import Request.
  Time since last request: 0.000035 seconds.
  path: Assets/ZRNAssets/005339_08932_25_14/Textures/rain.png
  artifactKey: Guid(705340fd648cd4465987a122401041ac) Importer(2089858483,0ecaa5967403d082aa24f35e1b516d23)
Start importing Assets/ZRNAssets/005339_08932_25_14/Textures/rain.png using Guid(705340fd648cd4465987a122401041ac) Importer(2089858483,0ecaa5967403d082aa24f35e1b516d23) [PhysX] Initialized MultithreadedTaskDispatcher with 12 workers.
 -> (artifact id: '0830d4098e0a65783220d5aee28b9bb0') in 0.036712 seconds
Number of updated asset objects reloaded before import = 0
Number of asset objects unloaded after import = 1
========================================================================
Received Import Request.
  Time since last request: 0.000051 seconds.
  path: Assets/ZRNAssets/005339_08932_25_14/Textures/S_G_000172_F.png
  artifactKey: Guid(fd564af7f63754c2d93be8814cb9e9fb) Importer(2089858483,0ecaa5967403d082aa24f35e1b516d23)
Start importing Assets/ZRNAssets/005339_08932_25_14/Textures/S_G_000172_F.png using Guid(fd564af7f63754c2d93be8814cb9e9fb) Importer(2089858483,0ecaa5967403d082aa24f35e1b516d23) [PhysX] Initialized MultithreadedTaskDispatcher with 12 workers.
 -> (artifact id: '25311e4de8056588ed5e35c050de918e') in 0.022092 seconds
Number of updated asset objects reloaded before import = 0
Number of asset objects unloaded after import = 1
========================================================================
Received Import Request.
  Time since last request: 0.000031 seconds.
  path: Assets/ZRNAssets/005339_08932_25_14/Textures/005339_08932_L_-90302_0_01_01_24.png
  artifactKey: Guid(c5164a4f4a5c64ea2b165e6dfbf78adf) Importer(2089858483,0ecaa5967403d082aa24f35e1b516d23)
Start importing Assets/ZRNAssets/005339_08932_25_14/Textures/005339_08932_L_-90302_0_01_01_24.png using Guid(c5164a4f4a5c64ea2b165e6dfbf78adf) Importer(2089858483,0ecaa5967403d082aa24f35e1b516d23) [PhysX] Initialized MultithreadedTaskDispatcher with 12 workers.
 -> (artifact id: '997768f41073412aaf0d795256b41511') in 0.022908 seconds
Number of updated asset objects reloaded before import = 0
Number of asset objects unloaded after import = 1
========================================================================
Received Import Request.
  Time since last request: 0.000048 seconds.
  path: Assets/ZRNAssets/PQAssets/Query-Chan/Textures/tex_Cube_Top.tga
  artifactKey: Guid(ae06d16e36664564382df3b9c88cfcd8) Importer(2089858483,0ecaa5967403d082aa24f35e1b516d23)
Start importing Assets/ZRNAssets/PQAssets/Query-Chan/Textures/tex_Cube_Top.tga using Guid(ae06d16e36664564382df3b9c88cfcd8) Importer(2089858483,0ecaa5967403d082aa24f35e1b516d23) [PhysX] Initialized MultithreadedTaskDispatcher with 12 workers.
 -> (artifact id: 'fcbcd8c0a2437013a288474410c09fd4') in 0.024240 seconds
Number of updated asset objects reloaded before import = 0
Number of asset objects unloaded after import = 1
========================================================================
Received Import Request.
  Time since last request: 0.000031 seconds.
  path: Assets/ZRNAssets/PQAssets/Query-Chan/Sounds/Voice/03_Others/Sunny_Day.wav
  artifactKey: Guid(30f718c78864b4bcdb6222718fe6775d) Importer(2089858483,0ecaa5967403d082aa24f35e1b516d23)
Start importing Assets/ZRNAssets/PQAssets/Query-Chan/Sounds/Voice/03_Others/Sunny_Day.wav using Guid(30f718c78864b4bcdb6222718fe6775d) Importer(2089858483,0ecaa5967403d082aa24f35e1b516d23) [PhysX] Initialized MultithreadedTaskDispatcher with 12 workers.
 -> (artifact id: '94e46119db305195c0dae3ab263b2c3b') in 0.041218 seconds
Number of updated asset objects reloaded before import = 0
Number of asset objects unloaded after import = 1
========================================================================
Received Import Request.
  Time since last request: 0.000068 seconds.
  path: Assets/ZRNAssets/005339_08932_25_14/Textures/00_TexturesPlus/building-1.png
  artifactKey: Guid(62fcf6b25d33644c0aa58eb5b874a7a7) Importer(2089858483,0ecaa5967403d082aa24f35e1b516d23)
Start importing Assets/ZRNAssets/005339_08932_25_14/Textures/00_TexturesPlus/building-1.png using Guid(62fcf6b25d33644c0aa58eb5b874a7a7) Importer(2089858483,0ecaa5967403d082aa24f35e1b516d23) [PhysX] Initialized MultithreadedTaskDispatcher with 12 workers.
 -> (artifact id: 'f4463def7286b85e6fe0d793fc3411fc') in 0.022809 seconds
Number of updated asset objects reloaded before import = 0
Number of asset objects unloaded after import = 1
========================================================================
Received Import Request.
  Time since last request: 0.000041 seconds.
  path: Assets/ZRNAssets/005339_08932_25_14/Materials/005339_08932_25_14_unitedmat_62.mat
  artifactKey: Guid(08e05218fe5d64cf9830f8db4f11a986) Importer(2089858483,0ecaa5967403d082aa24f35e1b516d23)
Start importing Assets/ZRNAssets/005339_08932_25_14/Materials/005339_08932_25_14_unitedmat_62.mat using Guid(08e05218fe5d64cf9830f8db4f11a986) Importer(2089858483,0ecaa5967403d082aa24f35e1b516d23) [PhysX] Initialized MultithreadedTaskDispatcher with 12 workers.
 -> (artifact id: '1bd12a825aa0ecc1b4a862951d740169') in 0.015199 seconds
Number of updated asset objects reloaded before import = 0
Number of asset objects unloaded after import = 2
========================================================================
Received Import Request.
  Time since last request: 0.000036 seconds.
  path: Assets/ZRNAssets/005339_08932_25_14/Materials/005339_08932_L_-90280_0_01_01_7.mat
  artifactKey: Guid(93c5ec3ff91634d8fa979f6fe5548745) Importer(2089858483,0ecaa5967403d082aa24f35e1b516d23)
Start importing Assets/ZRNAssets/005339_08932_25_14/Materials/005339_08932_L_-90280_0_01_01_7.mat using Guid(93c5ec3ff91634d8fa979f6fe5548745) Importer(2089858483,0ecaa5967403d082aa24f35e1b516d23) [PhysX] Initialized MultithreadedTaskDispatcher with 12 workers.
 -> (artifact id: 'dcb5d5d89c81d47f19dc1c1456b4ca5d') in 0.015877 seconds
Number of updated asset objects reloaded before import = 0
Number of asset objects unloaded after import = 2
========================================================================
Received Import Request.
  Time since last request: 0.000051 seconds.
  path: Assets/ZRNAssets/005339_08932_25_14/Textures/005339_08932_25_14_78.png
  artifactKey: Guid(9defce4e53d6e446bb055f4a22bcaf4e) Importer(2089858483,0ecaa5967403d082aa24f35e1b516d23)
Start importing Assets/ZRNAssets/005339_08932_25_14/Textures/005339_08932_25_14_78.png using Guid(9defce4e53d6e446bb055f4a22bcaf4e) Importer(2089858483,0ecaa5967403d082aa24f35e1b516d23) [PhysX] Initialized MultithreadedTaskDispatcher with 12 workers.
 -> (artifact id: 'fde1f1c5acf35414f269b30b0d7302a9') in 0.023267 seconds
Number of updated asset objects reloaded before import = 0
Number of asset objects unloaded after import = 1
========================================================================
Received Import Request.
  Time since last request: 0.000045 seconds.
  path: Assets/ZRNAssets/005339_08932_25_14/Scripts/Util/SetFPS.cs
  artifactKey: Guid(b40abe2f37c434902a1dfe21a2731aa5) Importer(2089858483,0ecaa5967403d082aa24f35e1b516d23)
Start importing Assets/ZRNAssets/005339_08932_25_14/Scripts/Util/SetFPS.cs using Guid(b40abe2f37c434902a1dfe21a2731aa5) Importer(2089858483,0ecaa5967403d082aa24f35e1b516d23) [PhysX] Initialized MultithreadedTaskDispatcher with 12 workers.
 -> (artifact id: '72463e8dad58b1475291e4f1b192c368') in 0.014712 seconds
Number of updated asset objects reloaded before import = 0
Number of asset objects unloaded after import = 1
========================================================================
Received Import Request.
  Time since last request: 0.000051 seconds.
  path: Assets/ZRNAssets/PQAssets/Query-Chan/Sounds/Voice/03_Others/Mondai_Nothing.wav
  artifactKey: Guid(b4f7aa2f0a9c24d9c8f39f5a7b8b9e51) Importer(2089858483,0ecaa5967403d082aa24f35e1b516d23)
Start importing Assets/ZRNAssets/PQAssets/Query-Chan/Sounds/Voice/03_Others/Mondai_Nothing.wav using Guid(b4f7aa2f0a9c24d9c8f39f5a7b8b9e51) Importer(2089858483,0ecaa5967403d082aa24f35e1b516d23) [PhysX] Initialized MultithreadedTaskDispatcher with 12 workers.
 -> (artifact id: '9d8d8f5f6720e8b01ec18dbb20462787') in 0.045073 seconds
Number of updated asset objects reloaded before import = 0
Number of asset objects unloaded after import = 1
========================================================================
Received Import Request.
  Time since last request: 2.812408 seconds.
  path: Assets/ZRNAssets/005339_08932_25_14/Textures/00_TexturesPlus/denki-building-1.png
  artifactKey: Guid(274f82e74b23c4a789a87b5fb64ccb89) Importer(815301076,1909f56bfc062723c751e8b465ee728b)
Start importing Assets/ZRNAssets/005339_08932_25_14/Textures/00_TexturesPlus/denki-building-1.png using Guid(274f82e74b23c4a789a87b5fb64ccb89) Importer(815301076,1909f56bfc062723c751e8b465ee728b) [PhysX] Initialized MultithreadedTaskDispatcher with 12 workers.
[PhysX] Initialized MultithreadedTaskDispatcher with 12 workers.
 -> (artifact id: '06c20d76db4216a30fb13a2f3ad573d7') in 0.054969 seconds
Number of updated asset objects reloaded before import = 0
Number of asset objects unloaded after import = 2
========================================================================
Received Import Request.
  Time since last request: 0.000053 seconds.
  path: Assets/ZRNAssets/005339_08932_25_14/Textures/00_TexturesPlus/denki-building-3.png
  artifactKey: Guid(8a63fbed12f2e4962b09a4614057bd82) Importer(815301076,1909f56bfc062723c751e8b465ee728b)
Start importing Assets/ZRNAssets/005339_08932_25_14/Textures/00_TexturesPlus/denki-building-3.png using Guid(8a63fbed12f2e4962b09a4614057bd82) Importer(815301076,1909f56bfc062723c751e8b465ee728b) [PhysX] Initialized MultithreadedTaskDispatcher with 12 workers.
[PhysX] Initialized MultithreadedTaskDispatcher with 12 workers.
 -> (artifact id: '89d9fa63aca8e7365d160cd6d0d70672') in 0.016434 seconds
Number of updated asset objects reloaded before import = 0
Number of asset objects unloaded after import = 2
========================================================================
Received Import Request.
  Time since last request: 4.860799 seconds.
  path: Assets/ZRNAssets/005339_08932_25_14/Textures/00_TexturesPlus/Materials/denki-building-1.mat
  artifactKey: Guid(63afe70d602ce4662a7b2651ab5501dc) Importer(815301076,1909f56bfc062723c751e8b465ee728b)
Start importing Assets/ZRNAssets/005339_08932_25_14/Textures/00_TexturesPlus/Materials/denki-building-1.mat using Guid(63afe70d602ce4662a7b2651ab5501dc) Importer(815301076,1909f56bfc062723c751e8b465ee728b) [PhysX] Initialized MultithreadedTaskDispatcher with 12 workers.
[PhysX] Initialized MultithreadedTaskDispatcher with 12 workers.
 -> (artifact id: 'b2f5c8f0de28ede35606976859046680') in 0.241004 seconds
Number of updated asset objects reloaded before import = 0
Number of asset objects unloaded after import = 22
========================================================================
Received Import Request.
  Time since last request: 355.801033 seconds.
  path: Assets/ZRNAssets/PQAssets/Query-Chan/Materials/mat_Body.mat
  artifactKey: Guid(0f7fb12b140dc45dba5332f52910c559) Importer(815301076,1909f56bfc062723c751e8b465ee728b)
Start importing Assets/ZRNAssets/PQAssets/Query-Chan/Materials/mat_Body.mat using Guid(0f7fb12b140dc45dba5332f52910c559) Importer(815301076,1909f56bfc062723c751e8b465ee728b) [PhysX] Initialized MultithreadedTaskDispatcher with 12 workers.
[PhysX] Initialized MultithreadedTaskDispatcher with 12 workers.
 -> (artifact id: '0548c14644cc22eb070d03eb64985ed4') in 0.097998 seconds
Number of updated asset objects reloaded before import = 0
Number of asset objects unloaded after import = 3
========================================================================
Received Import Request.
  Time since last request: 0.000044 seconds.
  path: Assets/ZRNAssets/PQAssets/Query-Chan/Materials/mat_Face_NORMAL_EYECLOSE_MOUTHCLOSE.mat
  artifactKey: Guid(895172404c8e34587b1482146f1fb244) Importer(815301076,1909f56bfc062723c751e8b465ee728b)
Start importing Assets/ZRNAssets/PQAssets/Query-Chan/Materials/mat_Face_NORMAL_EYECLOSE_MOUTHCLOSE.mat using Guid(895172404c8e34587b1482146f1fb244) Importer(815301076,1909f56bfc062723c751e8b465ee728b) [PhysX] Initialized MultithreadedTaskDispatcher with 12 workers.
[PhysX] Initialized MultithreadedTaskDispatcher with 12 workers.
 -> (artifact id: '0d7b97ed2c60c27981bd56b901d2f7ad') in 0.027773 seconds
Number of updated asset objects reloaded before import = 0
Number of asset objects unloaded after import = 3
========================================================================
Received Import Request.
  Time since last request: 0.000044 seconds.
  path: Assets/ZRNAssets/PQAssets/Query-Chan/Materials/mat_Face_SAD_EYECLOSE_MOUTHOPEN.mat
  artifactKey: Guid(15594129887ae46c29ec083e5802d74b) Importer(815301076,1909f56bfc062723c751e8b465ee728b)
Start importing Assets/ZRNAssets/PQAssets/Query-Chan/Materials/mat_Face_SAD_EYECLOSE_MOUTHOPEN.mat using Guid(15594129887ae46c29ec083e5802d74b) Importer(815301076,1909f56bfc062723c751e8b465ee728b) [PhysX] Initialized MultithreadedTaskDispatcher with 12 workers.
[PhysX] Initialized MultithreadedTaskDispatcher with 12 workers.
 -> (artifact id: 'ce7016a3605a8e3c8af005898bc38018') in 0.025741 seconds
Number of updated asset objects reloaded before import = 0
Number of asset objects unloaded after import = 3
========================================================================
Received Import Request.
  Time since last request: 0.000031 seconds.
  path: Assets/ZRNAssets/PQAssets/Query-Chan/Materials/mat_Hair.mat
  artifactKey: Guid(97582222d21a540ecafb44911bfcce5d) Importer(815301076,1909f56bfc062723c751e8b465ee728b)
Start importing Assets/ZRNAssets/PQAssets/Query-Chan/Materials/mat_Hair.mat using Guid(97582222d21a540ecafb44911bfcce5d) Importer(815301076,1909f56bfc062723c751e8b465ee728b) [PhysX] Initialized MultithreadedTaskDispatcher with 12 workers.
[PhysX] Initialized MultithreadedTaskDispatcher with 12 workers.
 -> (artifact id: '5bf69329223a0dda787b17936783ed7b') in 0.020094 seconds
Number of updated asset objects reloaded before import = 0
Number of asset objects unloaded after import = 3
========================================================================
Received Import Request.
  Time since last request: 0.000028 seconds.
  path: Assets/ZRNAssets/PQAssets/Query-Chan/Materials/mat_Face_ANGER_EYECLOSE_MOUTHOPEN.mat
  artifactKey: Guid(640f1929196c64ba7ba0308678925666) Importer(815301076,1909f56bfc062723c751e8b465ee728b)
Start importing Assets/ZRNAssets/PQAssets/Query-Chan/Materials/mat_Face_ANGER_EYECLOSE_MOUTHOPEN.mat using Guid(640f1929196c64ba7ba0308678925666) Importer(815301076,1909f56bfc062723c751e8b465ee728b) [PhysX] Initialized MultithreadedTaskDispatcher with 12 workers.
[PhysX] Initialized MultithreadedTaskDispatcher with 12 workers.
 -> (artifact id: '97d9a35fca102114892e320e6ff836cc') in 0.026382 seconds
Number of updated asset objects reloaded before import = 0
Number of asset objects unloaded after import = 3
========================================================================
Received Import Request.
  Time since last request: 0.000064 seconds.
  path: Assets/ZRNAssets/PQAssets/Query-Chan/Materials/mat_Face_FUN_EYEOPEN_MOUTHCLOSE.mat
  artifactKey: Guid(11486c0c42f424fd088a48693e962ba7) Importer(815301076,1909f56bfc062723c751e8b465ee728b)
Start importing Assets/ZRNAssets/PQAssets/Query-Chan/Materials/mat_Face_FUN_EYEOPEN_MOUTHCLOSE.mat using Guid(11486c0c42f424fd088a48693e962ba7) Importer(815301076,1909f56bfc062723c751e8b465ee728b) [PhysX] Initialized MultithreadedTaskDispatcher with 12 workers.
[PhysX] Initialized MultithreadedTaskDispatcher with 12 workers.
 -> (artifact id: 'dd46db7b38fc4cb8cd8dd91e13cf9f4c') in 0.025732 seconds
Number of updated asset objects reloaded before import = 0
Number of asset objects unloaded after import = 3
========================================================================
Received Import Request.
  Time since last request: 0.000026 seconds.
  path: Assets/ZRNAssets/PQAssets/Query-Chan/Materials/mat_Face_SURPRISED_EYECLOSE_MOUTHOPEN.mat
  artifactKey: Guid(b8b158e0e0fc649d2bdb66aaa013a61f) Importer(815301076,1909f56bfc062723c751e8b465ee728b)
Start importing Assets/ZRNAssets/PQAssets/Query-Chan/Materials/mat_Face_SURPRISED_EYECLOSE_MOUTHOPEN.mat using Guid(b8b158e0e0fc649d2bdb66aaa013a61f) Importer(815301076,1909f56bfc062723c751e8b465ee728b) [PhysX] Initialized MultithreadedTaskDispatcher with 12 workers.
[PhysX] Initialized MultithreadedTaskDispatcher with 12 workers.
 -> (artifact id: '48008ed98afedbfa1022435111609eaa') in 0.025939 seconds
Number of updated asset objects reloaded before import = 0
Number of asset objects unloaded after import = 3
========================================================================
Received Import Request.
  Time since last request: 0.000032 seconds.
  path: Assets/ZRNAssets/PQAssets/Query-Chan/Materials/mat_Face_NORMAL_EYECLOSE_MOUTHOPEN.mat
  artifactKey: Guid(36b60e34bdf3c405b9f39576d0d8a070) Importer(815301076,1909f56bfc062723c751e8b465ee728b)
Start importing Assets/ZRNAssets/PQAssets/Query-Chan/Materials/mat_Face_NORMAL_EYECLOSE_MOUTHOPEN.mat using Guid(36b60e34bdf3c405b9f39576d0d8a070) Importer(815301076,1909f56bfc062723c751e8b465ee728b) [PhysX] Initialized MultithreadedTaskDispatcher with 12 workers.
[PhysX] Initialized MultithreadedTaskDispatcher with 12 workers.
 -> (artifact id: '3eabb2afb918363d10a5794195bd9a97') in 0.025659 seconds
Number of updated asset objects reloaded before import = 0
Number of asset objects unloaded after import = 3
========================================================================
Received Import Request.
  Time since last request: 0.000029 seconds.
  path: Assets/ZRNAssets/PQAssets/Query-Chan/Materials/mat_Face_SURPRISED_EYECLOSE_MOUTHOPEN_MID.mat
  artifactKey: Guid(d5be2eff9476543c7b9972e1c5886a2c) Importer(815301076,1909f56bfc062723c751e8b465ee728b)
Start importing Assets/ZRNAssets/PQAssets/Query-Chan/Materials/mat_Face_SURPRISED_EYECLOSE_MOUTHOPEN_MID.mat using Guid(d5be2eff9476543c7b9972e1c5886a2c) Importer(815301076,1909f56bfc062723c751e8b465ee728b) [PhysX] Initialized MultithreadedTaskDispatcher with 12 workers.
[PhysX] Initialized MultithreadedTaskDispatcher with 12 workers.
 -> (artifact id: 'ef74c1d13111c07edaa567e5a8f97f27') in 0.025502 seconds
Number of updated asset objects reloaded before import = 0
Number of asset objects unloaded after import = 3
========================================================================
Received Import Request.
  Time since last request: 0.000038 seconds.
  path: Assets/ZRNAssets/PQAssets/Query-Chan/Materials/mat_Face_SAD_EYEOPEN_MOUTHOPEN.mat
  artifactKey: Guid(4b3e354aca5b94324a8a8d9a6fab21ee) Importer(815301076,1909f56bfc062723c751e8b465ee728b)
Start importing Assets/ZRNAssets/PQAssets/Query-Chan/Materials/mat_Face_SAD_EYEOPEN_MOUTHOPEN.mat using Guid(4b3e354aca5b94324a8a8d9a6fab21ee) Importer(815301076,1909f56bfc062723c751e8b465ee728b) [PhysX] Initialized MultithreadedTaskDispatcher with 12 workers.
[PhysX] Initialized MultithreadedTaskDispatcher with 12 workers.
 -> (artifact id: '067e4f214d0d8e468569f64205256a96') in 0.023450 seconds
Number of updated asset objects reloaded before import = 0
Number of asset objects unloaded after import = 3
========================================================================
Received Import Request.
  Time since last request: 0.000034 seconds.
  path: Assets/ZRNAssets/PQAssets/Query-Chan/Materials/mat_Face_SURPRISED_EYEOPEN_MOUTHOPEN.mat
  artifactKey: Guid(e6b25ced5eb844f379648dc6e971c6a4) Importer(815301076,1909f56bfc062723c751e8b465ee728b)
Start importing Assets/ZRNAssets/PQAssets/Query-Chan/Materials/mat_Face_SURPRISED_EYEOPEN_MOUTHOPEN.mat using Guid(e6b25ced5eb844f379648dc6e971c6a4) Importer(815301076,1909f56bfc062723c751e8b465ee728b) [PhysX] Initialized MultithreadedTaskDispatcher with 12 workers.
[PhysX] Initialized MultithreadedTaskDispatcher with 12 workers.
 -> (artifact id: 'ea281fc910f2f9f6d2393c6d765df58b') in 0.026779 seconds
Number of updated asset objects reloaded before import = 0
Number of asset objects unloaded after import = 3
========================================================================
Received Import Request.
  Time since last request: 0.000063 seconds.
  path: Assets/ZRNAssets/PQAssets/Query-Chan/Materials/mat_Face_SURPRISED_EYEOPEN_MOUTHCLOSE.mat
  artifactKey: Guid(39565adae40e84e209636968b34b30c6) Importer(815301076,1909f56bfc062723c751e8b465ee728b)
Start importing Assets/ZRNAssets/PQAssets/Query-Chan/Materials/mat_Face_SURPRISED_EYEOPEN_MOUTHCLOSE.mat using Guid(39565adae40e84e209636968b34b30c6) Importer(815301076,1909f56bfc062723c751e8b465ee728b) [PhysX] Initialized MultithreadedTaskDispatcher with 12 workers.
[PhysX] Initialized MultithreadedTaskDispatcher with 12 workers.
 -> (artifact id: '17fa1c405cc6a2502b2a60a3ca587bcf') in 0.027033 seconds
Number of updated asset objects reloaded before import = 0
Number of asset objects unloaded after import = 3
========================================================================
Received Import Request.
  Time since last request: 0.000030 seconds.
  path: Assets/ZRNAssets/PQAssets/Query-Chan/Materials/mat_Face_SAD_EYEOPEN_MOUTHCLOSE.mat
  artifactKey: Guid(29c8a6b5be3eb4182b86957e51e6abb5) Importer(815301076,1909f56bfc062723c751e8b465ee728b)
Start importing Assets/ZRNAssets/PQAssets/Query-Chan/Materials/mat_Face_SAD_EYEOPEN_MOUTHCLOSE.mat using Guid(29c8a6b5be3eb4182b86957e51e6abb5) Importer(815301076,1909f56bfc062723c751e8b465ee728b) [PhysX] Initialized MultithreadedTaskDispatcher with 12 workers.
[PhysX] Initialized MultithreadedTaskDispatcher with 12 workers.
 -> (artifact id: '0972f5e7aa8fad2a114980fc2f0fe854') in 0.025385 seconds
Number of updated asset objects reloaded before import = 0
Number of asset objects unloaded after import = 3
========================================================================
Received Import Request.
  Time since last request: 0.000074 seconds.
  path: Assets/ZRNAssets/PQAssets/Query-Chan/Materials/mat_Face.mat
  artifactKey: Guid(f22342f73c1df429bb53441c54d18f39) Importer(815301076,1909f56bfc062723c751e8b465ee728b)
Start importing Assets/ZRNAssets/PQAssets/Query-Chan/Materials/mat_Face.mat using Guid(f22342f73c1df429bb53441c54d18f39) Importer(815301076,1909f56bfc062723c751e8b465ee728b) [PhysX] Initialized MultithreadedTaskDispatcher with 12 workers.
[PhysX] Initialized MultithreadedTaskDispatcher with 12 workers.
 -> (artifact id: '58115f961dc44580b84a8049f30ea4f7') in 0.021552 seconds
Number of updated asset objects reloaded before import = 0
Number of asset objects unloaded after import = 3
Editor requested this worker to shutdown with reason: Scaling down because of idle timeout
TcpMessagingSession - receive error: operation aborted. errorcode: 995, details: La operación de E/S se anuló por una salida de subproceso o por una solicitud de aplicación.
AssetImportWorker is now disconnected from the server
Process exiting
Exiting without the bug reporter. Application will terminate with return code 0